current_speed_kmph,distance_to_next_station_km,current_delay_minutes,historical_section_median_minutes,hour_of_day,day_of_week,congestion_score,trains_ahead,restriction_active,weather_severity,unscheduled_halt_minutes,scheduled_recovery_margin,gps_freshness_seconds,section_id,train_category,remaining_time_to_next_station_minutes
34.1,20.9,2.9,25,23,2,0.16,0,1,0.3,0.0,4.7,8.5,SEC_MTJ_BTE,Rajdhani Express,39.9
95.5,56.9,1.5,42,4,5,0.25,1,0,0.0,0.0,1.3,44.6,SEC_GGC_SWM,Superfast Express,37.3
23.9,14.7,6.3,25,18,3,0.41,1,1,0.6,0.0,2.3,52.4,SEC_MTJ_BTE,Rajdhani Express,45.4
93.2,54.9,6.3,95,2,1,0.18,0,0,0.0,0.0,2.0,24.3,SEC_NDLS_MTJ,Rajdhani Express,35.8
90.3,17.0,20.5,42,17,1,0.7,1,0,0.0,4.5,5.5,32.7,SEC_GGC_SWM,Rajdhani Express,18.7
58.6,76.7,5.7,165,14,4,0.32,2,0,0.0,0.0,4.6,4.3,SEC_RATL_BRC,Superfast Express,74.9
116.3,86.6,17.8,65,5,5,0.22,0,0,0.3,0.0,4.8,24.7,SEC_SWM_KOTA,Rajdhani Express,44.0
54.6,84.9,13.1,165,8,1,0.56,2,0,0.0,4.9,2.0,18.2,SEC_RATL_BRC,Express,98.4
91.4,36.0,19.1,42,3,0,0.3,0,0,0.0,0.0,1.5,2.3,SEC_GGC_SWM,Express,23.5
69.8,147.2,14.4,165,11,6,0.73,0,0,0.0,0.0,3.2,3.1,SEC_RATL_BRC,Rajdhani Express,130.6
98.7,165.2,3.3,170,1,5,0.3,0,0,0.0,0.0,1.2,38.8,SEC_KOTA_RATL,Express,100.4
124.2,130.7,3.4,250,12,0,0.32,1,0,0.0,0.0,6.1,34.1,SEC_BRC_MMCT,Rajdhani Express,59.7
45.9,52.1,8.4,65,18,1,0.43,2,0,0.0,0.0,1.4,18.7,SEC_SWM_KOTA,Express,67.8
48.4,20.3,4.0,25,21,1,0.77,1,0,0.0,0.0,7.2,15.0,SEC_MTJ_BTE,Rajdhani Express,26.2
114.7,30.2,26.5,65,7,6,0.18,1,0,0.0,0.0,7.0,5.2,SEC_SWM_KOTA,Rajdhani Express,15.8
43.7,24.8,10.8,25,8,3,0.63,3,0,0.0,0.0,2.4,18.2,SEC_MTJ_BTE,Mail Express,38.8
80.6,101.2,17.7,170,11,2,0.78,3,0,0.0,0.0,2.4,7.1,SEC_KOTA_RATL,Superfast Express,80.6
86.1,45.2,5.9,42,22,5,0.32,0,0,0.0,0.0,2.5,3.6,SEC_GGC_SWM,Express,32.8
94.5,10.6,4.6,25,17,5,0.62,1,0,0.9,0.0,1.3,0.4,SEC_MTJ_BTE,Superfast Express,9.6
104.2,9.6,2.3,42,14,3,0.2,1,0,0.1,0.0,2.4,21.3,SEC_GGC_SWM,Superfast Express,7.2
40.7,48.0,15.6,65,21,2,0.6,1,1,0.0,5.6,4.4,16.1,SEC_SWM_KOTA,Superfast Express,83.5
98.0,63.2,18.9,95,1,6,0.33,0,0,0.0,0.0,1.8,1.1,SEC_NDLS_MTJ,Superfast Express,39.1
49.8,179.8,10.6,170,8,0,0.77,0,0,0.0,0.0,2.6,5.0,SEC_KOTA_RATL,Mail Express,220.8
97.1,46.9,11.2,42,6,5,0.27,0,0,0.0,0.0,1.2,34.9,SEC_GGC_SWM,Express,31.3
108.6,275.1,2.8,250,20,3,0.54,0,0,0.0,0.0,1.7,16.7,SEC_BRC_MMCT,Mail Express,155.2
93.6,61.5,11.5,75,4,1,0.3,0,0,0.0,0.0,2.2,1.6,SEC_BTE_GGC,Express,37.9
38.3,69.9,34.2,65,18,3,0.7,0,1,0.9,0.0,2.5,7.1,SEC_SWM_KOTA,Mail Express,121.0
39.9,207.4,26.2,170,4,4,0.12,0,1,0.1,0.0,2.5,5.0,SEC_KOTA_RATL,Superfast Express,316.2
74.9,212.3,7.9,250,1,6,0.32,3,0,0.1,0.0,5.1,34.7,SEC_BRC_MMCT,Rajdhani Express,172.9
85.8,12.2,3.0,25,20,1,0.64,0,0,0.9,0.0,4.3,17.3,SEC_MTJ_BTE,Superfast Express,13.6
108.8,141.7,5.1,165,12,3,0.16,1,0,0.6,0.0,3.9,4.8,SEC_RATL_BRC,Rajdhani Express,78.2
62.9,224.1,1.0,250,17,6,0.83,1,0,0.1,0.0,2.3,11.0,SEC_BRC_MMCT,Express,217.9
46.2,61.1,1.9,95,21,4,0.55,0,1,0.1,0.0,2.0,0.2,SEC_NDLS_MTJ,Rajdhani Express,87.6
82.4,8.7,1.3,65,3,2,0.31,2,0,0.1,0.0,2.9,10.2,SEC_SWM_KOTA,Express,5.5
22.3,25.6,18.2,165,14,0,0.13,0,1,0.0,0.0,2.9,16.5,SEC_RATL_BRC,Superfast Express,65.5
31.4,54.7,9.4,65,16,0,0.21,0,1,0.0,0.0,1.2,24.1,SEC_SWM_KOTA,Superfast Express,108.0
97.2,34.4,7.7,65,4,2,0.12,0,0,0.1,0.0,2.5,9.3,SEC_SWM_KOTA,Superfast Express,17.1
0.0,96.9,13.2,75,19,2,0.62,0,0,0.0,4.7,1.8,33.2,SEC_BTE_GGC,Rajdhani Express,79.9
107.0,241.2,8.3,250,3,2,0.13,1,0,0.1,0.0,5.0,6.6,SEC_BRC_MMCT,Rajdhani Express,130.6
30.9,52.0,32.3,65,1,1,0.16,0,1,0.0,0.0,1.4,7.6,SEC_SWM_KOTA,Superfast Express,104.7
96.4,9.0,5.7,25,23,3,0.47,1,0,0.0,0.0,2.7,1.8,SEC_MTJ_BTE,Rajdhani Express,4.6
32.7,4.0,9.2,25,4,5,0.29,1,1,0.0,0.0,4.0,13.6,SEC_MTJ_BTE,Superfast Express,5.8
46.2,33.9,1.2,250,8,4,0.77,3,1,0.1,0.0,4.2,3.4,SEC_BRC_MMCT,Superfast Express,50.1
94.0,130.5,2.9,165,17,6,0.61,0,0,0.0,0.0,4.0,10.5,SEC_RATL_BRC,Superfast Express,79.9
33.2,38.6,7.7,42,12,5,0.46,1,1,0.6,0.0,2.1,33.6,SEC_GGC_SWM,Express,79.5
100.9,88.2,15.0,170,16,3,0.4,0,0,0.1,0.0,1.3,7.6,SEC_KOTA_RATL,Mail Express,51.6
79.2,11.7,7.0,25,7,0,0.39,1,0,0.0,0.0,2.6,9.3,SEC_MTJ_BTE,Superfast Express,8.5
75.3,51.6,7.5,170,18,4,0.79,3,0,0.1,0.0,4.0,20.0,SEC_KOTA_RATL,Rajdhani Express,41.2
62.2,20.0,13.0,42,0,0,0.15,3,0,0.0,0.0,1.0,6.1,SEC_GGC_SWM,Superfast Express,19.0
95.7,136.2,4.3,95,2,0,0.24,1,0,0.0,0.0,4.7,6.8,SEC_NDLS_MTJ,Superfast Express,83.0
26.7,159.6,0.6,170,16,1,0.17,3,1,0.0,0.0,6.2,3.5,SEC_KOTA_RATL,Rajdhani Express,360.8
20.8,48.4,6.6,65,6,4,0.29,1,1,0.1,0.0,1.3,3.0,SEC_SWM_KOTA,Mail Express,124.8
84.7,40.0,0.2,75,7,6,0.11,0,0,0.1,0.0,1.2,24.1,SEC_BTE_GGC,Mail Express,26.4
94.4,309.1,18.1,250,6,0,0.2,1,0,0.3,0.0,1.0,1.3,SEC_BRC_MMCT,Mail Express,200.6
64.4,27.3,6.4,25,11,3,0.76,0,0,0.0,0.0,1.9,5.2,SEC_MTJ_BTE,Mail Express,25.9
91.1,174.1,6.0,165,23,0,0.11,0,0,0.1,0.0,1.3,4.8,SEC_RATL_BRC,Mail Express,114.2
52.9,25.0,1.5,25,12,5,0.36,2,0,0.0,0.0,7.4,8.1,SEC_MTJ_BTE,Rajdhani Express,32.0
94.1,254.8,2.8,170,7,1,0.4,0,0,0.0,0.0,5.0,9.7,SEC_KOTA_RATL,Rajdhani Express,158.1
83.9,35.5,0.9,42,4,3,0.11,0,0,0.0,0.0,1.2,19.5,SEC_GGC_SWM,Mail Express,26.5
61.4,93.0,1.2,75,14,1,0.43,2,0,0.0,0.0,2.9,8.9,SEC_BTE_GGC,Express,92.9
41.1,27.3,23.1,25,17,0,0.75,1,0,0.3,0.0,1.1,18.3,SEC_MTJ_BTE,Mail Express,48.0
60.3,86.9,14.1,95,2,6,0.22,3,0,0.6,0.0,1.3,13.6,SEC_NDLS_MTJ,Rajdhani Express,91.3
32.5,30.3,17.4,42,13,3,0.24,1,1,0.0,0.0,3.5,4.0,SEC_GGC_SWM,Superfast Express,61.7
69.1,241.3,10.7,250,12,0,0.24,2,0,0.0,0.0,2.0,1.8,SEC_BRC_MMCT,Superfast Express,212.5
86.0,45.9,12.3,75,0,3,0.12,0,0,0.0,0.0,1.2,8.1,SEC_BTE_GGC,Mail Express,32.4
62.4,94.8,1.7,65,9,3,0.47,3,0,0.1,0.0,2.6,6.5,SEC_SWM_KOTA,Mail Express,96.6
104.6,315.4,2.5,250,6,2,0.43,0,0,0.0,0.0,1.5,32.9,SEC_BRC_MMCT,Superfast Express,182.5
99.0,26.5,5.5,42,18,5,0.55,0,0,0.1,0.0,4.4,13.5,SEC_GGC_SWM,Rajdhani Express,16.7
78.2,34.7,9.6,95,1,0,0.21,2,0,0.1,0.0,2.4,14.5,SEC_NDLS_MTJ,Express,26.6
41.7,113.2,5.7,250,1,4,0.11,2,1,0.0,0.0,1.0,5.1,SEC_BRC_MMCT,Superfast Express,167.7
96.4,17.9,8.0,25,2,4,0.35,1,0,0.0,0.0,4.7,1.6,SEC_MTJ_BTE,Superfast Express,12.1
88.4,15.6,0.2,25,12,0,0.38,0,0,0.0,0.0,1.1,5.9,SEC_MTJ_BTE,Superfast Express,11.6
50.2,47.7,0.7,42,19,0,0.49,4,0,0.0,0.0,5.8,15.9,SEC_GGC_SWM,Rajdhani Express,61.8
91.3,184.3,0.3,165,8,1,0.67,0,0,0.9,0.0,2.3,6.9,SEC_RATL_BRC,Express,129.0
67.6,81.1,22.7,170,8,3,0.78,2,0,0.3,30.4,2.9,1.9,SEC_KOTA_RATL,Superfast Express,104.7
94.5,85.3,15.2,75,14,2,0.3,0,0,0.0,0.9,2.2,5.2,SEC_BTE_GGC,Express,51.2
95.6,19.0,6.6,25,14,4,0.29,0,0,0.9,0.0,1.1,5.9,SEC_MTJ_BTE,Rajdhani Express,16.6
35.9,10.6,0.9,25,17,1,0.39,0,1,0.0,0.0,5.5,18.4,SEC_MTJ_BTE,Rajdhani Express,23.6
44.6,69.6,4.8,65,11,0,0.71,2,0,0.3,0.0,3.6,11.2,SEC_SWM_KOTA,Superfast Express,100.8
56.9,24.8,5.5,42,9,1,0.43,2,0,0.9,0.0,2.1,19.1,SEC_GGC_SWM,Express,28.8
111.1,189.9,3.4,250,19,6,0.39,0,0,0.0,0.0,1.7,65.9,SEC_BRC_MMCT,Express,103.9
72.6,8.1,1.1,95,21,0,0.79,3,0,0.0,0.0,2.4,36.0,SEC_NDLS_MTJ,Express,9.3
81.7,62.8,1.4,75,3,0,0.44,1,0,0.3,0.0,1.8,52.3,SEC_BTE_GGC,Express,49.0
43.5,101.1,14.1,75,9,4,0.42,3,0,0.0,0.0,1.9,4.3,SEC_BTE_GGC,Express,142.4
99.1,38.1,1.8,42,6,5,0.11,1,0,0.0,0.0,1.2,4.7,SEC_GGC_SWM,Express,25.0
105.5,70.3,5.8,65,8,6,0.41,1,0,0.0,0.0,2.0,16.5,SEC_SWM_KOTA,Mail Express,41.8
79.6,119.1,23.1,95,20,3,0.83,0,0,0.0,0.0,5.8,10.3,SEC_NDLS_MTJ,Rajdhani Express,87.9
123.9,65.6,10.4,65,0,2,0.47,1,0,0.0,12.9,7.8,7.8,SEC_SWM_KOTA,Rajdhani Express,42.2
100.5,57.4,13.6,75,5,5,0.45,0,0,0.1,0.0,1.2,11.8,SEC_BTE_GGC,Express,36.4
104.9,239.9,5.0,250,17,0,0.57,0,0,0.0,0.0,1.8,29.9,SEC_BRC_MMCT,Mail Express,140.0
98.6,4.0,24.9,25,22,1,0.25,0,0,0.0,0.0,1.1,3.3,SEC_MTJ_BTE,Rajdhani Express,3.4
25.2,53.5,6.2,95,18,4,0.82,0,1,0.0,0.0,1.6,14.1,SEC_NDLS_MTJ,Express,132.3
95.0,21.0,26.4,75,4,0,0.17,1,0,0.0,0.0,2.0,24.6,SEC_BTE_GGC,Mail Express,10.3
43.6,39.9,18.4,65,1,2,0.34,2,0,0.0,0.0,1.7,4.1,SEC_SWM_KOTA,Express,58.4
102.2,14.4,2.0,42,21,0,0.68,0,0,0.0,0.0,1.4,0.4,SEC_GGC_SWM,Superfast Express,7.3
85.2,118.0,10.1,170,19,5,0.55,1,0,0.9,0.0,2.4,71.1,SEC_KOTA_RATL,Mail Express,90.2
46.7,41.0,0.6,75,5,6,0.13,2,0,0.0,0.0,4.2,4.0,SEC_BTE_GGC,Superfast Express,48.8
102.2,77.5,0.5,75,0,1,0.23,0,0,0.9,0.0,2.1,47.4,SEC_BTE_GGC,Mail Express,50.6
91.2,204.7,39.1,170,21,6,0.4,1,0,0.0,0.0,2.9,11.6,SEC_KOTA_RATL,Mail Express,132.9
91.9,20.3,22.1,42,5,6,0.4,0,0,0.1,0.0,2.1,5.5,SEC_GGC_SWM,Express,10.6
79.5,27.4,16.2,25,1,6,0.47,1,0,0.3,0.0,2.6,23.4,SEC_MTJ_BTE,Mail Express,27.0
113.6,173.4,11.6,250,6,6,0.38,0,0,0.1,0.0,1.7,10.5,SEC_BRC_MMCT,Superfast Express,93.1
98.6,128.5,4.6,250,9,6,0.36,0,0,0.0,0.0,1.2,15.4,SEC_BRC_MMCT,Express,76.8
83.0,53.2,2.2,42,0,5,0.12,2,0,0.0,0.0,1.6,1.9,SEC_GGC_SWM,Superfast Express,37.8
55.5,27.7,1.1,42,10,2,0.6,4,0,0.1,0.0,2.8,9.0,SEC_GGC_SWM,Mail Express,37.9
31.9,22.4,1.9,25,11,5,0.72,2,1,0.0,0.0,1.0,4.1,SEC_MTJ_BTE,Express,55.4
33.8,102.9,3.8,165,0,0,0.28,2,1,0.0,0.0,1.8,9.2,SEC_RATL_BRC,Express,187.1
124.9,55.5,18.0,65,18,2,0.51,1,0,0.0,0.0,3.5,14.3,SEC_SWM_KOTA,Superfast Express,25.5
35.3,93.4,3.4,95,19,3,0.61,1,1,0.0,0.0,6.4,16.2,SEC_NDLS_MTJ,Rajdhani Express,165.5
49.3,132.1,3.8,170,13,4,0.41,0,1,0.0,0.0,1.4,1.9,SEC_KOTA_RATL,Express,165.6
81.6,21.0,13.4,25,18,1,0.37,3,0,0.0,0.0,2.3,2.1,SEC_MTJ_BTE,Mail Express,21.4
102.1,69.0,8.3,65,22,3,0.27,0,0,0.6,0.0,3.0,25.4,SEC_SWM_KOTA,Rajdhani Express,41.9
49.2,58.5,0.4,95,11,3,0.77,1,0,0.1,0.0,1.7,2.1,SEC_NDLS_MTJ,Superfast Express,73.9
60.6,18.3,16.5,25,19,2,0.77,1,0,0.0,0.0,2.3,21.5,SEC_MTJ_BTE,Express,17.7
42.3,25.1,7.7,25,16,2,0.39,4,1,0.0,0.0,1.4,6.6,SEC_MTJ_BTE,Express,44.6
87.6,83.8,16.7,165,12,5,0.11,1,0,0.6,0.0,3.0,6.9,SEC_RATL_BRC,Express,55.8
115.2,87.2,7.1,65,6,3,0.26,0,0,0.0,0.0,2.9,15.4,SEC_SWM_KOTA,Superfast Express,43.2
100.2,173.4,19.8,165,19,4,0.65,1,0,0.0,4.9,4.2,10.9,SEC_RATL_BRC,Superfast Express,109.7
106.5,31.4,8.1,65,17,6,0.39,0,0,0.1,0.0,2.6,1.9,SEC_SWM_KOTA,Mail Express,17.8
89.0,103.7,22.6,95,9,1,0.64,0,0,0.0,0.0,1.5,8.4,SEC_NDLS_MTJ,Express,69.0
97.3,181.1,7.5,165,14,3,0.15,0,0,0.0,0.0,1.3,20.9,SEC_RATL_BRC,Express,112.6
106.0,212.6,12.0,250,16,3,0.21,0,0,0.6,0.0,1.3,10.0,SEC_BRC_MMCT,Superfast Express,121.4
113.2,4.0,10.5,75,9,4,0.36,1,0,0.0,0.0,7.9,4.4,SEC_BTE_GGC,Rajdhani Express,3.0
88.5,51.6,6.6,170,7,5,0.49,1,0,0.0,0.0,4.7,1.8,SEC_KOTA_RATL,Rajdhani Express,30.5
97.3,49.2,8.4,65,6,1,0.32,0,0,0.0,0.0,3.2,1.0,SEC_SWM_KOTA,Superfast Express,31.9
97.7,99.7,16.8,95,7,3,0.41,0,0,0.0,0.0,7.2,30.7,SEC_NDLS_MTJ,Rajdhani Express,59.3
79.4,26.8,13.8,25,13,5,0.11,0,0,0.6,0.0,1.8,22.4,SEC_MTJ_BTE,Mail Express,23.4
65.1,7.2,3.0,42,15,3,0.35,2,0,0.6,0.0,2.7,35.5,SEC_GGC_SWM,Mail Express,5.6
90.6,32.9,27.3,42,20,5,0.68,0,0,0.1,0.0,2.7,62.1,SEC_GGC_SWM,Superfast Express,22.9
38.4,64.7,10.5,95,13,1,0.27,0,1,0.0,0.0,2.3,29.3,SEC_NDLS_MTJ,Rajdhani Express,106.4
58.5,38.2,10.0,75,1,4,0.29,2,0,0.0,0.0,2.7,1.6,SEC_BTE_GGC,Mail Express,39.8
113.2,29.8,1.1,42,14,1,0.4,1,0,0.0,0.0,5.7,5.9,SEC_GGC_SWM,Rajdhani Express,16.1
65.0,144.8,0.3,250,14,4,0.19,2,0,0.1,0.0,1.6,15.9,SEC_BRC_MMCT,Express,133.7
97.5,132.9,3.8,165,5,5,0.46,1,0,0.0,0.0,3.0,1.8,SEC_RATL_BRC,Mail Express,81.4
82.1,159.6,16.5,250,8,6,0.49,2,0,0.6,0.0,1.2,18.2,SEC_BRC_MMCT,Mail Express,119.9
96.1,18.8,1.6,42,16,3,0.29,0,0,0.0,0.0,1.2,4.1,SEC_GGC_SWM,Express,14.3
41.7,20.8,3.0,42,14,0,0.34,0,1,0.6,0.0,1.9,22.3,SEC_GGC_SWM,Express,41.5
105.8,65.8,8.4,65,8,2,0.67,1,0,0.0,0.0,4.8,13.8,SEC_SWM_KOTA,Superfast Express,36.2
90.7,68.7,7.5,170,4,1,0.2,0,0,0.0,0.0,3.0,3.5,SEC_KOTA_RATL,Rajdhani Express,39.1
83.7,29.3,4.0,42,22,1,0.11,0,0,0.3,0.0,1.2,14.4,SEC_GGC_SWM,Mail Express,21.6
88.7,38.8,19.1,42,13,3,0.3,1,0,0.0,0.0,6.0,14.0,SEC_GGC_SWM,Rajdhani Express,21.9
34.3,199.2,13.7,170,13,0,0.1,1,1,0.0,5.8,1.2,8.1,SEC_KOTA_RATL,Mail Express,361.6
94.3,29.4,10.3,42,12,6,0.48,1,0,0.0,0.0,1.2,34.9,SEC_GGC_SWM,Mail Express,21.5
89.2,93.8,10.5,95,15,0,0.27,0,0,0.0,0.0,2.3,28.0,SEC_NDLS_MTJ,Mail Express,60.4
65.9,41.8,3.7,170,12,6,0.22,2,0,0.1,0.0,2.2,18.3,SEC_KOTA_RATL,Express,35.3
47.6,35.3,0.6,165,15,1,0.16,2,0,0.0,0.0,2.6,5.6,SEC_RATL_BRC,Superfast Express,44.8
100.7,43.9,3.9,65,15,0,0.5,1,0,0.0,0.0,1.1,0.5,SEC_SWM_KOTA,Mail Express,26.6
102.0,86.3,14.0,165,21,5,0.58,0,0,0.0,0.0,3.0,5.1,SEC_RATL_BRC,Express,48.7
102.0,104.0,2.4,165,14,1,0.32,0,0,0.0,0.0,1.8,0.9,SEC_RATL_BRC,Superfast Express,62.6
24.9,55.8,17.0,95,18,4,0.52,1,1,0.0,0.0,2.2,12.6,SEC_NDLS_MTJ,Mail Express,139.7
114.3,25.6,1.1,95,20,3,0.59,1,0,0.6,0.0,6.5,2.0,SEC_NDLS_MTJ,Rajdhani Express,17.3
86.7,28.1,1.8,75,5,0,0.16,1,0,0.0,0.0,2.5,7.3,SEC_BTE_GGC,Mail Express,19.8
46.9,9.3,4.6,65,10,1,0.73,1,0,0.0,0.0,2.7,33.5,SEC_SWM_KOTA,Mail Express,12.3
104.1,315.7,0.1,250,10,6,0.42,0,0,0.3,0.0,2.5,26.9,SEC_BRC_MMCT,Express,185.3
39.7,77.6,4.2,165,13,2,0.36,2,0,0.1,0.0,1.1,6.4,SEC_RATL_BRC,Express,118.1
87.3,18.6,12.8,25,0,5,0.48,1,0,0.0,0.9,1.5,4.9,SEC_MTJ_BTE,Mail Express,17.0
87.7,95.3,5.6,95,7,5,0.19,1,0,0.1,0.0,1.9,13.2,SEC_NDLS_MTJ,Express,66.1
60.2,11.3,5.5,25,0,1,0.39,2,0,0.0,0.0,3.0,2.2,SEC_MTJ_BTE,Rajdhani Express,11.1
0.0,23.4,24.8,42,19,1,0.35,1,1,0.0,5.4,3.2,23.3,SEC_GGC_SWM,Rajdhani Express,31.0
102.8,20.1,18.8,42,15,5,0.49,0,0,0.0,2.2,4.9,21.5,SEC_GGC_SWM,Superfast Express,15.4
30.0,16.3,1.9,25,14,5,0.41,1,1,0.0,0.0,2.5,6.9,SEC_MTJ_BTE,Superfast Express,38.5
96.4,80.8,8.4,65,5,4,0.36,1,0,0.0,0.0,2.5,5.7,SEC_SWM_KOTA,Express,52.5
35.2,4.0,0.1,25,9,0,0.8,0,0,0.0,0.0,2.5,6.2,SEC_MTJ_BTE,Superfast Express,7.0
87.8,135.8,11.9,95,18,5,0.65,0,0,0.6,0.0,2.0,56.0,SEC_NDLS_MTJ,Express,103.0
96.0,134.0,15.0,165,22,1,0.11,0,0,0.0,0.0,1.0,34.3,SEC_RATL_BRC,Mail Express,80.8
87.8,17.0,25.3,25,3,5,0.22,0,0,0.0,0.0,4.8,23.1,SEC_MTJ_BTE,Superfast Express,14.1
116.6,49.8,13.3,65,18,6,0.53,0,0,0.0,0.0,5.5,7.4,SEC_SWM_KOTA,Rajdhani Express,27.0
84.5,22.3,25.3,95,17,3,0.5,1,0,0.1,0.0,2.1,4.2,SEC_NDLS_MTJ,Express,18.8
88.2,207.0,0.4,170,16,5,0.42,1,0,0.0,0.0,6.9,59.6,SEC_KOTA_RATL,Rajdhani Express,135.6
73.7,136.6,7.2,170,13,6,0.18,3,0,0.1,0.0,1.5,14.6,SEC_KOTA_RATL,Rajdhani Express,112.9
117.2,225.0,5.5,250,13,2,0.29,1,0,0.1,0.0,1.1,0.1,SEC_BRC_MMCT,Rajdhani Express,114.4
95.9,254.0,8.7,250,13,1,0.19,0,0,0.1,0.0,1.5,5.1,SEC_BRC_MMCT,Superfast Express,158.9
105.3,71.5,12.4,65,14,3,0.4,0,0,0.1,0.0,1.5,12.5,SEC_SWM_KOTA,Mail Express,43.0
94.4,96.0,7.0,65,7,6,0.47,0,0,0.0,0.0,1.9,13.0,SEC_SWM_KOTA,Express,63.7
65.5,24.6,7.2,25,14,1,0.46,3,0,0.0,0.0,1.4,6.0,SEC_MTJ_BTE,Express,21.5
88.0,136.8,8.5,250,10,0,0.82,1,0,0.3,0.0,1.3,31.3,SEC_BRC_MMCT,Mail Express,94.4
31.8,43.4,2.1,250,5,3,0.15,2,1,0.0,0.0,1.0,19.6,SEC_BRC_MMCT,Express,85.3
93.9,35.9,33.5,42,8,2,0.5,0,0,0.3,0.0,2.5,7.5,SEC_GGC_SWM,Express,23.7
99.5,65.6,11.4,65,17,0,0.7,0,0,0.0,0.0,1.2,10.8,SEC_SWM_KOTA,Express,43.2
100.5,22.4,1.7,42,7,5,0.47,1,0,0.3,0.0,3.4,6.1,SEC_GGC_SWM,Rajdhani Express,16.6
44.4,171.8,0.1,165,17,6,0.43,2,0,0.0,0.0,2.4,52.7,SEC_RATL_BRC,Mail Express,231.6
96.2,25.1,6.4,42,20,5,0.38,1,0,0.3,0.0,1.8,2.1,SEC_GGC_SWM,Mail Express,14.7
99.2,64.0,0.4,250,0,0,0.35,1,0,0.6,0.0,2.1,5.1,SEC_BRC_MMCT,Mail Express,36.3
69.9,11.7,0.5,65,12,5,0.13,2,0,0.0,0.0,2.5,43.4,SEC_SWM_KOTA,Superfast Express,11.6
92.2,47.7,5.9,42,21,4,0.4,0,0,0.0,0.0,1.4,52.9,SEC_GGC_SWM,Express,31.6
98.9,114.9,8.6,170,17,4,0.55,0,0,0.0,0.0,2.9,13.9,SEC_KOTA_RATL,Mail Express,68.6
100.7,74.9,7.5,170,23,4,0.21,0,0,0.0,0.0,1.6,4.7,SEC_KOTA_RATL,Mail Express,45.3
95.8,157.6,4.8,170,22,3,0.38,1,0,0.0,0.0,2.9,7.6,SEC_KOTA_RATL,Express,97.8
60.8,62.8,0.1,65,8,1,0.72,3,0,0.0,0.0,2.2,14.3,SEC_SWM_KOTA,Express,65.8
84.0,18.9,10.6,25,10,0,0.47,0,0,0.0,0.0,3.4,16.8,SEC_MTJ_BTE,Superfast Express,14.7
93.1,67.6,20.3,75,6,5,0.35,1,0,0.0,0.0,3.3,11.6,SEC_BTE_GGC,Superfast Express,41.2
104.5,43.6,22.0,250,23,4,0.35,0,0,0.0,0.0,1.1,26.1,SEC_BRC_MMCT,Express,23.4
23.6,14.6,2.4,65,6,2,0.3,3,1,0.1,0.0,2.1,2.6,SEC_SWM_KOTA,Rajdhani Express,41.3
93.6,44.8,14.1,42,5,2,0.22,0,0,0.0,0.0,2.6,5.5,SEC_GGC_SWM,Express,25.3
100.3,34.7,11.0,95,8,0,0.6,0,0,0.1,0.0,2.8,14.1,SEC_NDLS_MTJ,Superfast Express,20.5
97.4,74.5,0.7,95,22,1,0.17,0,0,0.1,0.0,1.0,2.7,SEC_NDLS_MTJ,Express,45.6
28.1,242.7,25.7,250,0,4,0.34,0,1,0.0,0.0,5.3,12.2,SEC_BRC_MMCT,Rajdhani Express,517.7
106.4,6.6,7.4,65,15,3,0.3,0,0,0.1,0.0,1.2,6.2,SEC_SWM_KOTA,Mail Express,4.3
25.2,56.9,6.6,170,1,2,0.3,0,1,0.1,0.0,3.5,17.5,SEC_KOTA_RATL,Superfast Express,139.2
84.4,275.1,5.0,250,2,3,0.23,2,0,0.0,0.0,1.5,7.4,SEC_BRC_MMCT,Rajdhani Express,196.2
57.1,298.7,3.5,250,18,5,0.75,0,0,0.0,0.0,3.6,1.1,SEC_BRC_MMCT,Rajdhani Express,313.8
108.8,4.6,6.4,95,4,6,0.19,1,0,0.0,0.0,1.3,21.8,SEC_NDLS_MTJ,Superfast Express,4.8
108.9,60.5,11.1,65,7,0,0.37,1,0,0.0,0.0,7.4,21.3,SEC_SWM_KOTA,Rajdhani Express,34.9
99.8,101.9,1.9,165,16,3,0.29,1,0,0.0,0.0,2.7,35.8,SEC_RATL_BRC,Superfast Express,57.5
60.8,272.6,8.1,250,9,6,0.68,2,0,0.1,0.0,1.6,4.7,SEC_BRC_MMCT,Mail Express,276.7
46.8,172.1,3.7,165,18,4,0.76,2,0,0.0,0.0,1.9,0.5,SEC_RATL_BRC,Express,226.2
81.0,80.5,14.9,95,6,5,0.46,2,0,0.6,0.0,2.7,12.9,SEC_NDLS_MTJ,Rajdhani Express,65.6
88.9,40.1,2.1,42,21,0,0.36,0,0,0.0,0.0,1.0,21.7,SEC_GGC_SWM,Express,30.3
87.6,64.4,4.7,75,5,4,0.35,2,0,0.0,0.0,3.8,7.4,SEC_BTE_GGC,Superfast Express,44.2
71.0,8.0,7.2,25,0,3,0.18,4,0,0.1,0.0,1.2,9.1,SEC_MTJ_BTE,Superfast Express,9.3
37.0,153.8,9.8,250,9,0,0.67,0,1,0.1,0.0,1.9,16.5,SEC_BRC_MMCT,Mail Express,255.4
67.4,30.0,1.3,42,22,2,0.44,2,0,0.0,0.0,2.1,4.9,SEC_GGC_SWM,Express,28.2
121.7,280.7,1.9,250,21,1,0.56,0,0,0.3,0.0,7.0,32.6,SEC_BRC_MMCT,Rajdhani Express,137.7
117.4,30.9,15.3,65,13,0,0.44,0,0,0.0,0.0,4.8,1.3,SEC_SWM_KOTA,Superfast Express,13.7
32.4,32.0,4.6,42,8,6,0.4,0,1,0.9,0.0,2.1,24.0,SEC_GGC_SWM,Superfast Express,66.6
89.1,41.4,16.0,75,1,1,0.37,0,0,0.3,0.0,2.1,1.3,SEC_BTE_GGC,Rajdhani Express,24.3
103.4,58.7,4.9,65,14,0,0.3,0,0,0.0,0.0,1.6,25.9,SEC_SWM_KOTA,Express,33.6
90.2,110.9,17.6,250,22,3,0.41,2,0,0.0,0.0,1.7,3.3,SEC_BRC_MMCT,Express,77.0
103.0,31.3,1.7,65,14,0,0.44,0,0,0.0,0.0,2.9,2.9,SEC_SWM_KOTA,Mail Express,20.5
32.0,127.0,2.0,95,23,2,0.25,1,1,0.0,0.0,1.4,26.2,SEC_NDLS_MTJ,Mail Express,246.1
43.0,75.8,1.5,65,2,1,0.42,0,1,0.0,0.0,5.7,3.7,SEC_SWM_KOTA,Rajdhani Express,109.2
45.9,54.2,20.3,95,18,0,0.73,0,0,0.0,0.0,1.1,5.2,SEC_NDLS_MTJ,Express,70.8
86.2,104.3,4.1,75,16,5,0.16,1,0,0.0,0.0,2.7,2.8,SEC_BTE_GGC,Mail Express,71.8
110.5,32.2,0.2,250,5,4,0.12,0,0,0.0,0.0,1.9,4.1,SEC_BRC_MMCT,Express,16.1
24.1,101.9,6.7,165,2,3,0.26,2,1,0.1,0.0,2.9,7.3,SEC_RATL_BRC,Mail Express,249.8
60.0,216.1,3.1,170,10,2,0.83,1,0,0.0,0.0,2.7,44.1,SEC_KOTA_RATL,Mail Express,222.1
37.6,15.1,14.4,25,10,3,0.51,0,1,0.0,0.0,4.7,3.1,SEC_MTJ_BTE,Superfast Express,30.2
105.4,274.3,11.2,250,21,3,0.57,1,0,0.0,0.0,2.2,35.2,SEC_BRC_MMCT,Express,159.8
78.1,111.8,1.7,95,2,2,0.45,2,0,0.0,0.0,1.4,6.3,SEC_NDLS_MTJ,Mail Express,92.4
106.5,43.9,6.3,65,3,6,0.3,0,0,0.0,0.0,2.8,6.3,SEC_SWM_KOTA,Express,24.4
81.5,171.0,0.9,165,21,6,0.8,0,0,0.0,0.0,5.0,9.4,SEC_RATL_BRC,Rajdhani Express,127.8
114.3,208.0,2.4,250,1,1,0.17,1,0,0.6,0.0,2.9,8.5,SEC_BRC_MMCT,Mail Express,109.5
104.7,147.8,5.2,170,20,3,0.66,0,0,0.0,0.0,1.7,6.8,SEC_KOTA_RATL,Mail Express,84.9
70.7,96.3,4.9,95,8,4,0.77,0,0,0.3,0.0,2.2,40.4,SEC_NDLS_MTJ,Superfast Express,86.2
39.6,117.4,1.0,75,14,5,0.36,4,0,0.1,0.0,2.2,41.8,SEC_BTE_GGC,Express,184.0
115.3,138.2,0.6,250,0,5,0.34,0,0,0.0,0.0,3.8,3.0,SEC_BRC_MMCT,Rajdhani Express,67.5
63.1,39.9,19.9,42,9,4,0.43,2,0,0.0,0.0,3.5,14.9,SEC_GGC_SWM,Superfast Express,38.3
101.3,113.8,3.8,95,2,1,0.27,1,0,0.0,0.0,2.8,4.3,SEC_NDLS_MTJ,Mail Express,67.5
32.7,10.1,8.9,25,3,5,0.33,0,1,0.0,0.0,2.6,44.0,SEC_MTJ_BTE,Mail Express,21.8
82.6,93.3,6.3,75,22,2,0.11,1,0,0.1,0.0,1.8,2.6,SEC_BTE_GGC,Mail Express,68.7
32.6,76.3,0.2,65,15,3,0.13,0,1,0.0,0.0,2.7,55.1,SEC_SWM_KOTA,Mail Express,145.1
33.2,33.9,10.3,42,17,1,0.56,0,1,0.0,18.6,2.2,7.6,SEC_GGC_SWM,Mail Express,85.3
48.2,111.5,2.0,165,19,4,0.49,3,0,0.0,0.0,1.9,25.5,SEC_RATL_BRC,Superfast Express,140.6
98.7,32.1,6.8,75,8,6,0.6,0,0,0.0,0.0,6.6,21.4,SEC_BTE_GGC,Rajdhani Express,18.2
81.4,187.0,2.4,165,16,2,0.12,0,0,0.1,0.0,2.8,33.9,SEC_RATL_BRC,Express,134.6
65.6,33.0,8.9,95,23,2,0.37,2,0,0.0,0.0,1.5,1.3,SEC_NDLS_MTJ,Express,31.2
111.7,293.7,1.8,250,14,4,0.35,0,0,0.0,0.0,4.7,17.5,SEC_BRC_MMCT,Superfast Express,155.6
34.9,233.0,3.1,250,10,4,0.78,0,1,0.9,0.0,2.4,13.5,SEC_BRC_MMCT,Express,415.6
92.0,237.5,0.5,165,10,6,0.46,1,0,0.1,0.0,1.3,14.0,SEC_RATL_BRC,Mail Express,157.9
103.2,46.9,6.4,42,18,3,0.36,0,0,0.0,0.0,1.7,5.3,SEC_GGC_SWM,Superfast Express,28.1
36.5,30.7,4.2,42,1,2,0.3,0,1,0.1,0.0,1.3,18.8,SEC_GGC_SWM,Mail Express,57.2
54.4,44.9,8.7,250,12,5,0.37,3,0,0.0,0.0,2.3,13.5,SEC_BRC_MMCT,Mail Express,50.2
55.2,48.0,12.1,75,1,1,0.43,3,0,0.0,0.0,1.2,0.0,SEC_BTE_GGC,Mail Express,52.8
101.6,188.1,7.5,170,14,0,0.48,1,0,0.0,0.0,3.7,4.1,SEC_KOTA_RATL,Rajdhani Express,110.9
92.7,74.0,8.9,250,23,1,0.5,1,0,0.0,0.0,5.8,5.7,SEC_BRC_MMCT,Rajdhani Express,43.9
69.8,32.8,0.2,165,2,3,0.4,2,0,0.1,0.0,2.1,8.8,SEC_RATL_BRC,Superfast Express,28.9
31.8,62.1,2.1,65,19,5,0.62,0,1,0.0,0.0,2.3,25.7,SEC_SWM_KOTA,Express,123.7
50.1,145.8,5.0,165,10,6,0.8,2,0,0.1,0.0,2.3,18.1,SEC_RATL_BRC,Rajdhani Express,176.3
85.9,213.1,1.0,165,20,5,0.55,2,0,0.0,0.0,2.2,52.3,SEC_RATL_BRC,Express,152.8
45.9,289.5,4.3,250,19,0,0.85,1,0,0.0,0.0,3.7,16.2,SEC_BRC_MMCT,Rajdhani Express,385.9
92.4,17.6,4.0,42,7,5,0.29,1,0,0.0,0.0,1.3,19.9,SEC_GGC_SWM,Express,15.0
87.8,32.0,1.2,25,3,6,0.32,0,0,0.6,0.0,1.3,8.5,SEC_MTJ_BTE,Mail Express,26.7
93.7,15.0,22.6,25,5,5,0.13,1,0,0.3,0.0,1.2,31.2,SEC_MTJ_BTE,Mail Express,11.1
29.1,4.0,2.6,65,1,2,0.42,3,1,0.9,0.0,1.9,8.7,SEC_SWM_KOTA,Rajdhani Express,5.6
42.6,84.7,3.5,95,11,2,0.46,0,1,0.3,0.0,2.6,12.1,SEC_NDLS_MTJ,Express,127.3
92.4,106.9,5.9,165,7,4,0.34,0,0,0.0,0.0,1.9,16.5,SEC_RATL_BRC,Superfast Express,67.5
23.4,169.2,1.3,165,5,1,0.18,0,1,0.0,0.0,3.0,1.0,SEC_RATL_BRC,Superfast Express,409.4
26.8,22.9,0.4,25,19,5,0.63,3,1,0.0,0.0,2.9,27.7,SEC_MTJ_BTE,Mail Express,60.4
98.3,28.8,3.9,42,18,1,0.41,1,0,0.0,0.0,2.1,1.2,SEC_GGC_SWM,Mail Express,17.9
51.8,6.7,4.0,42,20,2,0.36,0,1,0.0,0.0,1.5,1.5,SEC_GGC_SWM,Mail Express,8.3
34.5,271.1,2.0,250,21,0,0.59,3,1,0.0,0.0,1.8,7.9,SEC_BRC_MMCT,Express,483.2
39.0,88.0,6.4,250,21,4,0.64,2,0,0.3,0.0,1.8,11.0,SEC_BRC_MMCT,Express,137.3
55.7,15.3,4.3,75,14,2,0.48,2,0,0.9,0.0,3.5,13.5,SEC_BTE_GGC,Rajdhani Express,14.4
101.1,23.3,9.5,65,22,2,0.33,0,0,0.0,0.0,2.1,23.9,SEC_SWM_KOTA,Mail Express,15.3
99.4,150.5,10.6,250,6,3,0.2,0,0,0.0,0.0,1.0,13.2,SEC_BRC_MMCT,Express,90.0
97.8,126.9,7.3,250,7,3,0.26,1,0,0.0,0.0,6.7,8.4,SEC_BRC_MMCT,Rajdhani Express,74.1
86.3,139.1,0.7,170,22,2,0.21,0,0,0.0,0.0,1.2,2.8,SEC_KOTA_RATL,Express,99.7
85.5,25.1,9.1,95,8,0,0.76,0,0,0.1,0.0,2.9,86.9,SEC_NDLS_MTJ,Mail Express,14.1
45.9,24.4,2.2,95,9,6,0.47,2,0,0.0,0.0,2.5,21.4,SEC_NDLS_MTJ,Mail Express,32.8
57.7,15.9,8.9,42,7,5,0.41,2,0,0.6,0.0,2.5,12.8,SEC_GGC_SWM,Express,17.6
91.9,4.4,3.7,42,21,6,0.47,0,0,0.0,0.0,2.5,34.1,SEC_GGC_SWM,Express,3.0
104.5,101.4,2.9,75,20,5,0.59,0,0,0.0,0.0,7.0,29.2,SEC_BTE_GGC,Rajdhani Express,54.2
93.3,77.4,15.8,95,14,0,0.3,1,0,0.0,0.0,1.3,45.7,SEC_NDLS_MTJ,Express,52.6
103.2,39.3,0.4,170,2,2,0.38,1,0,0.0,0.0,3.9,9.7,SEC_KOTA_RATL,Superfast Express,20.1
101.4,170.8,9.9,170,5,1,0.39,1,0,0.0,0.0,1.2,27.4,SEC_KOTA_RATL,Mail Express,105.1
41.6,72.9,2.5,75,16,4,0.26,2,1,0.6,0.0,1.5,42.7,SEC_BTE_GGC,Express,117.3
115.2,30.4,5.7,65,8,6,0.53,0,0,0.0,0.0,1.6,60.9,SEC_SWM_KOTA,Superfast Express,15.1
109.8,317.8,2.4,250,23,6,0.41,0,0,0.1,0.0,2.5,10.8,SEC_BRC_MMCT,Express,176.2
115.6,175.1,1.0,170,14,0,0.18,0,0,0.0,0.0,1.5,19.3,SEC_KOTA_RATL,Rajdhani Express,91.6
96.5,41.6,4.7,75,21,5,0.52,0,0,0.1,0.0,3.7,10.7,SEC_BTE_GGC,Superfast Express,23.7
98.9,145.1,0.1,165,2,6,0.4,0,0,0.9,0.0,1.8,4.0,SEC_RATL_BRC,Express,91.5
84.3,63.0,3.8,165,8,4,0.5,0,0,0.0,0.0,7.1,35.4,SEC_RATL_BRC,Rajdhani Express,41.3
79.4,4.0,1.1,25,11,5,0.38,0,0,0.0,0.0,1.1,36.0,SEC_MTJ_BTE,Mail Express,3.5
82.7,73.1,21.8,65,20,2,0.83,0,0,0.0,0.0,2.8,25.7,SEC_SWM_KOTA,Mail Express,54.1
89.9,14.6,12.7,25,15,0,0.25,0,0,0.0,0.0,4.0,15.6,SEC_MTJ_BTE,Superfast Express,7.8
105.0,205.9,4.0,170,20,0,0.56,0,0,0.6,0.0,4.8,2.3,SEC_KOTA_RATL,Superfast Express,120.3
48.7,145.4,0.6,250,20,3,0.74,0,0,0.0,0.0,1.7,5.6,SEC_BRC_MMCT,Express,181.2
34.6,4.0,9.5,25,1,0,0.43,0,1,0.0,0.0,2.5,26.1,SEC_MTJ_BTE,Superfast Express,4.0
0.0,84.3,13.9,65,3,0,0.14,2,0,0.1,11.3,1.2,2.4,SEC_SWM_KOTA,Mail Express,74.8
92.8,28.3,6.5,42,12,3,0.29,0,0,0.6,0.0,3.1,3.3,SEC_GGC_SWM,Superfast Express,22.5
40.9,161.9,10.9,170,18,5,0.83,1,0,0.3,0.0,2.8,8.3,SEC_KOTA_RATL,Mail Express,239.4
70.5,68.4,3.6,75,20,0,0.53,3,0,0.1,0.0,2.6,42.5,SEC_BTE_GGC,Mail Express,58.8
96.6,236.3,1.7,250,8,0,0.55,0,0,0.1,0.0,2.5,11.8,SEC_BRC_MMCT,Mail Express,149.8
62.9,150.8,9.8,170,14,3,0.19,3,0,0.6,0.0,2.0,8.9,SEC_KOTA_RATL,Superfast Express,147.0
96.4,33.0,10.5,42,3,5,0.49,0,0,0.3,0.0,2.5,55.6,SEC_GGC_SWM,Express,20.2
91.6,18.9,3.3,170,1,3,0.46,0,0,0.3,0.0,2.7,1.4,SEC_KOTA_RATL,Express,7.0
103.4,56.0,8.8,65,3,6,0.17,1,0,0.1,0.0,2.7,45.9,SEC_SWM_KOTA,Superfast Express,27.9
45.7,207.6,3.8,250,21,1,0.38,1,1,0.0,0.0,5.3,52.5,SEC_BRC_MMCT,Rajdhani Express,278.0
91.2,74.7,1.8,95,10,1,0.45,1,0,0.1,0.0,6.6,3.1,SEC_NDLS_MTJ,Rajdhani Express,47.2
95.9,77.4,0.3,75,2,6,0.21,1,0,0.6,0.0,2.9,6.1,SEC_BTE_GGC,Superfast Express,50.7
0.0,44.1,11.7,42,7,2,0.49,1,0,0.0,21.8,3.0,22.0,SEC_GGC_SWM,Superfast Express,57.0
31.4,78.6,0.3,75,8,6,0.38,2,1,0.0,0.0,4.1,12.9,SEC_BTE_GGC,Rajdhani Express,157.4
108.6,9.0,2.7,75,17,2,0.53,0,0,0.6,0.0,3.5,9.1,SEC_BTE_GGC,Superfast Express,6.9
57.9,90.1,15.3,75,21,6,0.81,0,0,0.6,0.0,4.9,10.8,SEC_BTE_GGC,Rajdhani Express,98.0
62.2,57.5,8.4,95,0,2,0.37,3,0,0.0,0.0,4.6,14.7,SEC_NDLS_MTJ,Superfast Express,56.5
88.6,37.4,0.3,42,0,1,0.4,1,0,0.0,0.0,1.7,9.5,SEC_GGC_SWM,Express,26.2
34.3,52.1,13.9,65,4,5,0.27,1,1,0.0,9.3,6.8,2.2,SEC_SWM_KOTA,Rajdhani Express,101.3
116.5,118.8,0.5,165,23,0,0.21,0,0,0.1,0.0,3.7,5.0,SEC_RATL_BRC,Rajdhani Express,57.6
84.0,223.2,4.0,250,11,4,0.75,0,0,0.0,0.0,2.2,8.8,SEC_BRC_MMCT,Mail Express,158.7
85.2,7.5,7.3,25,16,1,0.29,0,0,0.0,0.0,2.3,8.2,SEC_MTJ_BTE,Mail Express,5.5
44.9,21.8,10.1,95,14,5,0.38,1,1,0.0,0.0,2.2,24.0,SEC_NDLS_MTJ,Express,28.8
35.0,42.0,16.8,95,15,6,0.49,1,1,0.3,0.0,2.4,26.3,SEC_NDLS_MTJ,Rajdhani Express,76.8
87.7,91.6,5.1,165,21,0,0.5,1,0,0.0,0.0,1.5,2.7,SEC_RATL_BRC,Mail Express,62.0
104.2,241.7,1.6,250,2,0,0.29,0,0,0.0,0.0,1.1,0.3,SEC_BRC_MMCT,Mail Express,138.6
102.3,90.5,5.2,170,2,1,0.27,0,0,0.0,0.0,2.6,32.8,SEC_KOTA_RATL,Superfast Express,52.9
108.7,34.2,2.6,65,12,4,0.48,1,0,0.0,0.0,1.8,100.8,SEC_SWM_KOTA,Express,16.9
96.0,70.1,19.2,65,16,4,0.28,1,0,0.0,0.0,1.0,25.0,SEC_SWM_KOTA,Mail Express,45.8
90.8,112.5,30.3,165,22,0,0.38,1,0,0.0,0.0,7.0,10.3,SEC_RATL_BRC,Rajdhani Express,70.8
70.8,10.0,4.5,42,14,1,0.31,4,0,0.0,0.0,2.6,9.9,SEC_GGC_SWM,Mail Express,6.6
88.9,89.9,27.3,165,14,3,0.2,0,0,0.0,0.0,2.1,29.9,SEC_RATL_BRC,Express,63.1
31.0,198.3,25.4,165,10,3,0.71,0,1,0.0,0.0,2.7,6.4,SEC_RATL_BRC,Rajdhani Express,392.4
25.9,48.4,3.1,170,11,1,0.49,1,1,0.0,0.0,1.4,5.6,SEC_KOTA_RATL,Express,115.8
115.5,164.6,7.3,250,2,6,0.49,0,0,0.1,0.0,6.2,3.6,SEC_BRC_MMCT,Rajdhani Express,80.2
90.2,9.7,2.2,25,13,0,0.48,0,0,0.0,0.0,2.5,7.9,SEC_MTJ_BTE,Rajdhani Express,7.0
37.2,53.9,12.0,170,17,0,0.84,3,0,0.0,0.0,4.4,28.0,SEC_KOTA_RATL,Superfast Express,84.3
103.3,230.4,2.8,170,13,2,0.38,0,0,0.0,0.0,4.1,19.5,SEC_KOTA_RATL,Rajdhani Express,134.2
64.5,215.2,6.7,165,9,4,0.43,2,0,0.0,0.0,5.4,11.0,SEC_RATL_BRC,Rajdhani Express,197.2
109.2,12.2,12.0,65,3,4,0.23,0,0,0.0,0.0,2.6,21.9,SEC_SWM_KOTA,Express,7.4
100.0,46.1,6.3,42,21,3,0.67,1,0,0.0,0.0,1.5,17.6,SEC_GGC_SWM,Superfast Express,30.5
68.4,20.7,0.6,42,11,6,0.79,1,0,0.0,0.0,1.8,0.8,SEC_GGC_SWM,Rajdhani Express,19.7
40.3,121.0,3.3,170,8,4,0.82,1,0,0.1,0.0,8.0,4.6,SEC_KOTA_RATL,Rajdhani Express,178.7
45.2,37.8,1.1,42,17,6,0.71,2,0,0.9,0.0,2.3,60.7,SEC_GGC_SWM,Mail Express,61.3
96.6,47.0,3.0,95,0,1,0.43,1,0,0.0,0.0,2.1,1.0,SEC_NDLS_MTJ,Express,28.7
101.5,47.9,27.7,65,10,2,0.69,1,0,0.0,10.9,1.9,9.2,SEC_SWM_KOTA,Express,39.5
62.3,92.3,6.3,95,4,4,0.27,2,0,0.0,0.0,1.4,21.2,SEC_NDLS_MTJ,Superfast Express,92.4
95.7,49.8,3.4,165,4,5,0.12,1,0,0.0,0.0,5.2,4.8,SEC_RATL_BRC,Rajdhani Express,28.3
32.8,57.7,13.4,95,23,4,0.18,0,1,0.0,0.0,5.1,14.4,SEC_NDLS_MTJ,Rajdhani Express,107.9
47.4,29.2,1.5,42,13,3,0.4,2,0,0.1,0.0,1.5,10.2,SEC_GGC_SWM,Mail Express,39.3
108.9,183.2,4.8,170,11,2,0.42,1,0,0.0,0.0,2.6,62.1,SEC_KOTA_RATL,Superfast Express,102.8
47.9,133.9,27.6,170,1,1,0.2,3,0,0.3,0.0,4.2,43.7,SEC_KOTA_RATL,Rajdhani Express,167.4
35.2,16.6,1.5,75,21,0,0.4,0,1,0.0,0.0,7.5,25.8,SEC_BTE_GGC,Rajdhani Express,32.3
101.2,96.0,38.3,65,21,3,0.69,1,0,0.0,0.0,1.3,17.7,SEC_SWM_KOTA,Mail Express,64.7
105.5,291.6,22.6,250,13,2,0.46,0,0,0.0,0.0,1.3,31.2,SEC_BRC_MMCT,Mail Express,165.9
70.2,12.9,1.3,42,11,3,0.81,1,0,0.0,0.0,6.8,4.0,SEC_GGC_SWM,Rajdhani Express,11.1
71.5,4.0,26.9,25,21,5,0.36,3,0,0.3,0.0,2.8,10.5,SEC_MTJ_BTE,Express,3.0
37.6,142.5,31.9,250,1,1,0.17,0,1,0.0,0.0,2.3,8.1,SEC_BRC_MMCT,Express,231.2
120.1,67.3,1.5,165,0,1,0.15,1,0,0.0,0.0,3.5,15.2,SEC_RATL_BRC,Rajdhani Express,29.8
68.7,63.6,8.0,65,4,6,0.29,2,0,0.1,0.0,2.7,2.3,SEC_SWM_KOTA,Superfast Express,57.8
40.7,37.4,1.2,65,10,0,0.51,1,1,0.6,0.0,1.0,0.3,SEC_SWM_KOTA,Express,66.0
91.8,11.0,2.2,95,23,3,0.27,1,0,0.1,0.0,2.3,26.6,SEC_NDLS_MTJ,Mail Express,8.9
95.1,30.2,6.7,75,12,4,0.28,1,0,0.1,0.0,4.7,24.2,SEC_BTE_GGC,Superfast Express,18.2
91.9,51.7,6.3,42,2,3,0.18,1,0,0.6,0.0,1.3,7.1,SEC_GGC_SWM,Express,39.7
97.0,99.7,33.4,95,0,3,0.19,0,0,0.6,0.0,2.3,5.0,SEC_NDLS_MTJ,Mail Express,59.5
91.0,9.3,3.2,25,18,3,0.67,0,0,0.1,0.0,1.5,66.4,SEC_MTJ_BTE,Express,7.6
81.8,215.8,11.3,165,9,0,0.47,0,0,0.0,13.7,1.3,23.4,SEC_RATL_BRC,Mail Express,171.6
87.3,98.9,18.2,165,10,1,0.53,2,0,0.0,0.0,7.4,1.4,SEC_RATL_BRC,Rajdhani Express,62.9
0.0,110.1,11.2,250,2,3,0.22,3,1,0.0,38.7,1.0,12.6,SEC_BRC_MMCT,Express,125.3
100.3,15.1,1.3,25,13,4,0.32,1,0,0.0,0.0,3.6,2.8,SEC_MTJ_BTE,Superfast Express,9.7
94.6,101.9,1.1,165,12,6,0.31,0,0,0.0,0.0,4.8,11.9,SEC_RATL_BRC,Rajdhani Express,61.0
94.9,69.5,3.5,65,7,2,0.14,0,0,0.3,0.0,2.6,4.0,SEC_SWM_KOTA,Express,44.3
60.7,18.9,0.9,75,16,5,0.15,2,0,0.0,0.0,4.5,25.3,SEC_BTE_GGC,Rajdhani Express,15.3
58.6,12.8,3.2,25,11,2,0.55,2,0,0.0,0.0,3.0,12.8,SEC_MTJ_BTE,Superfast Express,15.4
81.9,88.6,16.4,75,3,1,0.14,0,0,0.0,4.7,2.4,8.9,SEC_BTE_GGC,Superfast Express,67.3
48.2,44.5,6.6,65,5,4,0.28,2,0,0.1,0.0,1.8,20.3,SEC_SWM_KOTA,Superfast Express,55.1
38.3,72.0,2.5,75,5,6,0.23,3,1,0.0,0.0,5.9,16.1,SEC_BTE_GGC,Rajdhani Express,115.3
52.7,155.5,11.3,250,18,6,0.85,2,0,0.0,0.0,2.1,1.2,SEC_BRC_MMCT,Mail Express,179.0
40.9,253.2,7.8,250,20,2,0.58,0,1,0.3,0.0,2.9,13.0,SEC_BRC_MMCT,Express,377.0
93.0,42.6,3.7,75,2,3,0.11,1,0,0.0,0.0,1.5,10.1,SEC_BTE_GGC,Mail Express,25.0
48.2,212.9,1.8,250,8,4,0.38,1,1,0.3,0.0,1.6,13.5,SEC_BRC_MMCT,Express,275.4
51.2,68.2,22.2,95,16,0,0.42,2,0,0.0,0.0,2.4,2.5,SEC_NDLS_MTJ,Express,83.2
91.8,75.6,5.5,65,14,0,0.38,0,0,0.1,0.0,1.2,7.7,SEC_SWM_KOTA,Mail Express,47.9
36.7,112.6,7.9,95,9,0,0.53,0,1,0.1,0.0,1.2,64.0,SEC_NDLS_MTJ,Express,190.9
89.6,7.2,20.2,25,14,4,0.32,0,0,0.3,0.0,1.2,11.8,SEC_MTJ_BTE,Mail Express,6.0
34.0,71.7,8.7,95,18,5,0.75,1,1,0.0,0.0,2.7,3.6,SEC_NDLS_MTJ,Mail Express,130.5
99.7,19.5,2.4,42,19,3,0.5,1,0,0.6,0.0,1.7,27.8,SEC_GGC_SWM,Express,16.0
99.6,80.4,3.9,75,14,0,0.39,0,0,0.3,0.0,7.7,5.8,SEC_BTE_GGC,Rajdhani Express,47.5
88.2,108.8,6.0,170,16,5,0.41,0,0,0.1,0.0,6.7,6.7,SEC_KOTA_RATL,Rajdhani Express,67.3
89.8,88.2,3.6,75,7,5,0.47,1,0,0.1,0.0,1.6,3.2,SEC_BTE_GGC,Rajdhani Express,66.5
94.8,148.0,4.9,250,16,4,0.12,1,0,0.0,0.0,1.6,4.3,SEC_BRC_MMCT,Mail Express,93.6
95.9,60.4,37.6,75,11,2,0.39,0,0,0.0,10.1,2.1,9.2,SEC_BTE_GGC,Express,46.9
91.2,119.1,8.7,165,10,5,0.47,1,0,0.0,0.0,1.7,41.1,SEC_RATL_BRC,Mail Express,77.0
98.7,54.8,19.5,95,2,2,0.2,1,0,0.0,6.4,3.0,4.9,SEC_NDLS_MTJ,Express,34.6
40.5,4.0,5.7,25,9,2,0.69,2,0,0.3,0.0,2.9,0.7,SEC_MTJ_BTE,Mail Express,8.2
93.5,86.3,2.4,75,2,4,0.27,0,0,0.1,0.0,1.9,2.6,SEC_BTE_GGC,Express,56.2
0.0,104.5,17.2,75,9,5,0.79,1,0,0.0,15.4,2.1,52.0,SEC_BTE_GGC,Express,103.5
41.2,91.8,3.4,165,19,5,0.85,0,0,0.6,0.0,2.1,17.4,SEC_RATL_BRC,Superfast Express,138.9
0.0,11.2,17.2,25,17,3,0.68,2,0,0.6,9.0,2.0,14.6,SEC_MTJ_BTE,Express,24.3
48.0,163.8,12.1,170,21,5,0.71,1,0,0.0,0.0,1.8,1.3,SEC_KOTA_RATL,Superfast Express,208.1
44.4,15.2,5.7,25,16,2,0.41,3,0,0.1,0.0,1.5,28.0,SEC_MTJ_BTE,Mail Express,23.9
102.4,74.1,18.6,95,9,1,0.44,0,0,0.0,0.0,2.9,0.1,SEC_NDLS_MTJ,Express,41.6
98.4,33.1,11.2,42,15,1,0.28,1,0,0.3,9.8,1.9,6.1,SEC_GGC_SWM,Express,28.1
40.3,47.4,6.9,42,4,0,0.39,0,1,0.1,0.0,1.6,6.6,SEC_GGC_SWM,Superfast Express,75.9
28.9,34.7,3.7,65,16,6,0.32,0,1,0.3,0.0,5.0,32.0,SEC_SWM_KOTA,Rajdhani Express,75.1
96.5,94.7,2.5,95,19,1,0.37,0,0,0.0,0.0,1.2,4.4,SEC_NDLS_MTJ,Express,59.1
49.1,102.8,16.3,165,5,1,0.25,2,0,0.0,0.0,4.1,4.3,SEC_RATL_BRC,Superfast Express,123.2
90.6,27.6,9.4,75,1,3,0.39,0,0,0.0,0.0,2.1,18.0,SEC_BTE_GGC,Mail Express,17.7
97.6,85.4,5.5,170,14,4,0.36,0,0,0.0,0.0,4.6,4.7,SEC_KOTA_RATL,Superfast Express,48.3
95.4,73.8,3.1,65,7,4,0.44,0,0,0.0,0.0,1.3,5.3,SEC_SWM_KOTA,Mail Express,44.9
44.6,4.0,2.3,42,15,6,0.46,2,0,0.1,0.0,1.1,2.1,SEC_GGC_SWM,Express,3.7
84.1,25.7,0.6,42,21,4,0.61,1,0,0.3,0.0,2.6,3.7,SEC_GGC_SWM,Express,17.9
98.0,222.7,4.9,250,9,6,0.68,0,0,0.0,0.0,2.6,39.9,SEC_BRC_MMCT,Mail Express,139.3
91.0,182.8,2.8,165,5,6,0.19,1,0,0.3,0.0,2.5,1.2,SEC_RATL_BRC,Mail Express,120.0
92.2,16.6,23.0,42,8,0,0.52,0,0,0.3,0.0,1.0,4.1,SEC_GGC_SWM,Superfast Express,10.8
35.5,286.0,0.7,250,17,0,0.85,1,1,0.9,0.0,1.0,9.0,SEC_BRC_MMCT,Express,498.6
43.0,11.9,1.0,25,2,6,0.21,0,1,0.0,0.0,2.7,15.2,SEC_MTJ_BTE,Express,20.7
24.6,85.0,16.6,75,14,4,0.28,4,1,0.0,0.0,2.9,24.5,SEC_BTE_GGC,Express,212.0
93.3,40.5,0.5,75,2,1,0.26,0,0,0.0,0.0,1.2,3.7,SEC_BTE_GGC,Mail Express,25.0
30.5,262.9,2.1,250,0,3,0.41,0,1,0.1,0.0,2.9,29.4,SEC_BRC_MMCT,Express,522.8
86.0,95.3,20.1,95,16,2,0.19,1,0,0.6,0.0,2.8,2.6,SEC_NDLS_MTJ,Mail Express,71.3
89.5,14.8,0.2,42,2,2,0.34,0,0,0.6,0.0,1.7,14.8,SEC_GGC_SWM,Mail Express,11.4
91.8,55.0,3.3,42,10,0,0.44,1,0,0.0,0.0,7.0,8.6,SEC_GGC_SWM,Rajdhani Express,35.2
88.2,69.0,1.3,170,4,0,0.23,1,0,0.6,0.0,3.0,9.3,SEC_KOTA_RATL,Superfast Express,45.7
100.3,82.4,4.3,65,22,6,0.12,1,0,0.0,0.0,3.0,3.4,SEC_SWM_KOTA,Mail Express,48.0
90.0,67.0,0.3,75,14,4,0.46,1,0,0.6,0.0,1.8,15.7,SEC_BTE_GGC,Mail Express,46.5
96.7,61.7,13.4,95,0,2,0.27,0,0,0.0,0.0,7.1,16.8,SEC_NDLS_MTJ,Rajdhani Express,37.5
33.6,40.7,3.6,42,17,5,0.46,2,1,0.1,0.0,3.2,17.0,SEC_GGC_SWM,Superfast Express,80.7
82.8,132.8,1.8,165,9,1,0.83,1,0,0.0,0.0,5.2,0.9,SEC_RATL_BRC,Rajdhani Express,93.9
33.3,104.6,5.1,65,1,1,0.43,2,1,0.0,0.0,2.1,0.5,SEC_SWM_KOTA,Rajdhani Express,200.5
43.9,126.0,3.5,165,2,0,0.37,3,0,0.1,0.0,1.8,11.4,SEC_RATL_BRC,Mail Express,173.7
104.8,206.6,13.6,250,20,4,0.45,1,0,0.0,0.0,7.7,23.6,SEC_BRC_MMCT,Rajdhani Express,112.1
102.8,44.5,4.8,42,9,3,0.49,1,0,0.0,0.0,3.2,16.3,SEC_GGC_SWM,Superfast Express,26.1
94.5,68.0,5.4,95,7,4,0.18,1,0,0.0,0.0,1.2,24.3,SEC_NDLS_MTJ,Express,43.7
64.6,115.8,1.6,165,21,5,0.74,0,0,0.0,0.0,2.5,8.5,SEC_RATL_BRC,Superfast Express,106.5
78.0,16.4,8.4,25,2,4,0.32,1,0,0.1,0.0,1.0,15.9,SEC_MTJ_BTE,Express,11.2
44.7,111.0,17.6,95,15,0,0.34,2,1,0.0,2.7,1.5,1.0,SEC_NDLS_MTJ,Mail Express,160.1
73.3,180.3,19.0,165,8,5,0.61,3,0,0.0,0.0,1.2,11.5,SEC_RATL_BRC,Express,154.4
88.2,97.4,10.7,95,2,2,0.48,0,0,0.1,0.0,2.7,14.8,SEC_NDLS_MTJ,Express,65.4
56.5,32.2,11.8,42,18,5,0.82,1,0,0.0,0.0,1.7,49.2,SEC_GGC_SWM,Rajdhani Express,36.9
108.6,262.6,0.4,170,1,2,0.33,1,0,0.1,0.0,4.4,9.2,SEC_KOTA_RATL,Superfast Express,143.9
96.5,101.7,2.1,170,21,3,0.4,1,0,0.1,0.0,2.6,22.7,SEC_KOTA_RATL,Superfast Express,61.5
106.5,356.0,6.2,250,4,0,0.34,1,0,0.0,0.0,1.5,21.8,SEC_BRC_MMCT,Superfast Express,201.1
49.7,216.2,1.3,250,9,1,0.54,2,0,0.0,0.0,5.3,12.5,SEC_BRC_MMCT,Rajdhani Express,261.0
0.0,85.5,16.3,95,1,2,0.49,2,1,0.6,7.0,2.4,9.6,SEC_NDLS_MTJ,Superfast Express,87.0
101.1,37.4,1.4,65,17,3,0.41,1,0,0.0,0.0,2.6,28.8,SEC_SWM_KOTA,Mail Express,20.9
92.2,50.8,0.0,65,20,1,0.37,1,0,0.0,0.0,6.6,1.2,SEC_SWM_KOTA,Rajdhani Express,30.4
94.1,58.8,11.4,65,1,6,0.36,0,0,0.3,0.0,2.2,12.7,SEC_SWM_KOTA,Express,36.1
16.9,140.2,1.1,170,3,6,0.39,0,1,0.0,0.0,1.9,4.8,SEC_KOTA_RATL,Express,114.6
97.2,206.5,23.8,170,12,5,0.31,0,0,0.0,0.0,1.5,11.4,SEC_KOTA_RATL,Mail Express,127.3
87.1,309.5,0.4,250,10,1,0.46,1,0,0.0,0.0,1.5,15.9,SEC_BRC_MMCT,Mail Express,216.6
102.0,238.9,0.3,250,11,6,0.59,1,0,0.0,0.0,2.0,11.8,SEC_BRC_MMCT,Mail Express,143.1
66.7,77.3,5.4,65,23,3,0.18,2,0,0.0,0.0,5.1,3.1,SEC_SWM_KOTA,Rajdhani Express,68.6
29.0,14.8,1.5,25,19,6,0.65,0,1,0.0,0.0,3.0,12.4,SEC_MTJ_BTE,Mail Express,36.2
88.1,16.5,1.4,75,10,0,0.49,0,0,0.0,0.0,2.8,17.4,SEC_BTE_GGC,Express,11.0
78.5,11.7,13.9,25,21,2,0.46,1,0,0.0,0.0,2.0,11.8,SEC_MTJ_BTE,Express,5.9
96.6,44.9,8.7,65,19,5,0.45,1,0,0.0,0.0,2.3,5.1,SEC_SWM_KOTA,Mail Express,27.4
87.3,61.6,8.3,165,22,3,0.46,0,0,0.0,0.0,2.4,18.5,SEC_RATL_BRC,Superfast Express,41.2
88.7,34.5,5.2,170,1,5,0.31,0,0,0.1,0.0,1.7,36.8,SEC_KOTA_RATL,Mail Express,21.2
88.5,137.6,5.5,170,8,5,0.68,1,0,0.3,0.0,2.3,0.2,SEC_KOTA_RATL,Mail Express,98.6
100.1,42.3,0.9,95,21,5,0.57,1,0,0.1,0.0,3.8,6.2,SEC_NDLS_MTJ,Rajdhani Express,25.5
100.4,167.6,3.2,165,16,6,0.44,0,0,0.0,0.0,2.2,40.0,SEC_RATL_BRC,Express,100.4
99.2,74.1,7.0,75,4,6,0.41,0,0,0.0,0.0,4.8,15.3,SEC_BTE_GGC,Rajdhani Express,44.4
49.2,184.0,0.5,250,4,0,0.3,2,0,0.1,0.0,5.1,67.9,SEC_BRC_MMCT,Rajdhani Express,219.3
60.1,15.0,6.0,42,11,3,0.82,0,0,0.0,0.0,2.6,19.9,SEC_GGC_SWM,Express,14.3
29.2,40.6,11.0,95,21,3,0.8,3,1,0.3,0.0,1.0,2.8,SEC_NDLS_MTJ,Superfast Express,89.9
31.5,172.9,5.9,170,14,6,0.37,0,1,0.0,0.0,1.1,3.2,SEC_KOTA_RATL,Express,339.3
25.6,15.6,18.8,25,16,2,0.5,0,1,0.9,0.0,2.3,16.6,SEC_MTJ_BTE,Superfast Express,46.7
81.2,210.3,28.4,165,20,2,0.51,0,0,0.0,0.0,1.9,29.6,SEC_RATL_BRC,Express,155.8
84.4,14.2,32.9,42,0,5,0.36,2,0,0.6,0.0,5.7,0.7,SEC_GGC_SWM,Rajdhani Express,10.9
90.2,107.2,3.1,75,16,3,0.28,0,0,0.0,0.0,2.2,1.1,SEC_BTE_GGC,Mail Express,74.7
86.2,16.2,2.6,25,8,5,0.68,1,0,0.0,0.0,2.3,17.7,SEC_MTJ_BTE,Express,16.6
89.1,113.8,0.8,250,19,2,0.79,1,0,0.0,0.0,4.1,20.6,SEC_BRC_MMCT,Superfast Express,76.4
119.2,192.6,2.6,250,3,1,0.45,0,0,0.6,0.0,5.0,20.8,SEC_BRC_MMCT,Superfast Express,95.0
34.7,4.0,0.6,25,5,5,0.32,2,0,0.3,0.0,2.9,3.8,SEC_MTJ_BTE,Mail Express,5.8
46.2,134.2,6.3,250,21,6,0.82,0,0,0.6,0.0,4.7,2.3,SEC_BRC_MMCT,Rajdhani Express,172.1
94.4,183.0,1.5,170,22,0,0.37,0,0,0.0,0.0,2.5,5.4,SEC_KOTA_RATL,Express,112.5
106.0,25.4,0.7,65,5,5,0.27,0,0,0.0,0.0,1.8,18.7,SEC_SWM_KOTA,Express,13.4
84.9,53.9,28.2,75,16,1,0.14,1,0,0.1,5.0,2.0,9.1,SEC_BTE_GGC,Express,40.0
107.9,9.1,2.1,25,4,1,0.27,1,0,0.0,0.0,2.1,0.6,SEC_MTJ_BTE,Superfast Express,4.0
35.9,122.0,5.8,250,11,4,0.36,0,1,0.0,0.0,2.8,42.3,SEC_BRC_MMCT,Rajdhani Express,208.3
55.0,229.9,11.8,170,17,1,0.58,2,0,0.0,2.7,2.8,2.6,SEC_KOTA_RATL,Mail Express,262.7
93.8,6.2,5.4,25,9,3,0.57,0,0,0.3,0.0,1.8,0.2,SEC_MTJ_BTE,Rajdhani Express,6.8
16.6,109.7,0.1,250,13,6,0.26,0,1,0.0,0.0,2.3,5.7,SEC_BRC_MMCT,Mail Express,80.4
43.5,4.0,17.5,25,10,5,0.54,1,1,0.0,0.0,1.4,25.9,SEC_MTJ_BTE,Superfast Express,4.8
84.1,14.9,2.4,25,14,5,0.42,0,0,0.3,0.0,2.8,12.9,SEC_MTJ_BTE,Mail Express,10.7
40.3,72.3,11.0,170,17,5,0.6,2,0,0.0,3.4,1.5,7.9,SEC_KOTA_RATL,Superfast Express,114.6
97.6,64.7,2.4,75,13,4,0.41,0,0,0.1,0.0,1.5,10.7,SEC_BTE_GGC,Superfast Express,37.3
32.9,64.4,2.6,95,16,1,0.17,0,1,0.1,0.0,7.7,1.0,SEC_NDLS_MTJ,Rajdhani Express,115.7
100.6,25.8,7.3,65,5,2,0.16,0,0,0.0,0.0,1.1,4.8,SEC_SWM_KOTA,Superfast Express,14.5
90.6,43.4,2.0,42,16,2,0.4,1,0,0.0,0.0,1.9,22.8,SEC_GGC_SWM,Express,29.7
34.1,22.2,19.1,25,6,5,0.21,0,1,0.0,0.0,1.2,19.1,SEC_MTJ_BTE,Express,43.8
38.9,98.2,2.0,65,20,2,0.48,1,1,0.3,0.0,3.7,22.2,SEC_SWM_KOTA,Superfast Express,165.6
73.8,13.3,5.9,25,18,4,0.75,0,0,0.0,0.0,4.2,6.5,SEC_MTJ_BTE,Superfast Express,9.6
51.8,76.8,9.8,75,21,4,0.78,0,0,0.9,0.0,2.8,1.6,SEC_BTE_GGC,Superfast Express,95.2
108.5,82.3,23.8,170,0,0,0.23,0,0,0.0,0.0,2.2,50.6,SEC_KOTA_RATL,Rajdhani Express,43.9
83.0,23.7,7.0,95,20,1,0.56,1,0,0.3,0.0,1.7,10.0,SEC_NDLS_MTJ,Express,15.5
38.9,93.4,7.1,165,15,5,0.48,1,1,0.3,0.0,7.8,11.4,SEC_RATL_BRC,Rajdhani Express,144.8
104.6,32.5,2.9,65,15,1,0.34,0,0,0.1,0.0,2.9,16.3,SEC_SWM_KOTA,Express,14.6
28.0,130.7,26.2,165,14,0,0.22,1,1,0.1,1.6,1.5,22.6,SEC_RATL_BRC,Express,288.6
102.8,85.2,3.7,95,14,3,0.49,1,0,0.0,0.0,4.8,0.3,SEC_NDLS_MTJ,Superfast Express,49.4
67.4,161.6,4.1,250,6,2,0.14,3,0,0.0,0.0,2.6,49.4,SEC_BRC_MMCT,Mail Express,142.0
90.1,75.0,2.8,75,22,2,0.37,0,0,0.3,0.0,2.3,5.1,SEC_BTE_GGC,Express,52.6
88.0,104.8,3.8,170,4,6,0.31,0,0,0.0,0.0,1.6,17.0,SEC_KOTA_RATL,Mail Express,71.9
83.3,52.7,1.4,170,10,1,0.54,1,0,0.0,0.0,2.2,21.5,SEC_KOTA_RATL,Rajdhani Express,37.1
100.4,50.4,3.4,250,8,3,0.5,1,0,0.0,0.0,4.9,6.7,SEC_BRC_MMCT,Rajdhani Express,27.7
96.7,21.1,1.3,42,3,0,0.34,0,0,0.1,0.0,3.8,17.0,SEC_GGC_SWM,Superfast Express,12.6
43.8,72.6,4.3,65,19,3,0.81,2,0,0.9,0.0,2.7,4.4,SEC_SWM_KOTA,Mail Express,111.0
43.9,50.3,10.8,42,10,4,0.7,0,1,0.0,0.0,3.0,8.2,SEC_GGC_SWM,Superfast Express,75.5
35.7,89.3,0.6,170,5,3,0.28,0,1,0.0,0.0,1.8,22.1,SEC_KOTA_RATL,Superfast Express,155.7
103.3,309.5,5.7,250,9,3,0.46,0,0,0.0,0.0,2.0,4.7,SEC_BRC_MMCT,Mail Express,180.8
27.1,43.0,0.5,95,12,4,0.44,1,1,0.1,0.0,6.8,2.0,SEC_NDLS_MTJ,Rajdhani Express,99.3
86.0,201.1,6.5,250,6,4,0.28,3,0,0.0,0.0,1.7,9.5,SEC_BRC_MMCT,Superfast Express,145.3
42.4,191.0,2.1,170,1,2,0.21,1,1,0.0,0.0,4.2,10.9,SEC_KOTA_RATL,Rajdhani Express,273.3
101.1,335.5,2.1,250,9,4,0.57,0,0,0.0,0.0,2.2,8.3,SEC_BRC_MMCT,Mail Express,198.5
107.9,84.9,25.6,95,13,1,0.49,0,0,0.0,0.0,6.0,23.3,SEC_NDLS_MTJ,Rajdhani Express,45.2
98.9,67.7,3.8,65,12,2,0.32,1,0,0.0,0.0,1.9,59.2,SEC_SWM_KOTA,Express,40.4
91.2,5.3,1.0,95,1,4,0.33,0,0,0.0,0.0,3.0,5.5,SEC_NDLS_MTJ,Mail Express,3.0
92.4,32.8,9.3,42,17,2,0.56,0,0,0.1,0.0,2.1,29.4,SEC_GGC_SWM,Express,22.4
84.2,12.5,26.2,25,16,3,0.48,0,0,0.0,0.0,2.8,4.7,SEC_MTJ_BTE,Mail Express,8.5
67.9,29.8,25.0,65,4,0,0.17,2,0,0.0,0.0,1.0,4.3,SEC_SWM_KOTA,Rajdhani Express,27.8
48.3,232.8,41.3,165,10,4,0.76,0,0,0.6,0.0,2.1,2.8,SEC_RATL_BRC,Express,296.0
64.2,26.8,9.3,170,6,4,0.34,3,0,0.0,0.0,2.3,4.4,SEC_KOTA_RATL,Superfast Express,25.6
105.4,188.3,19.2,165,1,0,0.31,0,0,0.1,0.0,1.1,12.2,SEC_RATL_BRC,Rajdhani Express,108.9
61.4,66.6,3.7,75,15,4,0.37,2,0,0.0,0.0,1.8,1.5,SEC_BTE_GGC,Express,64.7
39.1,321.9,5.3,250,19,4,0.74,2,1,0.3,0.0,3.2,37.7,SEC_BRC_MMCT,Superfast Express,508.5
21.0,107.1,0.5,75,19,2,0.48,2,1,0.1,0.0,1.5,21.9,SEC_BTE_GGC,Express,268.8
91.1,46.0,10.8,75,19,5,0.61,1,0,0.0,0.0,2.1,11.3,SEC_BTE_GGC,Mail Express,31.5
95.9,4.0,16.8,65,16,6,0.16,1,0,0.1,0.0,1.8,36.3,SEC_SWM_KOTA,Express,4.5
100.0,320.9,2.7,250,15,6,0.21,1,0,0.0,0.0,2.6,24.2,SEC_BRC_MMCT,Express,196.1
95.2,50.8,1.9,95,10,5,0.48,1,0,0.0,0.0,1.4,8.0,SEC_NDLS_MTJ,Express,33.5
29.6,4.0,6.5,25,18,2,0.43,2,0,0.0,0.0,2.1,18.4,SEC_MTJ_BTE,Mail Express,6.9
0.0,98.7,17.5,95,8,5,0.51,0,0,0.0,19.8,1.7,13.2,SEC_NDLS_MTJ,Mail Express,96.8
108.0,32.6,5.1,42,18,3,0.48,0,0,0.1,0.0,5.0,39.4,SEC_GGC_SWM,Rajdhani Express,17.4
81.9,77.8,4.4,75,4,6,0.3,0,0,0.3,0.0,2.8,28.0,SEC_BTE_GGC,Mail Express,61.0
98.9,58.4,3.5,42,18,5,0.46,0,0,0.1,0.0,3.0,2.9,SEC_GGC_SWM,Rajdhani Express,35.1
87.3,20.8,0.4,25,0,3,0.13,0,0,0.0,0.0,3.1,10.5,SEC_MTJ_BTE,Superfast Express,11.0
38.2,175.8,1.4,170,4,3,0.18,1,1,0.1,0.0,2.6,23.6,SEC_KOTA_RATL,Mail Express,281.1
25.2,30.0,3.3,42,16,6,0.26,3,1,0.9,0.0,1.3,29.3,SEC_GGC_SWM,Mail Express,84.3
83.5,121.5,4.6,250,22,1,0.14,1,0,0.0,0.0,3.8,2.2,SEC_BRC_MMCT,Rajdhani Express,82.1
0.0,42.7,14.1,42,21,3,0.85,1,0,0.0,1.6,2.7,6.4,SEC_GGC_SWM,Express,41.3
33.2,128.6,8.4,165,5,3,0.13,4,1,0.0,0.0,1.7,7.5,SEC_RATL_BRC,Express,236.8
97.6,59.5,15.4,170,21,6,0.37,1,0,0.6,0.0,1.5,31.3,SEC_KOTA_RATL,Express,37.6
101.4,74.2,5.6,65,6,1,0.29,0,0,0.0,0.0,2.6,29.6,SEC_SWM_KOTA,Mail Express,41.6
33.8,98.5,11.9,65,7,2,0.15,1,1,0.6,4.9,2.2,8.8,SEC_SWM_KOTA,Express,190.1
121.9,33.4,0.1,65,22,5,0.22,0,0,0.3,0.0,1.6,5.8,SEC_SWM_KOTA,Superfast Express,14.9
102.4,157.1,34.4,250,15,2,0.4,1,0,0.1,0.0,2.5,22.5,SEC_BRC_MMCT,Express,91.3
89.8,27.5,1.4,65,3,4,0.28,1,0,0.0,0.0,2.2,13.5,SEC_SWM_KOTA,Express,16.9
85.8,119.1,4.0,165,11,6,0.67,0,0,0.0,0.0,2.7,39.7,SEC_RATL_BRC,Mail Express,84.4
97.9,93.5,7.5,75,1,2,0.1,1,0,0.0,0.0,2.7,4.6,SEC_BTE_GGC,Express,50.5
40.4,13.0,0.7,25,14,5,0.39,1,1,0.0,0.0,1.9,12.1,SEC_MTJ_BTE,Express,27.4
28.7,17.7,13.6,65,6,1,0.35,1,1,0.1,0.0,2.2,4.4,SEC_SWM_KOTA,Mail Express,40.6
92.9,26.7,4.6,65,4,0,0.49,0,0,0.6,0.0,2.3,6.2,SEC_SWM_KOTA,Express,18.7
93.2,30.8,0.3,42,1,5,0.13,0,0,0.0,0.0,3.6,4.8,SEC_GGC_SWM,Superfast Express,17.9
72.0,62.3,14.3,42,1,0,0.15,4,0,0.0,0.0,2.8,19.1,SEC_GGC_SWM,Superfast Express,51.1
88.7,176.1,0.3,165,22,3,0.26,1,0,0.0,0.0,1.6,12.9,SEC_RATL_BRC,Express,118.3
89.1,15.7,11.1,25,0,4,0.29,0,0,0.0,0.0,2.7,10.9,SEC_MTJ_BTE,Superfast Express,12.8
95.6,27.8,4.1,75,20,3,0.52,1,0,0.1,0.0,3.0,3.8,SEC_BTE_GGC,Mail Express,14.9
32.0,200.6,12.6,250,9,2,0.79,0,1,0.6,0.0,2.3,18.9,SEC_BRC_MMCT,Superfast Express,385.1
109.0,50.1,7.4,65,2,5,0.48,1,0,0.0,0.0,7.9,41.7,SEC_SWM_KOTA,Rajdhani Express,30.7
108.0,21.5,2.5,42,5,3,0.34,1,0,0.0,0.0,6.4,12.1,SEC_GGC_SWM,Rajdhani Express,9.6
106.3,106.0,4.2,75,12,6,0.48,1,0,0.0,0.0,4.8,11.8,SEC_BTE_GGC,Rajdhani Express,58.1
109.5,199.7,3.7,250,23,6,0.34,1,0,0.6,0.0,4.8,25.8,SEC_BRC_MMCT,Superfast Express,109.0
98.3,81.0,6.6,65,0,2,0.11,0,0,0.0,0.0,1.0,8.4,SEC_SWM_KOTA,Rajdhani Express,47.4
45.4,9.8,13.3,25,9,3,0.35,3,0,0.6,0.0,2.7,1.5,SEC_MTJ_BTE,Express,16.3
107.1,181.6,19.2,250,16,3,0.47,0,0,0.1,0.0,4.8,1.0,SEC_BRC_MMCT,Superfast Express,98.5
102.1,36.7,21.0,65,3,2,0.15,0,0,0.0,0.0,2.6,33.2,SEC_SWM_KOTA,Superfast Express,22.0
89.3,18.6,9.6,75,20,2,0.36,0,0,0.1,0.0,2.4,10.2,SEC_BTE_GGC,Mail Express,11.5
92.1,90.0,1.5,75,23,2,0.35,0,0,0.1,0.0,6.4,2.1,SEC_BTE_GGC,Rajdhani Express,55.9
101.7,65.2,3.3,65,5,4,0.21,0,0,0.0,0.0,2.2,11.7,SEC_SWM_KOTA,Superfast Express,40.1
91.9,165.4,6.2,165,16,2,0.44,1,0,0.3,0.0,2.1,44.6,SEC_RATL_BRC,Mail Express,108.2
37.4,18.4,3.4,25,21,0,0.6,1,1,0.0,0.0,2.4,6.9,SEC_MTJ_BTE,Mail Express,35.2
93.8,34.3,11.3,75,15,2,0.36,1,0,0.3,0.0,1.8,6.2,SEC_BTE_GGC,Superfast Express,21.6
79.5,28.4,6.2,42,8,3,0.71,0,0,0.1,0.0,6.9,21.5,SEC_GGC_SWM,Rajdhani Express,18.3
91.3,33.9,15.4,42,8,2,0.41,0,0,0.0,0.0,2.4,11.0,SEC_GGC_SWM,Mail Express,22.4
0.0,28.0,12.3,65,8,5,0.6,1,0,0.1,24.8,5.9,7.9,SEC_SWM_KOTA,Rajdhani Express,45.5
104.7,82.2,23.8,170,1,5,0.33,0,0,0.3,0.0,5.0,4.0,SEC_KOTA_RATL,Superfast Express,40.7
21.9,5.7,4.2,25,9,1,0.58,1,1,0.1,0.0,1.5,11.5,SEC_MTJ_BTE,Mail Express,14.5
95.6,209.5,20.7,165,22,0,0.4,0,0,0.0,0.0,2.1,13.1,SEC_RATL_BRC,Express,128.9
44.1,67.4,2.8,65,19,1,0.77,0,0,0.3,0.0,2.5,3.9,SEC_SWM_KOTA,Express,96.6
91.8,43.6,15.7,42,15,1,0.49,1,0,0.0,0.0,2.0,7.2,SEC_GGC_SWM,Superfast Express,31.2
96.2,165.4,9.4,250,13,5,0.11,1,0,0.3,0.0,2.8,3.5,SEC_BRC_MMCT,Express,102.4
0.0,175.0,18.3,250,7,5,0.35,2,0,0.1,5.1,2.9,10.3,SEC_BRC_MMCT,Superfast Express,126.0
84.7,20.9,1.4,25,16,5,0.39,1,0,0.0,0.0,2.1,11.4,SEC_MTJ_BTE,Mail Express,14.5
99.9,168.5,0.6,170,18,0,0.58,1,0,0.0,0.0,4.2,33.2,SEC_KOTA_RATL,Rajdhani Express,101.7
97.1,50.9,5.1,95,18,4,0.57,1,0,0.0,0.0,2.3,1.7,SEC_NDLS_MTJ,Superfast Express,29.7
54.2,73.2,14.3,75,10,6,0.72,1,0,0.3,0.0,1.3,17.6,SEC_BTE_GGC,Superfast Express,86.8
37.5,17.0,10.9,250,21,1,0.8,1,0,0.0,0.0,1.4,3.7,SEC_BRC_MMCT,Rajdhani Express,24.2
58.0,346.6,10.7,250,16,3,0.48,2,0,0.0,0.0,3.8,4.6,SEC_BRC_MMCT,Rajdhani Express,364.2
94.3,132.8,5.4,95,4,4,0.26,0,0,0.0,0.0,1.4,20.0,SEC_NDLS_MTJ,Mail Express,86.3
69.4,47.1,13.9,165,18,0,0.84,2,0,0.6,5.9,1.7,13.6,SEC_RATL_BRC,Mail Express,45.9
94.3,130.9,5.6,250,23,0,0.37,0,0,0.6,0.0,1.6,2.1,SEC_BRC_MMCT,Express,84.4
91.3,228.9,23.2,165,0,5,0.34,0,0,0.0,0.0,1.4,15.4,SEC_RATL_BRC,Express,148.6
98.9,21.5,9.6,42,1,3,0.12,0,0,0.0,0.0,3.7,2.6,SEC_GGC_SWM,Rajdhani Express,13.1
97.7,251.6,2.7,170,17,0,0.6,0,0,0.0,0.0,3.1,7.2,SEC_KOTA_RATL,Rajdhani Express,158.3
66.5,20.4,3.4,25,1,2,0.31,2,0,0.0,0.0,1.3,0.0,SEC_MTJ_BTE,Mail Express,16.4
91.9,79.3,10.1,165,4,6,0.19,1,0,0.0,0.0,4.1,9.3,SEC_RATL_BRC,Superfast Express,50.2
93.6,195.7,9.3,165,12,3,0.16,1,0,0.1,0.0,1.0,5.6,SEC_RATL_BRC,Express,124.5
45.3,199.5,2.5,165,2,5,0.47,0,1,0.0,0.0,1.5,71.8,SEC_RATL_BRC,Mail Express,272.2
83.8,18.7,12.6,75,3,1,0.49,0,0,0.0,0.0,1.9,11.6,SEC_BTE_GGC,Express,9.6
89.2,168.9,5.8,165,23,1,0.41,0,0,0.0,0.0,1.1,4.6,SEC_RATL_BRC,Superfast Express,119.5
45.2,111.6,10.7,95,9,3,0.74,0,1,0.1,0.0,5.4,64.4,SEC_NDLS_MTJ,Rajdhani Express,152.3
87.5,98.3,11.1,165,7,1,0.38,1,0,0.0,0.0,2.4,3.3,SEC_RATL_BRC,Mail Express,69.4
0.0,103.3,20.5,250,4,2,0.26,2,1,0.9,26.5,2.6,29.4,SEC_BRC_MMCT,Express,105.8
108.9,40.9,5.3,42,1,6,0.3,1,0,0.0,0.0,1.5,12.3,SEC_GGC_SWM,Rajdhani Express,21.7
113.2,75.3,2.7,165,7,1,0.38,0,0,0.0,0.0,4.6,4.6,SEC_RATL_BRC,Rajdhani Express,37.0
100.6,8.3,9.0,25,19,0,0.63,0,0,0.0,0.0,7.2,24.4,SEC_MTJ_BTE,Rajdhani Express,4.5
101.3,73.6,1.3,250,7,5,0.39,1,0,0.0,0.0,4.9,37.4,SEC_BRC_MMCT,Rajdhani Express,41.5
0.0,45.6,26.3,95,14,1,0.34,1,0,0.0,6.8,2.2,14.3,SEC_NDLS_MTJ,Mail Express,39.8
110.4,35.6,22.3,42,4,4,0.22,0,0,0.1,0.0,1.4,0.2,SEC_GGC_SWM,Rajdhani Express,17.2
97.0,92.5,3.4,65,23,4,0.28,1,0,0.0,0.0,4.0,21.2,SEC_SWM_KOTA,Superfast Express,54.0
109.8,195.7,0.6,170,7,2,0.3,1,0,0.0,0.0,3.0,47.2,SEC_KOTA_RATL,Express,106.4
105.7,22.7,6.5,75,13,2,0.35,0,0,0.0,0.0,2.3,5.2,SEC_BTE_GGC,Superfast Express,8.4
59.5,45.7,1.6,65,17,4,0.8,3,0,0.0,0.0,5.3,9.7,SEC_SWM_KOTA,Rajdhani Express,49.8
0.0,66.6,10.2,75,17,3,0.52,1,1,0.0,3.6,2.8,0.1,SEC_BTE_GGC,Mail Express,60.9
71.9,74.6,17.9,95,20,5,0.35,4,0,0.3,0.0,1.6,12.4,SEC_NDLS_MTJ,Express,65.8
66.3,77.9,4.2,165,22,3,0.1,2,0,0.3,0.0,2.0,9.7,SEC_RATL_BRC,Express,72.5
34.4,180.2,5.6,165,9,3,0.64,0,1,0.1,0.0,4.6,41.3,SEC_RATL_BRC,Superfast Express,320.8
85.4,87.0,14.3,75,7,6,0.49,1,0,0.1,11.4,2.5,3.9,SEC_BTE_GGC,Mail Express,74.0
100.3,22.7,31.9,42,22,1,0.34,1,0,0.0,0.0,1.7,18.2,SEC_GGC_SWM,Express,12.1
0.0,204.1,21.2,250,17,3,0.37,1,0,0.0,11.4,1.1,4.3,SEC_BRC_MMCT,Rajdhani Express,159.0
107.0,158.8,0.3,165,12,1,0.34,1,0,0.0,0.0,1.1,1.9,SEC_RATL_BRC,Superfast Express,92.0
104.7,83.7,4.0,65,10,5,0.55,1,0,0.1,0.0,4.6,4.1,SEC_SWM_KOTA,Superfast Express,49.0
54.4,27.0,19.8,25,11,0,0.8,2,0,0.1,0.0,1.3,8.1,SEC_MTJ_BTE,Mail Express,39.3
33.8,12.6,10.4,42,8,3,0.47,0,1,0.1,0.0,5.8,9.5,SEC_GGC_SWM,Rajdhani Express,23.8
88.4,14.6,2.1,95,6,6,0.17,0,0,0.0,0.0,7.5,19.0,SEC_NDLS_MTJ,Rajdhani Express,7.6
89.9,53.9,13.2,42,6,6,0.23,0,0,0.1,11.9,1.2,12.7,SEC_GGC_SWM,Mail Express,49.2
78.6,119.4,9.8,170,0,1,0.37,1,0,0.0,0.0,2.6,3.2,SEC_KOTA_RATL,Express,90.7
57.4,9.9,1.9,42,23,6,0.33,2,0,0.3,0.0,4.3,5.7,SEC_GGC_SWM,Rajdhani Express,11.1
110.0,112.8,8.8,250,22,4,0.34,1,0,0.0,0.0,4.8,26.0,SEC_BRC_MMCT,Superfast Express,57.8
25.2,30.5,14.2,42,7,4,0.27,4,1,0.6,0.0,1.7,8.4,SEC_GGC_SWM,Mail Express,79.4
86.8,68.7,5.3,170,12,3,0.35,0,0,0.0,0.0,3.0,31.1,SEC_KOTA_RATL,Express,44.4
47.2,87.2,0.4,170,8,2,0.47,3,0,0.9,0.0,2.4,11.4,SEC_KOTA_RATL,Express,111.4
93.2,169.7,5.4,250,3,6,0.48,0,0,0.0,0.0,2.7,18.7,SEC_BRC_MMCT,Mail Express,106.7
100.1,174.6,9.8,250,6,2,0.27,0,0,0.0,0.0,2.8,8.6,SEC_BRC_MMCT,Express,104.2
71.3,44.9,0.8,170,1,4,0.14,2,0,0.0,0.0,2.3,31.8,SEC_KOTA_RATL,Mail Express,38.0
105.4,12.7,5.8,42,0,2,0.46,1,0,0.9,0.0,4.3,22.5,SEC_GGC_SWM,Superfast Express,10.3
66.2,186.1,0.4,165,4,1,0.45,2,0,0.0,0.0,2.5,10.6,SEC_RATL_BRC,Express,171.4
32.8,228.4,1.3,170,12,4,0.18,4,1,0.0,0.0,4.2,23.1,SEC_KOTA_RATL,Superfast Express,421.9
97.7,14.1,12.1,42,17,5,0.56,1,0,0.0,0.0,2.7,5.9,SEC_GGC_SWM,Mail Express,8.6
102.7,168.2,11.4,170,15,5,0.25,0,0,0.0,0.0,2.7,54.1,SEC_KOTA_RATL,Express,98.5
90.8,133.3,2.3,250,5,5,0.39,3,0,0.6,0.0,1.7,0.3,SEC_BRC_MMCT,Mail Express,92.2
71.0,240.1,1.1,170,4,5,0.24,2,0,0.0,0.0,3.9,8.6,SEC_KOTA_RATL,Superfast Express,202.1
21.5,297.2,7.9,250,17,5,0.73,0,1,0.3,0.0,2.3,4.2,SEC_BRC_MMCT,Superfast Express,724.0
35.3,12.0,4.5,95,2,6,0.11,0,1,0.1,0.0,4.2,10.8,SEC_NDLS_MTJ,Rajdhani Express,22.3
111.4,132.1,6.1,95,13,1,0.36,1,0,0.0,0.0,5.8,31.0,SEC_NDLS_MTJ,Rajdhani Express,65.9
90.2,19.0,4.5,42,22,1,0.11,1,0,0.6,0.0,3.3,1.4,SEC_GGC_SWM,Rajdhani Express,11.5
97.3,92.1,4.6,95,16,3,0.46,0,0,0.3,0.0,2.6,12.9,SEC_NDLS_MTJ,Superfast Express,61.1
63.9,165.3,14.9,170,19,5,0.7,2,0,0.6,0.0,3.1,6.6,SEC_KOTA_RATL,Rajdhani Express,162.7
42.4,183.8,12.0,250,0,0,0.31,0,1,0.3,0.0,2.3,7.9,SEC_BRC_MMCT,Mail Express,267.3
117.8,40.7,1.9,165,0,4,0.29,0,0,0.1,0.0,5.5,30.7,SEC_RATL_BRC,Rajdhani Express,19.8
99.7,74.0,3.5,65,0,4,0.26,1,0,0.3,0.0,1.6,14.3,SEC_SWM_KOTA,Express,48.7
99.7,145.8,11.3,165,3,0,0.4,0,0,0.0,0.0,4.0,4.6,SEC_RATL_BRC,Superfast Express,87.2
97.5,53.7,4.7,75,6,4,0.44,1,0,0.6,0.0,3.3,9.5,SEC_BTE_GGC,Superfast Express,38.4
106.7,34.2,7.6,65,8,6,0.46,0,0,0.0,0.0,1.4,5.0,SEC_SWM_KOTA,Express,20.1
116.3,151.9,24.8,165,11,3,0.58,0,0,0.0,0.0,2.4,32.2,SEC_RATL_BRC,Rajdhani Express,81.8
101.1,201.2,1.0,250,22,1,0.49,0,0,0.1,0.0,3.2,5.1,SEC_BRC_MMCT,Superfast Express,117.1
53.0,27.4,1.6,65,20,6,0.6,2,0,0.0,0.0,5.4,6.8,SEC_SWM_KOTA,Rajdhani Express,30.5
106.5,116.4,6.0,95,12,3,0.29,0,0,0.0,0.0,4.2,13.0,SEC_NDLS_MTJ,Rajdhani Express,62.7
101.5,81.0,0.4,165,1,5,0.16,1,0,0.1,0.0,1.8,18.3,SEC_RATL_BRC,Mail Express,48.2
97.3,111.0,0.0,95,2,3,0.34,1,0,0.0,0.0,2.2,20.7,SEC_NDLS_MTJ,Superfast Express,68.4
70.5,119.5,12.4,165,18,6,0.71,0,0,0.0,0.0,1.7,25.7,SEC_RATL_BRC,Express,102.3
98.3,28.5,0.7,25,7,1,0.14,0,0,0.0,0.0,3.0,7.0,SEC_MTJ_BTE,Rajdhani Express,17.1
100.0,308.6,5.5,250,1,0,0.38,1,0,0.1,0.0,1.1,46.4,SEC_BRC_MMCT,Express,189.1
130.0,36.0,17.7,65,5,6,0.15,0,0,0.0,0.0,5.6,9.7,SEC_SWM_KOTA,Rajdhani Express,14.9
59.3,212.8,7.9,170,6,4,0.33,2,0,0.0,0.0,6.6,4.9,SEC_KOTA_RATL,Rajdhani Express,216.1
102.6,61.0,13.7,75,2,2,0.24,0,0,0.0,16.8,1.1,14.6,SEC_BTE_GGC,Mail Express,49.4
47.2,83.2,5.8,75,18,6,0.4,3,0,0.0,0.0,3.8,0.9,SEC_BTE_GGC,Superfast Express,109.1
96.7,122.6,7.1,165,12,6,0.16,0,0,0.0,0.0,2.6,16.0,SEC_RATL_BRC,Express,71.5
110.2,69.6,17.5,75,16,5,0.1,1,0,0.3,1.3,2.9,18.9,SEC_BTE_GGC,Rajdhani Express,35.5
101.7,209.9,11.9,170,3,3,0.27,1,0,0.3,0.0,4.0,3.2,SEC_KOTA_RATL,Rajdhani Express,127.2
40.9,55.1,2.0,42,10,4,0.38,3,0,0.9,0.0,1.6,31.2,SEC_GGC_SWM,Rajdhani Express,92.2
90.7,126.9,6.9,165,0,5,0.31,1,0,0.3,0.0,2.3,3.2,SEC_RATL_BRC,Express,85.8
106.8,30.9,16.9,65,15,1,0.48,1,0,0.0,0.0,1.7,5.3,SEC_SWM_KOTA,Mail Express,19.4
69.9,189.4,1.2,170,13,1,0.24,3,0,0.0,0.0,2.2,5.7,SEC_KOTA_RATL,Mail Express,165.4
57.4,136.6,4.1,165,19,2,0.83,0,0,0.6,0.0,7.7,18.2,SEC_RATL_BRC,Rajdhani Express,136.1
33.7,17.6,23.2,42,2,2,0.11,0,1,0.0,0.0,5.3,4.4,SEC_GGC_SWM,Rajdhani Express,37.0
95.3,92.4,8.5,75,22,6,0.12,0,0,0.0,0.0,2.6,66.6,SEC_BTE_GGC,Mail Express,58.3
26.6,88.7,2.5,75,10,2,0.78,2,1,0.0,0.0,2.8,6.9,SEC_BTE_GGC,Mail Express,208.8
95.6,17.6,4.0,25,0,2,0.21,0,0,0.9,0.0,7.3,12.3,SEC_MTJ_BTE,Rajdhani Express,12.1
106.5,146.7,16.6,250,8,0,0.51,1,0,0.1,0.0,2.5,6.7,SEC_BRC_MMCT,Express,81.9
37.8,106.6,21.1,75,5,3,0.36,0,1,0.0,0.0,4.7,21.0,SEC_BTE_GGC,Rajdhani Express,176.0
75.7,86.1,2.7,250,3,0,0.39,2,0,0.0,0.0,1.6,17.0,SEC_BRC_MMCT,Mail Express,65.8
43.9,16.5,5.1,25,17,0,0.73,3,0,0.1,0.0,1.7,29.8,SEC_MTJ_BTE,Express,25.5
95.3,209.3,11.5,170,0,2,0.17,1,0,0.0,0.0,1.7,11.5,SEC_KOTA_RATL,Mail Express,130.1
94.1,119.5,22.7,165,2,5,0.48,1,0,0.9,15.4,2.2,16.7,SEC_RATL_BRC,Mail Express,93.5
96.2,53.6,22.7,42,21,3,0.66,0,0,0.3,0.0,1.9,7.4,SEC_GGC_SWM,Superfast Express,40.8
38.6,71.0,14.5,75,8,2,0.36,0,1,0.1,0.0,2.0,8.5,SEC_BTE_GGC,Superfast Express,115.2
101.7,84.7,4.6,65,4,0,0.47,0,0,0.1,0.0,2.6,14.1,SEC_SWM_KOTA,Mail Express,51.5
94.6,21.8,3.5,75,8,3,0.49,0,0,0.0,0.0,1.7,28.7,SEC_BTE_GGC,Mail Express,11.7
38.2,74.4,7.6,65,2,2,0.23,3,1,0.0,0.0,1.9,19.5,SEC_SWM_KOTA,Mail Express,122.4
25.2,46.8,7.4,65,23,5,0.21,0,1,0.0,0.0,4.3,21.5,SEC_SWM_KOTA,Superfast Express,112.5
109.0,190.2,6.5,250,14,0,0.45,0,0,0.0,0.0,3.9,0.6,SEC_BRC_MMCT,Superfast Express,105.5
87.4,65.5,5.7,75,0,3,0.19,0,0,0.0,0.0,1.9,45.4,SEC_BTE_GGC,Express,44.2
54.1,37.1,0.2,170,10,3,0.37,3,0,0.0,0.0,2.7,2.3,SEC_KOTA_RATL,Mail Express,40.1
59.5,241.7,3.6,170,20,4,0.78,0,0,0.0,0.0,2.9,43.9,SEC_KOTA_RATL,Mail Express,246.0
86.8,39.0,4.5,75,10,4,0.42,0,0,0.1,0.0,2.5,7.0,SEC_BTE_GGC,Express,27.3
46.5,13.4,4.4,42,10,1,0.81,1,0,0.0,0.0,2.5,13.9,SEC_GGC_SWM,Mail Express,15.2
91.3,173.7,9.3,165,9,5,0.43,1,0,0.1,0.0,1.6,11.8,SEC_RATL_BRC,Express,116.3
97.2,53.0,0.6,250,10,3,0.45,1,0,0.0,0.0,1.4,8.1,SEC_BRC_MMCT,Superfast Express,32.9
0.0,45.6,15.2,65,11,0,0.48,3,0,0.3,13.4,1.4,14.8,SEC_SWM_KOTA,Mail Express,49.7
110.6,45.2,0.1,42,21,6,0.46,0,0,0.3,0.0,4.4,2.9,SEC_GGC_SWM,Superfast Express,25.6
28.3,121.8,0.3,95,22,1,0.45,0,1,0.1,0.0,1.3,17.4,SEC_NDLS_MTJ,Mail Express,267.6
100.4,76.4,6.5,250,22,0,0.34,1,0,0.3,0.0,2.2,2.7,SEC_BRC_MMCT,Express,41.7
100.8,77.1,4.1,165,4,5,0.22,0,0,0.0,0.0,1.5,109.7,SEC_RATL_BRC,Mail Express,46.2
31.9,36.2,15.4,65,8,5,0.79,0,0,0.0,0.0,2.5,20.2,SEC_SWM_KOTA,Superfast Express,65.2
42.4,71.8,14.6,75,12,0,0.11,0,1,0.0,0.0,2.1,17.6,SEC_BTE_GGC,Mail Express,107.9
63.4,56.0,5.7,250,18,3,0.77,0,0,0.0,0.0,2.9,11.9,SEC_BRC_MMCT,Mail Express,52.5
60.8,105.3,4.5,165,11,5,0.76,0,0,0.0,0.0,6.7,4.6,SEC_RATL_BRC,Rajdhani Express,99.7
100.9,21.8,9.1,25,7,5,0.13,0,0,0.0,0.0,6.7,1.7,SEC_MTJ_BTE,Rajdhani Express,12.9
84.2,64.0,2.8,170,20,4,0.37,2,0,0.0,0.0,4.5,23.9,SEC_KOTA_RATL,Superfast Express,40.6
62.8,105.7,0.3,95,10,6,0.82,2,0,0.1,0.0,1.8,35.1,SEC_NDLS_MTJ,Mail Express,108.4
89.0,103.6,15.3,165,0,0,0.16,1,0,0.0,0.9,3.4,8.1,SEC_RATL_BRC,Rajdhani Express,69.2
97.8,35.8,2.5,65,16,5,0.29,0,0,0.3,0.0,1.4,6.5,SEC_SWM_KOTA,Superfast Express,21.8
73.2,20.4,2.8,42,11,3,0.44,2,0,0.6,0.0,2.7,98.7,SEC_GGC_SWM,Mail Express,20.9
91.6,168.5,0.3,250,11,0,0.69,0,0,0.0,0.0,1.9,5.6,SEC_BRC_MMCT,Superfast Express,112.0
73.3,336.2,8.5,250,9,3,0.49,3,0,0.0,0.0,3.0,12.7,SEC_BRC_MMCT,Rajdhani Express,279.1
89.3,14.9,15.5,25,23,1,0.16,1,0,0.9,0.0,1.8,17.5,SEC_MTJ_BTE,Rajdhani Express,10.8
91.9,100.2,4.2,170,10,3,0.51,0,0,0.0,0.0,1.4,20.5,SEC_KOTA_RATL,Express,63.9
0.0,54.2,11.0,42,11,3,0.67,1,0,0.0,0.5,2.1,29.3,SEC_GGC_SWM,Mail Express,48.2
65.1,7.7,4.5,25,23,5,0.42,2,0,0.0,0.0,2.3,4.5,SEC_MTJ_BTE,Mail Express,6.0
106.8,207.7,10.4,250,2,2,0.22,0,0,0.3,0.0,2.3,30.7,SEC_BRC_MMCT,Express,113.6
99.3,51.8,1.1,95,0,6,0.43,0,0,0.0,0.0,3.8,2.9,SEC_NDLS_MTJ,Rajdhani Express,29.6
47.4,180.0,2.0,170,21,6,0.4,3,0,0.0,0.0,6.3,5.6,SEC_KOTA_RATL,Rajdhani Express,224.1
91.0,51.6,11.8,75,16,1,0.43,0,0,0.6,0.0,4.7,11.4,SEC_BTE_GGC,Superfast Express,32.7
98.4,84.9,11.3,75,17,3,0.44,0,0,0.3,0.0,2.1,1.9,SEC_BTE_GGC,Express,53.5
113.3,22.4,34.7,250,12,5,0.46,0,0,0.6,0.0,2.6,6.0,SEC_BRC_MMCT,Superfast Express,10.7
89.3,72.6,2.8,75,20,5,0.56,1,0,0.0,0.0,3.2,7.6,SEC_BTE_GGC,Superfast Express,50.3
47.3,101.9,12.1,165,0,5,0.23,0,1,0.3,0.0,2.0,8.4,SEC_RATL_BRC,Mail Express,133.8
0.0,11.3,26.4,42,18,3,0.84,2,0,0.0,46.6,1.0,0.3,SEC_GGC_SWM,Mail Express,57.9
105.6,50.9,0.8,165,22,1,0.13,0,0,0.0,0.0,1.9,4.1,SEC_RATL_BRC,Rajdhani Express,26.9
40.3,15.9,24.6,42,22,6,0.39,4,1,0.0,0.0,2.0,36.8,SEC_GGC_SWM,Express,30.5
38.4,14.0,1.4,25,17,1,0.79,0,0,0.1,0.0,7.0,8.9,SEC_MTJ_BTE,Rajdhani Express,19.4
32.8,91.8,23.5,170,6,3,0.1,1,1,0.0,0.0,1.2,2.5,SEC_KOTA_RATL,Express,172.1
84.7,10.3,4.8,25,21,6,0.68,0,0,0.1,0.0,3.0,48.2,SEC_MTJ_BTE,Express,9.7
104.0,270.7,29.3,250,19,3,0.66,0,0,0.0,0.0,1.9,0.9,SEC_BRC_MMCT,Express,154.6
104.3,85.4,6.5,165,11,2,0.6,0,0,0.0,0.0,2.4,14.7,SEC_RATL_BRC,Rajdhani Express,48.8
94.8,288.8,11.3,250,21,5,0.4,0,0,0.3,0.0,4.0,10.7,SEC_BRC_MMCT,Superfast Express,181.0
77.3,27.0,15.9,65,21,1,0.83,2,0,0.1,0.0,3.3,9.3,SEC_SWM_KOTA,Rajdhani Express,20.6
118.3,82.6,1.9,170,7,2,0.45,0,0,0.0,0.0,1.5,5.1,SEC_KOTA_RATL,Rajdhani Express,43.7
35.0,12.6,10.9,25,11,5,0.49,0,1,0.3,0.0,3.6,7.8,SEC_MTJ_BTE,Superfast Express,26.6
98.3,27.3,0.6,75,13,4,0.22,0,0,0.0,0.0,1.9,24.3,SEC_BTE_GGC,Mail Express,14.1
62.8,58.0,2.6,75,13,1,0.34,4,0,0.6,0.0,1.2,1.8,SEC_BTE_GGC,Mail Express,59.5
0.0,316.2,12.3,250,17,1,0.78,1,0,0.1,0.2,2.7,10.0,SEC_BRC_MMCT,Superfast Express,230.9
104.5,289.4,3.4,250,4,1,0.11,0,0,0.0,0.0,2.2,29.6,SEC_BRC_MMCT,Express,168.5
69.5,83.5,0.9,170,19,0,0.79,0,0,0.1,0.0,1.6,33.2,SEC_KOTA_RATL,Mail Express,71.9
95.9,8.9,13.1,170,15,1,0.38,1,0,0.0,0.0,2.1,5.2,SEC_KOTA_RATL,Rajdhani Express,6.5
30.5,8.7,5.7,42,17,4,0.73,0,1,0.3,0.0,3.0,61.3,SEC_GGC_SWM,Mail Express,15.0
36.4,45.7,3.3,250,21,3,0.4,0,1,0.0,0.0,1.2,12.0,SEC_BRC_MMCT,Mail Express,80.4
101.5,228.3,6.1,165,15,1,0.18,1,0,0.1,0.0,2.6,13.6,SEC_RATL_BRC,Mail Express,136.3
97.4,31.1,7.5,25,7,2,0.49,0,0,0.0,0.0,1.8,38.7,SEC_MTJ_BTE,Rajdhani Express,20.7
96.9,21.4,11.6,95,7,4,0.34,1,0,0.0,0.0,2.5,5.2,SEC_NDLS_MTJ,Express,9.8
107.2,14.6,7.9,65,14,4,0.34,0,0,0.6,0.0,4.6,4.8,SEC_SWM_KOTA,Superfast Express,9.3
116.0,144.2,0.1,250,18,0,0.53,0,0,0.0,0.0,7.8,8.5,SEC_BRC_MMCT,Rajdhani Express,66.0
108.7,68.4,0.9,65,17,6,0.45,1,0,0.3,0.0,1.4,10.4,SEC_SWM_KOTA,Express,40.7
19.9,111.9,8.5,95,17,1,0.58,2,1,0.1,0.0,2.7,4.4,SEC_NDLS_MTJ,Mail Express,99.3
45.4,18.3,1.3,165,23,6,0.29,2,0,0.1,0.0,6.8,6.6,SEC_RATL_BRC,Rajdhani Express,23.1
29.0,49.7,3.0,42,1,3,0.46,2,1,0.1,0.0,2.1,10.4,SEC_GGC_SWM,Express,107.7
114.4,44.1,3.6,65,2,3,0.2,1,0,0.1,0.0,2.2,2.5,SEC_SWM_KOTA,Express,19.5
48.3,32.7,8.5,25,6,6,0.5,0,1,0.0,0.0,4.5,3.6,SEC_MTJ_BTE,Superfast Express,48.5
95.1,153.8,8.3,170,5,4,0.29,1,0,0.0,0.0,3.0,0.8,SEC_KOTA_RATL,Mail Express,96.3
109.1,79.3,1.0,75,6,6,0.17,0,0,0.1,0.0,1.0,10.6,SEC_BTE_GGC,Superfast Express,45.4
94.1,84.4,12.0,95,17,2,0.58,0,0,0.0,0.0,1.6,4.2,SEC_NDLS_MTJ,Express,54.2
94.3,25.4,2.5,75,22,2,0.22,0,0,0.0,0.0,1.2,26.6,SEC_BTE_GGC,Express,14.6
101.9,80.8,1.2,65,16,5,0.13,0,0,0.3,0.0,1.1,72.8,SEC_SWM_KOTA,Express,50.3
94.2,24.7,1.8,25,13,0,0.17,1,0,0.9,0.0,4.5,5.8,SEC_MTJ_BTE,Superfast Express,23.8
0.0,49.3,10.0,65,22,6,0.34,0,0,0.1,10.7,3.5,3.1,SEC_SWM_KOTA,Superfast Express,45.0
87.3,51.9,23.3,75,4,5,0.36,1,0,0.0,0.0,1.9,4.5,SEC_BTE_GGC,Superfast Express,36.1
100.4,53.1,8.1,170,21,3,0.42,0,0,0.1,0.0,4.5,13.2,SEC_KOTA_RATL,Superfast Express,27.5
92.4,265.8,0.9,250,18,5,0.71,0,0,0.0,0.0,1.5,13.5,SEC_BRC_MMCT,Superfast Express,174.5
52.0,71.2,11.6,65,12,3,0.47,2,0,0.0,0.0,2.9,18.9,SEC_SWM_KOTA,Mail Express,84.8
86.3,26.5,5.1,25,12,4,0.38,0,0,0.0,0.0,3.7,25.8,SEC_MTJ_BTE,Rajdhani Express,22.5
32.8,50.0,15.7,65,14,3,0.36,0,1,0.0,0.0,2.9,3.4,SEC_SWM_KOTA,Express,94.0
43.4,83.0,10.2,170,23,0,0.3,0,1,0.0,0.0,6.7,8.0,SEC_KOTA_RATL,Rajdhani Express,113.8
89.4,340.3,4.9,250,2,6,0.18,1,0,0.0,0.0,1.6,4.0,SEC_BRC_MMCT,Express,231.2
99.4,74.6,0.6,165,13,6,0.28,0,0,0.1,0.0,1.4,13.1,SEC_RATL_BRC,Superfast Express,44.3
85.9,16.9,20.3,42,8,2,0.47,1,0,0.0,0.0,2.3,2.8,SEC_GGC_SWM,Mail Express,10.6
52.4,80.2,5.4,65,17,4,0.71,1,1,0.3,0.0,1.5,21.1,SEC_SWM_KOTA,Express,103.4
33.3,58.0,1.0,75,10,5,0.51,0,1,0.1,0.0,1.1,20.4,SEC_BTE_GGC,Mail Express,111.4
52.1,66.6,7.9,95,3,5,0.42,2,0,0.0,0.0,2.2,4.5,SEC_NDLS_MTJ,Rajdhani Express,74.9
0.0,171.1,13.7,250,3,6,0.33,1,0,0.3,16.6,1.2,2.2,SEC_BRC_MMCT,Rajdhani Express,142.3
96.6,76.1,7.9,75,14,0,0.16,1,0,0.1,0.0,2.9,5.3,SEC_BTE_GGC,Mail Express,48.6
91.8,103.9,18.2,165,22,1,0.27,0,0,0.1,0.0,1.5,4.3,SEC_RATL_BRC,Superfast Express,70.2
106.6,58.7,13.9,65,8,0,0.5,0,0,0.6,0.0,2.9,16.8,SEC_SWM_KOTA,Superfast Express,38.4
95.2,35.0,7.2,170,2,2,0.43,0,0,0.0,0.0,1.6,0.9,SEC_KOTA_RATL,Express,21.8
99.1,8.3,3.5,75,12,5,0.47,0,0,0.0,0.0,2.2,7.0,SEC_BTE_GGC,Rajdhani Express,3.0
51.2,41.9,2.6,65,13,5,0.21,2,0,0.0,0.0,4.8,32.3,SEC_SWM_KOTA,Superfast Express,45.7
90.5,6.6,3.3,25,0,1,0.23,0,0,0.1,0.0,7.7,11.0,SEC_MTJ_BTE,Rajdhani Express,5.3
97.9,147.8,6.3,250,4,4,0.39,2,0,0.0,0.0,2.4,21.1,SEC_BRC_MMCT,Rajdhani Express,88.6
96.1,20.8,30.7,42,0,0,0.13,0,0,0.6,0.0,1.8,1.7,SEC_GGC_SWM,Mail Express,17.3
49.6,180.7,12.3,170,13,5,0.45,0,1,0.3,0.0,7.2,12.1,SEC_KOTA_RATL,Rajdhani Express,225.1
70.4,5.7,5.9,75,2,1,0.3,2,0,0.0,0.0,2.3,24.2,SEC_BTE_GGC,Mail Express,3.0
87.7,192.6,0.1,165,23,6,0.36,1,0,0.0,0.0,6.3,4.6,SEC_RATL_BRC,Rajdhani Express,126.9
100.1,19.5,3.4,25,10,2,0.66,0,0,0.1,0.0,8.0,0.1,SEC_MTJ_BTE,Rajdhani Express,13.1
0.0,48.6,20.4,65,12,6,0.47,2,0,0.9,0.4,1.7,10.7,SEC_SWM_KOTA,Superfast Express,41.7
31.7,53.6,9.4,75,2,4,0.46,1,1,0.0,0.0,4.5,6.8,SEC_BTE_GGC,Superfast Express,105.9
84.4,51.5,16.1,95,14,2,0.36,2,0,0.0,0.0,4.8,16.9,SEC_NDLS_MTJ,Superfast Express,34.2
86.2,39.3,6.2,42,13,4,0.22,0,0,0.0,0.0,2.8,15.1,SEC_GGC_SWM,Superfast Express,25.1
55.5,160.9,6.9,250,2,0,0.32,4,0,0.6,0.0,1.2,13.3,SEC_BRC_MMCT,Superfast Express,177.1
110.1,94.7,4.1,75,18,5,0.53,1,0,0.0,0.0,7.0,3.0,SEC_BTE_GGC,Rajdhani Express,51.6
44.4,109.3,0.0,165,13,2,0.48,0,1,0.0,0.0,1.7,52.0,SEC_RATL_BRC,Express,152.1
29.3,104.8,1.8,75,8,5,0.8,4,1,0.0,0.0,2.2,3.4,SEC_BTE_GGC,Superfast Express,236.6
86.8,17.9,5.9,25,17,4,0.44,0,0,0.0,0.0,2.3,11.7,SEC_MTJ_BTE,Superfast Express,12.1
116.7,77.5,7.6,65,21,2,0.44,1,0,0.0,0.0,3.9,15.9,SEC_SWM_KOTA,Rajdhani Express,38.3
0.0,10.0,10.5,42,23,3,0.34,1,0,0.0,5.2,1.7,2.0,SEC_GGC_SWM,Superfast Express,16.9
108.7,76.7,3.9,65,7,3,0.26,0,0,0.1,0.0,6.9,3.7,SEC_SWM_KOTA,Rajdhani Express,41.0
102.0,179.4,21.9,165,7,3,0.12,0,0,0.0,0.0,7.7,47.9,SEC_RATL_BRC,Rajdhani Express,97.7
50.1,13.9,6.5,25,11,2,0.85,1,0,0.0,0.0,6.8,10.5,SEC_MTJ_BTE,Rajdhani Express,19.2
92.0,73.9,8.8,75,18,3,0.44,0,0,0.0,0.0,2.7,6.7,SEC_BTE_GGC,Mail Express,48.2
30.6,138.0,14.1,170,15,6,0.26,1,1,0.0,0.0,1.1,16.9,SEC_KOTA_RATL,Superfast Express,279.0
84.9,28.0,2.5,25,18,0,0.59,1,0,0.0,0.0,1.7,6.4,SEC_MTJ_BTE,Rajdhani Express,22.4
98.1,82.5,1.5,95,6,0,0.11,1,0,0.3,0.0,2.2,18.7,SEC_NDLS_MTJ,Express,51.4
95.2,7.8,4.1,95,16,2,0.13,1,0,0.0,0.0,1.6,4.0,SEC_NDLS_MTJ,Mail Express,3.0
99.9,181.1,6.2,165,22,3,0.31,0,0,0.3,0.0,2.9,40.3,SEC_RATL_BRC,Mail Express,106.0
84.5,14.8,3.3,25,8,0,0.4,0,0,0.3,0.0,3.3,8.9,SEC_MTJ_BTE,Superfast Express,11.1
102.5,79.6,15.5,65,16,1,0.17,0,0,0.3,0.0,3.2,7.5,SEC_SWM_KOTA,Rajdhani Express,48.3
87.7,29.3,2.4,75,12,4,0.27,1,0,0.0,0.0,2.7,15.5,SEC_BTE_GGC,Express,17.7
34.9,30.0,15.3,25,22,3,0.23,1,1,0.3,0.0,1.5,0.3,SEC_MTJ_BTE,Express,59.5
99.8,39.7,1.6,42,7,0,0.16,1,0,0.0,0.0,5.4,2.9,SEC_GGC_SWM,Rajdhani Express,21.9
91.6,95.9,2.5,165,14,4,0.12,0,0,0.1,0.0,3.4,15.7,SEC_RATL_BRC,Rajdhani Express,59.9
78.9,81.9,11.2,95,21,5,0.42,3,0,0.0,0.0,2.9,3.7,SEC_NDLS_MTJ,Express,65.2
36.5,89.4,4.0,75,0,5,0.2,0,1,0.6,0.0,7.7,6.1,SEC_BTE_GGC,Rajdhani Express,151.4
100.4,41.5,1.7,75,5,3,0.4,0,0,0.0,0.0,6.5,13.6,SEC_BTE_GGC,Rajdhani Express,25.1
85.0,144.4,1.4,170,5,2,0.36,1,0,0.3,0.0,2.2,4.3,SEC_KOTA_RATL,Express,102.9
23.9,9.3,38.1,75,23,0,0.45,1,1,0.1,0.0,2.1,17.2,SEC_BTE_GGC,Express,20.1
88.4,36.0,2.0,95,13,2,0.38,0,0,0.0,0.0,2.3,2.7,SEC_NDLS_MTJ,Express,23.1
76.9,15.9,21.0,25,22,4,0.48,1,0,0.0,0.0,1.5,4.7,SEC_MTJ_BTE,Express,11.0
92.9,12.3,4.0,25,14,4,0.43,0,0,0.0,0.0,1.6,9.3,SEC_MTJ_BTE,Mail Express,7.0
111.0,77.8,6.4,170,15,6,0.45,0,0,0.0,0.0,7.0,1.6,SEC_KOTA_RATL,Rajdhani Express,39.0
23.3,7.0,7.4,75,5,2,0.18,2,1,0.0,0.0,2.1,7.8,SEC_BTE_GGC,Express,12.3
100.5,14.1,1.1,25,7,5,0.41,0,0,0.6,0.0,2.4,21.8,SEC_MTJ_BTE,Rajdhani Express,10.2
33.9,29.0,5.1,95,0,1,0.32,0,1,0.6,0.0,4.4,0.3,SEC_NDLS_MTJ,Rajdhani Express,53.9
32.7,50.5,4.4,95,11,3,0.79,0,1,0.0,0.0,1.0,0.5,SEC_NDLS_MTJ,Mail Express,96.5
102.7,81.5,1.2,75,1,4,0.3,0,0,0.9,0.0,3.6,16.2,SEC_BTE_GGC,Superfast Express,52.0
104.8,94.9,8.2,165,10,1,0.59,1,0,0.1,0.0,3.1,17.2,SEC_RATL_BRC,Superfast Express,51.3
37.9,62.6,16.7,165,8,6,0.55,0,1,0.1,0.0,1.9,5.0,SEC_RATL_BRC,Express,106.1
73.9,18.7,12.5,25,3,4,0.25,2,0,0.0,0.0,1.4,12.8,SEC_MTJ_BTE,Express,16.3
28.5,38.1,10.0,95,7,6,0.17,1,1,0.6,0.0,4.0,10.4,SEC_NDLS_MTJ,Superfast Express,83.6
72.4,42.6,6.5,95,2,3,0.49,2,0,0.0,0.0,2.6,5.7,SEC_NDLS_MTJ,Mail Express,34.7
77.6,71.8,3.1,65,10,0,0.46,3,0,0.9,0.0,2.9,23.3,SEC_SWM_KOTA,Express,63.0
69.3,94.3,39.5,250,11,1,0.43,2,0,0.0,0.0,5.7,19.6,SEC_BRC_MMCT,Rajdhani Express,78.1
101.5,51.1,30.4,65,23,4,0.33,0,0,0.0,0.0,2.6,10.1,SEC_SWM_KOTA,Express,28.3
76.7,44.5,12.5,42,11,4,0.63,2,0,0.3,0.0,2.4,81.1,SEC_GGC_SWM,Mail Express,42.5
108.0,188.4,15.3,250,23,4,0.13,1,0,0.0,0.0,4.9,13.1,SEC_BRC_MMCT,Superfast Express,101.7
105.6,25.6,2.4,42,0,3,0.26,0,0,0.0,0.0,3.0,15.9,SEC_GGC_SWM,Superfast Express,11.5
89.3,70.8,1.2,95,17,2,0.55,1,0,0.0,0.0,3.8,74.2,SEC_NDLS_MTJ,Superfast Express,46.1
29.3,128.7,9.6,95,0,6,0.29,1,1,0.0,0.0,1.9,11.4,SEC_NDLS_MTJ,Express,268.7
86.9,140.5,17.3,165,3,1,0.45,0,0,0.0,0.0,2.4,16.6,SEC_RATL_BRC,Express,94.7
91.7,15.9,8.9,42,15,0,0.41,0,0,0.3,0.0,2.9,10.0,SEC_GGC_SWM,Mail Express,9.3
41.7,100.2,21.4,75,2,0,0.47,1,1,0.0,0.0,2.1,17.9,SEC_BTE_GGC,Express,153.7
0.0,16.6,25.1,42,22,2,0.2,2,0,0.3,23.3,1.3,13.0,SEC_GGC_SWM,Mail Express,36.1
39.4,126.4,1.6,250,18,0,0.72,3,0,0.0,0.0,1.3,0.5,SEC_BRC_MMCT,Rajdhani Express,195.1
66.8,43.4,1.3,75,2,4,0.13,4,0,0.0,0.0,1.6,1.5,SEC_BTE_GGC,Mail Express,41.2
93.8,72.9,3.5,95,21,1,0.56,1,0,0.9,0.0,1.5,12.9,SEC_NDLS_MTJ,Mail Express,51.4
73.4,30.4,7.3,42,8,6,0.73,1,0,0.0,0.0,1.7,0.1,SEC_GGC_SWM,Express,27.7
52.9,130.2,3.6,170,22,6,0.21,3,0,0.0,0.0,2.7,8.3,SEC_KOTA_RATL,Mail Express,145.7
95.7,94.0,5.6,170,14,2,0.13,0,0,0.0,0.0,3.0,26.7,SEC_KOTA_RATL,Express,57.6
25.1,25.3,2.0,42,6,1,0.18,3,1,0.6,0.0,5.1,6.4,SEC_GGC_SWM,Rajdhani Express,66.4
60.2,25.6,10.6,25,3,1,0.33,2,0,0.0,2.5,1.8,36.3,SEC_MTJ_BTE,Superfast Express,28.3
74.5,343.4,17.0,250,10,3,0.77,1,0,0.0,0.0,2.9,5.9,SEC_BRC_MMCT,Mail Express,284.6
35.1,9.5,1.7,25,6,3,0.24,3,1,0.1,0.0,2.6,53.7,SEC_MTJ_BTE,Express,14.5
102.0,52.7,10.2,65,8,6,0.49,0,0,0.6,0.0,2.1,55.1,SEC_SWM_KOTA,Mail Express,33.3
97.7,19.0,14.1,25,5,6,0.22,0,0,0.0,0.0,5.2,3.1,SEC_MTJ_BTE,Rajdhani Express,10.2
25.8,11.9,10.5,65,6,6,0.13,4,1,0.1,0.0,5.8,1.8,SEC_SWM_KOTA,Rajdhani Express,33.2
95.1,36.6,3.4,170,2,5,0.27,1,0,0.0,0.0,3.8,11.6,SEC_KOTA_RATL,Superfast Express,20.1
70.0,51.4,17.0,42,12,4,0.36,2,0,0.0,0.0,2.2,29.6,SEC_GGC_SWM,Express,47.0
93.6,68.5,0.6,95,8,6,0.44,0,0,0.0,0.0,1.5,1.5,SEC_NDLS_MTJ,Express,45.5
101.9,83.1,13.4,75,12,6,0.27,1,0,0.0,0.0,1.7,1.1,SEC_BTE_GGC,Rajdhani Express,49.3
77.6,272.6,20.8,250,3,3,0.29,2,0,0.3,0.0,1.1,0.8,SEC_BRC_MMCT,Superfast Express,218.6
102.1,9.9,6.2,25,3,0,0.16,0,0,0.1,0.0,3.1,0.1,SEC_MTJ_BTE,Superfast Express,3.0
64.0,94.9,15.2,95,4,1,0.47,4,0,0.0,0.0,2.7,21.3,SEC_NDLS_MTJ,Superfast Express,93.0
80.0,52.8,0.7,165,21,5,0.78,1,0,0.3,0.0,1.9,26.4,SEC_RATL_BRC,Express,40.0
78.9,24.4,1.7,25,2,0,0.48,0,0,0.0,0.0,1.4,3.1,SEC_MTJ_BTE,Express,19.4
88.8,24.8,0.1,25,20,3,0.67,1,0,0.0,0.0,1.9,1.0,SEC_MTJ_BTE,Superfast Express,22.1
26.2,58.2,1.3,75,10,0,0.6,1,1,0.1,0.0,2.3,3.4,SEC_BTE_GGC,Rajdhani Express,138.5
48.0,69.4,17.4,95,1,1,0.28,2,0,0.0,0.0,1.8,7.0,SEC_NDLS_MTJ,Mail Express,90.5
83.3,110.4,1.2,165,15,0,0.15,0,0,0.6,0.0,2.9,64.9,SEC_RATL_BRC,Mail Express,78.6
96.3,72.5,5.0,165,5,2,0.28,0,0,0.0,0.0,3.0,22.0,SEC_RATL_BRC,Mail Express,43.5
44.6,28.6,14.2,42,8,2,0.81,2,0,0.1,0.0,4.3,25.3,SEC_GGC_SWM,Superfast Express,41.7
107.0,40.1,12.5,250,1,4,0.43,0,0,0.0,0.0,3.1,0.4,SEC_BRC_MMCT,Superfast Express,19.2
73.0,39.3,27.9,42,15,3,0.32,2,0,0.0,0.0,1.4,45.3,SEC_GGC_SWM,Express,35.4
25.6,280.3,4.7,250,2,2,0.41,1,1,0.0,0.0,5.6,6.2,SEC_BRC_MMCT,Rajdhani Express,662.0
98.3,201.0,3.7,165,13,1,0.24,0,0,0.0,0.0,2.5,3.3,SEC_RATL_BRC,Superfast Express,119.4
34.8,42.5,1.9,42,12,6,0.41,0,1,0.9,0.0,7.2,75.2,SEC_GGC_SWM,Rajdhani Express,79.1
0.0,200.0,13.2,170,17,6,0.63,0,0,0.0,21.6,2.7,20.6,SEC_KOTA_RATL,Mail Express,177.1
22.1,376.1,17.3,250,18,4,0.72,3,1,0.0,0.0,1.7,40.4,SEC_BRC_MMCT,Express,921.8
90.1,154.2,22.8,170,8,1,0.44,1,0,0.6,0.0,2.8,3.5,SEC_KOTA_RATL,Mail Express,102.2
38.2,44.3,7.6,95,19,1,0.61,4,1,0.0,0.0,1.5,30.3,SEC_NDLS_MTJ,Express,76.5
90.9,48.9,1.1,95,1,6,0.24,1,0,0.0,0.0,2.5,28.5,SEC_NDLS_MTJ,Express,29.7
64.7,23.2,33.6,250,18,1,0.71,0,0,0.3,0.0,2.8,22.1,SEC_BRC_MMCT,Express,17.2
49.9,30.2,0.3,75,7,5,0.23,4,0,0.0,0.0,4.2,8.1,SEC_BTE_GGC,Rajdhani Express,32.4
54.4,40.6,22.0,42,17,6,0.72,4,0,0.0,0.0,3.0,7.6,SEC_GGC_SWM,Express,52.1
106.8,50.9,9.6,95,18,6,0.67,1,0,0.0,0.0,3.1,32.5,SEC_NDLS_MTJ,Superfast Express,27.2
54.0,30.3,8.5,165,5,1,0.25,2,0,0.0,0.0,1.2,31.7,SEC_RATL_BRC,Express,31.8
98.4,52.8,7.7,42,23,5,0.26,1,0,0.0,0.0,2.6,6.1,SEC_GGC_SWM,Express,32.7
107.9,236.4,2.0,170,22,5,0.25,1,0,0.3,0.0,7.9,27.6,SEC_KOTA_RATL,Rajdhani Express,127.5
0.0,175.0,10.3,170,18,1,0.63,1,0,0.0,18.8,1.7,21.7,SEC_KOTA_RATL,Superfast Express,160.2
80.1,161.3,13.2,250,5,3,0.24,2,0,0.0,0.0,2.3,3.2,SEC_BRC_MMCT,Express,118.8
96.1,45.7,5.1,95,1,1,0.1,1,0,0.6,0.0,2.9,0.9,SEC_NDLS_MTJ,Rajdhani Express,26.7
0.0,26.6,29.8,42,16,3,0.47,2,0,0.0,5.3,7.0,13.0,SEC_GGC_SWM,Rajdhani Express,28.0
87.3,59.3,7.2,95,19,1,0.36,0,0,0.3,0.0,2.6,8.4,SEC_NDLS_MTJ,Express,40.2
93.5,58.8,5.8,75,22,1,0.2,0,0,0.0,0.0,2.2,19.3,SEC_BTE_GGC,Express,36.4
88.5,114.1,16.2,170,0,1,0.24,1,0,0.0,0.0,4.3,10.8,SEC_KOTA_RATL,Rajdhani Express,75.2
57.1,74.7,10.8,75,16,6,0.46,3,0,0.0,0.0,4.8,1.4,SEC_BTE_GGC,Rajdhani Express,79.3
76.5,106.0,13.3,170,11,5,0.77,0,0,0.0,0.0,7.6,2.3,SEC_KOTA_RATL,Rajdhani Express,78.2
109.1,69.2,4.7,165,10,2,0.48,1,0,0.0,0.0,3.5,0.3,SEC_RATL_BRC,Rajdhani Express,32.3
99.1,205.2,5.9,170,5,5,0.15,1,0,0.1,0.0,4.2,8.4,SEC_KOTA_RATL,Superfast Express,121.1
97.7,220.4,3.6,165,20,2,0.46,0,0,0.0,0.0,3.0,13.5,SEC_RATL_BRC,Mail Express,137.5
100.4,70.6,6.9,75,7,5,0.44,1,0,0.0,0.0,1.2,17.6,SEC_BTE_GGC,Express,42.6
86.5,108.7,9.3,75,9,5,0.54,1,0,0.1,0.0,1.1,25.6,SEC_BTE_GGC,Mail Express,81.7
0.0,13.8,10.6,65,5,5,0.13,3,0,0.1,18.8,3.1,2.6,SEC_SWM_KOTA,Superfast Express,27.9
25.6,51.1,10.8,95,18,0,0.58,1,1,0.0,0.0,2.2,7.5,SEC_NDLS_MTJ,Mail Express,126.6
59.9,48.4,4.9,75,19,1,0.8,3,0,0.0,0.0,1.3,8.5,SEC_BTE_GGC,Express,53.7
55.9,12.7,1.1,25,4,2,0.41,2,0,0.1,0.0,1.7,2.2,SEC_MTJ_BTE,Mail Express,11.7
96.2,7.0,3.9,25,11,2,0.52,1,0,0.3,0.0,3.0,22.0,SEC_MTJ_BTE,Superfast Express,8.1
80.5,69.9,6.3,75,22,5,0.5,1,0,0.0,0.0,2.4,17.8,SEC_BTE_GGC,Rajdhani Express,51.6
100.9,185.8,4.1,170,0,2,0.41,1,0,0.6,0.0,2.5,15.8,SEC_KOTA_RATL,Mail Express,113.2
105.9,36.4,0.6,42,22,0,0.17,0,0,0.0,0.0,1.7,62.4,SEC_GGC_SWM,Superfast Express,21.7
97.0,58.9,17.0,170,3,5,0.38,0,0,0.0,0.0,1.6,15.9,SEC_KOTA_RATL,Express,31.4
106.4,59.5,20.1,95,12,3,0.25,1,0,0.0,2.1,5.1,2.3,SEC_NDLS_MTJ,Rajdhani Express,29.2
103.5,75.0,4.6,165,13,3,0.46,1,0,0.0,0.0,1.1,2.5,SEC_RATL_BRC,Superfast Express,43.6
81.2,171.8,0.4,165,17,3,0.82,0,0,0.0,0.0,1.7,1.2,SEC_RATL_BRC,Express,132.5
30.5,16.1,8.2,25,18,5,0.4,2,1,0.0,0.0,1.9,7.7,SEC_MTJ_BTE,Mail Express,38.4
108.5,37.2,0.6,42,14,0,0.29,0,0,0.0,0.0,2.7,13.1,SEC_GGC_SWM,Superfast Express,20.2
85.9,41.2,7.5,95,0,2,0.46,0,0,0.0,0.0,1.4,4.8,SEC_NDLS_MTJ,Express,27.6
34.4,96.0,32.0,65,2,2,0.11,2,1,0.0,0.0,6.0,8.1,SEC_SWM_KOTA,Rajdhani Express,168.0
55.8,63.1,2.4,75,5,5,0.38,2,0,0.0,0.0,1.7,8.7,SEC_BTE_GGC,Mail Express,70.8
95.5,4.0,10.0,25,10,4,0.43,0,0,0.0,0.0,3.3,5.1,SEC_MTJ_BTE,Rajdhani Express,4.5
26.0,125.4,31.0,250,13,5,0.41,1,1,0.1,0.0,1.5,5.0,SEC_BRC_MMCT,Rajdhani Express,295.8
85.9,60.0,4.1,75,5,0,0.47,0,0,0.1,0.0,2.6,21.6,SEC_BTE_GGC,Mail Express,41.1
87.5,12.4,39.4,25,6,1,0.31,1,0,0.0,0.0,2.9,0.1,SEC_MTJ_BTE,Express,8.4
65.3,195.7,0.1,165,21,2,0.66,3,0,0.0,0.0,3.0,11.8,SEC_RATL_BRC,Express,183.3
89.7,66.4,8.2,65,3,0,0.42,0,0,0.0,0.0,4.7,22.9,SEC_SWM_KOTA,Superfast Express,41.9
92.8,180.3,0.7,165,4,0,0.43,1,0,0.1,0.0,1.0,14.1,SEC_RATL_BRC,Mail Express,117.6
122.1,216.8,9.5,170,13,0,0.26,1,0,0.6,0.0,7.2,18.9,SEC_KOTA_RATL,Rajdhani Express,102.1
59.5,47.8,3.8,65,6,0,0.41,3,0,0.1,0.0,2.3,1.2,SEC_SWM_KOTA,Mail Express,50.4
32.2,83.0,12.2,95,5,5,0.5,1,1,0.0,0.0,4.0,0.8,SEC_NDLS_MTJ,Superfast Express,158.8
95.2,42.0,14.4,65,15,6,0.17,4,0,0.0,0.0,1.2,4.7,SEC_SWM_KOTA,Rajdhani Express,28.2
76.5,11.6,0.1,25,12,3,0.21,0,0,0.3,0.0,2.0,15.5,SEC_MTJ_BTE,Express,10.1
0.0,132.3,17.8,250,2,5,0.47,0,0,0.3,6.2,2.4,10.0,SEC_BRC_MMCT,Express,102.5
34.6,153.1,5.0,165,11,3,0.76,0,0,0.0,0.0,4.6,2.4,SEC_RATL_BRC,Superfast Express,265.7
96.3,68.8,1.7,170,14,0,0.27,0,0,0.0,0.0,4.7,4.3,SEC_KOTA_RATL,Superfast Express,39.4
99.5,19.9,5.3,65,14,2,0.4,1,0,0.0,0.0,1.7,5.8,SEC_SWM_KOTA,Mail Express,12.3
31.9,12.4,10.3,42,18,0,0.63,1,1,0.3,0.0,1.9,0.9,SEC_GGC_SWM,Express,29.5
104.6,55.9,35.8,75,2,5,0.28,0,0,0.0,0.0,4.5,3.2,SEC_BTE_GGC,Rajdhani Express,25.8
92.9,184.1,8.0,170,18,1,0.62,0,0,0.0,0.0,2.5,27.2,SEC_KOTA_RATL,Mail Express,121.8
95.9,47.1,10.2,95,16,3,0.39,1,0,0.0,0.0,2.6,28.8,SEC_NDLS_MTJ,Mail Express,26.1
111.6,228.0,19.3,250,15,2,0.18,1,0,0.0,23.3,2.5,41.9,SEC_BRC_MMCT,Superfast Express,144.5
85.8,19.8,0.5,25,22,0,0.29,0,0,0.1,0.0,1.7,9.3,SEC_MTJ_BTE,Mail Express,17.2
108.3,39.2,8.5,75,14,1,0.38,1,0,0.0,0.0,4.7,13.6,SEC_BTE_GGC,Rajdhani Express,20.1
88.2,29.6,0.9,75,6,1,0.4,1,0,0.0,0.0,1.3,6.4,SEC_BTE_GGC,Superfast Express,22.5
90.0,50.7,6.8,95,2,5,0.19,0,0,0.0,0.0,2.8,3.3,SEC_NDLS_MTJ,Mail Express,29.4
43.9,206.1,1.9,165,20,1,0.75,2,0,0.0,0.0,2.6,1.8,SEC_RATL_BRC,Superfast Express,288.8
102.2,60.0,27.2,65,23,6,0.36,0,0,0.0,0.0,2.2,24.2,SEC_SWM_KOTA,Express,35.8
91.1,15.7,6.3,25,12,4,0.37,1,0,0.1,0.0,5.9,142.4,SEC_MTJ_BTE,Rajdhani Express,10.9
71.3,112.5,9.1,165,8,4,0.72,1,0,0.1,0.0,1.8,0.4,SEC_RATL_BRC,Express,92.6
101.1,114.4,0.2,250,22,4,0.28,0,0,0.0,0.0,2.7,22.3,SEC_BRC_MMCT,Rajdhani Express,66.8
79.2,207.9,13.6,165,13,1,0.49,0,0,0.0,0.0,4.8,0.5,SEC_RATL_BRC,Rajdhani Express,155.5
56.9,42.8,13.7,75,3,4,0.18,2,0,0.3,0.0,1.1,0.1,SEC_BTE_GGC,Rajdhani Express,46.3
82.6,17.0,5.9,25,17,2,0.41,0,0,0.0,0.0,2.7,18.4,SEC_MTJ_BTE,Express,12.6
93.1,47.8,0.7,165,12,5,0.26,0,0,0.0,0.0,2.9,1.6,SEC_RATL_BRC,Express,27.3
34.9,74.3,2.0,250,1,1,0.13,2,1,0.6,0.0,2.5,23.0,SEC_BRC_MMCT,Mail Express,132.4
62.4,37.1,5.1,65,4,4,0.2,2,0,0.0,0.0,2.6,15.4,SEC_SWM_KOTA,Mail Express,34.6
49.7,157.1,0.5,165,12,2,0.25,3,0,0.1,0.0,2.0,3.0,SEC_RATL_BRC,Rajdhani Express,190.1
118.2,30.3,0.3,42,23,3,0.25,0,0,0.3,0.0,8.0,1.6,SEC_GGC_SWM,Rajdhani Express,16.2
106.5,18.0,13.3,65,0,2,0.27,0,0,0.0,0.0,1.3,3.5,SEC_SWM_KOTA,Express,11.8
99.1,75.9,7.5,65,8,6,0.6,0,0,0.0,0.0,2.4,7.0,SEC_SWM_KOTA,Express,46.4
112.1,206.8,6.6,250,7,1,0.18,0,0,0.1,0.0,2.8,1.1,SEC_BRC_MMCT,Rajdhani Express,108.4
88.0,19.1,3.1,65,10,2,0.75,1,0,0.0,0.0,1.7,0.7,SEC_SWM_KOTA,Mail Express,14.7
109.1,167.0,4.9,165,6,3,0.28,0,0,0.0,0.0,1.2,10.2,SEC_RATL_BRC,Rajdhani Express,90.3
54.3,8.3,4.9,42,23,3,0.42,3,0,0.0,0.0,2.8,2.8,SEC_GGC_SWM,Mail Express,8.6
113.7,26.9,7.1,170,16,6,0.18,1,0,0.0,0.0,2.9,7.6,SEC_KOTA_RATL,Rajdhani Express,11.7
91.6,67.2,21.6,75,9,5,0.51,0,0,0.0,0.0,6.3,23.4,SEC_BTE_GGC,Rajdhani Express,40.3
58.1,69.5,3.7,165,16,4,0.41,2,0,0.0,0.0,1.2,5.9,SEC_RATL_BRC,Superfast Express,72.3
62.9,60.8,2.2,95,6,6,0.2,2,0,0.0,0.0,3.7,10.1,SEC_NDLS_MTJ,Superfast Express,54.5
49.6,38.3,2.5,42,7,0,0.42,2,0,0.0,0.0,5.7,6.7,SEC_GGC_SWM,Rajdhani Express,45.3
74.5,31.9,1.6,250,11,5,0.79,0,0,0.0,0.0,2.1,16.1,SEC_BRC_MMCT,Rajdhani Express,26.2
94.1,24.4,20.9,42,11,6,0.65,0,0,0.0,10.2,2.8,0.1,SEC_GGC_SWM,Express,25.6
103.4,306.6,12.6,250,20,0,0.52,0,0,0.0,0.0,3.0,51.8,SEC_BRC_MMCT,Mail Express,181.6
95.8,38.7,16.0,95,11,3,0.7,1,0,0.3,0.0,2.7,20.8,SEC_NDLS_MTJ,Superfast Express,20.7
116.7,361.8,1.3,250,15,4,0.46,0,0,0.0,0.0,3.3,21.7,SEC_BRC_MMCT,Superfast Express,186.4
57.8,171.2,1.0,170,5,6,0.24,4,0,0.0,0.0,1.6,0.8,SEC_KOTA_RATL,Express,178.9
18.4,48.5,0.6,65,9,0,0.79,2,1,0.0,0.0,4.9,4.3,SEC_SWM_KOTA,Rajdhani Express,43.3
116.6,137.1,5.4,165,5,6,0.21,1,0,0.0,0.0,3.7,9.6,SEC_RATL_BRC,Rajdhani Express,68.9
91.3,46.2,2.1,42,20,1,0.51,1,0,0.0,0.0,2.4,94.6,SEC_GGC_SWM,Superfast Express,32.0
95.2,30.6,19.1,42,20,3,0.47,0,0,0.0,0.0,1.9,20.6,SEC_GGC_SWM,Express,14.4
37.9,88.3,17.5,95,15,1,0.49,1,1,0.1,0.0,7.8,12.2,SEC_NDLS_MTJ,Rajdhani Express,139.1
102.0,108.0,4.4,75,7,2,0.2,0,0,0.1,0.0,6.8,9.7,SEC_BTE_GGC,Rajdhani Express,58.9
60.4,56.3,1.4,65,13,3,0.48,4,0,0.0,0.0,2.7,36.0,SEC_SWM_KOTA,Express,56.1
101.8,179.3,41.0,170,8,1,0.69,1,0,0.0,0.0,2.1,18.6,SEC_KOTA_RATL,Mail Express,109.4
34.4,109.9,3.3,250,21,4,0.84,4,1,0.6,0.0,2.9,1.6,SEC_BRC_MMCT,Express,196.9
55.6,175.6,0.4,165,0,4,0.49,2,0,0.0,0.0,7.6,2.3,SEC_RATL_BRC,Rajdhani Express,186.6
101.0,199.7,7.4,170,9,5,0.63,0,0,0.0,0.0,1.6,3.4,SEC_KOTA_RATL,Express,116.8
31.5,18.9,10.7,25,2,2,0.24,0,1,0.0,0.0,1.2,0.3,SEC_MTJ_BTE,Mail Express,41.0
60.5,78.3,10.6,65,8,2,0.74,3,0,0.1,0.0,2.9,14.9,SEC_SWM_KOTA,Express,85.2
49.7,89.6,39.5,65,4,4,0.22,2,0,0.0,0.0,3.5,0.5,SEC_SWM_KOTA,Superfast Express,108.5
61.0,36.9,3.3,42,19,3,0.8,1,0,0.0,0.0,5.4,13.4,SEC_GGC_SWM,Rajdhani Express,36.1
90.5,47.3,2.2,170,23,0,0.11,0,0,0.0,0.0,3.4,32.3,SEC_KOTA_RATL,Superfast Express,28.6
108.4,184.3,3.4,250,8,3,0.67,1,0,0.1,0.0,2.1,7.3,SEC_BRC_MMCT,Express,105.6
27.0,250.2,5.8,165,23,0,0.32,0,1,0.1,0.0,3.0,0.9,SEC_RATL_BRC,Mail Express,559.1
86.9,56.0,0.5,42,23,5,0.25,0,0,0.1,0.0,2.2,21.2,SEC_GGC_SWM,Express,36.1
33.6,12.1,16.5,42,21,2,0.61,3,1,0.0,0.0,1.4,0.6,SEC_GGC_SWM,Mail Express,26.4
111.6,89.8,24.1,65,21,4,0.44,0,0,0.0,0.0,3.3,23.8,SEC_SWM_KOTA,Superfast Express,45.2
86.5,45.3,7.6,75,3,3,0.46,0,0,0.1,0.0,2.5,6.3,SEC_BTE_GGC,Express,33.0
84.9,18.7,13.1,75,23,6,0.31,1,0,0.0,0.0,1.5,5.4,SEC_BTE_GGC,Express,13.6
96.9,63.5,4.2,75,20,0,0.55,0,0,0.0,0.0,2.7,2.6,SEC_BTE_GGC,Express,39.4
29.3,35.5,10.5,42,7,5,0.12,2,1,0.1,0.0,1.5,6.3,SEC_GGC_SWM,Express,77.4
107.4,11.5,18.3,65,10,2,0.44,0,0,0.0,6.8,2.9,10.7,SEC_SWM_KOTA,Mail Express,11.8
103.6,33.5,2.2,65,14,6,0.24,0,0,0.3,0.0,1.7,13.5,SEC_SWM_KOTA,Express,21.9
88.4,12.3,0.9,25,1,6,0.28,1,0,0.3,0.0,1.4,23.2,SEC_MTJ_BTE,Mail Express,9.5
32.7,11.2,4.2,25,6,4,0.28,1,1,0.6,0.0,2.3,15.1,SEC_MTJ_BTE,Mail Express,29.0
53.6,31.3,3.9,25,16,2,0.28,2,0,0.1,0.0,1.3,49.7,SEC_MTJ_BTE,Mail Express,38.7
44.6,103.0,5.9,165,4,1,0.43,1,1,0.1,0.0,5.3,84.9,SEC_RATL_BRC,Rajdhani Express,141.7
97.4,34.7,6.3,42,13,4,0.4,0,0,0.1,0.0,2.3,25.5,SEC_GGC_SWM,Express,20.2
119.8,287.3,1.6,250,10,6,0.37,0,0,0.3,0.0,3.5,15.4,SEC_BRC_MMCT,Superfast Express,143.1
116.0,25.0,6.0,75,15,2,0.49,0,0,0.1,0.0,2.6,0.7,SEC_BTE_GGC,Rajdhani Express,9.8
57.8,8.8,5.4,75,20,0,0.37,3,0,0.3,0.0,2.5,12.5,SEC_BTE_GGC,Express,10.4
93.9,62.6,2.7,95,8,1,0.4,0,0,0.3,0.0,2.7,10.2,SEC_NDLS_MTJ,Mail Express,39.0
0.0,69.0,21.2,75,15,6,0.16,0,1,0.0,2.9,1.6,30.5,SEC_BTE_GGC,Superfast Express,62.7
44.6,5.6,3.3,25,19,3,0.8,1,0,0.0,0.0,1.1,7.5,SEC_MTJ_BTE,Superfast Express,11.6
101.9,110.2,12.2,165,13,3,0.21,0,0,0.0,0.0,1.4,22.9,SEC_RATL_BRC,Mail Express,64.1
35.1,135.6,29.1,165,1,4,0.13,2,1,0.0,0.0,5.2,9.8,SEC_RATL_BRC,Rajdhani Express,234.0
43.4,11.4,7.8,42,0,2,0.48,3,0,0.0,0.0,2.5,20.0,SEC_GGC_SWM,Express,14.5
63.9,43.6,18.8,42,21,0,0.67,2,0,0.0,0.0,6.5,36.0,SEC_GGC_SWM,Rajdhani Express,45.6
101.7,53.0,4.5,42,22,2,0.42,0,0,0.1,0.0,4.6,11.0,SEC_GGC_SWM,Superfast Express,30.5
53.9,37.5,18.0,65,3,3,0.31,2,0,0.0,0.0,3.6,19.4,SEC_SWM_KOTA,Superfast Express,42.6
77.3,4.7,3.6,65,2,6,0.27,0,0,0.0,0.0,3.5,31.6,SEC_SWM_KOTA,Superfast Express,3.0
37.6,59.4,12.5,95,9,3,0.7,0,1,0.0,0.0,2.8,51.3,SEC_NDLS_MTJ,Express,101.0
93.3,165.9,1.8,170,21,1,0.69,1,0,0.0,0.0,2.1,3.4,SEC_KOTA_RATL,Mail Express,108.4
94.2,193.0,1.1,170,11,6,0.37,0,0,0.0,0.0,2.2,16.7,SEC_KOTA_RATL,Mail Express,123.3
105.9,30.1,9.3,42,12,0,0.42,1,0,0.0,0.0,1.1,26.3,SEC_GGC_SWM,Superfast Express,18.4
97.1,51.8,18.5,42,23,1,0.27,0,0,0.3,0.0,1.1,28.8,SEC_GGC_SWM,Superfast Express,32.8
113.5,48.2,28.8,42,18,4,0.46,0,0,0.3,0.0,4.9,4.4,SEC_GGC_SWM,Rajdhani Express,31.4
51.5,100.6,3.5,75,11,5,0.77,1,0,0.0,0.0,5.8,50.9,SEC_BTE_GGC,Rajdhani Express,118.3
27.0,59.0,25.3,95,20,2,0.83,1,0,0.0,0.0,2.6,16.3,SEC_NDLS_MTJ,Mail Express,131.4
66.3,102.9,0.3,95,21,0,0.81,0,0,0.0,0.0,2.2,9.1,SEC_NDLS_MTJ,Rajdhani Express,97.4
94.9,71.9,8.3,95,22,0,0.39,0,0,0.0,0.0,7.8,57.4,SEC_NDLS_MTJ,Rajdhani Express,41.4
96.5,66.2,2.2,165,12,0,0.46,1,0,0.1,0.0,2.5,9.6,SEC_RATL_BRC,Mail Express,42.0
102.6,82.6,24.7,65,22,1,0.17,1,0,0.6,0.0,2.7,5.2,SEC_SWM_KOTA,Mail Express,52.4
41.6,42.6,1.2,42,9,3,0.59,1,1,0.0,0.0,6.7,17.0,SEC_GGC_SWM,Rajdhani Express,66.3
91.6,10.7,2.8,25,19,4,0.57,0,0,0.1,0.0,2.9,5.8,SEC_MTJ_BTE,Express,10.2
33.1,78.2,3.1,75,3,4,0.22,1,1,0.1,0.0,2.0,8.8,SEC_BTE_GGC,Mail Express,148.8
77.6,24.9,0.7,25,3,6,0.14,0,0,0.0,0.0,2.1,12.7,SEC_MTJ_BTE,Express,18.2
30.4,12.4,0.6,25,6,4,0.14,0,1,0.0,0.0,1.4,16.8,SEC_MTJ_BTE,Mail Express,29.4
69.7,21.5,1.2,42,16,1,0.4,2,0,0.0,0.0,1.7,20.2,SEC_GGC_SWM,Express,15.7
53.7,90.9,12.9,170,9,1,0.8,1,0,0.1,13.8,2.7,40.7,SEC_KOTA_RATL,Mail Express,116.3
47.4,31.2,10.5,95,6,5,0.43,2,0,0.0,0.0,2.7,20.6,SEC_NDLS_MTJ,Mail Express,40.0
100.1,39.9,12.9,250,7,0,0.26,0,0,0.0,0.0,2.0,12.8,SEC_BRC_MMCT,Express,19.4
115.6,84.8,12.9,95,3,6,0.41,0,0,0.0,0.0,6.0,18.1,SEC_NDLS_MTJ,Rajdhani Express,41.8
83.8,168.4,7.6,250,2,6,0.37,1,0,0.0,0.0,4.1,6.1,SEC_BRC_MMCT,Superfast Express,119.1
102.5,13.0,14.3,25,8,5,0.62,1,0,0.6,0.0,2.9,8.4,SEC_MTJ_BTE,Rajdhani Express,11.7
49.6,11.3,38.4,42,9,2,0.77,4,0,0.0,0.0,1.0,3.3,SEC_GGC_SWM,Mail Express,14.7
28.6,300.3,4.3,250,3,6,0.16,0,1,0.0,0.0,3.7,1.6,SEC_BRC_MMCT,Rajdhani Express,635.8
22.0,43.5,15.8,75,9,2,0.77,2,1,0.1,0.0,5.3,6.6,SEC_BTE_GGC,Rajdhani Express,112.7
93.5,161.5,10.4,170,23,0,0.49,0,0,0.1,0.0,2.5,22.1,SEC_KOTA_RATL,Mail Express,102.6
98.1,6.2,36.9,25,0,6,0.48,0,0,0.0,18.2,2.3,13.5,SEC_MTJ_BTE,Rajdhani Express,22.5
79.4,27.0,18.3,75,10,2,0.36,3,0,0.1,0.0,1.7,5.2,SEC_BTE_GGC,Superfast Express,19.4
109.3,32.0,2.0,250,23,0,0.44,1,0,0.0,0.0,1.8,6.7,SEC_BRC_MMCT,Express,16.4
89.9,206.8,6.6,170,5,0,0.35,0,0,0.0,0.0,2.2,31.2,SEC_KOTA_RATL,Express,139.3
28.5,96.7,17.2,165,14,2,0.32,0,1,0.3,4.0,2.6,10.6,SEC_RATL_BRC,Mail Express,212.0
93.4,194.8,6.4,165,13,5,0.46,0,0,0.0,0.0,1.5,23.1,SEC_RATL_BRC,Mail Express,125.5
99.8,96.4,2.4,75,4,5,0.46,0,0,0.0,0.0,4.1,16.1,SEC_BTE_GGC,Rajdhani Express,58.8
85.7,117.4,13.1,95,3,3,0.41,1,0,0.0,0.0,3.6,12.5,SEC_NDLS_MTJ,Superfast Express,81.4
0.0,199.1,23.5,250,5,4,0.49,1,0,0.1,13.7,1.7,9.8,SEC_BRC_MMCT,Mail Express,155.8
77.0,135.7,16.9,165,19,0,0.53,2,0,0.0,0.0,2.6,7.9,SEC_RATL_BRC,Express,106.1
98.2,55.0,5.4,75,15,0,0.49,1,0,0.0,0.0,1.2,9.6,SEC_BTE_GGC,Mail Express,37.1
66.1,164.4,2.8,165,1,0,0.13,3,0,0.0,0.0,3.0,7.0,SEC_RATL_BRC,Mail Express,148.2
106.9,65.6,9.5,65,0,5,0.11,0,0,0.0,0.0,2.8,2.4,SEC_SWM_KOTA,Express,34.4
92.5,30.5,23.4,42,16,4,0.23,0,0,0.0,0.0,1.8,1.0,SEC_GGC_SWM,Express,17.7
76.7,11.5,3.9,25,21,5,0.38,1,0,0.0,0.0,1.7,0.3,SEC_MTJ_BTE,Mail Express,11.4
74.7,44.3,15.2,42,11,5,0.65,2,0,0.0,0.0,2.9,39.8,SEC_GGC_SWM,Mail Express,36.6
90.4,191.1,1.2,165,17,4,0.65,1,0,0.1,0.0,2.6,1.2,SEC_RATL_BRC,Superfast Express,134.2
119.4,76.4,6.5,95,20,1,0.59,1,0,0.0,0.0,6.1,35.1,SEC_NDLS_MTJ,Rajdhani Express,37.7
32.2,308.8,5.8,250,5,0,0.47,2,1,0.3,0.0,2.6,12.4,SEC_BRC_MMCT,Mail Express,586.8
47.0,212.3,2.3,250,7,2,0.32,0,1,0.0,0.0,1.7,2.5,SEC_BRC_MMCT,Express,276.9
130.0,37.4,21.0,65,16,1,0.39,1,0,0.3,0.0,7.9,13.1,SEC_SWM_KOTA,Rajdhani Express,17.6
89.1,71.8,6.5,165,7,0,0.25,0,0,0.0,0.0,1.7,15.4,SEC_RATL_BRC,Mail Express,48.7
96.5,114.2,1.1,250,18,3,0.44,0,0,0.1,0.0,2.0,0.3,SEC_BRC_MMCT,Mail Express,69.0
42.5,26.8,6.6,25,14,2,0.24,2,0,0.1,0.0,2.9,1.7,SEC_MTJ_BTE,Mail Express,38.8
87.4,14.3,5.0,25,23,5,0.36,1,0,0.3,0.0,2.3,9.1,SEC_MTJ_BTE,Mail Express,11.0
41.9,40.6,10.2,95,12,3,0.31,0,1,0.6,0.0,3.4,79.0,SEC_NDLS_MTJ,Rajdhani Express,61.1
37.1,58.7,29.0,95,2,6,0.12,3,1,0.6,0.0,7.9,15.8,SEC_NDLS_MTJ,Rajdhani Express,96.3
39.2,7.6,0.7,65,20,5,0.71,1,1,0.0,0.0,3.5,4.9,SEC_SWM_KOTA,Superfast Express,13.6
49.3,182.1,18.9,250,11,6,0.43,2,0,0.1,0.0,1.7,1.0,SEC_BRC_MMCT,Express,221.8
108.9,55.9,0.1,95,14,2,0.14,0,0,0.0,0.0,4.5,1.6,SEC_NDLS_MTJ,Superfast Express,28.3
108.4,310.8,1.7,250,22,3,0.24,0,0,0.1,0.0,2.7,20.3,SEC_BRC_MMCT,Express,171.8
88.8,4.0,2.9,25,21,1,0.59,1,0,0.1,0.0,3.9,0.4,SEC_MTJ_BTE,Rajdhani Express,5.0
43.1,98.2,10.3,95,11,6,0.72,0,0,0.0,0.0,2.2,1.9,SEC_NDLS_MTJ,Express,139.3
97.2,17.0,14.1,65,22,0,0.22,0,0,0.0,0.0,1.6,3.1,SEC_SWM_KOTA,Express,11.8
38.6,110.4,18.3,95,15,1,0.19,0,1,0.1,0.0,2.9,7.5,SEC_NDLS_MTJ,Superfast Express,177.4
44.6,63.4,4.9,165,8,4,0.74,4,0,0.0,0.0,2.5,18.4,SEC_RATL_BRC,Rajdhani Express,85.3
96.7,13.7,9.0,42,3,6,0.29,1,0,0.0,0.0,2.7,1.8,SEC_GGC_SWM,Superfast Express,6.5
86.3,104.4,4.5,165,14,6,0.17,0,0,0.0,0.0,4.2,18.8,SEC_RATL_BRC,Superfast Express,68.8
57.8,37.2,0.8,42,3,6,0.24,2,0,0.9,0.0,3.0,12.0,SEC_GGC_SWM,Express,41.2
96.8,222.0,25.3,165,20,6,0.38,0,0,0.0,0.0,7.7,4.9,SEC_RATL_BRC,Rajdhani Express,133.5
38.0,25.4,3.1,25,14,5,0.22,2,0,0.1,0.0,2.1,22.8,SEC_MTJ_BTE,Mail Express,40.1
94.2,79.7,3.8,75,0,4,0.37,0,0,0.0,0.0,2.8,0.3,SEC_BTE_GGC,Mail Express,51.3
80.5,32.7,3.7,95,18,3,0.43,0,0,0.6,0.0,2.6,4.7,SEC_NDLS_MTJ,Mail Express,24.0
95.3,49.1,1.1,75,23,6,0.12,0,0,0.1,0.0,4.4,23.2,SEC_BTE_GGC,Superfast Express,27.2
95.8,49.0,6.1,75,12,5,0.33,0,0,0.0,0.0,1.5,6.9,SEC_BTE_GGC,Rajdhani Express,29.4
61.4,125.6,14.8,170,13,4,0.13,3,0,0.0,0.0,1.8,8.4,SEC_KOTA_RATL,Mail Express,118.3
90.9,22.5,1.7,42,12,2,0.18,1,0,0.0,0.0,2.5,9.8,SEC_GGC_SWM,Express,13.6
46.3,77.0,9.4,65,4,1,0.22,2,1,0.0,0.0,2.6,15.6,SEC_SWM_KOTA,Mail Express,106.8
90.7,141.7,1.9,165,22,4,0.33,0,0,0.9,0.0,2.8,11.2,SEC_RATL_BRC,Express,96.2
102.4,242.2,9.9,170,6,1,0.48,1,0,0.0,0.0,3.0,14.7,SEC_KOTA_RATL,Superfast Express,142.3
65.6,70.5,25.1,65,21,1,0.72,1,0,0.3,22.3,1.3,0.5,SEC_SWM_KOTA,Express,93.7
93.6,61.2,49.4,75,22,0,0.27,0,0,0.0,0.0,2.2,20.9,SEC_BTE_GGC,Express,39.2
99.4,60.3,14.0,170,18,4,0.38,1,0,0.0,0.0,1.9,7.4,SEC_KOTA_RATL,Mail Express,34.4
100.6,55.5,0.1,165,13,6,0.24,1,0,0.0,0.0,1.2,13.0,SEC_RATL_BRC,Express,35.2
21.3,45.4,4.4,95,0,3,0.3,0,1,0.0,0.0,7.4,19.3,SEC_NDLS_MTJ,Rajdhani Express,108.8
114.8,51.8,4.5,75,21,0,0.44,1,0,0.0,0.0,3.9,10.5,SEC_BTE_GGC,Rajdhani Express,28.5
90.6,26.0,10.2,42,5,2,0.24,0,0,0.0,0.0,1.7,14.9,SEC_GGC_SWM,Express,18.5
39.4,91.7,10.5,65,1,5,0.27,1,1,0.0,0.0,4.2,22.9,SEC_SWM_KOTA,Superfast Express,143.1
39.4,19.0,3.2,65,17,0,0.81,0,1,0.3,0.0,4.5,1.7,SEC_SWM_KOTA,Superfast Express,30.5
51.7,117.0,11.7,170,3,4,0.17,3,0,0.1,0.0,2.5,16.7,SEC_KOTA_RATL,Mail Express,132.5
101.6,43.7,1.6,42,7,4,0.43,0,0,0.0,0.0,1.1,12.8,SEC_GGC_SWM,Mail Express,27.5
119.6,15.0,10.6,65,12,3,0.14,1,0,0.1,0.0,6.4,23.0,SEC_SWM_KOTA,Rajdhani Express,7.5
87.6,125.8,3.6,165,17,0,0.51,0,0,0.0,0.0,1.0,1.5,SEC_RATL_BRC,Express,85.6
44.8,122.1,1.3,95,6,4,0.15,0,1,0.0,0.0,1.6,21.8,SEC_NDLS_MTJ,Express,168.7
66.9,286.9,4.3,250,20,5,0.82,1,0,0.1,0.0,3.5,22.9,SEC_BRC_MMCT,Superfast Express,260.4
95.5,129.5,0.4,170,23,1,0.12,1,0,0.0,0.0,4.9,26.5,SEC_KOTA_RATL,Superfast Express,77.0
97.5,17.1,16.3,65,5,5,0.36,0,0,0.0,0.0,1.8,15.9,SEC_SWM_KOTA,Mail Express,10.6
70.3,25.6,12.1,25,5,5,0.25,2,0,0.0,0.0,2.0,4.5,SEC_MTJ_BTE,Superfast Express,21.8
57.4,30.7,1.9,25,1,3,0.37,2,0,0.0,0.0,1.8,11.8,SEC_MTJ_BTE,Mail Express,35.4
83.3,13.3,11.8,65,4,1,0.3,2,0,0.1,0.0,2.9,1.0,SEC_SWM_KOTA,Express,7.5
94.4,25.8,3.1,65,10,3,0.41,0,0,0.0,0.0,3.3,27.5,SEC_SWM_KOTA,Rajdhani Express,14.3
65.6,66.5,26.1,75,4,2,0.18,4,0,0.0,0.0,4.7,7.1,SEC_BTE_GGC,Rajdhani Express,58.8
94.3,40.1,3.5,95,15,6,0.39,0,0,0.0,0.0,2.7,0.1,SEC_NDLS_MTJ,Express,22.0
96.5,90.6,24.0,170,22,2,0.12,0,0,0.3,0.0,7.9,30.2,SEC_KOTA_RATL,Rajdhani Express,55.1
36.2,29.7,3.7,42,16,0,0.49,1,1,0.0,0.0,2.5,2.1,SEC_GGC_SWM,Superfast Express,53.0
92.2,110.0,1.7,75,17,4,0.56,0,0,0.0,0.0,1.9,2.6,SEC_BTE_GGC,Mail Express,72.3
103.0,175.5,1.2,165,11,1,0.44,0,0,0.0,0.0,3.6,24.9,SEC_RATL_BRC,Rajdhani Express,100.5
86.8,17.7,7.5,42,10,2,0.61,2,0,0.0,0.0,2.2,7.6,SEC_GGC_SWM,Express,16.9
58.4,31.8,17.6,65,19,4,0.5,2,0,0.3,0.0,5.0,1.8,SEC_SWM_KOTA,Superfast Express,32.1
50.2,50.8,18.5,250,3,5,0.35,2,0,0.0,0.0,7.3,25.9,SEC_BRC_MMCT,Rajdhani Express,50.1
99.5,223.9,1.7,170,7,5,0.24,0,0,0.0,0.0,2.0,16.7,SEC_KOTA_RATL,Mail Express,134.1
73.1,9.7,3.3,42,21,2,0.43,2,0,0.1,0.0,5.7,9.3,SEC_GGC_SWM,Rajdhani Express,9.2
116.4,186.7,21.8,165,12,2,0.44,1,0,0.0,0.0,6.5,15.5,SEC_RATL_BRC,Rajdhani Express,91.8
43.2,68.2,1.4,65,16,6,0.4,2,0,0.0,0.0,5.9,17.7,SEC_SWM_KOTA,Rajdhani Express,92.1
94.3,76.3,1.7,170,15,0,0.38,0,0,0.1,0.0,1.3,4.0,SEC_KOTA_RATL,Mail Express,50.6
98.5,84.3,3.1,65,10,4,0.38,0,0,0.0,0.0,3.5,26.9,SEC_SWM_KOTA,Superfast Express,50.4
65.5,21.4,7.8,25,5,6,0.26,2,0,0.0,0.0,4.1,10.0,SEC_MTJ_BTE,Rajdhani Express,18.9
106.7,72.7,14.0,95,6,5,0.47,0,0,0.1,0.0,6.8,28.5,SEC_NDLS_MTJ,Rajdhani Express,39.9
88.0,17.5,12.0,42,3,1,0.3,0,0,0.0,0.0,2.6,14.7,SEC_GGC_SWM,Mail Express,9.7
56.5,123.9,29.6,165,23,5,0.18,3,0,0.0,0.0,7.8,6.4,SEC_RATL_BRC,Rajdhani Express,127.0
76.7,53.8,0.8,75,14,5,0.3,3,0,0.1,0.0,1.8,1.7,SEC_BTE_GGC,Rajdhani Express,41.9
105.9,76.2,2.4,170,2,0,0.32,1,0,0.0,0.0,6.2,6.7,SEC_KOTA_RATL,Rajdhani Express,38.6
99.9,37.9,13.3,95,8,4,0.54,0,0,0.6,0.0,1.3,18.7,SEC_NDLS_MTJ,Superfast Express,25.7
39.7,14.4,15.0,25,8,3,0.81,2,0,0.3,0.0,4.4,14.4,SEC_MTJ_BTE,Superfast Express,25.5
0.0,95.2,11.1,165,20,3,0.49,3,0,0.0,9.7,2.5,3.7,SEC_RATL_BRC,Mail Express,83.8
100.5,141.2,9.6,165,0,3,0.11,0,0,0.0,0.0,2.7,13.6,SEC_RATL_BRC,Express,84.3
61.9,16.5,10.9,25,20,5,0.72,0,0,0.3,0.0,7.2,15.8,SEC_MTJ_BTE,Rajdhani Express,18.0
38.9,15.4,4.5,25,22,6,0.39,3,1,0.0,0.0,4.0,4.4,SEC_MTJ_BTE,Rajdhani Express,31.2
25.9,13.1,2.6,25,16,0,0.13,1,1,0.0,0.0,1.9,34.3,SEC_MTJ_BTE,Express,34.6
54.4,46.0,0.3,65,19,0,0.79,1,0,0.0,0.0,1.8,44.3,SEC_SWM_KOTA,Express,54.8
42.1,70.5,12.2,65,12,3,0.35,4,0,0.9,0.0,1.3,56.0,SEC_SWM_KOTA,Mail Express,107.9
88.1,110.3,9.6,95,5,4,0.12,0,0,0.0,0.0,1.2,32.9,SEC_NDLS_MTJ,Mail Express,74.6
88.1,58.0,6.3,42,23,3,0.39,0,0,0.6,0.0,2.2,16.5,SEC_GGC_SWM,Superfast Express,41.6
102.7,41.1,5.8,65,9,5,0.53,1,0,0.0,0.0,2.0,9.4,SEC_SWM_KOTA,Superfast Express,24.0
41.5,146.9,3.5,170,17,6,0.76,1,0,0.0,0.0,6.2,10.2,SEC_KOTA_RATL,Rajdhani Express,211.4
117.4,69.3,14.6,75,1,0,0.3,1,0,0.1,6.3,7.9,0.9,SEC_BTE_GGC,Rajdhani Express,39.1
71.4,210.7,8.4,165,9,1,0.56,2,0,0.3,0.0,2.3,8.0,SEC_RATL_BRC,Rajdhani Express,184.5
102.2,149.4,0.0,170,13,5,0.38,0,0,0.1,0.0,4.5,25.9,SEC_KOTA_RATL,Superfast Express,84.9
107.7,22.8,15.2,75,5,1,0.27,0,0,0.0,0.0,1.2,3.9,SEC_BTE_GGC,Superfast Express,10.7
71.7,48.4,1.2,65,3,1,0.13,2,0,0.1,0.0,4.0,19.2,SEC_SWM_KOTA,Superfast Express,36.6
47.4,77.4,1.8,95,20,4,0.4,2,0,0.6,0.0,2.2,2.1,SEC_NDLS_MTJ,Mail Express,103.6
23.3,24.4,5.7,25,21,0,0.63,3,1,0.1,0.0,2.0,2.2,SEC_MTJ_BTE,Express,71.5
71.5,41.0,18.0,65,6,5,0.49,3,0,0.9,1.5,6.9,34.3,SEC_SWM_KOTA,Rajdhani Express,37.5
102.6,270.4,0.9,250,11,1,0.57,0,0,0.0,0.0,1.2,28.7,SEC_BRC_MMCT,Express,162.9
29.1,43.2,6.9,42,9,4,0.75,2,1,0.1,0.0,2.9,16.2,SEC_GGC_SWM,Rajdhani Express,99.3
42.7,29.6,3.9,25,10,3,0.49,0,1,0.9,0.0,3.2,7.2,SEC_MTJ_BTE,Superfast Express,53.9
99.5,26.7,21.2,250,19,5,0.43,0,0,0.9,0.0,1.9,61.4,SEC_BRC_MMCT,Express,13.2
35.6,17.3,10.1,65,18,4,0.66,0,1,0.6,0.0,3.7,12.3,SEC_SWM_KOTA,Superfast Express,33.0
95.3,117.2,1.1,170,13,1,0.14,0,0,0.0,0.0,1.5,15.4,SEC_KOTA_RATL,Express,76.7
101.1,13.0,4.9,95,7,6,0.25,0,0,0.1,0.0,1.4,7.0,SEC_NDLS_MTJ,Express,5.9
75.4,19.5,1.7,42,8,6,0.8,4,0,0.1,0.0,2.4,18.7,SEC_GGC_SWM,Mail Express,19.8
84.0,176.5,11.5,170,21,5,0.44,0,0,0.3,0.0,4.8,63.5,SEC_KOTA_RATL,Superfast Express,126.5
100.0,93.4,1.8,170,14,3,0.3,0,0,0.0,0.0,3.0,21.0,SEC_KOTA_RATL,Mail Express,53.9
89.5,45.3,1.2,170,15,4,0.17,0,0,0.1,0.0,2.8,39.6,SEC_KOTA_RATL,Express,31.9
0.0,13.8,14.1,25,20,4,0.51,1,1,0.0,2.0,5.0,2.9,SEC_MTJ_BTE,Superfast Express,22.3
85.6,22.2,4.2,25,4,4,0.19,0,0,0.6,0.0,1.8,50.5,SEC_MTJ_BTE,Express,21.3
103.2,37.9,24.2,42,23,5,0.45,1,0,0.9,0.0,1.3,10.3,SEC_GGC_SWM,Express,25.5
88.7,17.3,7.2,25,0,6,0.2,1,0,0.0,0.0,6.8,11.8,SEC_MTJ_BTE,Rajdhani Express,10.3
88.9,36.8,0.6,95,18,1,0.55,0,0,0.6,0.0,1.6,1.4,SEC_NDLS_MTJ,Mail Express,26.3
74.2,48.3,8.4,95,17,4,0.59,2,0,0.3,0.0,1.4,13.1,SEC_NDLS_MTJ,Express,41.5
43.1,107.5,3.3,250,11,3,0.51,0,1,0.3,0.0,2.5,47.6,SEC_BRC_MMCT,Superfast Express,154.8
66.6,19.2,0.1,42,4,3,0.31,2,0,0.0,0.0,2.8,11.8,SEC_GGC_SWM,Express,17.4
60.6,23.1,5.5,25,11,4,0.66,4,0,0.1,0.0,2.1,18.7,SEC_MTJ_BTE,Mail Express,29.5
101.0,31.5,2.7,95,19,5,0.6,0,0,0.0,0.0,4.6,3.1,SEC_NDLS_MTJ,Superfast Express,13.6
104.1,65.7,0.7,75,14,1,0.15,1,0,0.0,0.0,2.3,8.8,SEC_BTE_GGC,Superfast Express,34.5
43.4,91.1,21.1,75,23,5,0.38,2,0,0.0,0.0,3.1,3.2,SEC_BTE_GGC,Superfast Express,126.2
94.5,269.4,11.9,250,1,1,0.26,1,0,0.0,0.0,2.4,14.2,SEC_BRC_MMCT,Express,170.4
21.4,113.5,1.3,250,2,2,0.26,0,1,0.9,0.0,1.2,5.2,SEC_BRC_MMCT,Superfast Express,278.1
83.5,76.2,31.9,170,1,5,0.5,0,0,0.9,0.0,4.3,5.7,SEC_KOTA_RATL,Superfast Express,54.0
29.8,17.8,37.9,42,12,3,0.27,1,1,0.0,19.6,2.4,11.9,SEC_GGC_SWM,Express,57.7
107.6,244.2,10.8,250,1,5,0.1,0,0,0.3,0.0,5.2,5.2,SEC_BRC_MMCT,Rajdhani Express,131.1
30.4,101.8,20.8,170,22,4,0.24,2,1,0.0,0.0,5.0,1.7,SEC_KOTA_RATL,Rajdhani Express,205.1
33.9,88.1,0.6,65,18,4,0.73,1,1,0.3,0.0,2.5,6.2,SEC_SWM_KOTA,Express,170.2
41.0,45.9,15.0,75,20,3,0.51,2,0,0.1,0.0,1.9,22.4,SEC_BTE_GGC,Mail Express,73.3
103.3,216.6,18.7,170,16,2,0.19,1,0,0.1,0.0,5.0,21.0,SEC_KOTA_RATL,Rajdhani Express,122.7
97.4,76.1,60.8,165,16,3,0.23,1,0,0.0,9.5,2.4,34.0,SEC_RATL_BRC,Superfast Express,55.9
82.2,229.5,12.8,170,15,6,0.13,0,0,0.1,0.0,2.6,11.2,SEC_KOTA_RATL,Express,168.0
95.6,295.6,1.7,250,16,1,0.17,1,0,0.1,0.0,1.9,7.8,SEC_BRC_MMCT,Rajdhani Express,186.2
108.5,200.7,5.3,250,7,0,0.29,1,0,0.0,0.0,3.8,4.2,SEC_BRC_MMCT,Superfast Express,109.4
103.0,77.8,5.2,65,4,1,0.45,1,0,0.0,0.0,1.5,2.8,SEC_SWM_KOTA,Superfast Express,44.7
96.1,58.3,20.5,75,19,5,0.56,1,0,0.0,0.0,1.2,10.5,SEC_BTE_GGC,Express,39.7
88.2,9.6,5.0,25,13,6,0.18,1,0,0.0,0.0,2.3,14.5,SEC_MTJ_BTE,Superfast Express,6.3
98.7,192.6,0.2,170,15,5,0.23,0,0,0.0,0.0,6.8,37.2,SEC_KOTA_RATL,Rajdhani Express,112.0
36.9,365.3,5.0,250,6,4,0.38,0,1,0.1,0.0,2.0,8.6,SEC_BRC_MMCT,Mail Express,601.6
100.9,4.0,18.3,75,0,1,0.27,0,0,0.0,0.0,2.4,53.1,SEC_BTE_GGC,Mail Express,3.0
91.2,70.4,29.5,95,18,4,0.56,0,0,0.1,0.0,4.6,5.2,SEC_NDLS_MTJ,Superfast Express,42.4
37.4,19.8,3.9,75,20,4,0.79,3,1,0.9,0.0,3.1,5.9,SEC_BTE_GGC,Superfast Express,37.3
68.9,34.0,0.5,95,1,1,0.13,2,0,0.0,0.0,3.4,24.8,SEC_NDLS_MTJ,Superfast Express,25.3
108.8,57.8,11.7,65,16,3,0.29,1,0,0.1,11.2,5.0,34.1,SEC_SWM_KOTA,Superfast Express,42.2
65.9,9.1,3.1,95,2,1,0.26,3,0,0.0,0.0,2.9,17.0,SEC_NDLS_MTJ,Express,6.6
72.5,245.7,9.7,250,15,1,0.16,2,0,0.0,0.0,1.1,2.6,SEC_BRC_MMCT,Mail Express,202.3
66.8,10.7,21.7,42,19,1,0.75,0,0,0.6,0.0,1.4,78.2,SEC_GGC_SWM,Mail Express,11.7
93.9,41.0,1.2,75,5,5,0.38,0,0,0.0,0.0,1.7,10.2,SEC_BTE_GGC,Express,26.9
52.5,142.1,0.8,170,19,4,0.72,1,0,0.0,0.0,1.2,20.5,SEC_KOTA_RATL,Mail Express,167.2
28.0,13.7,16.3,25,12,3,0.15,0,1,0.0,0.0,4.1,11.3,SEC_MTJ_BTE,Superfast Express,32.9
104.9,75.8,7.2,75,0,1,0.46,0,0,0.0,0.0,7.7,4.6,SEC_BTE_GGC,Rajdhani Express,42.1
47.2,56.3,30.6,165,19,0,0.71,2,0,0.0,0.0,4.3,8.6,SEC_RATL_BRC,Superfast Express,66.5
39.3,98.3,5.9,75,19,4,0.65,1,1,0.9,0.0,1.4,17.5,SEC_BTE_GGC,Mail Express,169.6
0.0,86.6,14.7,95,2,3,0.38,0,0,0.0,3.3,7.2,9.5,SEC_NDLS_MTJ,Rajdhani Express,66.1
63.0,32.3,18.5,75,21,5,0.56,2,0,0.6,0.0,7.1,0.7,SEC_BTE_GGC,Rajdhani Express,31.3
89.6,212.0,0.3,165,11,6,0.44,0,0,0.0,0.0,1.3,5.8,SEC_RATL_BRC,Mail Express,144.9
92.7,95.6,1.3,95,7,6,0.34,0,0,0.0,0.0,1.0,3.7,SEC_NDLS_MTJ,Mail Express,66.3
101.5,232.6,2.7,250,11,4,0.54,0,0,0.0,0.0,1.1,29.3,SEC_BRC_MMCT,Mail Express,137.6
62.6,13.8,11.0,25,4,2,0.12,2,0,0.0,0.0,2.5,37.9,SEC_MTJ_BTE,Mail Express,15.8
38.7,88.0,4.3,250,2,2,0.34,0,1,0.0,0.0,4.1,8.0,SEC_BRC_MMCT,Superfast Express,141.5
102.9,62.3,10.4,165,6,0,0.13,1,0,0.0,0.0,1.8,15.0,SEC_RATL_BRC,Express,34.9
26.0,7.2,14.1,95,16,0,0.18,3,1,0.0,0.0,5.6,9.2,SEC_NDLS_MTJ,Rajdhani Express,15.4
49.5,200.8,9.5,165,22,6,0.23,1,1,0.0,0.0,1.3,5.0,SEC_RATL_BRC,Superfast Express,252.2
25.0,34.8,1.5,170,11,0,0.51,0,1,0.0,0.0,2.0,17.5,SEC_KOTA_RATL,Mail Express,90.0
22.9,50.1,4.9,75,20,4,0.6,2,1,0.0,0.0,2.2,4.3,SEC_BTE_GGC,Mail Express,129.4
86.3,96.5,0.6,65,17,3,0.74,0,0,0.0,0.0,1.1,2.4,SEC_SWM_KOTA,Express,71.0
98.0,93.2,1.7,170,21,3,0.51,0,0,0.1,0.0,1.4,18.5,SEC_KOTA_RATL,Express,58.3
43.3,35.5,1.3,42,17,6,0.75,1,1,0.1,0.0,2.7,5.0,SEC_GGC_SWM,Mail Express,56.9
120.6,169.2,12.3,250,11,4,0.46,0,0,0.0,0.0,4.9,4.1,SEC_BRC_MMCT,Superfast Express,79.6
40.5,154.3,11.7,250,9,4,0.56,0,1,0.0,0.0,1.6,0.2,SEC_BRC_MMCT,Express,236.9
65.8,71.2,14.4,170,23,1,0.48,2,0,0.0,0.0,1.8,26.1,SEC_KOTA_RATL,Mail Express,64.1
99.5,27.6,13.5,25,14,6,0.48,1,0,0.3,1.4,2.9,6.0,SEC_MTJ_BTE,Superfast Express,23.0
112.5,89.4,2.0,75,6,4,0.41,0,0,0.0,0.0,7.0,33.6,SEC_BTE_GGC,Rajdhani Express,45.8
48.4,196.7,0.7,165,17,4,0.76,1,0,0.0,0.0,2.7,5.2,SEC_RATL_BRC,Express,251.3
90.1,58.3,3.6,95,12,5,0.25,0,0,0.3,0.0,1.0,22.8,SEC_NDLS_MTJ,Superfast Express,38.0
97.5,40.4,7.5,95,4,3,0.3,0,0,0.0,0.0,2.5,15.8,SEC_NDLS_MTJ,Rajdhani Express,22.2
112.7,51.0,16.5,165,2,2,0.4,0,0,0.6,0.0,5.0,7.3,SEC_RATL_BRC,Rajdhani Express,22.5
67.4,7.2,2.9,42,2,4,0.34,3,0,0.0,0.0,1.6,68.6,SEC_GGC_SWM,Express,5.5
31.1,95.0,7.0,95,12,4,0.1,0,1,0.0,0.0,2.7,5.5,SEC_NDLS_MTJ,Mail Express,184.0
0.0,36.9,14.3,65,5,5,0.24,1,0,0.6,6.9,6.9,14.6,SEC_SWM_KOTA,Rajdhani Express,32.2
95.7,67.6,7.5,250,0,1,0.27,0,0,0.0,0.0,2.0,14.7,SEC_BRC_MMCT,Mail Express,40.0
108.2,78.1,0.3,65,1,6,0.23,0,0,0.0,0.0,1.3,0.1,SEC_SWM_KOTA,Superfast Express,44.8
86.7,21.2,2.0,42,21,0,0.65,1,0,0.3,0.0,3.7,1.4,SEC_GGC_SWM,Superfast Express,14.6
67.2,200.2,4.7,170,20,0,0.83,1,0,0.1,0.0,3.1,2.1,SEC_KOTA_RATL,Superfast Express,181.7
55.3,49.9,17.1,75,8,6,0.48,2,0,0.0,6.9,5.2,3.4,SEC_BTE_GGC,Rajdhani Express,58.6
68.6,191.9,0.7,165,21,3,0.59,2,0,0.0,0.0,1.1,13.6,SEC_RATL_BRC,Express,175.0
38.1,115.5,1.8,165,16,0,0.27,1,1,0.0,0.0,2.0,3.0,SEC_RATL_BRC,Superfast Express,189.7
68.8,14.7,1.1,25,17,2,0.81,3,0,0.0,0.0,7.8,63.5,SEC_MTJ_BTE,Rajdhani Express,17.4
92.4,98.8,26.8,170,8,1,0.56,0,0,0.1,0.0,1.0,13.4,SEC_KOTA_RATL,Express,67.5
100.0,32.3,9.2,42,12,4,0.47,1,0,0.0,0.0,1.2,2.1,SEC_GGC_SWM,Mail Express,20.2
98.9,97.0,12.2,95,5,3,0.37,0,0,0.0,0.0,2.3,10.3,SEC_NDLS_MTJ,Express,58.8
89.6,18.5,15.8,25,16,2,0.19,1,0,0.0,0.0,4.4,17.2,SEC_MTJ_BTE,Rajdhani Express,14.2
96.3,150.1,8.3,170,16,2,0.38,0,0,0.0,0.0,3.5,10.4,SEC_KOTA_RATL,Rajdhani Express,92.2
98.4,75.3,3.9,65,12,4,0.27,1,0,0.3,0.0,1.1,40.1,SEC_SWM_KOTA,Mail Express,50.5
0.0,251.5,24.6,250,10,6,0.53,2,1,0.0,1.5,1.3,5.3,SEC_BRC_MMCT,Superfast Express,194.0
98.6,231.3,1.9,250,18,6,0.42,1,0,0.0,0.0,1.6,51.0,SEC_BRC_MMCT,Mail Express,146.1
23.8,54.1,0.3,95,3,2,0.21,2,1,0.0,0.0,1.5,7.7,SEC_NDLS_MTJ,Mail Express,140.5
85.7,4.0,9.4,25,20,6,0.77,1,0,0.6,0.0,1.8,4.9,SEC_MTJ_BTE,Mail Express,5.8
77.3,26.2,2.4,42,10,3,0.84,2,0,0.0,0.0,2.7,10.9,SEC_GGC_SWM,Superfast Express,23.9
87.1,61.7,11.2,170,22,6,0.44,0,0,0.0,0.0,2.6,62.7,SEC_KOTA_RATL,Rajdhani Express,41.9
22.2,104.0,7.3,65,9,0,0.62,1,1,0.0,0.0,4.1,47.1,SEC_SWM_KOTA,Superfast Express,256.9
94.0,62.9,14.8,165,2,4,0.22,1,0,0.0,0.0,2.2,7.1,SEC_RATL_BRC,Express,38.5
23.7,72.1,1.0,75,10,2,0.76,1,1,0.0,0.0,2.7,74.4,SEC_BTE_GGC,Mail Express,180.5
47.7,4.0,7.7,42,5,5,0.3,2,0,0.3,0.0,1.6,19.1,SEC_GGC_SWM,Express,7.5
38.3,10.7,13.5,42,23,1,0.21,1,1,0.6,0.0,1.9,12.3,SEC_GGC_SWM,Mail Express,22.9
56.9,25.0,27.2,42,8,1,0.81,0,0,0.0,0.0,2.1,13.3,SEC_GGC_SWM,Superfast Express,27.3
70.6,37.8,46.7,42,7,6,0.24,2,0,0.0,0.0,4.8,42.3,SEC_GGC_SWM,Superfast Express,29.5
57.7,198.7,17.1,170,3,0,0.12,3,0,0.0,0.0,3.8,4.9,SEC_KOTA_RATL,Superfast Express,200.8
45.4,11.1,3.0,25,19,0,0.38,1,1,0.0,0.0,2.3,21.5,SEC_MTJ_BTE,Mail Express,20.1
64.5,94.5,0.9,95,11,4,0.45,2,0,0.3,0.0,1.4,10.5,SEC_NDLS_MTJ,Mail Express,91.7
60.1,106.3,10.7,170,18,6,0.78,3,0,0.1,0.0,1.0,10.3,SEC_KOTA_RATL,Mail Express,110.6
53.7,63.6,17.0,65,5,6,0.19,3,0,0.0,4.0,2.3,18.9,SEC_SWM_KOTA,Mail Express,74.8
74.1,39.1,29.6,65,7,6,0.43,2,0,0.1,0.0,3.0,23.8,SEC_SWM_KOTA,Mail Express,30.4
92.2,29.1,3.3,75,16,6,0.48,0,0,0.3,0.0,6.0,9.9,SEC_BTE_GGC,Rajdhani Express,19.5
42.9,53.5,20.2,165,17,0,0.48,3,0,0.0,0.0,2.6,2.3,SEC_RATL_BRC,Mail Express,75.2
82.4,136.4,3.0,170,21,6,0.62,1,0,0.1,0.0,1.9,8.4,SEC_KOTA_RATL,Mail Express,101.4
90.5,29.8,14.0,75,3,5,0.18,1,0,0.0,0.0,1.1,3.3,SEC_BTE_GGC,Mail Express,17.4
100.3,347.8,7.1,250,22,0,0.48,0,0,0.0,0.0,1.5,17.6,SEC_BRC_MMCT,Express,210.6
107.1,102.8,34.3,95,12,4,0.21,0,0,0.0,0.0,5.0,30.5,SEC_NDLS_MTJ,Superfast Express,52.0
91.9,6.6,6.4,25,11,4,0.36,1,0,0.0,0.0,2.7,5.8,SEC_MTJ_BTE,Express,8.5
97.9,96.0,0.3,65,17,2,0.65,1,0,0.0,0.0,1.3,4.2,SEC_SWM_KOTA,Superfast Express,65.0
99.0,23.4,1.7,42,15,4,0.42,0,0,0.0,0.0,1.4,9.5,SEC_GGC_SWM,Express,13.3
32.0,223.2,19.5,170,5,3,0.27,1,1,0.0,0.0,1.0,15.4,SEC_KOTA_RATL,Express,426.4
105.2,182.0,12.6,165,13,5,0.35,0,0,0.0,0.0,1.8,20.1,SEC_RATL_BRC,Superfast Express,104.5
50.1,232.4,4.0,170,12,2,0.49,1,1,0.0,0.0,2.5,55.0,SEC_KOTA_RATL,Express,289.4
108.1,325.8,3.1,250,18,1,0.69,0,0,0.0,0.0,2.8,3.6,SEC_BRC_MMCT,Superfast Express,183.4
85.8,23.7,1.3,42,23,2,0.15,0,0,0.1,0.0,6.9,1.0,SEC_GGC_SWM,Rajdhani Express,18.3
104.2,33.5,1.7,42,12,1,0.1,0,0,0.0,0.0,2.7,21.3,SEC_GGC_SWM,Mail Express,15.4
97.8,43.7,19.8,75,15,6,0.45,1,0,0.0,6.3,4.2,14.1,SEC_BTE_GGC,Superfast Express,32.9
96.1,98.7,8.3,95,13,3,0.45,0,0,0.3,0.0,2.8,1.5,SEC_NDLS_MTJ,Superfast Express,63.0
97.1,62.6,22.6,75,15,2,0.38,0,0,0.0,0.0,1.4,3.1,SEC_BTE_GGC,Express,34.9
32.5,73.8,3.7,65,12,0,0.32,0,1,0.0,0.0,7.5,31.4,SEC_SWM_KOTA,Rajdhani Express,136.5
114.2,101.5,11.9,75,6,6,0.49,1,0,0.0,9.5,2.5,4.8,SEC_BTE_GGC,Rajdhani Express,67.2
52.4,41.8,1.7,65,20,0,0.81,1,0,0.0,0.0,2.6,4.8,SEC_SWM_KOTA,Mail Express,49.4
43.6,289.1,23.6,250,8,2,0.6,2,0,0.1,0.0,2.6,12.1,SEC_BRC_MMCT,Express,403.4
55.0,134.1,6.1,170,11,0,0.43,2,0,0.0,0.0,2.9,35.0,SEC_KOTA_RATL,Express,146.7
100.0,169.4,6.4,165,11,6,0.47,1,0,0.1,0.0,5.1,5.4,SEC_RATL_BRC,Rajdhani Express,101.0
72.6,53.4,0.5,42,9,2,0.82,0,0,0.0,0.0,4.5,12.2,SEC_GGC_SWM,Superfast Express,43.0
92.6,193.1,18.2,170,23,3,0.41,1,0,0.0,1.0,1.4,20.5,SEC_KOTA_RATL,Mail Express,129.4
85.0,20.3,10.9,25,19,2,0.63,0,0,0.0,0.0,1.1,26.7,SEC_MTJ_BTE,Mail Express,16.8
120.7,186.1,10.6,250,5,5,0.39,0,0,0.0,0.0,4.7,6.4,SEC_BRC_MMCT,Superfast Express,88.8
32.1,102.3,6.5,170,20,4,0.59,1,1,0.1,0.0,1.8,37.9,SEC_KOTA_RATL,Mail Express,198.4
85.5,224.1,5.8,165,2,1,0.42,0,0,0.0,0.0,4.5,5.4,SEC_RATL_BRC,Rajdhani Express,155.1
39.7,198.9,10.2,170,10,2,0.69,0,1,0.1,0.0,3.6,21.8,SEC_KOTA_RATL,Superfast Express,305.0
44.2,63.8,5.7,65,19,5,0.56,0,1,0.1,0.0,1.6,4.4,SEC_SWM_KOTA,Express,91.7
96.9,92.9,10.4,165,14,6,0.35,0,0,0.0,0.0,2.9,20.1,SEC_RATL_BRC,Express,53.7
67.4,208.2,3.6,170,13,1,0.1,2,0,0.3,0.0,1.1,26.6,SEC_KOTA_RATL,Mail Express,186.8
0.0,70.3,17.4,75,4,5,0.15,2,1,0.9,10.3,7.0,0.7,SEC_BTE_GGC,Rajdhani Express,69.9
89.6,50.4,15.0,42,23,5,0.43,1,0,0.3,0.0,2.4,25.5,SEC_GGC_SWM,Express,41.1
32.4,14.6,11.0,25,5,3,0.28,0,1,0.0,0.0,1.7,8.3,SEC_MTJ_BTE,Superfast Express,34.9
36.8,19.2,4.5,25,2,3,0.11,1,1,0.9,0.0,5.0,1.4,SEC_MTJ_BTE,Rajdhani Express,39.2
105.5,113.7,18.5,95,12,4,0.35,1,0,0.0,11.3,7.3,28.5,SEC_NDLS_MTJ,Rajdhani Express,72.8
101.3,13.3,3.0,25,8,4,0.55,1,0,0.0,0.0,3.5,0.7,SEC_MTJ_BTE,Rajdhani Express,9.5
100.5,42.4,14.9,75,20,3,0.67,0,0,0.3,0.0,6.1,19.9,SEC_BTE_GGC,Rajdhani Express,24.6
119.6,49.3,0.2,65,7,5,0.34,0,0,0.0,0.0,4.8,19.2,SEC_SWM_KOTA,Superfast Express,23.4
93.7,29.1,1.4,65,20,1,0.59,0,0,0.1,0.0,2.5,0.9,SEC_SWM_KOTA,Mail Express,16.0
94.6,32.3,0.5,75,0,0,0.32,0,0,0.0,0.0,3.8,25.7,SEC_BTE_GGC,Superfast Express,17.8
91.7,70.6,5.8,170,15,3,0.47,1,0,0.0,0.0,2.8,6.4,SEC_KOTA_RATL,Express,47.1
45.4,46.3,1.9,65,4,5,0.45,2,0,0.3,0.0,1.6,10.2,SEC_SWM_KOTA,Mail Express,65.9
90.9,46.0,4.9,75,20,5,0.6,1,0,0.1,0.0,1.7,16.1,SEC_BTE_GGC,Mail Express,31.7
86.6,124.5,0.4,165,11,3,0.55,1,0,0.9,0.0,2.1,20.9,SEC_RATL_BRC,Express,90.9
87.9,42.2,30.6,42,14,2,0.41,0,0,0.6,0.0,8.0,22.4,SEC_GGC_SWM,Rajdhani Express,31.8
49.9,149.1,20.0,170,8,1,0.61,4,0,0.0,0.0,3.0,43.6,SEC_KOTA_RATL,Mail Express,185.2
124.8,51.8,0.3,65,0,4,0.37,0,0,0.3,0.0,7.5,18.2,SEC_SWM_KOTA,Rajdhani Express,27.8
90.0,12.0,10.3,75,9,3,0.4,0,0,0.0,3.1,2.2,12.6,SEC_BTE_GGC,Express,10.8
84.3,31.1,63.8,95,15,2,0.23,1,0,0.1,0.0,2.6,55.3,SEC_NDLS_MTJ,Mail Express,18.4
71.7,20.6,0.5,95,9,4,0.56,2,0,0.0,0.0,2.1,0.7,SEC_NDLS_MTJ,Mail Express,18.5
50.6,37.5,20.9,42,17,2,0.8,0,0,0.0,0.0,4.6,69.9,SEC_GGC_SWM,Rajdhani Express,46.5
93.3,17.9,26.2,42,17,3,0.65,1,0,0.0,0.0,1.3,11.4,SEC_GGC_SWM,Mail Express,11.4
0.0,159.7,10.7,165,5,5,0.27,1,0,0.3,0.5,3.2,3.6,SEC_RATL_BRC,Superfast Express,126.9
96.8,75.9,9.6,165,7,2,0.23,0,0,0.1,0.0,1.9,19.7,SEC_RATL_BRC,Mail Express,44.9
21.8,16.6,17.4,25,20,1,0.75,1,1,0.1,0.0,1.0,17.5,SEC_MTJ_BTE,Mail Express,49.4
47.0,27.2,17.7,65,20,5,0.72,2,1,0.3,32.2,2.3,12.4,SEC_SWM_KOTA,Express,72.3
88.6,41.5,8.0,65,6,6,0.17,3,0,0.1,0.0,2.6,50.9,SEC_SWM_KOTA,Mail Express,25.8
90.7,25.8,24.4,25,4,2,0.2,1,0,0.9,0.0,1.5,3.2,SEC_MTJ_BTE,Superfast Express,24.0
59.0,31.9,3.4,25,19,3,0.81,3,0,0.0,0.0,1.5,9.2,SEC_MTJ_BTE,Mail Express,48.9
112.9,58.2,6.7,65,6,2,0.41,0,0,0.1,0.0,2.6,59.2,SEC_SWM_KOTA,Mail Express,29.9
49.0,48.0,13.0,95,1,4,0.33,2,0,0.6,0.0,2.2,1.5,SEC_NDLS_MTJ,Superfast Express,63.0
43.8,114.7,7.0,95,3,2,0.49,3,0,0.0,0.0,3.9,15.1,SEC_NDLS_MTJ,Superfast Express,160.2
105.1,83.7,7.1,65,22,3,0.46,0,0,0.0,0.0,1.8,5.0,SEC_SWM_KOTA,Superfast Express,48.6
101.3,134.9,1.4,95,2,1,0.37,1,0,0.1,0.0,2.2,29.5,SEC_NDLS_MTJ,Superfast Express,82.1
89.2,62.7,4.7,95,6,2,0.46,1,0,0.0,0.0,2.8,10.1,SEC_NDLS_MTJ,Mail Express,37.1
0.0,227.0,20.2,165,15,2,0.34,1,0,0.1,20.0,1.2,7.1,SEC_RATL_BRC,Express,200.1
79.4,169.4,26.3,250,10,0,0.57,2,0,0.9,0.0,6.7,27.2,SEC_BRC_MMCT,Rajdhani Express,130.0
96.1,74.3,5.7,75,8,6,0.56,0,0,0.0,0.0,3.1,2.6,SEC_BTE_GGC,Rajdhani Express,44.2
95.2,104.5,9.6,165,17,3,0.58,1,0,0.6,0.0,3.8,2.0,SEC_RATL_BRC,Rajdhani Express,70.0
23.4,114.9,12.1,75,8,6,0.46,0,1,0.0,0.0,3.6,6.2,SEC_BTE_GGC,Superfast Express,281.6
103.4,27.6,2.4,165,3,6,0.25,0,0,0.6,0.0,2.6,16.1,SEC_RATL_BRC,Rajdhani Express,13.8
37.4,41.1,6.9,42,14,1,0.13,0,1,0.3,0.0,2.0,9.8,SEC_GGC_SWM,Mail Express,71.2
111.0,57.8,8.0,95,14,5,0.48,0,0,0.1,0.0,2.4,22.0,SEC_NDLS_MTJ,Superfast Express,29.2
86.8,9.5,12.6,25,15,3,0.27,0,0,0.3,0.0,1.7,25.5,SEC_MTJ_BTE,Superfast Express,7.7
104.0,65.6,13.9,65,5,5,0.13,1,0,0.3,0.6,1.2,21.6,SEC_SWM_KOTA,Express,41.5
110.9,51.6,21.5,95,8,3,0.7,1,0,0.3,0.0,5.0,5.3,SEC_NDLS_MTJ,Rajdhani Express,30.2
45.4,54.5,5.5,65,11,0,0.76,1,0,0.0,0.0,1.5,1.8,SEC_SWM_KOTA,Superfast Express,76.0
95.6,18.6,0.3,42,7,5,0.42,1,0,0.0,0.0,7.8,15.7,SEC_GGC_SWM,Rajdhani Express,15.3
93.2,60.8,1.7,165,0,1,0.39,0,0,0.0,0.0,2.3,12.9,SEC_RATL_BRC,Express,41.2
49.9,81.0,16.9,65,12,6,0.41,4,0,0.3,0.0,3.6,7.5,SEC_SWM_KOTA,Rajdhani Express,106.9
0.0,50.5,45.2,42,1,4,0.14,3,0,0.6,6.9,3.3,13.2,SEC_GGC_SWM,Rajdhani Express,50.8
115.8,319.5,13.5,250,11,6,0.62,0,0,0.0,0.0,1.2,4.3,SEC_BRC_MMCT,Superfast Express,164.3
29.4,4.1,5.5,25,5,3,0.48,0,1,0.0,0.0,2.6,33.2,SEC_MTJ_BTE,Superfast Express,6.0
86.4,29.3,0.7,25,20,0,0.47,1,0,0.0,0.0,2.8,13.0,SEC_MTJ_BTE,Express,23.9
96.1,114.7,6.1,95,20,1,0.36,0,0,0.1,0.0,2.0,0.3,SEC_NDLS_MTJ,Express,72.4
82.4,12.4,9.5,25,15,1,0.28,0,0,0.6,0.0,4.9,20.8,SEC_MTJ_BTE,Superfast Express,9.6
67.4,32.3,13.4,170,14,5,0.21,3,0,0.9,0.0,1.7,49.9,SEC_KOTA_RATL,Express,28.4
60.1,19.5,1.7,42,22,3,0.34,2,0,0.0,0.0,5.8,7.5,SEC_GGC_SWM,Rajdhani Express,20.9
99.7,149.8,16.2,170,8,0,0.69,0,0,0.1,0.0,4.9,45.7,SEC_KOTA_RATL,Superfast Express,87.4
97.3,38.5,3.6,250,17,2,0.66,1,0,0.0,0.0,3.0,27.0,SEC_BRC_MMCT,Mail Express,23.6
115.6,246.0,8.6,250,18,1,0.58,0,0,0.0,0.0,3.9,15.9,SEC_BRC_MMCT,Superfast Express,125.5
91.1,151.6,2.0,170,23,3,0.39,0,0,0.6,0.0,1.9,28.7,SEC_KOTA_RATL,Express,102.7
90.5,96.2,4.6,65,2,4,0.4,1,0,0.1,0.0,2.8,25.6,SEC_SWM_KOTA,Superfast Express,67.9
98.3,33.6,8.7,75,9,6,0.36,0,0,0.0,0.0,1.6,5.8,SEC_BTE_GGC,Mail Express,22.0
58.8,8.6,2.1,65,14,0,0.14,2,0,0.1,0.0,3.0,10.3,SEC_SWM_KOTA,Express,8.0
107.8,169.3,12.1,165,0,4,0.43,1,0,0.0,0.0,3.3,55.9,SEC_RATL_BRC,Superfast Express,91.9
104.9,108.6,3.5,170,10,5,0.6,0,0,0.0,0.0,4.8,4.1,SEC_KOTA_RATL,Superfast Express,63.3
54.8,20.1,1.2,25,6,4,0.43,4,0,0.0,0.0,1.6,1.9,SEC_MTJ_BTE,Mail Express,30.3
106.1,32.0,11.0,250,19,2,0.38,1,0,0.3,2.8,2.8,62.3,SEC_BRC_MMCT,Superfast Express,22.4
75.7,159.9,6.6,170,20,2,0.79,0,0,0.9,0.0,1.8,10.1,SEC_KOTA_RATL,Mail Express,131.2
92.9,8.6,1.4,25,16,5,0.43,0,0,0.6,0.0,4.3,21.6,SEC_MTJ_BTE,Rajdhani Express,7.8
88.7,15.9,3.7,25,4,1,0.39,1,0,0.1,0.0,2.4,4.3,SEC_MTJ_BTE,Rajdhani Express,12.5
97.6,29.1,9.8,95,3,3,0.14,0,0,0.0,0.0,4.3,6.4,SEC_NDLS_MTJ,Superfast Express,15.5
27.8,42.8,10.8,42,1,4,0.19,1,1,0.0,24.4,5.6,14.2,SEC_GGC_SWM,Rajdhani Express,114.1
74.7,114.5,11.1,165,16,4,0.41,3,0,0.1,0.0,3.0,0.1,SEC_RATL_BRC,Mail Express,95.4
111.3,67.1,3.6,65,11,1,0.36,1,0,0.0,0.0,7.0,35.0,SEC_SWM_KOTA,Rajdhani Express,29.1
102.0,24.0,9.3,25,6,5,0.21,0,0,0.0,0.0,7.5,23.0,SEC_MTJ_BTE,Rajdhani Express,12.5
116.4,302.3,6.2,250,14,6,0.21,0,0,0.0,0.0,4.5,5.2,SEC_BRC_MMCT,Rajdhani Express,154.4
103.0,115.0,22.7,95,17,5,0.42,1,0,0.0,0.0,2.2,28.2,SEC_NDLS_MTJ,Express,69.9
28.7,207.1,17.9,165,22,0,0.25,1,1,0.1,42.8,2.6,32.8,SEC_RATL_BRC,Express,480.4
43.3,75.8,2.1,65,23,0,0.32,1,1,0.0,0.0,2.0,14.9,SEC_SWM_KOTA,Rajdhani Express,110.6
119.9,28.5,9.0,65,6,4,0.14,1,0,0.0,0.0,5.9,19.6,SEC_SWM_KOTA,Rajdhani Express,11.1
98.1,10.5,9.9,25,23,1,0.5,1,0,0.0,0.0,6.4,2.0,SEC_MTJ_BTE,Rajdhani Express,7.8
30.2,33.5,2.2,165,6,4,0.37,0,1,0.1,0.0,4.2,6.5,SEC_RATL_BRC,Superfast Express,69.2
73.9,31.4,18.3,42,17,5,0.52,2,0,0.1,0.0,1.3,5.4,SEC_GGC_SWM,Superfast Express,27.8
112.9,207.9,1.1,165,20,4,0.68,1,0,0.0,0.0,6.6,1.9,SEC_RATL_BRC,Rajdhani Express,111.5
94.5,73.9,6.1,170,22,5,0.35,0,0,0.1,0.0,2.3,6.4,SEC_KOTA_RATL,Mail Express,44.9
98.3,223.6,6.2,165,5,6,0.12,0,0,0.6,0.0,6.9,0.9,SEC_RATL_BRC,Rajdhani Express,135.9
39.3,54.7,2.3,75,16,2,0.39,2,0,0.0,0.0,1.1,7.7,SEC_BTE_GGC,Mail Express,84.9
46.6,79.2,5.8,75,11,2,0.78,2,0,0.0,0.0,2.5,1.5,SEC_BTE_GGC,Mail Express,108.6
91.4,226.8,10.6,170,13,6,0.16,0,0,0.0,0.0,1.3,4.9,SEC_KOTA_RATL,Express,147.7
98.8,34.4,11.1,165,19,1,0.42,0,0,0.0,0.0,2.6,12.8,SEC_RATL_BRC,Express,20.3
54.8,40.6,1.2,42,17,5,0.55,3,0,0.0,0.0,1.7,35.4,SEC_GGC_SWM,Mail Express,47.2
31.6,21.5,1.2,65,14,3,0.35,0,1,0.0,0.0,2.3,7.4,SEC_SWM_KOTA,Express,47.6
123.0,100.0,6.9,165,23,0,0.4,1,0,0.1,0.0,1.6,6.7,SEC_RATL_BRC,Rajdhani Express,51.5
109.4,31.4,2.3,65,16,1,0.11,0,0,0.0,0.0,6.3,2.5,SEC_SWM_KOTA,Rajdhani Express,18.4
129.0,19.9,6.2,65,9,1,0.41,0,0,0.3,0.0,5.5,18.6,SEC_SWM_KOTA,Rajdhani Express,11.5
95.1,45.3,2.3,42,0,6,0.24,0,0,0.1,0.0,1.3,3.2,SEC_GGC_SWM,Express,29.4
120.3,70.1,2.0,65,3,0,0.2,0,0,0.3,0.0,2.6,55.7,SEC_SWM_KOTA,Superfast Express,37.5
112.3,158.2,12.5,250,4,1,0.3,1,0,0.0,0.0,2.9,14.6,SEC_BRC_MMCT,Express,82.0
53.9,65.5,4.3,65,18,1,0.74,2,0,0.1,0.0,1.3,2.9,SEC_SWM_KOTA,Express,82.4
88.4,43.4,3.5,42,9,0,0.38,1,0,0.0,0.0,2.5,14.2,SEC_GGC_SWM,Express,27.5
116.0,176.7,2.4,165,23,0,0.22,1,0,0.0,0.0,3.3,5.8,SEC_RATL_BRC,Superfast Express,89.7
85.4,15.4,4.5,170,5,3,0.1,1,0,0.0,0.0,1.1,2.2,SEC_KOTA_RATL,Mail Express,8.5
72.2,23.3,4.2,25,1,5,0.25,2,0,0.0,0.0,2.0,51.3,SEC_MTJ_BTE,Express,19.5
109.0,149.0,2.3,165,1,6,0.46,0,0,0.0,0.0,1.2,2.2,SEC_RATL_BRC,Rajdhani Express,82.7
94.1,184.1,12.8,170,13,3,0.15,0,0,0.0,0.0,1.3,1.1,SEC_KOTA_RATL,Express,116.9
91.2,25.3,23.7,25,23,5,0.2,0,0,0.0,0.0,2.7,29.9,SEC_MTJ_BTE,Superfast Express,16.2
29.2,122.8,27.7,95,1,2,0.29,1,1,0.0,0.0,2.3,8.3,SEC_NDLS_MTJ,Mail Express,258.2
42.2,117.8,7.8,95,17,4,0.4,0,1,0.6,0.0,1.8,2.4,SEC_NDLS_MTJ,Express,182.4
96.0,33.3,24.9,75,16,5,0.36,1,0,0.0,0.0,1.8,25.8,SEC_BTE_GGC,Express,23.3
51.5,15.4,3.6,42,1,5,0.46,2,0,0.0,0.0,3.2,8.7,SEC_GGC_SWM,Superfast Express,15.6
42.1,116.5,0.1,165,19,4,0.35,2,0,0.1,0.0,1.0,14.2,SEC_RATL_BRC,Mail Express,170.3
73.7,26.0,20.3,25,13,2,0.13,2,0,0.0,0.0,1.3,1.9,SEC_MTJ_BTE,Superfast Express,21.6
85.8,114.9,1.5,165,4,2,0.21,1,0,0.1,0.0,2.8,10.7,SEC_RATL_BRC,Superfast Express,75.9
48.5,23.3,6.9,25,18,5,0.68,2,0,0.1,0.0,2.4,28.9,SEC_MTJ_BTE,Mail Express,34.0
96.1,55.4,1.8,95,8,0,0.39,0,0,0.3,0.0,2.8,10.3,SEC_NDLS_MTJ,Mail Express,32.9
97.3,225.8,5.8,165,22,1,0.13,1,0,0.3,0.0,1.8,25.6,SEC_RATL_BRC,Mail Express,141.4
44.8,101.7,2.3,75,17,1,0.74,2,0,0.0,0.0,1.9,15.3,SEC_BTE_GGC,Mail Express,147.0
104.9,132.7,2.7,250,20,4,0.51,0,0,0.1,0.0,1.6,8.7,SEC_BRC_MMCT,Mail Express,78.8
50.6,53.0,5.2,42,7,0,0.43,3,0,0.9,0.0,4.1,39.9,SEC_GGC_SWM,Superfast Express,75.8
42.1,56.4,1.5,65,10,5,0.84,1,0,0.0,0.0,2.0,13.2,SEC_SWM_KOTA,Mail Express,79.5
26.7,29.1,8.2,25,21,3,0.78,3,1,0.0,0.0,1.0,51.7,SEC_MTJ_BTE,Rajdhani Express,87.1
36.8,143.3,17.9,165,11,1,0.47,4,1,0.1,0.0,1.9,12.8,SEC_RATL_BRC,Express,247.0
82.1,190.8,15.4,170,19,5,0.43,0,0,0.0,0.0,1.8,36.8,SEC_KOTA_RATL,Express,137.8
102.3,123.9,2.3,95,5,2,0.37,0,0,0.0,0.0,1.8,15.5,SEC_NDLS_MTJ,Express,73.3
42.1,117.8,9.6,250,14,0,0.28,1,1,0.0,0.0,2.4,1.0,SEC_BRC_MMCT,Superfast Express,173.8
96.6,51.3,10.1,42,21,2,0.45,0,0,0.0,0.0,2.7,0.3,SEC_GGC_SWM,Superfast Express,32.0
113.0,57.1,0.6,75,3,5,0.47,0,0,0.0,0.0,3.4,17.1,SEC_BTE_GGC,Rajdhani Express,29.9
99.4,123.5,1.2,95,19,1,0.58,1,0,0.0,0.0,2.8,0.3,SEC_NDLS_MTJ,Superfast Express,78.3
113.0,59.9,14.2,65,10,5,0.41,1,0,0.3,0.0,2.6,7.1,SEC_SWM_KOTA,Rajdhani Express,31.5
57.6,10.2,9.5,25,14,3,0.4,4,0,0.3,0.0,3.0,10.7,SEC_MTJ_BTE,Express,16.9
0.0,31.8,20.1,95,6,5,0.12,4,0,0.0,7.7,1.7,3.3,SEC_NDLS_MTJ,Express,29.8
78.2,36.6,20.9,42,17,4,0.74,1,0,0.0,0.0,4.9,2.4,SEC_GGC_SWM,Superfast Express,29.5
95.2,82.8,1.6,65,19,5,0.63,1,0,0.1,0.0,1.5,32.9,SEC_SWM_KOTA,Mail Express,56.6
101.9,109.7,24.6,75,12,4,0.25,0,0,0.0,0.0,6.6,7.9,SEC_BTE_GGC,Rajdhani Express,61.2
98.5,42.0,1.6,95,5,0,0.19,0,0,0.0,0.0,2.8,10.6,SEC_NDLS_MTJ,Express,24.5
105.2,51.6,16.7,65,22,4,0.19,0,0,0.0,0.0,2.4,3.3,SEC_SWM_KOTA,Superfast Express,28.5
107.3,98.2,10.2,65,14,5,0.19,1,0,0.0,0.0,2.6,55.3,SEC_SWM_KOTA,Rajdhani Express,55.8
90.6,21.3,11.8,95,12,5,0.17,0,0,0.1,0.0,5.4,5.5,SEC_NDLS_MTJ,Rajdhani Express,14.5
31.2,35.2,11.2,65,3,0,0.39,1,1,0.0,0.0,1.4,43.9,SEC_SWM_KOTA,Express,69.4
98.9,45.8,11.4,65,7,3,0.25,1,0,0.1,0.0,3.0,8.5,SEC_SWM_KOTA,Mail Express,27.5
85.8,21.9,2.8,25,15,6,0.33,0,0,0.3,0.0,1.6,25.0,SEC_MTJ_BTE,Express,17.8
45.8,8.6,12.5,25,6,4,0.29,4,1,0.6,0.0,2.2,2.2,SEC_MTJ_BTE,Superfast Express,15.4
74.7,138.1,7.7,250,1,1,0.44,2,0,0.1,0.0,5.3,17.2,SEC_BRC_MMCT,Rajdhani Express,106.8
115.1,77.1,1.9,65,15,3,0.24,0,0,0.0,0.0,1.8,14.0,SEC_SWM_KOTA,Express,38.4
37.5,44.2,10.9,75,11,5,0.82,0,1,0.0,0.0,7.8,31.6,SEC_BTE_GGC,Rajdhani Express,76.2
95.8,160.4,5.9,170,20,2,0.62,1,0,0.1,0.0,1.7,4.4,SEC_KOTA_RATL,Express,103.3
82.0,30.2,2.6,42,1,5,0.22,0,0,0.0,0.0,2.6,54.7,SEC_GGC_SWM,Express,23.1
83.7,49.1,5.7,65,0,4,0.32,2,0,0.6,0.0,2.0,14.1,SEC_SWM_KOTA,Mail Express,40.6
101.2,85.8,6.1,65,4,2,0.2,0,0,0.3,0.0,2.2,16.1,SEC_SWM_KOTA,Superfast Express,53.3
34.3,193.2,2.4,165,2,5,0.34,2,1,0.0,0.0,3.5,6.3,SEC_RATL_BRC,Superfast Express,345.5
98.7,108.3,5.0,165,13,1,0.49,0,0,0.0,0.0,1.2,37.6,SEC_RATL_BRC,Superfast Express,64.0
93.0,50.9,1.6,75,9,4,0.51,0,0,0.3,0.0,2.5,4.4,SEC_BTE_GGC,Mail Express,33.6
87.8,178.6,8.5,170,17,1,0.66,0,0,0.6,0.0,1.2,0.9,SEC_KOTA_RATL,Mail Express,126.0
34.1,39.0,1.4,42,18,4,0.85,1,0,0.0,0.0,2.2,10.7,SEC_GGC_SWM,Superfast Express,73.7
103.7,25.4,3.3,42,9,5,0.38,1,0,0.1,0.0,4.8,10.5,SEC_GGC_SWM,Superfast Express,14.3
96.8,42.3,0.9,75,4,5,0.17,0,0,0.0,0.0,2.5,5.6,SEC_BTE_GGC,Mail Express,24.1
75.1,26.7,7.8,75,2,4,0.28,2,0,0.0,0.0,1.1,14.0,SEC_BTE_GGC,Express,19.8
85.0,27.8,23.9,25,10,6,0.35,1,0,0.0,0.0,3.4,5.4,SEC_MTJ_BTE,Superfast Express,19.5
46.2,57.0,10.5,75,10,3,0.67,0,1,0.0,0.0,1.8,4.8,SEC_BTE_GGC,Rajdhani Express,80.6
0.0,146.4,17.0,165,14,5,0.34,3,0,0.0,1.7,1.5,2.7,SEC_RATL_BRC,Express,116.8
84.6,69.2,12.5,65,6,0,0.14,3,0,0.9,0.0,4.9,14.1,SEC_SWM_KOTA,Superfast Express,51.3
65.9,54.2,4.7,75,0,6,0.35,3,0,0.3,0.0,1.3,7.1,SEC_BTE_GGC,Superfast Express,52.9
35.6,60.4,24.4,65,19,1,0.7,0,1,0.6,0.0,4.2,2.4,SEC_SWM_KOTA,Superfast Express,113.4
110.3,55.8,7.5,42,11,0,0.39,1,0,0.3,0.0,2.2,29.3,SEC_GGC_SWM,Rajdhani Express,34.0
94.5,160.0,1.7,250,16,6,0.17,1,0,0.0,0.0,2.6,49.0,SEC_BRC_MMCT,Superfast Express,97.5
111.9,77.5,3.6,250,5,6,0.28,1,0,0.0,0.0,2.4,12.9,SEC_BRC_MMCT,Express,43.9
17.7,104.7,7.5,165,15,1,0.36,1,1,0.6,0.0,2.8,9.2,SEC_RATL_BRC,Mail Express,89.9
95.2,56.5,2.3,75,7,0,0.39,0,0,0.0,0.0,2.5,1.1,SEC_BTE_GGC,Superfast Express,37.5
97.0,144.3,5.6,165,8,3,0.56,0,0,0.0,0.0,3.1,19.5,SEC_RATL_BRC,Rajdhani Express,89.4
97.8,4.0,11.0,42,6,0,0.49,1,0,0.0,0.0,2.6,16.6,SEC_GGC_SWM,Superfast Express,3.0
27.1,4.0,4.2,75,19,3,0.52,1,1,0.0,0.0,2.6,33.1,SEC_BTE_GGC,Mail Express,10.7
87.6,108.4,8.0,170,7,3,0.23,0,0,0.1,0.0,2.3,23.5,SEC_KOTA_RATL,Mail Express,74.4
34.2,205.8,30.7,165,19,5,0.58,3,1,0.1,0.0,6.0,4.3,SEC_RATL_BRC,Rajdhani Express,371.6
94.6,79.9,0.4,165,12,4,0.43,0,0,0.0,0.0,2.4,39.8,SEC_RATL_BRC,Express,49.8
106.5,48.8,22.3,95,14,3,0.38,0,0,0.0,0.0,7.9,44.0,SEC_NDLS_MTJ,Rajdhani Express,26.5
27.5,63.2,13.0,95,16,4,0.21,0,1,0.0,0.0,4.8,90.2,SEC_NDLS_MTJ,Superfast Express,139.6
65.9,110.5,2.5,165,17,3,0.5,2,0,0.1,0.0,7.6,24.5,SEC_RATL_BRC,Rajdhani Express,97.4
60.1,74.3,2.6,95,9,3,0.44,2,0,0.0,0.0,1.4,9.4,SEC_NDLS_MTJ,Superfast Express,76.2
35.4,95.8,2.8,165,9,3,0.37,0,1,0.0,0.0,2.6,6.8,SEC_RATL_BRC,Express,166.5
31.9,81.6,3.9,75,9,4,0.66,0,1,0.1,0.0,2.4,13.1,SEC_BTE_GGC,Mail Express,163.5
38.0,95.3,4.1,95,14,6,0.45,2,1,0.6,0.0,4.7,3.9,SEC_NDLS_MTJ,Superfast Express,161.4
68.3,253.6,2.0,250,23,4,0.19,2,0,0.9,0.0,7.8,15.2,SEC_BRC_MMCT,Rajdhani Express,221.5
42.3,6.7,8.5,25,18,5,0.78,3,1,0.0,0.0,2.2,4.1,SEC_MTJ_BTE,Superfast Express,13.3
69.3,23.1,15.0,75,13,2,0.44,3,0,0.0,1.9,2.7,9.4,SEC_BTE_GGC,Mail Express,22.4
121.1,303.9,8.8,250,5,3,0.41,0,0,0.0,0.0,7.5,0.3,SEC_BRC_MMCT,Rajdhani Express,144.4
91.3,8.0,15.8,42,2,2,0.18,0,0,0.0,0.0,1.4,6.6,SEC_GGC_SWM,Mail Express,6.1
85.3,189.9,18.2,170,22,5,0.46,0,0,0.0,0.0,2.0,18.4,SEC_KOTA_RATL,Superfast Express,134.2
84.9,16.4,5.5,25,3,5,0.26,1,0,0.1,0.0,1.9,12.7,SEC_MTJ_BTE,Rajdhani Express,15.3
56.2,265.3,8.2,250,2,4,0.31,3,0,0.0,0.0,2.2,2.9,SEC_BRC_MMCT,Express,285.1
87.0,90.2,20.9,165,12,4,0.12,1,0,0.6,0.0,2.5,1.5,SEC_RATL_BRC,Superfast Express,62.0
97.3,13.5,10.1,165,5,2,0.12,0,0,0.0,0.0,1.7,14.7,SEC_RATL_BRC,Rajdhani Express,6.8
39.4,39.1,30.9,75,4,1,0.17,4,0,0.0,0.0,3.3,44.7,SEC_BTE_GGC,Superfast Express,54.0
97.6,39.4,5.3,95,9,2,0.36,0,0,0.1,0.0,2.4,22.3,SEC_NDLS_MTJ,Mail Express,21.4
0.0,116.4,18.8,250,20,1,0.58,2,0,0.3,13.8,2.3,24.9,SEC_BRC_MMCT,Express,99.4
99.1,22.3,1.0,25,6,0,0.4,1,0,0.1,0.0,3.2,4.6,SEC_MTJ_BTE,Superfast Express,16.6
113.7,51.2,9.2,65,14,3,0.32,0,0,0.0,0.0,7.0,48.0,SEC_SWM_KOTA,Rajdhani Express,24.7
35.7,310.5,2.2,250,19,3,0.41,2,1,0.0,0.0,1.9,21.2,SEC_BRC_MMCT,Rajdhani Express,531.4
59.0,25.8,1.8,42,18,5,0.67,3,0,0.0,0.0,1.6,1.2,SEC_GGC_SWM,Superfast Express,28.6
96.6,168.0,14.9,250,13,3,0.27,1,0,0.0,14.4,2.4,11.6,SEC_BRC_MMCT,Mail Express,117.8
86.7,14.9,10.5,25,7,4,0.21,0,0,0.1,0.0,4.3,18.5,SEC_MTJ_BTE,Rajdhani Express,9.0
123.9,74.6,2.4,65,1,1,0.45,1,0,0.3,0.0,2.4,33.7,SEC_SWM_KOTA,Superfast Express,40.3
51.5,77.2,18.6,75,20,2,0.79,2,0,0.0,9.4,3.2,8.5,SEC_BTE_GGC,Rajdhani Express,102.4
45.0,57.5,2.2,95,1,5,0.41,1,1,0.1,0.0,4.5,14.7,SEC_NDLS_MTJ,Superfast Express,80.8
110.4,77.8,2.1,65,2,0,0.43,0,0,0.1,0.0,1.6,12.6,SEC_SWM_KOTA,Express,45.0
27.1,15.8,0.9,25,5,1,0.14,1,1,0.1,0.0,1.5,0.1,SEC_MTJ_BTE,Mail Express,39.2
31.3,47.4,10.7,65,14,5,0.16,1,1,0.0,19.2,1.5,33.5,SEC_SWM_KOTA,Superfast Express,115.7
39.5,222.9,5.0,170,2,6,0.15,0,1,0.1,0.0,7.9,9.1,SEC_KOTA_RATL,Rajdhani Express,339.0
92.0,63.7,10.3,65,11,3,0.63,0,0,0.1,0.0,2.7,2.8,SEC_SWM_KOTA,Express,41.0
68.8,26.4,3.8,25,17,0,0.83,0,0,0.0,0.0,2.3,55.2,SEC_MTJ_BTE,Mail Express,24.1
47.8,66.6,2.3,65,4,0,0.28,2,0,0.1,0.0,1.1,27.2,SEC_SWM_KOTA,Mail Express,83.3
102.4,18.4,20.2,65,16,3,0.21,1,0,0.0,0.0,2.1,3.6,SEC_SWM_KOTA,Express,12.6
0.0,34.8,13.3,42,19,0,0.67,3,1,0.0,3.0,1.2,35.3,SEC_GGC_SWM,Superfast Express,43.2
64.9,25.7,4.3,25,15,5,0.33,2,0,0.3,0.0,4.1,36.2,SEC_MTJ_BTE,Rajdhani Express,30.5
60.0,59.7,25.7,65,19,6,0.67,3,0,0.0,0.0,2.2,11.2,SEC_SWM_KOTA,Mail Express,64.1
88.1,83.3,0.9,170,16,4,0.34,1,0,0.6,0.0,1.1,8.4,SEC_KOTA_RATL,Express,59.3
53.0,52.3,34.0,170,19,4,0.54,3,0,0.0,0.0,2.5,6.5,SEC_KOTA_RATL,Superfast Express,57.8
104.2,214.6,17.7,250,15,6,0.4,1,0,0.3,0.0,1.7,3.5,SEC_BRC_MMCT,Mail Express,130.0
37.5,27.2,0.7,75,22,2,0.35,2,1,0.6,0.0,3.3,37.1,SEC_BTE_GGC,Superfast Express,48.2
102.8,6.9,16.6,42,3,0,0.4,0,0,0.0,0.0,4.7,32.3,SEC_GGC_SWM,Rajdhani Express,3.0
45.1,133.2,3.6,250,23,6,0.29,3,0,0.1,0.0,7.1,1.9,SEC_BRC_MMCT,Rajdhani Express,170.3
98.2,30.0,23.8,42,13,0,0.18,0,0,0.0,0.0,2.1,39.9,SEC_GGC_SWM,Mail Express,21.2
98.7,49.7,25.1,170,17,6,0.56,1,0,0.0,0.0,1.1,6.1,SEC_KOTA_RATL,Express,31.8
63.3,49.3,9.0,42,20,1,0.77,1,0,0.0,0.0,6.1,6.6,SEC_GGC_SWM,Rajdhani Express,49.8
102.6,71.6,5.1,65,2,2,0.27,0,0,0.3,0.0,2.2,3.7,SEC_SWM_KOTA,Express,42.4
91.0,32.8,8.3,65,0,0,0.25,0,0,0.1,0.0,2.5,5.8,SEC_SWM_KOTA,Express,21.2
90.5,89.9,2.4,170,12,5,0.49,1,0,0.1,0.0,1.2,8.3,SEC_KOTA_RATL,Express,60.7
28.5,111.8,3.8,95,6,2,0.38,4,1,0.0,0.0,3.2,3.9,SEC_NDLS_MTJ,Superfast Express,246.7
87.7,52.6,2.8,170,15,6,0.47,1,0,0.0,0.0,1.5,13.0,SEC_KOTA_RATL,Mail Express,33.4
99.8,118.3,2.4,95,15,1,0.24,1,0,0.6,0.0,3.0,12.1,SEC_NDLS_MTJ,Superfast Express,74.5
107.0,19.9,2.4,250,14,6,0.26,0,0,0.1,0.0,2.6,3.5,SEC_BRC_MMCT,Express,12.2
100.1,36.9,13.7,165,16,2,0.4,0,0,0.3,0.0,2.0,18.4,SEC_RATL_BRC,Rajdhani Express,21.2
98.1,186.8,9.8,170,6,4,0.31,0,0,0.0,0.0,1.3,1.3,SEC_KOTA_RATL,Rajdhani Express,114.5
98.3,142.6,4.4,170,2,1,0.29,0,0,0.1,0.0,2.6,7.2,SEC_KOTA_RATL,Express,85.3
124.1,87.7,0.6,65,10,3,0.5,1,0,0.1,0.0,1.7,12.1,SEC_SWM_KOTA,Rajdhani Express,44.3
101.5,71.3,6.9,75,5,4,0.4,1,0,0.0,0.0,2.6,8.0,SEC_BTE_GGC,Mail Express,41.3
84.1,15.6,4.4,25,22,6,0.17,0,0,0.0,0.0,2.3,9.9,SEC_MTJ_BTE,Express,11.9
104.7,190.5,5.8,170,8,3,0.53,0,0,0.0,0.0,5.5,0.9,SEC_KOTA_RATL,Rajdhani Express,108.7
42.9,13.0,21.0,25,7,2,0.27,2,0,0.1,0.0,2.1,34.8,SEC_MTJ_BTE,Mail Express,20.3
97.4,72.7,5.1,250,6,4,0.4,0,0,0.0,0.0,1.7,7.0,SEC_BRC_MMCT,Express,44.2
72.1,41.4,0.3,65,3,2,0.5,2,0,0.0,0.0,4.3,34.0,SEC_SWM_KOTA,Superfast Express,34.2
34.0,63.6,1.3,95,2,3,0.4,2,1,0.0,0.0,3.1,29.2,SEC_NDLS_MTJ,Superfast Express,116.7
91.2,22.6,9.4,95,16,1,0.38,0,0,0.0,0.0,1.9,2.1,SEC_NDLS_MTJ,Mail Express,13.2
100.7,22.1,6.9,42,15,5,0.42,1,0,0.0,0.0,1.6,20.5,SEC_GGC_SWM,Express,12.8
84.2,50.3,2.2,65,4,6,0.17,3,0,0.0,0.0,1.4,7.6,SEC_SWM_KOTA,Express,36.6
95.1,24.8,5.5,25,6,5,0.25,0,0,0.1,0.0,3.1,15.1,SEC_MTJ_BTE,Superfast Express,17.8
42.2,108.8,17.9,95,12,5,0.47,2,0,0.0,0.0,1.2,23.9,SEC_NDLS_MTJ,Mail Express,155.8
89.8,6.9,3.7,25,9,0,0.51,0,0,0.0,0.0,6.1,13.9,SEC_MTJ_BTE,Rajdhani Express,3.0
86.2,21.9,18.6,25,14,0,0.5,0,0,0.0,0.0,1.2,5.7,SEC_MTJ_BTE,Express,16.3
35.1,7.8,1.1,25,0,4,0.45,0,1,0.3,0.0,2.2,14.0,SEC_MTJ_BTE,Express,14.8
44.8,30.2,5.1,65,10,1,0.73,0,0,0.0,0.0,1.4,2.0,SEC_SWM_KOTA,Superfast Express,43.8
109.9,48.8,1.7,42,8,4,0.45,0,0,0.0,0.0,2.0,8.8,SEC_GGC_SWM,Express,29.7
62.1,141.8,0.8,170,21,0,0.6,3,0,0.0,0.0,2.8,16.7,SEC_KOTA_RATL,Mail Express,138.6
74.7,32.8,5.4,65,5,2,0.14,2,0,0.9,0.0,3.1,0.5,SEC_SWM_KOTA,Superfast Express,24.0
87.7,7.0,3.2,25,19,4,0.47,0,0,0.9,0.0,4.0,16.0,SEC_MTJ_BTE,Rajdhani Express,5.8
96.8,24.7,0.4,25,17,2,0.6,0,0,0.1,0.0,4.2,11.4,SEC_MTJ_BTE,Superfast Express,18.7
87.8,256.1,1.8,170,4,5,0.27,0,0,0.0,0.0,1.8,5.6,SEC_KOTA_RATL,Express,173.4
52.5,54.7,6.5,65,5,0,0.16,0,1,0.0,0.0,2.0,5.5,SEC_SWM_KOTA,Superfast Express,67.0
32.7,25.9,28.9,65,17,3,0.41,2,1,0.0,0.0,1.4,33.8,SEC_SWM_KOTA,Express,53.9
50.1,85.6,4.7,95,0,3,0.12,2,0,0.0,0.0,4.3,6.2,SEC_NDLS_MTJ,Superfast Express,101.6
119.6,53.5,9.5,95,12,0,0.19,1,0,0.0,0.0,2.8,0.3,SEC_NDLS_MTJ,Rajdhani Express,23.1
56.9,12.0,3.0,25,12,1,0.18,2,0,0.0,0.0,1.4,24.7,SEC_MTJ_BTE,Mail Express,9.9
104.8,110.4,3.3,250,9,2,0.6,0,0,0.0,0.0,1.5,28.6,SEC_BRC_MMCT,Express,64.3
91.6,54.0,11.2,42,14,4,0.32,0,0,0.1,0.0,3.1,4.9,SEC_GGC_SWM,Rajdhani Express,39.0
111.9,97.6,23.0,75,22,3,0.26,0,0,0.0,0.0,1.6,10.8,SEC_BTE_GGC,Rajdhani Express,51.6
80.3,12.5,4.0,25,9,5,0.5,0,0,0.0,0.0,2.8,28.6,SEC_MTJ_BTE,Mail Express,6.0
91.6,181.6,11.7,250,7,1,0.33,3,0,0.0,0.0,1.7,11.3,SEC_BRC_MMCT,Mail Express,121.7
90.4,59.5,2.7,75,11,3,0.38,1,0,0.0,0.0,2.1,20.4,SEC_BTE_GGC,Express,37.9
96.0,84.9,5.5,75,10,3,0.51,0,0,0.0,0.0,1.4,15.1,SEC_BTE_GGC,Express,54.2
116.6,199.4,0.8,250,2,3,0.46,1,0,0.9,0.0,5.4,1.5,SEC_BRC_MMCT,Rajdhani Express,103.8
79.8,12.3,1.5,25,15,3,0.34,1,0,0.0,0.0,1.8,8.6,SEC_MTJ_BTE,Express,10.6
90.3,36.4,15.4,75,11,4,0.44,0,0,0.0,0.0,2.5,27.0,SEC_BTE_GGC,Express,22.4
95.5,76.9,49.6,75,12,6,0.48,0,0,0.0,0.0,4.6,41.3,SEC_BTE_GGC,Rajdhani Express,47.3
72.4,28.2,14.3,25,17,5,0.83,1,0,0.0,22.3,2.7,1.4,SEC_MTJ_BTE,Express,52.0
0.0,11.5,10.5,25,17,3,0.45,1,0,0.0,13.0,1.8,27.6,SEC_MTJ_BTE,Express,23.8
80.4,65.3,1.4,165,7,4,0.3,0,0,0.0,0.0,1.3,4.5,SEC_RATL_BRC,Mail Express,44.2
91.2,13.5,3.9,42,15,3,0.14,1,0,0.0,0.0,2.2,2.2,SEC_GGC_SWM,Superfast Express,9.6
47.4,6.4,2.4,25,6,6,0.2,1,1,0.0,0.0,1.4,1.1,SEC_MTJ_BTE,Express,6.6
78.4,16.7,30.3,165,18,6,0.75,3,0,0.1,0.0,1.2,8.7,SEC_RATL_BRC,Mail Express,12.5
45.4,153.8,13.3,170,5,5,0.11,2,0,0.0,0.0,1.5,5.4,SEC_KOTA_RATL,Superfast Express,203.0
85.7,14.7,3.5,25,3,4,0.48,0,0,0.0,0.0,2.1,2.1,SEC_MTJ_BTE,Mail Express,13.5
32.9,258.6,8.4,250,17,0,0.39,0,1,0.0,0.0,1.7,12.2,SEC_BRC_MMCT,Express,475.8
67.6,98.6,7.3,250,9,3,0.54,2,0,0.0,0.0,3.9,0.9,SEC_BRC_MMCT,Superfast Express,83.1
107.6,16.8,2.0,25,21,6,0.48,0,0,0.0,0.0,2.2,2.8,SEC_MTJ_BTE,Rajdhani Express,11.2
91.6,92.2,2.8,165,15,5,0.24,1,0,0.0,0.0,1.9,6.5,SEC_RATL_BRC,Express,60.6
0.0,29.1,16.8,95,6,6,0.33,1,0,0.1,15.8,2.7,27.4,SEC_NDLS_MTJ,Rajdhani Express,40.8
97.4,45.9,5.8,75,4,5,0.44,1,0,0.6,0.0,6.3,8.9,SEC_BTE_GGC,Rajdhani Express,27.7
76.1,100.1,3.5,75,17,2,0.74,0,0,0.0,0.0,1.7,10.4,SEC_BTE_GGC,Mail Express,84.0
47.1,110.5,6.7,165,6,1,0.14,2,0,0.1,0.0,2.7,55.1,SEC_RATL_BRC,Mail Express,140.8
27.2,63.2,27.8,170,18,6,0.76,1,1,0.0,0.0,2.3,3.8,SEC_KOTA_RATL,Express,145.5
105.0,97.5,6.2,65,22,2,0.45,0,0,0.0,0.0,1.3,25.0,SEC_SWM_KOTA,Mail Express,56.2
53.1,7.4,2.6,25,19,4,0.73,0,0,0.0,0.0,7.3,6.1,SEC_MTJ_BTE,Rajdhani Express,5.9
94.6,188.9,5.1,165,9,0,0.7,1,0,0.0,0.0,2.8,29.5,SEC_RATL_BRC,Superfast Express,124.7
68.8,57.1,1.5,170,0,5,0.44,4,0,0.0,0.0,4.2,5.8,SEC_KOTA_RATL,Rajdhani Express,49.1
81.2,67.6,13.6,170,9,6,0.46,1,0,0.0,0.0,7.0,4.0,SEC_KOTA_RATL,Rajdhani Express,47.3
61.2,97.1,4.0,95,13,5,0.18,3,0,0.0,0.0,3.5,44.2,SEC_NDLS_MTJ,Superfast Express,94.0
76.5,107.1,13.9,165,22,3,0.26,0,0,0.3,0.0,1.2,5.9,SEC_RATL_BRC,Express,82.4
90.5,61.7,1.8,165,13,4,0.49,0,0,0.1,0.0,1.6,8.4,SEC_RATL_BRC,Mail Express,40.0
100.0,54.8,4.6,42,15,1,0.31,1,0,0.0,0.0,3.2,32.8,SEC_GGC_SWM,Superfast Express,35.4
53.4,30.1,4.4,42,11,6,0.85,0,0,0.0,0.0,2.6,4.8,SEC_GGC_SWM,Mail Express,32.9
50.8,94.0,0.2,165,9,6,0.84,0,0,0.0,0.0,4.5,14.0,SEC_RATL_BRC,Superfast Express,109.1
102.0,74.0,1.0,75,0,0,0.23,1,0,0.9,0.0,4.8,8.5,SEC_BTE_GGC,Superfast Express,46.0
28.7,62.6,2.0,95,23,3,0.34,1,1,0.9,0.0,1.6,105.8,SEC_NDLS_MTJ,Superfast Express,139.3
105.0,106.6,28.4,165,2,1,0.4,0,0,0.6,0.0,3.8,1.6,SEC_RATL_BRC,Superfast Express,61.6
95.8,54.3,9.3,165,22,4,0.38,1,0,0.0,0.0,1.8,2.0,SEC_RATL_BRC,Mail Express,35.8
88.6,49.1,2.7,165,14,4,0.31,0,0,0.1,0.0,3.7,2.3,SEC_RATL_BRC,Superfast Express,31.6
39.1,194.5,19.0,165,12,2,0.36,1,1,0.0,0.0,1.3,7.3,SEC_RATL_BRC,Mail Express,306.3
79.1,24.3,19.5,42,13,4,0.25,3,0,0.0,0.0,2.6,10.8,SEC_GGC_SWM,Superfast Express,19.5
33.1,73.2,10.6,95,23,1,0.27,0,1,0.1,0.0,1.0,17.4,SEC_NDLS_MTJ,Mail Express,138.7
46.9,26.2,11.8,65,17,4,0.74,0,0,0.1,0.0,1.5,59.6,SEC_SWM_KOTA,Mail Express,35.7
77.3,129.7,0.9,170,1,4,0.14,2,0,0.1,0.0,7.3,3.3,SEC_KOTA_RATL,Rajdhani Express,96.5
99.9,260.2,14.1,250,3,4,0.47,0,0,0.0,0.0,1.2,13.2,SEC_BRC_MMCT,Express,156.8
42.5,40.3,2.0,250,4,5,0.3,1,1,0.1,0.0,6.8,1.5,SEC_BRC_MMCT,Rajdhani Express,54.2
53.0,38.1,5.5,65,16,0,0.48,3,0,0.0,0.0,2.2,48.5,SEC_SWM_KOTA,Mail Express,45.7
78.4,8.5,10.8,25,15,5,0.29,0,0,0.1,0.0,4.5,3.8,SEC_MTJ_BTE,Superfast Express,9.5
43.8,17.4,27.3,25,19,0,0.6,0,1,0.0,0.0,1.1,17.1,SEC_MTJ_BTE,Express,29.8
67.9,81.1,0.3,170,15,3,0.38,4,0,0.0,0.0,6.9,0.8,SEC_KOTA_RATL,Rajdhani Express,67.4
97.1,120.0,7.7,250,13,2,0.11,0,0,0.0,0.0,2.9,10.9,SEC_BRC_MMCT,Express,68.9
47.3,51.6,5.8,65,5,0,0.36,3,0,0.0,0.0,1.9,18.6,SEC_SWM_KOTA,Express,67.7
91.3,22.2,8.6,65,1,5,0.35,1,0,0.1,0.0,1.0,9.4,SEC_SWM_KOTA,Express,14.6
101.1,273.8,3.8,250,18,0,0.4,0,0,0.0,0.0,3.5,22.6,SEC_BRC_MMCT,Superfast Express,160.1
35.6,58.3,3.2,65,9,3,0.52,0,1,0.0,0.0,5.7,41.6,SEC_SWM_KOTA,Rajdhani Express,99.0
81.3,13.5,1.0,25,16,0,0.27,1,0,0.1,0.0,2.3,16.3,SEC_MTJ_BTE,Superfast Express,9.5
109.2,49.7,12.2,65,4,4,0.16,0,0,0.0,0.0,2.7,77.9,SEC_SWM_KOTA,Express,27.0
90.0,51.5,0.2,65,8,0,0.66,1,0,0.1,0.0,2.3,1.2,SEC_SWM_KOTA,Express,37.8
45.0,6.5,18.2,25,18,5,0.76,0,1,0.0,0.0,5.0,7.3,SEC_MTJ_BTE,Superfast Express,11.1
19.9,77.2,0.4,75,11,6,0.74,0,1,0.6,0.0,2.7,35.4,SEC_BTE_GGC,Mail Express,70.0
83.2,72.0,11.6,75,22,1,0.18,0,0,0.1,0.0,2.2,4.1,SEC_BTE_GGC,Express,52.1
110.5,176.1,7.4,250,16,6,0.18,1,0,0.0,0.0,3.6,15.0,SEC_BRC_MMCT,Superfast Express,92.3
96.4,93.2,0.3,95,2,1,0.31,0,0,0.6,0.0,1.2,1.3,SEC_NDLS_MTJ,Express,60.9
94.1,95.6,17.3,75,13,6,0.27,0,0,0.0,0.0,2.7,30.0,SEC_BTE_GGC,Mail Express,63.4
58.8,158.8,5.7,165,21,3,0.75,2,0,0.0,0.0,1.5,7.3,SEC_RATL_BRC,Superfast Express,166.8
105.4,52.0,2.3,75,18,5,0.7,1,0,0.0,0.0,1.5,24.0,SEC_BTE_GGC,Superfast Express,30.7
68.2,83.7,28.2,170,20,2,0.47,2,0,0.1,0.0,5.0,2.1,SEC_KOTA_RATL,Rajdhani Express,68.2
92.0,13.9,26.8,25,5,3,0.18,1,0,0.1,0.0,3.4,31.6,SEC_MTJ_BTE,Rajdhani Express,9.5
81.4,89.4,3.8,165,9,3,0.71,2,0,0.0,0.0,1.7,9.8,SEC_RATL_BRC,Mail Express,67.4
71.8,41.7,2.9,42,21,5,0.42,3,0,0.6,0.0,2.0,14.0,SEC_GGC_SWM,Mail Express,41.5
46.6,172.7,60.9,165,8,1,0.5,0,1,0.9,0.0,2.2,28.8,SEC_RATL_BRC,Mail Express,233.9
89.0,96.9,8.9,165,9,6,0.46,0,0,0.0,0.0,6.1,21.1,SEC_RATL_BRC,Rajdhani Express,60.4
101.9,146.3,5.0,250,21,2,0.55,0,0,0.0,0.0,1.8,9.3,SEC_BRC_MMCT,Mail Express,84.4
93.4,121.7,8.9,95,17,5,0.6,1,0,0.3,0.0,2.5,7.3,SEC_NDLS_MTJ,Rajdhani Express,83.7
40.9,116.8,2.4,170,19,5,0.49,1,1,0.0,0.0,2.9,26.0,SEC_KOTA_RATL,Mail Express,177.8
48.5,60.0,17.5,65,8,2,0.51,2,0,0.0,0.0,2.3,12.3,SEC_SWM_KOTA,Express,80.4
70.5,13.5,18.8,25,20,4,0.85,1,0,0.0,0.0,2.7,7.8,SEC_MTJ_BTE,Express,13.3
56.9,84.4,2.4,165,21,5,0.65,3,0,0.1,0.0,1.4,39.1,SEC_RATL_BRC,Mail Express,94.0
96.5,34.7,17.2,42,16,2,0.28,1,0,0.1,0.0,3.2,14.8,SEC_GGC_SWM,Superfast Express,18.0
91.5,66.3,31.4,75,17,0,0.42,0,0,0.0,0.0,2.5,11.1,SEC_BTE_GGC,Express,45.7
90.3,29.7,51.6,95,0,3,0.4,1,0,0.0,0.0,5.0,0.9,SEC_NDLS_MTJ,Rajdhani Express,15.2
53.0,13.6,1.1,25,21,3,0.54,3,0,0.0,0.0,4.1,18.0,SEC_MTJ_BTE,Rajdhani Express,16.7
89.4,142.3,11.4,170,23,2,0.47,0,0,0.1,7.5,4.3,16.0,SEC_KOTA_RATL,Superfast Express,101.5
111.3,87.9,3.1,65,1,0,0.12,0,0,0.0,0.0,2.6,42.1,SEC_SWM_KOTA,Superfast Express,45.5
0.0,32.5,12.2,25,19,5,0.8,0,0,0.0,14.0,2.1,35.7,SEC_MTJ_BTE,Rajdhani Express,45.2
100.8,4.7,46.1,42,22,0,0.4,1,0,0.0,2.9,1.1,5.5,SEC_GGC_SWM,Rajdhani Express,7.6
58.9,18.7,0.7,25,12,5,0.13,2,0,0.3,0.0,3.2,26.1,SEC_MTJ_BTE,Superfast Express,18.0
46.9,99.6,18.7,75,22,1,0.44,0,1,0.1,0.0,7.4,34.3,SEC_BTE_GGC,Rajdhani Express,129.6
43.3,47.7,1.2,65,14,5,0.15,0,1,0.6,0.0,2.8,6.2,SEC_SWM_KOTA,Express,71.0
45.5,5.4,16.6,25,8,6,0.43,4,1,0.0,8.0,1.4,10.0,SEC_MTJ_BTE,Mail Express,14.6
99.1,107.7,11.1,165,8,1,0.44,0,0,0.0,0.0,2.3,0.2,SEC_RATL_BRC,Express,66.0
86.1,21.6,2.7,25,1,3,0.12,0,0,0.1,0.0,2.2,2.3,SEC_MTJ_BTE,Express,15.5
59.9,112.1,0.4,165,1,2,0.26,2,0,0.3,0.0,2.4,14.6,SEC_RATL_BRC,Express,112.9
40.1,24.1,19.1,65,14,0,0.43,3,0,0.0,0.0,3.1,12.5,SEC_SWM_KOTA,Superfast Express,35.6
99.5,304.3,0.2,250,19,3,0.48,0,0,0.0,0.0,4.1,11.0,SEC_BRC_MMCT,Superfast Express,186.7
100.2,69.6,11.2,75,3,1,0.23,1,0,0.0,4.2,2.4,0.9,SEC_BTE_GGC,Mail Express,46.2
61.9,191.2,2.8,165,19,5,0.79,1,0,0.9,0.0,1.0,3.3,SEC_RATL_BRC,Superfast Express,200.3
50.7,19.8,18.6,25,22,2,0.17,2,0,0.0,4.3,1.4,1.8,SEC_MTJ_BTE,Mail Express,29.4
91.4,17.6,13.3,25,2,0,0.49,0,0,0.0,0.0,1.8,0.6,SEC_MTJ_BTE,Rajdhani Express,11.5
64.2,97.5,1.1,65,0,3,0.33,2,0,0.1,0.0,2.6,8.0,SEC_SWM_KOTA,Mail Express,94.9
113.0,114.2,17.9,75,1,5,0.43,0,0,0.0,0.0,1.7,8.0,SEC_BTE_GGC,Rajdhani Express,61.1
52.7,181.0,24.7,165,4,5,0.15,3,0,0.1,0.0,1.7,32.2,SEC_RATL_BRC,Express,206.0
56.7,156.6,9.9,170,18,0,0.71,1,0,0.0,0.0,2.4,4.0,SEC_KOTA_RATL,Mail Express,164.8
35.5,131.3,5.9,250,13,3,0.27,1,1,0.0,0.0,2.2,8.2,SEC_BRC_MMCT,Mail Express,228.7
83.8,11.5,12.4,25,0,3,0.28,1,0,0.9,0.0,1.8,40.6,SEC_MTJ_BTE,Superfast Express,11.2
62.0,335.4,0.6,250,18,4,0.81,2,0,0.0,0.0,6.9,48.6,SEC_BRC_MMCT,Rajdhani Express,330.2
41.5,74.7,14.5,170,21,2,0.7,3,1,0.0,0.0,1.9,20.7,SEC_KOTA_RATL,Express,113.0
92.8,111.0,4.3,165,20,5,0.37,0,0,0.1,0.0,6.0,0.1,SEC_RATL_BRC,Rajdhani Express,64.3
83.4,15.0,3.8,25,17,6,0.54,1,0,0.0,0.0,2.5,5.2,SEC_MTJ_BTE,Express,12.7
0.0,144.2,31.8,170,14,6,0.29,1,0,0.0,5.6,5.1,5.1,SEC_KOTA_RATL,Rajdhani Express,115.0
105.1,16.0,8.3,65,5,4,0.36,0,0,0.0,0.0,4.7,0.9,SEC_SWM_KOTA,Superfast Express,9.4
86.5,98.8,10.3,95,21,1,0.45,0,0,0.6,0.0,2.6,13.3,SEC_NDLS_MTJ,Mail Express,70.8
103.2,51.8,5.3,65,3,5,0.36,0,0,0.0,0.0,1.4,18.0,SEC_SWM_KOTA,Mail Express,30.8
95.9,104.7,4.1,170,2,5,0.16,0,0,0.0,0.0,1.6,24.9,SEC_KOTA_RATL,Mail Express,62.6
102.9,208.6,6.3,250,4,0,0.24,0,0,0.3,0.0,2.8,2.1,SEC_BRC_MMCT,Superfast Express,123.3
37.5,24.3,13.4,42,23,4,0.13,0,1,0.3,0.0,7.5,3.3,SEC_GGC_SWM,Rajdhani Express,41.8
55.0,52.1,14.1,42,12,0,0.19,2,0,0.0,0.0,2.0,7.3,SEC_GGC_SWM,Mail Express,61.5
109.6,69.2,7.2,65,17,6,0.67,0,0,0.6,0.0,2.8,3.3,SEC_SWM_KOTA,Mail Express,42.6
75.4,265.5,3.0,250,1,2,0.36,2,0,0.0,0.0,3.3,2.8,SEC_BRC_MMCT,Rajdhani Express,210.7
101.1,106.9,1.4,95,23,0,0.27,1,0,0.0,0.0,2.7,14.8,SEC_NDLS_MTJ,Express,64.2
114.9,127.4,11.1,165,6,6,0.17,0,0,0.0,5.0,6.6,36.9,SEC_RATL_BRC,Rajdhani Express,66.8
120.0,333.9,27.2,250,23,4,0.11,0,0,0.1,0.0,4.6,23.7,SEC_BRC_MMCT,Superfast Express,163.4
37.0,22.1,21.2,42,1,5,0.43,2,0,0.0,0.0,1.8,11.0,SEC_GGC_SWM,Rajdhani Express,33.2
92.8,34.5,0.6,75,20,0,0.43,1,0,0.1,0.0,1.6,1.5,SEC_BTE_GGC,Mail Express,24.0
35.3,300.3,11.0,250,7,5,0.24,0,1,0.0,0.0,2.0,33.8,SEC_BRC_MMCT,Rajdhani Express,516.4
70.2,60.7,6.7,75,5,5,0.32,4,0,0.0,0.0,5.7,20.6,SEC_BTE_GGC,Rajdhani Express,50.9
55.2,72.5,1.7,95,3,3,0.26,4,0,0.0,0.0,2.0,29.2,SEC_NDLS_MTJ,Express,80.6
36.8,90.4,10.5,75,3,0,0.4,0,1,0.1,0.0,2.9,10.3,SEC_BTE_GGC,Rajdhani Express,153.4
46.7,200.7,4.4,250,2,6,0.18,2,0,0.0,0.0,1.1,0.4,SEC_BRC_MMCT,Superfast Express,257.6
64.0,15.1,7.9,42,10,6,0.68,3,0,0.1,0.0,1.8,23.5,SEC_GGC_SWM,Mail Express,14.2
91.8,108.4,1.9,165,3,5,0.43,1,0,0.0,0.0,2.6,5.0,SEC_RATL_BRC,Express,68.1
89.1,24.2,9.6,75,6,6,0.24,1,0,0.6,0.0,2.8,32.0,SEC_BTE_GGC,Express,14.0
83.0,79.5,3.5,95,10,0,0.53,1,0,0.3,0.0,4.7,102.7,SEC_NDLS_MTJ,Superfast Express,57.7
94.9,29.1,10.0,25,4,6,0.34,1,0,0.0,0.0,2.4,0.2,SEC_MTJ_BTE,Express,18.1
103.9,149.8,0.8,165,22,2,0.2,1,0,0.0,0.0,3.8,5.9,SEC_RATL_BRC,Superfast Express,84.3
87.7,32.6,6.0,75,7,4,0.39,0,0,0.6,0.0,1.1,5.9,SEC_BTE_GGC,Mail Express,24.7
45.9,65.9,15.7,95,3,6,0.14,2,0,0.1,0.0,1.5,2.5,SEC_NDLS_MTJ,Superfast Express,83.0
105.9,236.5,4.2,165,0,3,0.31,0,0,0.0,0.0,1.9,0.5,SEC_RATL_BRC,Superfast Express,133.5
58.0,21.6,10.0,25,0,1,0.21,3,0,0.1,0.0,3.0,13.7,SEC_MTJ_BTE,Rajdhani Express,22.7
76.5,16.7,2.2,25,13,5,0.24,1,0,0.0,0.0,1.2,0.8,SEC_MTJ_BTE,Express,13.2
28.1,129.8,2.7,250,6,1,0.47,1,1,0.6,0.0,3.9,10.0,SEC_BRC_MMCT,Superfast Express,281.3
44.1,43.9,0.5,65,13,1,0.21,2,1,0.1,0.0,1.6,2.3,SEC_SWM_KOTA,Mail Express,67.2
45.8,45.6,12.1,75,19,1,0.56,2,0,0.0,0.0,5.3,10.8,SEC_BTE_GGC,Rajdhani Express,56.3
0.0,350.6,23.6,250,20,6,0.64,1,0,0.0,18.7,2.9,0.2,SEC_BRC_MMCT,Rajdhani Express,271.8
36.9,47.9,12.2,65,13,0,0.19,1,1,0.0,6.1,2.2,13.3,SEC_SWM_KOTA,Express,86.9
20.1,34.3,3.7,42,3,4,0.23,2,1,0.9,0.0,4.5,1.2,SEC_GGC_SWM,Superfast Express,87.4
19.9,9.7,1.5,25,17,4,0.84,1,1,0.0,0.0,1.7,1.1,SEC_MTJ_BTE,Express,10.4
94.4,27.8,8.2,42,20,5,0.59,0,0,0.3,0.0,1.2,14.5,SEC_GGC_SWM,Mail Express,17.7
95.0,18.0,3.1,42,1,1,0.19,0,0,0.0,0.0,2.2,4.9,SEC_GGC_SWM,Express,11.0
36.2,16.8,14.3,25,21,6,0.48,0,1,0.0,0.0,4.6,7.9,SEC_MTJ_BTE,Superfast Express,34.2
98.8,189.6,7.8,250,5,1,0.27,1,0,0.0,0.0,2.9,1.6,SEC_BRC_MMCT,Mail Express,113.5
29.7,54.6,0.2,95,20,2,0.6,0,1,0.0,0.0,5.3,8.3,SEC_NDLS_MTJ,Rajdhani Express,114.8
103.0,45.9,1.8,65,13,2,0.46,0,0,0.6,0.0,2.0,3.2,SEC_SWM_KOTA,Superfast Express,28.9
79.6,149.1,2.0,170,1,0,0.1,1,0,0.0,0.0,1.7,6.5,SEC_KOTA_RATL,Mail Express,110.7
87.2,56.2,2.1,95,5,6,0.24,0,0,0.1,0.0,2.0,0.1,SEC_NDLS_MTJ,Superfast Express,39.0
25.0,44.5,4.4,95,16,0,0.32,4,1,0.0,0.0,1.6,37.0,SEC_NDLS_MTJ,Mail Express,114.6
85.9,17.2,3.6,25,23,3,0.38,0,0,0.0,0.0,2.4,9.5,SEC_MTJ_BTE,Superfast Express,9.1
34.4,155.1,0.9,170,6,5,0.26,1,1,0.0,0.0,1.9,8.1,SEC_KOTA_RATL,Mail Express,278.1
88.0,168.0,1.4,170,3,2,0.36,3,0,0.3,0.0,3.3,3.3,SEC_KOTA_RATL,Superfast Express,117.4
88.5,44.5,14.0,42,7,5,0.34,0,0,0.0,0.0,1.8,10.7,SEC_GGC_SWM,Rajdhani Express,27.7
87.1,124.6,4.2,165,12,1,0.17,1,0,0.1,0.0,1.7,9.4,SEC_RATL_BRC,Superfast Express,84.1
76.2,4.0,5.9,25,18,3,0.68,0,0,0.1,0.0,2.4,1.8,SEC_MTJ_BTE,Mail Express,4.0
90.7,68.8,2.6,95,4,1,0.17,0,0,0.0,0.0,1.5,10.4,SEC_NDLS_MTJ,Mail Express,45.6
29.3,348.3,11.3,250,12,2,0.38,0,1,0.0,0.0,2.3,57.7,SEC_BRC_MMCT,Superfast Express,718.1
92.1,94.6,13.2,75,23,1,0.29,0,0,0.6,0.0,2.6,12.0,SEC_BTE_GGC,Mail Express,67.1
84.1,131.5,6.3,170,6,2,0.32,1,0,0.0,0.0,3.0,27.1,SEC_KOTA_RATL,Express,93.8
114.1,109.1,3.7,75,22,4,0.39,1,0,0.0,0.0,1.3,4.0,SEC_BTE_GGC,Rajdhani Express,59.3
91.4,10.9,0.6,95,4,0,0.36,0,0,0.1,0.0,2.4,30.1,SEC_NDLS_MTJ,Express,8.9
75.8,162.6,13.1,250,13,1,0.24,2,0,0.0,0.0,1.6,34.1,SEC_BRC_MMCT,Mail Express,128.8
81.0,131.4,28.3,170,9,4,0.56,2,0,0.0,12.1,1.9,13.9,SEC_KOTA_RATL,Superfast Express,111.4
48.2,29.2,3.7,75,18,4,0.77,1,0,0.3,0.0,4.0,8.4,SEC_BTE_GGC,Superfast Express,35.9
109.9,20.6,1.0,42,13,6,0.34,1,0,0.1,0.0,5.4,32.2,SEC_GGC_SWM,Rajdhani Express,12.7
47.0,110.8,5.6,250,18,3,0.83,0,0,0.0,0.0,3.1,0.6,SEC_BRC_MMCT,Superfast Express,142.1
98.8,13.9,1.1,250,0,5,0.36,0,0,0.1,0.0,1.8,11.7,SEC_BRC_MMCT,Express,5.9
27.2,175.7,14.4,165,7,2,0.43,0,1,0.3,0.0,4.1,21.1,SEC_RATL_BRC,Superfast Express,391.0
80.3,75.7,5.1,165,18,1,0.68,0,0,0.9,0.0,2.9,18.9,SEC_RATL_BRC,Superfast Express,56.6
95.5,67.0,6.6,95,1,0,0.11,0,0,0.0,0.0,1.7,10.6,SEC_NDLS_MTJ,Mail Express,41.7
29.4,234.4,2.2,250,13,4,0.35,0,1,0.0,0.0,4.5,9.9,SEC_BRC_MMCT,Rajdhani Express,480.7
88.0,196.3,0.8,165,22,6,0.42,0,0,0.0,0.0,1.6,1.7,SEC_RATL_BRC,Mail Express,134.9
50.0,24.2,6.5,25,15,1,0.45,2,0,0.3,0.0,2.8,13.5,SEC_MTJ_BTE,Mail Express,33.3
104.3,11.7,3.6,25,22,5,0.37,1,0,0.0,0.0,6.5,20.5,SEC_MTJ_BTE,Rajdhani Express,6.4
42.7,84.2,2.6,165,4,2,0.5,3,0,0.0,0.0,3.6,5.7,SEC_RATL_BRC,Superfast Express,118.5
45.5,82.6,1.5,65,20,0,0.63,3,1,0.0,0.0,3.0,15.8,SEC_SWM_KOTA,Superfast Express,121.7
49.8,81.1,8.7,95,21,2,0.76,1,0,0.6,0.0,2.1,6.1,SEC_NDLS_MTJ,Mail Express,102.0
96.9,10.4,6.3,75,18,5,0.55,0,0,0.0,0.0,2.5,7.6,SEC_BTE_GGC,Mail Express,8.6
102.0,90.3,14.7,95,14,6,0.38,0,0,0.0,0.0,2.6,0.2,SEC_NDLS_MTJ,Mail Express,52.0
83.6,75.2,1.8,75,5,6,0.36,0,0,0.0,0.0,2.4,0.0,SEC_BTE_GGC,Mail Express,49.4
89.4,169.5,2.5,170,22,5,0.39,1,0,0.0,0.0,1.5,1.0,SEC_KOTA_RATL,Mail Express,117.1
53.7,14.2,0.1,95,12,5,0.42,2,0,0.0,0.0,6.0,12.3,SEC_NDLS_MTJ,Rajdhani Express,12.6
93.4,120.9,19.6,170,9,3,0.64,1,0,0.0,27.3,4.2,21.2,SEC_KOTA_RATL,Rajdhani Express,103.2
55.4,73.7,7.7,65,21,0,0.71,1,0,0.6,0.0,4.9,5.6,SEC_SWM_KOTA,Superfast Express,85.6
21.7,180.7,13.5,170,16,5,0.46,1,1,0.0,0.0,8.0,8.0,SEC_KOTA_RATL,Rajdhani Express,436.3
0.0,119.6,16.0,170,3,3,0.2,2,1,0.6,5.0,5.8,10.1,SEC_KOTA_RATL,Rajdhani Express,100.1
85.4,195.1,3.1,170,19,0,0.45,1,0,0.0,0.0,1.5,20.1,SEC_KOTA_RATL,Mail Express,137.9
100.5,222.6,6.3,170,5,5,0.39,0,0,0.1,0.0,1.4,7.9,SEC_KOTA_RATL,Express,137.6
80.4,15.6,2.8,25,4,2,0.18,0,0,0.1,0.0,3.7,31.3,SEC_MTJ_BTE,Superfast Express,10.3
104.5,40.2,6.6,42,20,3,0.57,0,0,0.0,0.0,6.9,21.5,SEC_GGC_SWM,Rajdhani Express,23.1
104.9,60.6,3.3,42,10,2,0.57,1,0,0.0,0.0,1.6,5.0,SEC_GGC_SWM,Superfast Express,38.8
101.2,11.7,12.2,65,8,0,0.43,0,0,0.0,0.0,2.7,29.9,SEC_SWM_KOTA,Mail Express,8.4
84.4,10.7,0.3,25,11,3,0.39,0,0,0.0,0.0,2.5,4.5,SEC_MTJ_BTE,Express,8.4
125.7,148.5,24.7,250,15,5,0.21,0,0,0.0,0.0,7.0,28.1,SEC_BRC_MMCT,Rajdhani Express,66.3
82.7,36.7,20.9,65,19,2,0.68,2,0,0.1,0.0,2.0,15.5,SEC_SWM_KOTA,Mail Express,28.2
44.1,24.8,9.7,25,14,0,0.22,3,1,0.0,0.0,3.4,4.9,SEC_MTJ_BTE,Superfast Express,38.2
77.0,9.3,0.6,25,5,2,0.29,1,0,0.0,0.0,2.2,3.1,SEC_MTJ_BTE,Mail Express,5.3
86.4,18.2,3.2,25,5,2,0.36,0,0,0.0,0.0,2.0,31.0,SEC_MTJ_BTE,Rajdhani Express,11.4
95.5,6.0,35.4,25,15,1,0.24,0,0,0.0,0.7,4.6,76.8,SEC_MTJ_BTE,Superfast Express,3.3
101.3,41.9,6.2,42,9,3,0.38,1,0,0.0,0.0,6.2,1.8,SEC_GGC_SWM,Rajdhani Express,28.6
90.6,52.9,7.2,75,11,3,0.55,1,0,0.0,0.0,1.2,33.1,SEC_BTE_GGC,Mail Express,34.0
104.1,345.4,2.0,250,9,1,0.37,0,0,0.6,0.0,5.9,30.5,SEC_BRC_MMCT,Rajdhani Express,200.1
98.9,19.0,11.6,25,7,6,0.42,1,0,0.0,0.0,2.8,16.8,SEC_MTJ_BTE,Rajdhani Express,15.2
91.7,168.5,0.5,170,18,2,0.44,1,0,0.0,0.0,2.2,25.2,SEC_KOTA_RATL,Mail Express,109.7
94.3,233.1,8.1,170,18,5,0.48,0,0,0.0,0.0,2.7,3.8,SEC_KOTA_RATL,Mail Express,152.9
31.4,118.1,1.0,250,9,4,0.53,1,1,0.0,0.0,3.0,14.0,SEC_BRC_MMCT,Mail Express,228.2
97.1,40.7,3.7,75,5,6,0.24,0,0,0.1,0.0,2.7,20.1,SEC_BTE_GGC,Express,24.6
77.3,30.5,2.1,65,15,2,0.38,2,0,0.1,0.0,1.2,15.9,SEC_SWM_KOTA,Superfast Express,22.9
39.3,73.3,2.8,65,4,2,0.4,2,0,0.1,0.0,2.6,15.5,SEC_SWM_KOTA,Rajdhani Express,116.5
101.7,70.0,3.0,65,5,4,0.23,1,0,0.6,0.0,2.6,1.6,SEC_SWM_KOTA,Mail Express,39.9
48.9,19.6,46.8,75,5,1,0.3,3,0,0.0,0.0,1.5,9.0,SEC_BTE_GGC,Express,23.7
95.5,98.3,6.2,75,7,0,0.1,0,0,0.6,0.0,4.5,0.8,SEC_BTE_GGC,Superfast Express,60.1
96.9,85.9,3.2,95,18,1,0.51,0,0,0.0,0.0,2.8,41.8,SEC_NDLS_MTJ,Express,56.2
0.0,42.4,10.3,250,11,1,0.43,2,0,0.0,7.6,1.7,2.5,SEC_BRC_MMCT,Express,39.5
49.0,29.8,9.1,42,21,2,0.71,0,0,0.0,0.0,1.4,0.9,SEC_GGC_SWM,Rajdhani Express,38.6
92.5,99.6,5.8,170,11,3,0.64,0,0,0.0,0.0,1.7,24.6,SEC_KOTA_RATL,Superfast Express,64.7
39.4,97.7,24.6,75,3,0,0.44,4,0,0.1,0.0,2.2,21.0,SEC_BTE_GGC,Express,152.7
105.7,75.8,22.3,165,4,3,0.44,1,0,0.0,0.0,2.6,16.5,SEC_RATL_BRC,Mail Express,39.6
94.6,36.8,3.6,170,0,5,0.22,1,0,0.0,0.0,2.1,6.5,SEC_KOTA_RATL,Superfast Express,22.0
75.8,73.3,14.1,170,15,2,0.15,4,0,0.3,0.0,1.2,17.0,SEC_KOTA_RATL,Express,60.1
86.6,81.6,8.7,75,10,5,0.4,0,0,0.0,0.0,2.9,13.3,SEC_BTE_GGC,Mail Express,55.8
45.0,5.8,0.7,25,1,1,0.16,2,0,0.0,0.0,2.6,6.3,SEC_MTJ_BTE,Mail Express,5.7
44.3,18.7,7.6,25,0,3,0.18,0,1,0.3,0.0,2.3,20.7,SEC_MTJ_BTE,Express,34.1
98.1,59.8,0.6,42,11,0,0.48,1,0,0.0,0.0,2.1,12.9,SEC_GGC_SWM,Mail Express,37.6
79.1,21.3,1.3,170,19,5,0.68,2,0,0.0,0.0,3.0,14.3,SEC_KOTA_RATL,Rajdhani Express,17.1
0.0,33.4,27.2,42,8,1,0.6,3,0,0.1,8.4,4.0,7.1,SEC_GGC_SWM,Superfast Express,36.6
100.0,67.2,20.3,95,17,6,0.48,1,0,0.6,0.0,2.8,26.6,SEC_NDLS_MTJ,Rajdhani Express,41.3
113.4,46.4,11.2,250,16,3,0.15,0,0,0.0,0.0,7.4,10.7,SEC_BRC_MMCT,Rajdhani Express,22.6
71.1,22.3,7.8,42,10,4,0.64,2,0,0.3,0.0,1.8,27.3,SEC_GGC_SWM,Mail Express,23.2
85.5,57.9,7.4,95,12,1,0.44,1,0,0.3,0.0,2.0,2.8,SEC_NDLS_MTJ,Express,42.2
93.2,64.0,1.2,165,12,2,0.11,0,0,0.9,0.0,2.3,15.6,SEC_RATL_BRC,Express,41.0
91.9,15.2,13.6,95,11,2,0.69,1,0,0.6,0.0,1.4,39.7,SEC_NDLS_MTJ,Express,12.7
79.0,64.4,1.6,65,17,0,0.69,2,0,0.0,0.0,1.2,1.2,SEC_SWM_KOTA,Mail Express,54.2
90.5,4.0,0.4,42,23,3,0.31,0,0,0.6,0.0,1.6,14.5,SEC_GGC_SWM,Mail Express,3.7
53.5,264.9,10.7,250,5,6,0.29,2,0,0.6,0.0,2.5,10.5,SEC_BRC_MMCT,Express,302.9
83.4,124.8,3.8,165,4,6,0.44,1,0,0.1,0.0,1.5,31.3,SEC_RATL_BRC,Mail Express,89.1
88.2,31.4,2.2,25,6,2,0.26,0,0,0.0,0.0,1.9,5.4,SEC_MTJ_BTE,Superfast Express,22.1
81.7,193.2,3.7,250,2,4,0.13,0,0,0.0,0.0,1.8,1.9,SEC_BRC_MMCT,Express,139.3
28.6,110.3,14.4,165,0,3,0.25,0,1,0.0,0.0,1.1,14.4,SEC_RATL_BRC,Rajdhani Express,236.3
52.4,51.3,14.2,65,5,4,0.32,4,0,0.1,15.9,3.0,2.3,SEC_SWM_KOTA,Mail Express,74.2
118.2,201.5,2.6,250,6,1,0.32,1,0,0.0,0.0,3.4,34.8,SEC_BRC_MMCT,Superfast Express,104.2
88.4,140.3,8.8,165,17,3,0.44,0,0,0.0,0.0,2.2,15.7,SEC_RATL_BRC,Express,97.1
50.1,105.3,20.1,95,18,2,0.51,2,0,0.1,0.0,1.9,42.5,SEC_NDLS_MTJ,Express,131.9
103.2,133.7,19.0,250,7,0,0.17,0,0,0.0,0.0,1.2,2.4,SEC_BRC_MMCT,Mail Express,75.7
97.8,44.1,0.7,95,8,2,0.69,0,0,0.0,0.0,1.0,12.5,SEC_NDLS_MTJ,Superfast Express,26.9
39.0,236.1,2.2,250,20,5,0.48,4,0,0.0,0.0,5.4,3.8,SEC_BRC_MMCT,Rajdhani Express,366.6
98.0,40.4,1.1,65,5,3,0.14,1,0,0.0,0.0,1.5,45.6,SEC_SWM_KOTA,Mail Express,21.2
106.7,18.6,4.6,42,3,6,0.34,1,0,0.0,0.0,7.3,44.9,SEC_GGC_SWM,Rajdhani Express,8.9
105.5,96.5,11.9,65,2,4,0.27,0,0,0.1,0.0,1.6,2.9,SEC_SWM_KOTA,Mail Express,54.7
92.3,138.8,3.3,170,18,3,0.37,0,0,0.0,0.0,2.3,2.7,SEC_KOTA_RATL,Mail Express,90.3
41.4,71.2,0.5,65,22,6,0.39,2,1,0.0,0.0,2.4,0.9,SEC_SWM_KOTA,Mail Express,110.1
79.1,14.6,13.0,25,16,5,0.29,0,0,0.0,0.0,2.8,21.4,SEC_MTJ_BTE,Express,11.1
75.8,4.0,20.1,95,5,4,0.18,2,0,0.0,0.0,2.4,0.7,SEC_NDLS_MTJ,Express,3.5
34.0,94.7,0.4,95,10,3,0.73,0,1,0.0,0.0,1.8,17.0,SEC_NDLS_MTJ,Superfast Express,175.4
82.6,49.1,13.6,75,5,0,0.17,0,0,0.1,0.0,2.5,5.6,SEC_BTE_GGC,Express,33.3
82.1,52.6,3.1,65,13,5,0.46,3,0,0.0,0.0,1.8,19.1,SEC_SWM_KOTA,Express,43.0
74.1,149.0,2.1,170,9,2,0.48,2,0,0.3,0.0,2.6,9.4,SEC_KOTA_RATL,Rajdhani Express,123.9
65.4,13.8,5.5,25,20,1,0.78,2,0,0.0,0.0,2.4,8.0,SEC_MTJ_BTE,Superfast Express,14.2
44.9,23.7,3.5,25,17,2,0.75,0,1,0.1,0.0,4.1,14.3,SEC_MTJ_BTE,Superfast Express,36.6
102.1,91.1,18.8,170,8,5,0.61,1,0,0.1,0.0,2.2,30.6,SEC_KOTA_RATL,Express,54.3
84.0,93.4,0.8,170,17,4,0.49,0,0,0.0,0.0,2.8,4.2,SEC_KOTA_RATL,Rajdhani Express,66.1
98.4,196.9,13.9,170,0,1,0.44,1,0,0.0,0.0,3.0,11.7,SEC_KOTA_RATL,Superfast Express,121.2
56.2,48.0,8.2,65,15,3,0.48,3,0,0.3,0.0,2.0,1.6,SEC_SWM_KOTA,Express,55.9
47.7,153.6,2.7,170,3,1,0.29,3,1,0.0,0.0,2.1,4.0,SEC_KOTA_RATL,Superfast Express,202.0
97.7,66.1,0.6,75,6,6,0.46,0,0,0.0,0.0,1.1,14.0,SEC_BTE_GGC,Superfast Express,40.5
40.5,7.7,18.2,25,14,0,0.3,2,0,0.0,0.0,3.0,7.7,SEC_MTJ_BTE,Mail Express,10.5
77.0,25.9,2.3,25,0,3,0.23,2,0,0.0,0.0,3.5,24.3,SEC_MTJ_BTE,Superfast Express,20.9
69.0,202.5,18.3,170,22,2,0.29,3,0,0.6,3.7,3.0,2.5,SEC_KOTA_RATL,Express,183.6
84.9,31.0,17.7,75,19,4,0.51,0,0,0.0,0.0,2.1,38.5,SEC_BTE_GGC,Mail Express,17.5
107.1,49.9,4.2,170,22,2,0.19,1,0,0.1,0.0,1.4,25.8,SEC_KOTA_RATL,Superfast Express,28.4
56.6,67.4,6.0,95,7,1,0.41,2,0,0.3,0.0,4.3,19.0,SEC_NDLS_MTJ,Rajdhani Express,72.7
60.0,68.8,7.7,75,9,1,0.45,3,0,0.3,0.0,4.3,27.1,SEC_BTE_GGC,Superfast Express,74.4
32.3,42.1,6.9,42,2,3,0.14,2,1,0.0,0.0,2.2,3.5,SEC_GGC_SWM,Superfast Express,85.5
105.8,16.7,9.7,25,0,6,0.14,1,0,0.0,0.0,1.4,1.7,SEC_MTJ_BTE,Rajdhani Express,8.0
95.7,190.5,53.7,250,1,1,0.21,1,0,0.0,0.0,2.3,7.8,SEC_BRC_MMCT,Mail Express,118.7
107.8,15.9,6.9,25,21,4,0.57,0,0,0.0,0.0,2.1,2.4,SEC_MTJ_BTE,Rajdhani Express,13.1
88.2,79.1,12.5,95,3,2,0.47,1,0,0.0,0.0,2.9,10.4,SEC_NDLS_MTJ,Mail Express,55.0
34.7,45.9,4.6,95,9,5,0.71,1,1,0.0,0.0,4.8,22.2,SEC_NDLS_MTJ,Rajdhani Express,85.5
48.1,82.4,2.6,95,3,4,0.11,3,0,0.0,0.0,4.1,3.6,SEC_NDLS_MTJ,Rajdhani Express,97.3
37.5,40.9,3.5,42,5,5,0.48,0,1,0.0,0.0,2.2,7.1,SEC_GGC_SWM,Superfast Express,74.7
103.8,56.3,21.4,170,2,1,0.21,1,0,0.0,0.0,5.5,31.5,SEC_KOTA_RATL,Rajdhani Express,27.8
97.6,80.8,22.2,65,11,1,0.81,0,0,0.0,8.2,1.3,8.1,SEC_SWM_KOTA,Express,61.9
108.5,22.0,10.4,42,3,6,0.22,0,0,0.0,0.0,1.4,11.5,SEC_GGC_SWM,Rajdhani Express,12.8
107.0,62.7,8.8,95,22,1,0.38,0,0,0.1,0.0,4.2,23.2,SEC_NDLS_MTJ,Superfast Express,34.1
55.5,57.2,12.5,65,17,0,0.76,1,0,0.3,0.0,2.5,1.0,SEC_SWM_KOTA,Superfast Express,64.4
61.1,20.4,11.3,25,16,6,0.15,3,0,0.0,2.6,4.5,3.1,SEC_MTJ_BTE,Superfast Express,23.9
101.8,132.5,17.0,250,22,4,0.45,0,0,0.1,0.0,1.3,1.3,SEC_BRC_MMCT,Express,82.1
28.6,66.6,1.9,75,21,0,0.57,0,1,0.0,0.0,1.8,3.4,SEC_BTE_GGC,Mail Express,145.1
43.2,34.7,3.0,75,12,3,0.48,2,0,0.6,0.0,2.2,0.4,SEC_BTE_GGC,Express,48.5
89.0,20.1,29.2,42,13,0,0.31,0,0,0.1,0.0,4.7,15.4,SEC_GGC_SWM,Superfast Express,13.9
94.7,172.0,11.7,170,14,0,0.4,0,0,0.0,0.0,2.4,57.0,SEC_KOTA_RATL,Rajdhani Express,109.4
77.6,88.1,6.8,75,11,5,0.61,2,0,0.0,0.0,1.4,8.3,SEC_BTE_GGC,Mail Express,75.1
36.3,78.4,8.7,65,2,2,0.32,0,1,0.1,0.0,6.1,5.5,SEC_SWM_KOTA,Rajdhani Express,133.1
48.6,69.0,15.0,250,12,2,0.35,3,1,0.0,0.5,5.0,10.6,SEC_BRC_MMCT,Rajdhani Express,88.2
43.5,278.7,2.2,250,21,6,0.35,2,1,0.1,0.0,1.5,10.2,SEC_BRC_MMCT,Express,394.4
90.1,147.6,1.6,250,17,3,0.42,1,0,0.0,0.0,1.2,14.5,SEC_BRC_MMCT,Superfast Express,97.8
41.4,32.7,10.3,65,6,6,0.43,1,1,0.1,0.0,1.9,21.0,SEC_SWM_KOTA,Mail Express,53.1
37.8,4.0,43.7,25,21,2,0.71,1,0,0.6,0.0,1.3,19.1,SEC_MTJ_BTE,Mail Express,8.9
108.5,68.7,6.6,75,21,3,0.68,1,0,0.0,0.0,7.6,15.9,SEC_BTE_GGC,Rajdhani Express,37.3
90.8,24.9,6.9,25,14,4,0.39,0,0,0.0,0.0,1.2,4.7,SEC_MTJ_BTE,Mail Express,16.9
0.0,4.0,12.0,25,4,3,0.18,1,0,0.0,0.8,5.8,5.7,SEC_MTJ_BTE,Rajdhani Express,3.0
107.1,62.1,5.4,165,23,1,0.33,0,0,0.0,0.0,7.8,11.9,SEC_RATL_BRC,Rajdhani Express,30.1
96.5,26.9,0.2,25,6,2,0.4,0,0,0.1,0.0,1.2,28.7,SEC_MTJ_BTE,Express,18.1
40.4,50.5,6.4,42,3,1,0.14,2,1,0.1,0.0,1.1,18.4,SEC_GGC_SWM,Mail Express,79.6
63.0,32.5,12.8,165,8,6,0.73,2,0,0.9,0.0,1.8,9.2,SEC_RATL_BRC,Mail Express,31.3
82.4,11.8,0.7,65,11,3,0.76,0,0,0.3,0.0,1.2,5.5,SEC_SWM_KOTA,Mail Express,8.5
97.8,209.9,9.8,165,16,2,0.23,0,0,0.1,0.0,2.4,0.9,SEC_RATL_BRC,Mail Express,128.6
92.0,83.1,3.6,75,3,0,0.41,0,0,0.0,0.0,2.6,4.1,SEC_BTE_GGC,Mail Express,55.9
103.8,75.9,28.5,65,15,1,0.15,0,0,0.0,0.0,2.6,32.0,SEC_SWM_KOTA,Mail Express,42.2
96.2,51.3,7.8,75,3,5,0.25,0,0,0.0,0.0,2.7,35.0,SEC_BTE_GGC,Rajdhani Express,28.8
107.8,40.1,18.0,95,15,5,0.44,0,0,0.1,0.0,1.4,27.6,SEC_NDLS_MTJ,Rajdhani Express,22.6
107.7,80.0,9.4,95,12,4,0.27,0,0,0.0,0.0,1.9,52.4,SEC_NDLS_MTJ,Superfast Express,41.9
88.8,65.5,9.1,170,9,4,0.52,3,0,0.0,0.0,1.9,12.0,SEC_KOTA_RATL,Superfast Express,45.7
53.7,12.6,1.4,25,21,6,0.4,2,0,0.0,0.0,5.0,11.9,SEC_MTJ_BTE,Rajdhani Express,15.1
112.5,93.4,3.6,250,6,2,0.33,0,0,0.0,0.0,1.9,8.2,SEC_BRC_MMCT,Mail Express,50.2
61.2,71.2,32.4,250,16,2,0.24,2,0,0.6,0.0,1.9,12.5,SEC_BRC_MMCT,Mail Express,68.7
98.8,93.7,11.6,170,1,3,0.41,0,0,0.0,0.0,7.9,6.8,SEC_KOTA_RATL,Rajdhani Express,53.4
58.1,25.9,6.3,25,14,2,0.19,4,0,0.1,0.0,2.4,1.5,SEC_MTJ_BTE,Mail Express,30.1
86.7,186.2,16.6,165,14,0,0.11,1,0,0.0,0.2,1.5,15.6,SEC_RATL_BRC,Mail Express,127.9
101.9,91.0,0.8,95,17,5,0.6,1,0,0.9,0.0,1.7,10.0,SEC_NDLS_MTJ,Superfast Express,64.6
82.3,45.2,1.3,65,15,3,0.26,2,0,0.3,0.0,2.5,0.1,SEC_SWM_KOTA,Superfast Express,35.5
84.9,54.5,6.8,75,22,3,0.21,2,0,0.0,0.0,2.7,4.5,SEC_BTE_GGC,Express,35.1
105.5,300.2,3.3,250,18,5,0.41,0,0,0.0,0.0,2.1,7.7,SEC_BRC_MMCT,Rajdhani Express,170.8
92.7,243.3,3.4,250,15,4,0.47,0,0,0.1,0.0,1.1,5.4,SEC_BRC_MMCT,Mail Express,158.1
85.4,31.0,1.3,75,12,2,0.49,0,0,0.1,0.0,2.7,2.8,SEC_BTE_GGC,Rajdhani Express,19.0
96.0,321.0,5.7,250,19,5,0.42,1,0,0.1,0.0,1.9,4.3,SEC_BRC_MMCT,Mail Express,203.8
82.9,171.4,11.3,170,10,0,0.85,0,0,0.3,0.0,1.5,14.7,SEC_KOTA_RATL,Express,130.5
45.9,97.8,0.6,95,4,6,0.32,2,0,0.1,0.0,1.7,7.2,SEC_NDLS_MTJ,Rajdhani Express,128.9
95.9,66.2,18.4,170,23,4,0.26,0,0,0.1,0.0,1.9,4.1,SEC_KOTA_RATL,Express,42.6
88.9,95.2,16.3,95,12,0,0.44,1,0,0.0,16.3,1.3,23.2,SEC_NDLS_MTJ,Express,81.0
93.8,102.5,3.2,165,11,3,0.38,0,0,0.0,0.0,1.6,20.0,SEC_RATL_BRC,Express,65.4
118.6,88.1,2.9,170,21,1,0.5,0,0,0.0,0.0,6.4,5.6,SEC_KOTA_RATL,Rajdhani Express,39.2
89.1,23.3,9.5,42,20,2,0.4,0,0,0.3,0.0,4.3,24.7,SEC_GGC_SWM,Superfast Express,15.2
101.3,10.7,4.4,25,9,0,0.57,0,0,0.6,0.0,1.7,2.8,SEC_MTJ_BTE,Rajdhani Express,8.7
91.7,151.5,2.1,170,0,4,0.32,0,0,0.9,0.0,2.6,7.0,SEC_KOTA_RATL,Superfast Express,102.6
123.5,163.0,1.5,170,14,5,0.3,0,0,0.0,0.0,4.5,0.8,SEC_KOTA_RATL,Rajdhani Express,76.2
86.6,240.9,17.7,165,8,0,0.64,1,0,0.0,0.0,1.9,3.3,SEC_RATL_BRC,Mail Express,170.6
121.9,157.9,23.0,250,10,3,0.37,0,0,0.0,0.0,7.4,9.9,SEC_BRC_MMCT,Rajdhani Express,73.2
98.6,19.3,23.8,165,18,0,0.52,1,0,0.0,0.0,2.4,19.3,SEC_RATL_BRC,Express,8.9
30.9,284.9,5.0,250,22,5,0.3,0,1,0.3,0.0,2.8,3.8,SEC_BRC_MMCT,Rajdhani Express,559.9
87.5,43.7,0.2,42,15,4,0.24,1,0,0.0,0.0,2.6,1.8,SEC_GGC_SWM,Express,33.7
50.4,31.9,3.4,170,19,2,0.68,2,0,0.0,0.0,3.2,3.3,SEC_KOTA_RATL,Superfast Express,36.2
84.7,99.4,16.8,170,6,3,0.18,1,0,0.0,0.0,2.7,3.0,SEC_KOTA_RATL,Mail Express,69.0
83.7,4.4,19.4,25,9,2,0.5,1,0,0.0,0.0,1.6,4.3,SEC_MTJ_BTE,Superfast Express,4.3
65.3,73.5,13.1,95,18,3,0.42,4,0,0.6,0.0,2.4,14.5,SEC_NDLS_MTJ,Express,75.6
69.8,26.7,15.9,42,22,6,0.36,2,0,0.1,0.0,6.7,1.4,SEC_GGC_SWM,Rajdhani Express,23.6
51.7,8.8,3.8,25,8,0,0.74,2,0,0.0,0.0,2.3,6.7,SEC_MTJ_BTE,Express,12.0
98.9,169.5,20.1,250,6,2,0.28,0,0,0.9,0.0,1.7,2.7,SEC_BRC_MMCT,Mail Express,104.3
73.6,7.4,19.7,25,16,6,0.18,2,0,0.0,2.6,2.3,16.6,SEC_MTJ_BTE,Express,11.7
28.4,64.8,16.4,65,21,4,0.41,0,1,0.0,0.0,1.8,10.7,SEC_SWM_KOTA,Mail Express,143.2
101.5,183.2,2.3,170,13,3,0.49,0,0,0.0,0.0,4.1,7.1,SEC_KOTA_RATL,Superfast Express,108.2
35.3,38.9,0.6,65,21,6,0.5,1,1,0.0,0.0,2.7,2.8,SEC_SWM_KOTA,Mail Express,71.7
106.7,36.5,3.9,75,20,5,0.52,0,0,0.0,0.0,3.9,5.5,SEC_BTE_GGC,Rajdhani Express,20.9
98.0,68.3,3.7,75,6,5,0.27,0,0,0.0,0.0,2.9,27.9,SEC_BTE_GGC,Mail Express,38.5
44.5,288.9,28.0,250,20,4,0.81,0,0,0.0,0.0,1.6,5.4,SEC_BRC_MMCT,Express,394.9
46.7,77.5,10.7,165,16,1,0.23,2,0,0.6,0.0,2.1,14.1,SEC_RATL_BRC,Rajdhani Express,101.7
94.4,218.3,2.6,170,4,1,0.37,0,0,0.1,0.0,2.3,2.9,SEC_KOTA_RATL,Mail Express,140.7
38.6,50.2,0.9,75,13,3,0.22,0,1,0.3,0.0,2.8,10.0,SEC_BTE_GGC,Express,79.4
75.0,16.2,1.7,170,20,1,0.8,0,0,0.0,0.0,6.6,3.0,SEC_KOTA_RATL,Rajdhani Express,12.4
91.7,165.0,5.8,165,9,5,0.53,1,0,0.0,0.0,2.4,2.8,SEC_RATL_BRC,Express,111.1
68.2,12.2,1.6,75,21,4,0.79,1,0,0.0,0.0,2.0,1.9,SEC_BTE_GGC,Express,12.1
93.1,11.3,1.8,42,7,0,0.19,1,0,0.0,0.0,2.9,11.2,SEC_GGC_SWM,Mail Express,6.6
95.4,30.5,3.1,75,0,1,0.29,0,0,0.0,0.0,1.0,36.3,SEC_BTE_GGC,Superfast Express,18.0
32.7,79.2,1.5,65,15,4,0.46,1,1,0.0,0.0,2.2,8.6,SEC_SWM_KOTA,Mail Express,156.7
88.7,157.3,4.9,165,20,0,0.44,1,0,0.0,0.0,1.8,4.7,SEC_RATL_BRC,Mail Express,107.1
26.9,34.9,0.7,42,8,1,0.4,3,1,0.0,0.0,3.2,22.2,SEC_GGC_SWM,Superfast Express,85.2
74.5,70.5,10.9,95,8,5,0.57,4,0,0.3,0.0,1.7,97.0,SEC_NDLS_MTJ,Express,64.4
95.3,18.1,3.0,75,23,3,0.33,1,0,0.0,0.0,4.1,10.2,SEC_BTE_GGC,Rajdhani Express,11.3
78.2,88.0,4.8,95,2,2,0.29,2,0,0.1,0.0,7.0,1.6,SEC_NDLS_MTJ,Rajdhani Express,64.2
83.7,34.6,13.5,65,13,2,0.34,2,0,0.0,0.0,5.7,68.2,SEC_SWM_KOTA,Rajdhani Express,23.7
94.6,19.5,2.3,25,23,6,0.24,0,0,0.3,0.0,1.1,0.1,SEC_MTJ_BTE,Mail Express,15.1
15.8,25.1,9.9,75,3,4,0.48,3,1,0.0,0.0,2.2,28.8,SEC_BTE_GGC,Superfast Express,26.6
62.6,11.2,1.2,25,15,0,0.27,2,0,0.0,0.0,1.1,23.3,SEC_MTJ_BTE,Express,9.5
64.1,32.8,4.6,42,10,2,0.77,1,0,0.0,0.0,2.5,0.6,SEC_GGC_SWM,Rajdhani Express,34.8
81.8,152.1,8.7,165,13,1,0.17,0,0,0.3,0.0,1.5,4.0,SEC_RATL_BRC,Superfast Express,113.5
47.3,68.1,10.8,75,5,1,0.33,2,0,0.1,0.0,6.7,8.1,SEC_BTE_GGC,Rajdhani Express,81.3
102.0,58.1,6.0,65,13,2,0.35,1,0,0.0,0.0,1.1,0.9,SEC_SWM_KOTA,Mail Express,33.2
50.3,67.4,0.9,95,17,2,0.44,3,0,0.0,0.0,1.8,8.4,SEC_NDLS_MTJ,Mail Express,81.8
22.7,23.8,6.6,25,17,3,0.66,0,1,0.0,0.0,1.1,50.9,SEC_MTJ_BTE,Express,64.3
44.4,336.6,9.6,250,8,6,0.72,2,0,0.9,0.0,4.4,48.0,SEC_BRC_MMCT,Superfast Express,466.1
95.7,70.4,2.3,75,15,5,0.31,1,0,0.0,0.0,2.5,6.2,SEC_BTE_GGC,Express,43.9
76.7,110.3,1.5,170,0,5,0.25,2,0,0.0,0.0,2.3,7.5,SEC_KOTA_RATL,Express,86.5
105.1,91.9,30.3,95,22,6,0.25,0,0,0.0,4.2,3.9,32.9,SEC_NDLS_MTJ,Rajdhani Express,53.3
25.1,32.7,17.7,42,17,3,0.46,0,1,0.0,0.0,1.2,17.8,SEC_GGC_SWM,Express,86.1
100.6,47.7,8.9,65,21,0,0.65,1,0,0.0,0.0,1.2,3.5,SEC_SWM_KOTA,Express,28.1
98.9,31.4,9.6,42,12,0,0.39,1,0,0.0,0.0,1.4,5.7,SEC_GGC_SWM,Mail Express,18.2
54.4,153.7,11.4,165,9,0,0.36,2,0,0.0,1.1,1.3,26.7,SEC_RATL_BRC,Express,176.8
0.0,31.1,13.2,42,6,6,0.34,3,0,0.0,5.4,2.9,17.2,SEC_GGC_SWM,Express,33.7
57.1,64.3,2.6,75,20,2,0.75,1,0,0.0,0.0,1.0,37.3,SEC_BTE_GGC,Mail Express,71.1
75.6,131.3,2.4,165,8,6,0.84,0,0,0.0,0.0,6.1,4.7,SEC_RATL_BRC,Rajdhani Express,99.5
87.6,13.2,15.1,25,15,5,0.34,0,0,0.0,0.0,2.9,28.5,SEC_MTJ_BTE,Mail Express,11.0
89.2,71.4,11.6,165,22,3,0.39,0,0,0.1,0.0,2.5,2.7,SEC_RATL_BRC,Express,48.7
38.5,24.2,5.4,25,22,2,0.25,2,0,0.0,0.0,3.3,2.0,SEC_MTJ_BTE,Superfast Express,35.9
50.3,13.6,0.2,25,13,4,0.35,3,0,0.0,0.0,2.4,9.2,SEC_MTJ_BTE,Express,17.2
98.3,52.1,13.8,170,22,0,0.49,0,0,0.0,0.0,1.4,0.4,SEC_KOTA_RATL,Mail Express,32.2
108.9,112.9,6.3,95,20,3,0.41,1,0,0.1,0.0,2.7,29.5,SEC_NDLS_MTJ,Superfast Express,64.7
106.7,77.8,14.7,75,12,1,0.36,0,0,0.9,0.0,3.0,15.2,SEC_BTE_GGC,Rajdhani Express,48.4
104.5,60.8,2.2,65,18,0,0.49,1,0,0.6,0.0,1.5,3.7,SEC_SWM_KOTA,Express,39.1
96.3,26.2,11.5,25,7,4,0.33,0,0,0.0,0.0,1.2,1.7,SEC_MTJ_BTE,Superfast Express,18.2
92.6,42.0,3.1,75,10,3,0.41,0,0,0.0,0.0,1.8,18.5,SEC_BTE_GGC,Mail Express,26.1
0.0,159.3,10.5,250,8,1,0.47,2,0,0.0,13.8,3.7,10.0,SEC_BRC_MMCT,Superfast Express,126.3
94.0,172.3,10.0,170,6,0,0.31,0,0,0.0,0.0,2.3,15.8,SEC_KOTA_RATL,Express,110.3
91.9,218.6,10.8,165,5,3,0.4,0,0,0.0,5.8,1.9,75.4,SEC_RATL_BRC,Express,150.0
104.2,189.1,0.1,165,0,0,0.18,0,0,0.0,0.0,4.0,3.1,SEC_RATL_BRC,Superfast Express,105.1
117.6,56.0,0.9,42,14,1,0.38,0,0,0.6,0.0,3.0,4.4,SEC_GGC_SWM,Rajdhani Express,31.9
97.7,83.9,1.9,65,1,3,0.25,0,0,0.0,0.0,1.8,33.0,SEC_SWM_KOTA,Superfast Express,51.3
98.6,186.6,3.2,165,4,0,0.15,0,0,0.0,0.0,2.3,2.8,SEC_RATL_BRC,Express,108.1
105.6,166.9,0.4,170,18,0,0.43,0,0,0.0,0.0,4.1,2.8,SEC_KOTA_RATL,Superfast Express,92.7
40.6,110.1,4.9,95,14,6,0.33,0,1,0.0,0.0,1.0,14.9,SEC_NDLS_MTJ,Mail Express,172.2
123.1,99.7,14.4,250,7,5,0.16,1,0,0.0,54.9,2.3,1.3,SEC_BRC_MMCT,Rajdhani Express,100.7
88.4,8.4,7.0,42,8,2,0.65,1,0,0.3,0.0,1.9,7.5,SEC_GGC_SWM,Superfast Express,6.9
102.1,153.5,24.1,250,4,3,0.3,1,0,0.0,4.7,1.8,39.0,SEC_BRC_MMCT,Mail Express,96.0
97.5,7.7,24.1,42,9,5,0.53,0,0,0.0,0.0,4.2,3.5,SEC_GGC_SWM,Superfast Express,4.1
94.6,41.7,5.4,42,5,3,0.2,1,0,0.0,0.0,1.1,15.3,SEC_GGC_SWM,Mail Express,25.4
107.9,41.8,3.8,75,9,2,0.36,0,0,0.1,0.0,3.4,26.7,SEC_BTE_GGC,Rajdhani Express,23.3
103.5,51.1,13.2,42,7,2,0.26,0,0,0.0,0.0,2.8,23.3,SEC_GGC_SWM,Mail Express,26.4
36.5,163.7,0.9,250,0,3,0.18,1,1,0.1,0.0,7.3,31.9,SEC_BRC_MMCT,Rajdhani Express,270.9
99.1,61.3,2.9,75,22,3,0.49,1,0,0.0,0.0,2.3,35.9,SEC_BTE_GGC,Express,40.4
87.2,34.8,3.3,42,22,3,0.42,0,0,0.0,0.0,2.6,3.0,SEC_GGC_SWM,Mail Express,22.8
47.8,46.1,11.9,65,3,4,0.45,2,0,0.0,1.8,6.6,12.8,SEC_SWM_KOTA,Rajdhani Express,56.2
36.0,16.3,0.2,95,10,1,0.71,0,0,0.3,0.0,5.7,1.6,SEC_NDLS_MTJ,Rajdhani Express,26.0
92.7,225.7,23.0,250,19,5,0.61,1,0,0.0,0.0,2.6,41.2,SEC_BRC_MMCT,Express,146.3
98.0,119.2,1.7,95,8,4,0.6,0,0,0.0,0.0,5.6,32.1,SEC_NDLS_MTJ,Rajdhani Express,72.6
79.7,108.6,3.1,165,12,5,0.19,1,0,0.1,0.0,2.9,20.4,SEC_RATL_BRC,Express,82.6
63.5,192.2,8.5,170,17,0,0.84,0,0,0.0,0.0,2.5,18.1,SEC_KOTA_RATL,Superfast Express,181.9
92.1,27.4,9.2,75,5,4,0.15,0,0,0.0,0.0,1.9,4.3,SEC_BTE_GGC,Express,15.8
77.5,285.1,5.8,250,14,1,0.33,3,0,0.0,0.0,2.7,45.6,SEC_BRC_MMCT,Express,225.0
93.5,27.6,2.1,25,22,4,0.43,0,0,0.1,0.0,2.2,24.5,SEC_MTJ_BTE,Express,18.7
84.3,101.7,19.1,165,8,0,0.74,1,0,0.0,0.0,4.3,12.4,SEC_RATL_BRC,Superfast Express,74.2
99.2,20.7,3.1,170,4,3,0.33,0,0,0.0,0.0,5.5,14.0,SEC_KOTA_RATL,Rajdhani Express,11.0
40.1,29.9,9.0,65,13,2,0.31,2,0,0.0,0.0,1.4,10.7,SEC_SWM_KOTA,Express,48.0
100.9,66.4,7.9,65,16,2,0.48,0,0,0.0,0.0,2.2,8.0,SEC_SWM_KOTA,Express,40.0
56.9,34.8,3.3,165,10,5,0.78,0,0,0.0,0.0,4.6,2.2,SEC_RATL_BRC,Superfast Express,34.4
46.9,186.8,6.4,250,17,6,0.71,0,0,0.0,0.0,3.9,5.4,SEC_BRC_MMCT,Superfast Express,239.4
100.1,70.5,6.2,250,6,1,0.23,1,0,0.1,0.0,4.0,16.3,SEC_BRC_MMCT,Rajdhani Express,37.5
79.5,88.7,4.8,95,5,0,0.34,0,0,0.0,0.0,2.7,2.1,SEC_NDLS_MTJ,Superfast Express,65.1
44.0,290.2,34.1,250,5,5,0.13,0,1,0.0,0.0,1.3,0.9,SEC_BRC_MMCT,Express,400.4
0.0,152.4,28.9,250,3,3,0.2,0,0,0.1,22.0,2.1,2.8,SEC_BRC_MMCT,Mail Express,134.2
38.9,74.8,13.5,95,11,5,0.41,1,1,0.1,0.0,2.1,30.8,SEC_NDLS_MTJ,Mail Express,122.6
106.7,94.9,2.7,250,15,0,0.26,0,0,0.0,0.0,2.4,11.9,SEC_BRC_MMCT,Mail Express,52.8
107.3,66.4,3.5,75,11,0,0.44,0,0,0.0,0.0,7.4,7.1,SEC_BTE_GGC,Rajdhani Express,32.5
0.0,25.9,20.4,42,5,6,0.42,0,0,0.0,18.2,1.0,23.9,SEC_GGC_SWM,Express,37.4
105.9,22.7,35.9,75,18,5,0.55,0,0,0.0,0.0,1.3,0.0,SEC_BTE_GGC,Express,13.4
103.2,32.4,0.8,42,16,6,0.1,0,0,0.3,0.0,4.8,17.3,SEC_GGC_SWM,Rajdhani Express,20.1
87.5,82.3,10.4,75,2,1,0.37,0,0,0.0,0.0,1.7,20.7,SEC_BTE_GGC,Mail Express,54.5
121.4,246.3,12.9,250,10,0,0.62,0,0,0.0,0.0,2.4,5.2,SEC_BRC_MMCT,Rajdhani Express,121.9
114.9,39.6,15.6,65,12,2,0.23,0,0,0.0,0.0,7.9,6.3,SEC_SWM_KOTA,Rajdhani Express,20.7
39.4,28.2,25.4,25,4,0,0.28,2,1,0.0,14.0,2.5,37.2,SEC_MTJ_BTE,Express,64.2
46.3,19.2,22.1,25,22,5,0.38,0,1,0.0,0.0,1.9,3.4,SEC_MTJ_BTE,Mail Express,31.1
63.2,151.7,0.7,250,20,2,0.79,1,0,0.6,0.0,2.4,16.2,SEC_BRC_MMCT,Mail Express,149.0
41.9,96.5,16.7,95,1,5,0.33,4,0,0.0,0.0,1.7,11.7,SEC_NDLS_MTJ,Express,139.9
39.7,270.4,6.9,250,23,5,0.11,3,1,0.0,0.0,1.2,8.3,SEC_BRC_MMCT,Express,414.9
109.0,90.5,16.5,75,1,6,0.26,1,0,0.1,5.0,4.7,16.9,SEC_BTE_GGC,Superfast Express,56.2
86.7,33.7,1.4,65,1,5,0.42,2,0,0.0,0.0,1.4,3.0,SEC_SWM_KOTA,Express,25.3
83.2,4.3,18.3,25,2,3,0.14,1,0,0.1,0.0,1.6,0.3,SEC_MTJ_BTE,Mail Express,3.0
118.7,30.0,0.4,65,7,6,0.27,0,0,0.0,0.0,1.4,5.9,SEC_SWM_KOTA,Superfast Express,15.8
96.5,141.8,6.9,165,0,6,0.38,0,0,0.0,0.0,6.2,2.5,SEC_RATL_BRC,Rajdhani Express,84.7
99.3,42.5,12.7,42,12,6,0.5,1,0,0.1,0.0,1.6,11.6,SEC_GGC_SWM,Superfast Express,28.2
34.9,184.5,6.3,165,20,6,0.41,2,1,0.0,0.0,1.3,4.6,SEC_RATL_BRC,Express,326.9
38.2,80.2,19.9,75,9,3,0.77,4,1,0.0,0.0,5.6,0.6,SEC_BTE_GGC,Rajdhani Express,136.8
24.3,231.1,21.5,165,21,4,0.54,0,1,0.6,0.0,1.2,8.7,SEC_RATL_BRC,Express,567.3
87.0,66.6,7.5,75,21,0,0.55,1,0,0.0,0.0,1.2,14.9,SEC_BTE_GGC,Express,47.9
105.0,83.8,3.1,170,15,3,0.38,0,0,0.1,0.0,3.8,70.8,SEC_KOTA_RATL,Superfast Express,48.9
51.2,203.5,3.7,165,8,4,0.82,0,0,0.0,0.0,2.0,12.4,SEC_RATL_BRC,Mail Express,242.5
102.0,90.9,41.2,165,13,6,0.14,0,0,0.0,0.0,3.5,14.8,SEC_RATL_BRC,Rajdhani Express,46.7
33.7,109.2,7.9,170,13,5,0.3,2,1,0.3,0.0,1.7,10.8,SEC_KOTA_RATL,Superfast Express,204.7
91.3,231.7,0.2,165,1,4,0.31,1,0,0.6,0.0,5.0,13.7,SEC_RATL_BRC,Rajdhani Express,156.7
64.1,202.7,5.2,170,21,1,0.79,2,0,0.0,0.0,2.3,8.8,SEC_KOTA_RATL,Mail Express,197.7
93.9,92.8,18.3,75,16,5,0.2,0,0,0.0,0.0,1.1,0.7,SEC_BTE_GGC,Mail Express,60.3
39.3,19.5,9.1,25,14,3,0.12,2,1,0.0,0.0,2.1,18.0,SEC_MTJ_BTE,Express,37.0
84.1,27.8,23.1,25,9,1,0.7,1,0,0.0,0.0,1.7,13.9,SEC_MTJ_BTE,Mail Express,25.7
33.3,87.8,28.5,75,7,4,0.36,3,1,0.0,8.2,2.0,0.4,SEC_BTE_GGC,Express,176.1
67.9,64.8,36.6,165,18,0,0.77,0,0,0.3,0.0,2.7,11.0,SEC_RATL_BRC,Express,57.9
78.7,4.0,1.4,25,16,0,0.41,0,0,0.3,0.0,7.3,26.8,SEC_MTJ_BTE,Rajdhani Express,3.0
93.6,63.7,10.8,165,3,3,0.19,0,0,0.0,0.0,1.1,50.2,SEC_RATL_BRC,Mail Express,39.6
92.5,53.3,0.9,65,8,4,0.63,1,0,0.0,0.0,3.0,2.7,SEC_SWM_KOTA,Express,36.0
81.4,23.6,4.4,25,3,5,0.18,2,0,0.0,0.0,7.9,6.9,SEC_MTJ_BTE,Rajdhani Express,19.3
102.8,194.4,7.5,250,5,6,0.12,0,0,0.0,0.0,3.0,3.7,SEC_BRC_MMCT,Superfast Express,109.6
45.0,49.7,10.7,165,2,3,0.35,4,1,0.0,18.1,6.8,7.1,SEC_RATL_BRC,Rajdhani Express,85.1
98.3,34.5,1.8,65,18,5,0.59,1,0,0.0,0.0,2.2,4.9,SEC_SWM_KOTA,Express,22.1
75.4,346.3,16.2,250,19,6,0.71,1,0,0.3,10.0,2.3,15.5,SEC_BRC_MMCT,Mail Express,295.3
96.2,65.3,4.2,65,5,1,0.41,0,0,0.0,0.0,1.1,0.6,SEC_SWM_KOTA,Express,41.9
46.6,25.6,33.5,75,23,4,0.25,0,1,0.1,0.0,4.0,34.2,SEC_BTE_GGC,Rajdhani Express,35.1
100.2,83.9,0.2,65,13,4,0.23,1,0,0.1,0.0,6.5,14.5,SEC_SWM_KOTA,Rajdhani Express,46.0
47.9,26.9,0.2,95,12,0,0.38,2,1,0.0,0.0,2.5,1.0,SEC_NDLS_MTJ,Rajdhani Express,41.8
95.2,120.6,13.9,95,20,3,0.45,1,0,0.3,0.0,4.0,18.3,SEC_NDLS_MTJ,Superfast Express,79.5
0.0,193.5,19.6,250,21,5,0.69,1,0,0.6,28.7,2.7,5.6,SEC_BRC_MMCT,Mail Express,170.1
104.7,245.9,6.0,250,19,6,0.6,1,0,0.1,0.0,1.5,63.6,SEC_BRC_MMCT,Express,144.2
52.2,75.0,4.4,170,9,0,0.81,0,0,0.0,0.0,1.5,5.1,SEC_KOTA_RATL,Mail Express,85.6
90.1,52.4,7.8,75,0,1,0.29,0,0,0.1,0.0,4.8,35.2,SEC_BTE_GGC,Superfast Express,30.1
78.5,32.9,5.6,25,22,1,0.15,0,0,0.6,0.0,5.8,10.5,SEC_MTJ_BTE,Rajdhani Express,26.6
98.2,31.6,6.2,95,15,5,0.47,1,0,0.1,0.0,4.0,25.5,SEC_NDLS_MTJ,Superfast Express,19.7
48.9,92.1,16.7,75,13,6,0.39,0,1,0.0,0.0,4.1,27.8,SEC_BTE_GGC,Superfast Express,117.4
110.6,37.4,0.1,42,9,6,0.43,0,0,0.1,0.0,3.0,7.2,SEC_GGC_SWM,Rajdhani Express,18.5
117.4,275.6,0.0,250,15,3,0.38,1,0,0.0,0.0,3.8,12.5,SEC_BRC_MMCT,Superfast Express,141.8
44.1,58.0,0.9,95,5,1,0.48,0,1,0.1,0.0,4.5,40.1,SEC_NDLS_MTJ,Rajdhani Express,81.1
103.0,282.4,5.5,250,15,0,0.48,1,0,0.1,0.0,2.1,43.3,SEC_BRC_MMCT,Mail Express,165.0
58.5,374.9,5.6,250,6,2,0.37,2,0,0.0,0.0,4.4,3.3,SEC_BRC_MMCT,Superfast Express,384.3
37.5,61.2,6.4,165,10,0,0.74,2,1,0.6,0.0,6.7,25.3,SEC_RATL_BRC,Rajdhani Express,101.9
88.5,23.6,4.3,25,13,6,0.22,0,0,0.0,0.0,2.9,2.1,SEC_MTJ_BTE,Mail Express,12.1
61.2,281.9,1.5,250,1,3,0.14,3,0,0.0,0.0,1.4,8.2,SEC_BRC_MMCT,Express,276.7
45.1,132.6,5.4,165,16,4,0.43,3,0,0.1,0.0,2.2,12.3,SEC_RATL_BRC,Mail Express,179.7
38.8,257.7,1.1,250,22,0,0.34,1,1,0.0,0.0,2.8,2.7,SEC_BRC_MMCT,Superfast Express,404.2
89.3,39.3,21.1,95,18,2,0.46,0,0,0.0,0.0,1.9,85.1,SEC_NDLS_MTJ,Mail Express,27.6
32.2,25.2,2.8,25,20,3,0.4,0,1,0.6,0.0,2.2,28.0,SEC_MTJ_BTE,Express,58.1
30.4,261.3,0.6,250,15,4,0.39,0,1,0.0,0.0,6.6,12.3,SEC_BRC_MMCT,Rajdhani Express,518.9
92.6,148.6,4.1,170,22,3,0.42,1,0,0.0,0.0,2.0,12.0,SEC_KOTA_RATL,Mail Express,95.8
88.3,95.8,19.6,95,9,5,0.6,0,0,0.0,0.0,2.6,26.0,SEC_NDLS_MTJ,Superfast Express,66.6
90.1,29.4,0.5,42,11,3,0.55,0,0,0.1,0.0,1.3,10.7,SEC_GGC_SWM,Mail Express,20.0
33.4,41.4,7.0,42,18,5,0.57,4,0,0.0,0.0,2.1,1.1,SEC_GGC_SWM,Superfast Express,81.0
100.4,93.4,3.4,170,4,2,0.36,0,0,0.1,0.0,2.8,10.7,SEC_KOTA_RATL,Mail Express,53.2
94.0,51.5,4.4,165,21,5,0.5,0,0,0.3,0.0,1.2,13.7,SEC_RATL_BRC,Mail Express,31.2
91.4,151.2,14.8,170,5,4,0.17,0,0,0.0,0.0,2.6,61.4,SEC_KOTA_RATL,Mail Express,100.6
102.0,43.2,15.6,42,22,5,0.29,0,0,0.0,11.9,2.5,3.9,SEC_GGC_SWM,Express,36.6
92.0,26.8,4.6,25,4,1,0.29,1,0,0.0,0.0,1.7,1.6,SEC_MTJ_BTE,Mail Express,19.6
46.2,27.5,2.0,42,19,3,0.56,0,1,0.3,0.0,1.1,12.9,SEC_GGC_SWM,Superfast Express,41.1
81.0,19.6,9.3,25,15,2,0.46,0,0,0.0,0.0,2.8,1.7,SEC_MTJ_BTE,Mail Express,14.1
40.7,13.6,4.1,42,17,0,0.76,0,0,0.0,0.0,2.6,22.1,SEC_GGC_SWM,Superfast Express,18.2
60.9,70.7,2.4,95,8,2,0.43,2,0,0.0,0.0,2.8,5.5,SEC_NDLS_MTJ,Express,66.9
43.5,17.0,13.4,75,16,0,0.4,1,1,0.0,0.0,1.6,15.9,SEC_BTE_GGC,Superfast Express,30.3
65.8,26.2,16.6,25,13,0,0.32,2,0,0.3,0.0,1.1,12.2,SEC_MTJ_BTE,Express,28.3
98.0,32.1,12.6,42,17,1,0.39,0,0,0.0,0.0,3.0,5.1,SEC_GGC_SWM,Rajdhani Express,19.4
95.2,152.6,16.9,250,10,6,0.69,0,0,0.0,0.0,2.3,10.4,SEC_BRC_MMCT,Express,96.8
97.9,166.4,1.0,170,17,2,0.59,0,0,0.0,0.0,3.1,5.6,SEC_KOTA_RATL,Rajdhani Express,101.2
58.0,54.7,15.1,75,22,0,0.44,2,0,0.0,0.0,7.7,12.6,SEC_BTE_GGC,Rajdhani Express,54.2
106.3,281.4,2.7,250,3,0,0.44,1,0,0.3,0.0,2.8,3.0,SEC_BRC_MMCT,Mail Express,164.3
95.6,25.9,19.4,25,16,0,0.14,1,0,0.3,10.3,6.2,0.5,SEC_MTJ_BTE,Rajdhani Express,27.9
109.7,51.2,3.3,75,6,2,0.25,1,0,0.1,0.0,3.0,17.1,SEC_BTE_GGC,Rajdhani Express,28.2
61.3,50.4,19.0,75,22,3,0.42,2,0,0.6,0.0,1.1,13.9,SEC_BTE_GGC,Express,52.1
120.0,143.5,24.4,250,4,5,0.21,0,0,0.0,0.0,7.2,47.4,SEC_BRC_MMCT,Rajdhani Express,67.0
37.6,187.6,8.9,170,4,0,0.14,1,1,0.0,0.0,1.6,17.4,SEC_KOTA_RATL,Express,305.3
63.2,45.7,0.9,42,13,6,0.27,2,0,0.0,0.0,1.7,12.0,SEC_GGC_SWM,Mail Express,45.3
47.9,40.0,28.0,95,15,2,0.5,3,0,0.3,0.0,4.4,11.5,SEC_NDLS_MTJ,Superfast Express,49.6
105.6,78.8,14.7,65,2,2,0.14,0,0,0.0,0.0,4.2,13.0,SEC_SWM_KOTA,Superfast Express,41.8
93.5,107.9,15.4,170,11,5,0.43,0,0,0.1,18.6,1.7,7.0,SEC_KOTA_RATL,Mail Express,86.6
48.4,28.7,3.1,42,16,3,0.16,2,0,0.0,0.0,2.2,24.2,SEC_GGC_SWM,Superfast Express,34.3
0.0,22.3,20.7,42,13,3,0.42,3,1,0.0,8.1,4.0,27.7,SEC_GGC_SWM,Superfast Express,34.1
36.8,214.7,10.7,165,16,6,0.31,1,1,0.1,8.1,2.6,3.8,SEC_RATL_BRC,Mail Express,367.1
96.9,165.7,6.7,170,14,1,0.1,0,0,0.0,0.0,4.7,9.7,SEC_KOTA_RATL,Rajdhani Express,99.4
108.3,93.8,13.3,95,2,2,0.36,0,0,0.0,0.0,2.8,16.2,SEC_NDLS_MTJ,Rajdhani Express,51.7
28.3,153.4,2.7,170,5,3,0.23,1,1,0.0,0.0,2.4,3.7,SEC_KOTA_RATL,Mail Express,329.9
105.7,41.6,0.3,95,1,5,0.1,1,0,0.0,0.0,2.2,0.0,SEC_NDLS_MTJ,Mail Express,19.8
120.0,101.9,12.8,75,20,5,0.43,1,0,0.1,7.2,8.0,19.8,SEC_BTE_GGC,Rajdhani Express,57.2
100.1,80.9,21.9,65,12,5,0.21,0,0,0.0,0.0,2.4,11.0,SEC_SWM_KOTA,Mail Express,48.7
83.5,39.5,4.2,65,11,0,0.57,3,0,0.3,0.0,2.6,14.2,SEC_SWM_KOTA,Express,29.2
107.2,29.7,5.7,65,22,3,0.32,0,0,0.0,0.0,4.8,40.9,SEC_SWM_KOTA,Superfast Express,18.8
101.4,187.1,2.6,250,17,4,0.5,0,0,0.1,0.0,1.9,31.1,SEC_BRC_MMCT,Superfast Express,110.9
32.7,140.2,0.0,250,20,3,0.65,0,1,0.0,0.0,2.0,8.5,SEC_BRC_MMCT,Express,264.5
73.7,9.6,17.9,42,2,0,0.36,3,0,0.0,11.7,2.4,14.5,SEC_GGC_SWM,Express,17.4
94.8,194.6,5.4,170,23,5,0.49,0,0,0.1,0.0,2.3,16.7,SEC_KOTA_RATL,Mail Express,123.4
97.1,64.5,15.9,75,6,0,0.39,0,0,0.3,0.0,2.4,16.1,SEC_BTE_GGC,Express,42.3
104.5,77.9,2.8,65,20,1,0.66,0,0,0.0,0.0,1.5,22.8,SEC_SWM_KOTA,Express,50.1
61.6,106.7,8.6,95,17,4,0.85,3,0,0.1,0.0,6.4,30.7,SEC_NDLS_MTJ,Rajdhani Express,108.6
27.8,27.0,1.7,65,9,5,0.55,0,1,0.0,0.0,4.1,5.7,SEC_SWM_KOTA,Superfast Express,59.1
114.5,110.7,4.9,165,23,0,0.14,1,0,0.3,0.0,5.1,3.3,SEC_RATL_BRC,Rajdhani Express,54.6
92.8,203.3,3.5,170,20,4,0.63,1,0,0.1,0.0,2.9,0.8,SEC_KOTA_RATL,Express,135.6
113.4,238.3,9.8,170,1,6,0.12,0,0,0.0,0.0,4.1,31.6,SEC_KOTA_RATL,Rajdhani Express,122.1
28.5,9.4,9.0,25,9,4,0.58,0,1,0.0,0.0,2.2,5.2,SEC_MTJ_BTE,Mail Express,20.1
98.4,116.9,0.7,95,10,1,0.55,1,0,0.0,0.0,1.1,5.5,SEC_NDLS_MTJ,Mail Express,72.7
93.4,18.9,7.2,42,9,2,0.41,1,0,0.0,0.0,1.1,20.7,SEC_GGC_SWM,Express,15.7
32.5,99.3,5.2,75,16,5,0.16,2,1,0.0,0.0,3.0,20.0,SEC_BTE_GGC,Mail Express,187.4
109.4,37.9,8.3,42,10,4,0.66,0,0,0.0,0.0,2.9,4.9,SEC_GGC_SWM,Rajdhani Express,22.6
96.8,50.0,3.0,42,14,0,0.41,1,0,0.0,0.0,1.0,19.9,SEC_GGC_SWM,Express,34.1
93.8,45.1,2.1,75,13,0,0.24,0,0,0.3,0.0,2.7,20.8,SEC_BTE_GGC,Mail Express,31.5
94.7,26.8,19.7,25,13,1,0.3,1,0,0.0,0.0,1.1,3.6,SEC_MTJ_BTE,Rajdhani Express,17.4
59.2,61.2,10.7,250,14,0,0.2,2,0,0.0,0.0,3.3,2.3,SEC_BRC_MMCT,Superfast Express,58.1
41.0,231.3,8.2,170,18,4,0.42,0,1,0.1,0.0,2.6,36.7,SEC_KOTA_RATL,Mail Express,346.4
22.5,42.6,2.6,165,18,3,0.73,0,1,0.3,0.0,3.0,8.1,SEC_RATL_BRC,Express,109.5
100.2,133.5,11.3,165,22,3,0.42,0,0,0.6,0.0,2.1,2.6,SEC_RATL_BRC,Mail Express,83.4
72.4,12.4,3.3,165,4,4,0.13,2,0,0.0,0.0,2.5,2.5,SEC_RATL_BRC,Superfast Express,9.2
38.0,82.2,3.1,75,22,3,0.18,0,1,0.6,0.0,1.9,1.4,SEC_BTE_GGC,Mail Express,140.9
109.4,103.0,25.1,75,22,1,0.13,0,0,0.6,1.4,7.7,29.6,SEC_BTE_GGC,Rajdhani Express,54.8
32.9,229.4,18.6,250,1,5,0.4,1,1,0.6,0.0,1.4,7.2,SEC_BRC_MMCT,Mail Express,429.6
97.7,60.8,10.6,75,3,4,0.17,0,0,0.0,0.0,1.0,0.2,SEC_BTE_GGC,Express,39.5
25.4,112.3,5.8,165,3,2,0.38,2,1,0.0,0.0,4.8,3.3,SEC_RATL_BRC,Rajdhani Express,269.9
104.0,42.3,12.3,65,16,1,0.12,0,0,0.0,0.0,7.0,2.2,SEC_SWM_KOTA,Rajdhani Express,22.6
58.8,21.3,7.8,25,9,2,0.6,3,0,0.3,0.0,1.8,3.7,SEC_MTJ_BTE,Express,30.5
44.4,39.7,22.0,65,15,0,0.25,2,0,0.0,8.3,2.9,37.0,SEC_SWM_KOTA,Express,61.2
27.3,24.0,5.3,75,18,3,0.56,3,1,0.3,0.0,4.8,16.1,SEC_BTE_GGC,Superfast Express,54.4
88.0,60.5,7.6,95,9,1,0.65,0,0,0.0,0.0,2.3,10.3,SEC_NDLS_MTJ,Express,42.1
94.5,53.3,0.8,75,0,0,0.13,0,0,0.0,0.0,2.2,37.7,SEC_BTE_GGC,Mail Express,29.9
110.4,109.8,7.6,170,1,3,0.49,1,0,0.0,0.0,3.1,2.5,SEC_KOTA_RATL,Rajdhani Express,57.4
122.9,166.7,10.2,250,18,3,0.52,1,0,0.1,0.0,1.8,20.3,SEC_BRC_MMCT,Express,83.9
86.8,92.1,11.2,170,15,6,0.2,0,0,0.1,0.0,1.5,30.7,SEC_KOTA_RATL,Mail Express,61.8
34.7,61.0,1.0,75,16,5,0.46,1,1,0.0,0.0,3.6,3.6,SEC_BTE_GGC,Superfast Express,112.0
46.9,174.8,13.6,250,21,3,0.38,0,1,0.0,0.0,2.1,37.7,SEC_BRC_MMCT,Mail Express,230.6
90.1,87.5,19.2,75,2,6,0.44,0,0,0.1,0.0,1.7,24.1,SEC_BTE_GGC,Express,63.7
31.9,228.7,4.7,165,7,3,0.17,0,1,0.0,0.0,2.9,5.3,SEC_RATL_BRC,Mail Express,431.6
61.9,127.1,10.6,170,21,3,0.47,2,0,0.0,19.8,7.6,6.7,SEC_KOTA_RATL,Rajdhani Express,140.4
109.6,47.6,3.9,65,5,5,0.11,0,0,0.0,0.0,5.4,3.2,SEC_SWM_KOTA,Rajdhani Express,23.5
38.8,97.5,2.8,95,17,5,0.74,1,0,0.0,0.0,2.2,6.7,SEC_NDLS_MTJ,Express,154.1
84.9,8.5,14.5,25,6,4,0.38,1,0,0.0,0.0,3.0,2.6,SEC_MTJ_BTE,Rajdhani Express,5.1
100.0,63.9,10.1,95,15,4,0.22,0,0,0.0,3.0,2.6,23.4,SEC_NDLS_MTJ,Superfast Express,41.1
87.6,40.7,12.2,95,21,4,0.48,0,0,0.0,0.0,5.6,14.8,SEC_NDLS_MTJ,Rajdhani Express,21.8
100.3,17.5,3.8,75,8,6,0.38,0,0,0.0,0.0,4.7,0.0,SEC_BTE_GGC,Rajdhani Express,12.9
98.7,45.2,6.9,42,22,6,0.32,0,0,0.0,0.0,4.1,20.5,SEC_GGC_SWM,Superfast Express,28.0
113.6,227.5,5.0,250,17,4,0.36,0,0,0.0,0.0,1.4,13.6,SEC_BRC_MMCT,Rajdhani Express,121.6
40.7,209.1,2.2,170,18,0,0.64,0,1,0.1,0.0,1.1,7.7,SEC_KOTA_RATL,Mail Express,317.0
103.5,185.8,31.9,250,10,3,0.41,0,0,0.1,0.0,4.8,3.2,SEC_BRC_MMCT,Rajdhani Express,103.4
89.2,33.6,9.8,75,0,6,0.41,0,0,0.0,0.0,2.6,6.4,SEC_BTE_GGC,Mail Express,19.5
86.1,70.5,1.8,170,8,0,0.62,1,0,0.0,0.0,1.6,17.4,SEC_KOTA_RATL,Mail Express,50.7
46.3,30.6,9.6,25,17,1,0.63,2,0,0.0,0.0,1.9,51.4,SEC_MTJ_BTE,Rajdhani Express,43.3
0.0,23.2,19.5,65,5,2,0.39,3,0,0.0,17.2,3.1,46.7,SEC_SWM_KOTA,Superfast Express,31.7
87.3,10.4,1.2,25,9,3,0.55,0,0,0.0,0.0,1.5,15.3,SEC_MTJ_BTE,Superfast Express,9.4
104.0,85.7,3.8,75,19,2,0.46,0,0,0.3,0.0,7.0,9.6,SEC_BTE_GGC,Rajdhani Express,49.5
92.0,58.6,0.3,75,22,0,0.47,0,0,0.0,0.0,7.5,6.0,SEC_BTE_GGC,Rajdhani Express,38.5
97.3,37.2,21.5,65,3,2,0.34,0,0,0.1,0.0,2.9,43.7,SEC_SWM_KOTA,Mail Express,19.1
86.8,73.8,12.6,75,10,2,0.37,0,0,0.1,0.0,2.9,2.4,SEC_BTE_GGC,Mail Express,51.3
51.4,86.3,30.1,165,1,1,0.35,4,0,0.6,0.0,6.1,9.8,SEC_RATL_BRC,Rajdhani Express,94.7
28.6,14.5,11.1,42,15,4,0.35,4,1,0.0,0.0,3.1,3.7,SEC_GGC_SWM,Superfast Express,33.3
97.4,126.4,3.6,165,8,0,0.35,1,0,0.3,0.0,4.0,1.8,SEC_RATL_BRC,Rajdhani Express,75.1
43.9,205.9,3.0,170,17,3,0.47,0,1,0.0,0.0,1.3,0.7,SEC_KOTA_RATL,Mail Express,288.6
87.2,10.9,6.8,25,0,3,0.39,0,0,0.0,0.0,1.3,19.4,SEC_MTJ_BTE,Mail Express,6.3
44.2,33.2,0.3,42,8,4,0.63,4,0,0.0,0.0,7.0,42.6,SEC_GGC_SWM,Rajdhani Express,45.7
97.8,24.3,11.5,25,17,5,0.37,0,0,0.3,0.0,2.9,15.2,SEC_MTJ_BTE,Superfast Express,17.5
53.0,47.4,24.0,75,18,3,0.8,4,0,0.0,0.0,1.0,5.7,SEC_BTE_GGC,Express,57.8
108.3,127.5,26.8,250,20,4,0.57,0,0,0.1,0.0,5.4,31.6,SEC_BRC_MMCT,Rajdhani Express,67.3
65.5,34.2,6.7,42,11,4,0.44,2,0,0.6,0.0,1.0,40.6,SEC_GGC_SWM,Superfast Express,35.0
41.3,97.4,27.8,75,17,3,0.49,3,0,0.0,7.3,3.3,19.3,SEC_BTE_GGC,Superfast Express,153.9
113.6,365.4,25.6,250,0,6,0.27,1,0,0.1,0.0,3.5,5.2,SEC_BRC_MMCT,Rajdhani Express,193.8
98.8,62.9,12.2,250,20,1,0.64,1,0,0.0,0.0,2.4,4.7,SEC_BRC_MMCT,Express,33.3
88.1,23.7,10.5,95,15,2,0.48,1,0,0.0,0.0,3.2,11.5,SEC_NDLS_MTJ,Rajdhani Express,11.8
34.5,51.7,0.6,65,11,6,0.75,0,1,0.1,0.0,2.5,17.4,SEC_SWM_KOTA,Mail Express,98.0
75.0,8.8,14.7,42,1,1,0.16,4,0,0.0,0.0,1.6,33.0,SEC_GGC_SWM,Express,7.7
85.6,21.4,4.7,25,2,3,0.24,0,0,0.0,0.0,1.3,46.5,SEC_MTJ_BTE,Express,14.1
82.0,25.7,16.1,25,23,4,0.3,1,0,0.0,0.0,4.6,17.4,SEC_MTJ_BTE,Superfast Express,19.1
100.7,84.4,2.3,65,6,4,0.3,0,0,0.0,0.0,2.2,34.0,SEC_SWM_KOTA,Mail Express,51.9
77.6,182.0,4.5,170,20,2,0.7,2,0,0.9,0.0,2.1,9.3,SEC_KOTA_RATL,Express,152.6
49.4,238.1,5.5,250,7,5,0.24,2,0,0.6,0.0,1.1,7.3,SEC_BRC_MMCT,Express,294.9
63.7,96.9,17.3,170,6,3,0.49,2,0,0.0,0.0,2.4,30.6,SEC_KOTA_RATL,Express,91.9
98.7,112.0,3.5,170,22,1,0.15,0,0,0.1,0.0,5.5,32.5,SEC_KOTA_RATL,Rajdhani Express,61.4
99.4,95.8,21.0,95,0,0,0.22,0,0,0.6,0.0,1.4,19.0,SEC_NDLS_MTJ,Mail Express,61.6
49.8,73.4,11.2,75,17,5,0.55,2,0,0.0,0.0,2.7,4.1,SEC_BTE_GGC,Mail Express,94.3
104.6,260.4,0.9,250,17,0,0.4,0,0,0.0,0.0,1.7,25.1,SEC_BRC_MMCT,Mail Express,152.9
83.4,21.2,2.0,25,21,3,0.64,0,0,0.6,0.0,1.8,15.7,SEC_MTJ_BTE,Rajdhani Express,18.3
85.7,15.3,3.9,25,12,6,0.23,0,0,0.0,0.0,1.2,69.1,SEC_MTJ_BTE,Express,10.0
83.3,16.5,0.2,170,5,6,0.2,0,0,0.0,0.0,2.2,2.0,SEC_KOTA_RATL,Mail Express,13.0
107.7,110.9,12.4,95,14,2,0.33,0,0,0.1,0.0,2.4,2.5,SEC_NDLS_MTJ,Rajdhani Express,65.2
45.6,7.9,8.0,42,0,1,0.23,2,0,0.0,0.0,2.7,13.5,SEC_GGC_SWM,Mail Express,9.5
21.4,48.7,2.9,95,21,5,0.56,2,1,0.0,0.0,2.0,4.9,SEC_NDLS_MTJ,Express,124.6
92.6,113.1,1.5,170,2,6,0.3,0,0,0.1,0.0,2.6,18.7,SEC_KOTA_RATL,Superfast Express,71.3
115.4,29.6,8.6,65,7,3,0.27,0,0,0.0,0.0,2.4,2.4,SEC_SWM_KOTA,Superfast Express,13.3
0.0,150.5,10.9,170,8,3,0.85,1,0,0.3,2.9,1.1,8.2,SEC_KOTA_RATL,Rajdhani Express,129.1
110.7,39.1,6.5,42,6,6,0.3,0,0,0.1,0.0,2.5,11.6,SEC_GGC_SWM,Rajdhani Express,19.9
92.0,190.1,7.8,165,8,4,0.46,1,0,0.0,0.0,3.1,18.8,SEC_RATL_BRC,Rajdhani Express,126.7
35.4,240.5,9.1,250,17,1,0.58,2,1,0.1,0.0,4.6,8.2,SEC_BRC_MMCT,Superfast Express,415.2
62.1,18.2,5.5,75,18,1,0.68,4,0,0.0,0.0,7.5,3.6,SEC_BTE_GGC,Rajdhani Express,16.2
96.6,4.8,2.3,25,8,4,0.45,0,0,0.0,0.0,3.5,2.1,SEC_MTJ_BTE,Superfast Express,4.3
85.9,4.0,11.8,42,6,6,0.41,1,0,0.0,0.0,2.5,2.3,SEC_GGC_SWM,Express,3.5
100.5,51.7,1.2,95,21,4,0.61,0,0,0.6,0.0,2.5,4.4,SEC_NDLS_MTJ,Express,31.4
48.3,95.1,21.5,250,13,5,0.46,3,0,0.0,0.0,2.1,9.4,SEC_BRC_MMCT,Rajdhani Express,116.3
98.7,20.4,4.7,95,13,6,0.45,0,0,0.0,0.0,1.6,8.5,SEC_NDLS_MTJ,Express,13.3
101.7,52.7,0.6,165,3,5,0.27,0,0,0.1,0.0,2.2,40.4,SEC_RATL_BRC,Express,27.8
101.8,248.2,4.8,250,11,4,0.69,0,0,0.3,0.0,1.2,6.1,SEC_BRC_MMCT,Mail Express,151.1
92.6,49.2,12.2,95,1,2,0.38,1,0,0.3,0.0,4.3,68.8,SEC_NDLS_MTJ,Superfast Express,29.7
95.0,117.7,21.9,165,10,0,0.46,1,0,0.0,3.2,2.1,4.7,SEC_RATL_BRC,Mail Express,76.4
68.0,106.4,8.2,165,10,0,0.82,2,0,0.0,0.0,2.1,2.3,SEC_RATL_BRC,Superfast Express,96.1
97.4,104.1,2.5,95,22,3,0.21,1,0,0.0,0.0,1.5,0.7,SEC_NDLS_MTJ,Superfast Express,63.9
36.2,18.8,10.9,25,6,1,0.14,1,1,0.0,0.0,2.7,1.9,SEC_MTJ_BTE,Superfast Express,35.5
92.4,32.7,4.4,170,2,5,0.38,0,0,0.0,0.0,2.2,23.3,SEC_KOTA_RATL,Express,19.4
74.7,14.9,12.0,25,15,3,0.23,4,0,0.0,4.5,2.4,29.7,SEC_MTJ_BTE,Rajdhani Express,16.8
61.2,52.3,1.6,95,8,1,0.42,2,0,0.0,0.0,1.3,34.0,SEC_NDLS_MTJ,Express,52.0
89.3,15.3,1.4,25,7,2,0.43,0,0,0.0,0.0,1.2,3.2,SEC_MTJ_BTE,Mail Express,12.3
95.4,86.2,0.0,95,16,6,0.2,0,0,0.3,0.0,1.1,1.3,SEC_NDLS_MTJ,Express,55.5
59.8,39.2,19.4,42,19,4,0.67,2,0,0.1,0.0,4.1,4.2,SEC_GGC_SWM,Rajdhani Express,39.7
44.2,177.0,18.8,250,20,3,0.71,1,1,0.1,6.4,2.6,2.7,SEC_BRC_MMCT,Rajdhani Express,255.6
41.0,21.5,56.0,25,1,0,0.31,0,1,0.9,0.0,3.7,4.4,SEC_MTJ_BTE,Rajdhani Express,40.6
89.3,213.7,11.9,165,22,0,0.28,0,0,0.0,0.0,1.6,1.8,SEC_RATL_BRC,Express,145.3
108.8,43.8,16.6,75,14,0,0.15,1,0,0.1,3.2,7.4,33.4,SEC_BTE_GGC,Rajdhani Express,23.1
101.3,67.8,17.6,65,2,0,0.26,1,0,0.1,0.0,2.6,2.6,SEC_SWM_KOTA,Mail Express,37.6
47.0,61.5,4.0,95,9,6,0.81,1,0,0.1,0.0,1.1,52.2,SEC_NDLS_MTJ,Rajdhani Express,84.8
98.6,118.9,11.4,165,3,4,0.49,1,0,0.0,0.0,2.1,34.6,SEC_RATL_BRC,Mail Express,77.9
36.4,191.7,0.8,165,19,6,0.83,0,1,0.0,0.0,3.2,13.1,SEC_RATL_BRC,Superfast Express,322.1
54.9,61.3,11.8,95,12,3,0.2,2,0,0.0,0.0,2.8,20.0,SEC_NDLS_MTJ,Mail Express,68.8
40.0,147.4,22.2,165,10,5,0.65,4,0,0.0,0.0,3.0,108.3,SEC_RATL_BRC,Rajdhani Express,227.2
93.3,89.4,0.9,95,16,2,0.39,0,0,0.0,0.0,1.6,106.6,SEC_NDLS_MTJ,Mail Express,57.7
101.8,16.9,3.4,42,3,0,0.1,1,0,0.0,0.0,2.6,5.6,SEC_GGC_SWM,Rajdhani Express,6.5
70.2,13.5,3.6,25,18,1,0.75,1,0,0.1,0.0,1.4,65.9,SEC_MTJ_BTE,Superfast Express,16.1
112.8,39.1,16.9,65,13,3,0.44,0,0,0.3,0.0,1.4,5.8,SEC_SWM_KOTA,Express,20.4
118.2,153.1,17.0,250,7,1,0.43,1,0,0.0,19.9,3.9,27.5,SEC_BRC_MMCT,Superfast Express,95.3
104.5,55.0,2.9,95,4,2,0.4,1,0,0.0,0.0,3.3,3.7,SEC_NDLS_MTJ,Rajdhani Express,31.2
29.6,195.1,7.2,165,9,4,0.37,0,1,0.0,0.0,2.3,15.7,SEC_RATL_BRC,Express,402.8
49.0,58.6,1.1,75,15,2,0.19,2,1,0.0,0.0,4.4,1.9,SEC_BTE_GGC,Superfast Express,74.3
99.8,70.3,2.9,170,11,0,0.55,0,0,0.1,0.0,2.1,15.0,SEC_KOTA_RATL,Express,41.8
115.6,51.3,27.3,75,7,4,0.35,1,0,0.0,0.0,7.1,13.2,SEC_BTE_GGC,Rajdhani Express,23.0
37.1,85.4,13.0,95,11,1,0.72,0,1,0.0,0.0,1.7,0.3,SEC_NDLS_MTJ,Mail Express,146.2
61.8,25.7,4.5,42,2,2,0.41,2,0,0.1,0.0,1.2,12.8,SEC_GGC_SWM,Superfast Express,25.3
87.2,32.5,3.6,42,22,5,0.12,0,0,0.0,0.0,2.6,8.0,SEC_GGC_SWM,Mail Express,18.1
49.2,244.6,19.2,250,18,4,0.79,1,0,0.1,0.0,1.5,24.4,SEC_BRC_MMCT,Express,306.3
90.4,148.6,4.0,170,13,2,0.2,1,0,0.3,0.0,2.7,10.8,SEC_KOTA_RATL,Express,99.5
51.5,87.3,10.9,75,14,6,0.41,4,0,0.6,0.0,3.4,5.4,SEC_BTE_GGC,Rajdhani Express,111.5
50.7,101.2,5.1,95,7,0,0.34,2,0,0.6,0.0,2.0,9.2,SEC_NDLS_MTJ,Mail Express,124.7
86.7,48.9,15.0,42,14,4,0.15,0,0,0.0,0.0,2.4,6.4,SEC_GGC_SWM,Superfast Express,35.6
0.0,47.9,11.6,42,15,5,0.37,3,0,0.1,5.7,3.5,32.5,SEC_GGC_SWM,Superfast Express,48.3
99.3,206.9,3.8,170,6,3,0.23,1,0,0.0,0.0,2.5,18.4,SEC_KOTA_RATL,Mail Express,125.1
47.9,75.1,2.8,75,11,0,0.72,0,1,0.1,0.0,7.1,19.2,SEC_BTE_GGC,Rajdhani Express,98.1
80.6,19.8,12.5,25,0,4,0.22,1,0,0.0,2.9,1.0,87.2,SEC_MTJ_BTE,Express,19.3
71.6,4.4,15.0,25,9,3,0.78,1,0,0.0,0.0,3.4,9.7,SEC_MTJ_BTE,Superfast Express,3.0
85.1,42.8,13.7,42,1,0,0.37,2,0,0.1,0.0,1.6,8.3,SEC_GGC_SWM,Express,32.4
86.6,13.0,6.5,42,9,1,0.67,1,0,0.6,0.0,4.0,0.2,SEC_GGC_SWM,Superfast Express,12.1
36.8,17.8,22.7,42,23,1,0.35,0,1,0.0,10.8,1.7,2.2,SEC_GGC_SWM,Express,40.7
59.7,92.1,1.6,170,5,1,0.46,2,0,0.0,0.0,4.2,0.3,SEC_KOTA_RATL,Superfast Express,90.9
90.4,74.0,6.0,95,8,0,0.39,1,0,0.0,0.0,1.5,3.3,SEC_NDLS_MTJ,Superfast Express,50.8
102.3,23.8,11.4,95,12,5,0.33,0,0,0.1,0.0,4.4,6.4,SEC_NDLS_MTJ,Superfast Express,13.7
43.1,11.5,13.5,25,6,2,0.16,1,1,0.0,0.0,3.0,11.3,SEC_MTJ_BTE,Express,20.4
111.0,255.3,12.3,250,11,6,0.66,1,0,0.1,0.0,1.1,73.4,SEC_BRC_MMCT,Superfast Express,146.3
97.2,113.0,2.9,170,16,6,0.12,1,0,0.0,0.0,3.2,4.3,SEC_KOTA_RATL,Superfast Express,70.0
99.8,205.6,7.9,165,3,1,0.24,1,0,0.6,0.0,4.6,17.0,SEC_RATL_BRC,Rajdhani Express,124.4
19.8,70.6,2.0,75,6,4,0.17,1,1,0.0,0.0,1.3,13.9,SEC_BTE_GGC,Superfast Express,58.6
39.3,38.8,10.4,165,10,4,0.52,1,1,0.0,0.0,2.2,18.0,SEC_RATL_BRC,Express,62.2
96.5,138.7,16.2,165,1,6,0.22,0,0,0.1,0.0,4.2,50.6,SEC_RATL_BRC,Superfast Express,80.9
95.7,39.7,4.4,42,4,2,0.39,1,0,0.3,0.0,2.7,33.5,SEC_GGC_SWM,Express,27.1
55.7,54.3,16.7,42,20,6,0.59,2,0,0.0,0.0,3.1,10.6,SEC_GGC_SWM,Rajdhani Express,65.5
112.0,90.2,17.3,65,16,4,0.45,1,0,0.0,0.0,3.1,7.7,SEC_SWM_KOTA,Superfast Express,50.3
100.6,327.4,0.2,250,23,0,0.33,1,0,0.1,0.0,2.5,3.0,SEC_BRC_MMCT,Superfast Express,199.1
107.1,55.2,8.8,250,5,4,0.18,0,0,0.0,0.0,4.5,23.3,SEC_BRC_MMCT,Rajdhani Express,24.8
99.0,203.8,12.6,165,15,4,0.13,0,0,0.0,0.0,1.6,3.8,SEC_RATL_BRC,Express,125.3
117.4,316.2,8.4,250,10,5,0.68,1,0,0.0,0.0,1.1,48.7,SEC_BRC_MMCT,Superfast Express,170.4
91.0,198.3,15.0,170,22,3,0.2,0,0,0.1,0.0,2.3,38.1,SEC_KOTA_RATL,Mail Express,129.3
65.4,143.0,15.0,250,18,3,0.72,1,0,0.1,0.0,1.6,11.1,SEC_BRC_MMCT,Express,132.9
103.5,29.3,1.5,95,7,1,0.27,0,0,0.0,0.0,2.9,67.4,SEC_NDLS_MTJ,Superfast Express,13.8
107.3,132.3,4.4,250,12,1,0.13,0,0,0.9,0.0,3.9,5.1,SEC_BRC_MMCT,Superfast Express,73.0
92.4,54.1,3.4,65,12,4,0.11,0,0,0.0,0.0,1.9,9.3,SEC_SWM_KOTA,Mail Express,33.2
35.4,42.6,4.2,75,8,4,0.83,0,0,0.0,0.0,1.6,6.8,SEC_BTE_GGC,Express,72.6
29.2,16.7,2.4,25,2,2,0.38,1,1,0.0,0.0,2.5,13.0,SEC_MTJ_BTE,Superfast Express,41.3
92.7,284.0,10.9,250,7,4,0.15,0,0,0.0,15.3,2.9,22.5,SEC_BRC_MMCT,Express,200.0
84.5,56.2,8.6,95,16,4,0.28,1,0,0.0,0.0,1.1,11.7,SEC_NDLS_MTJ,Mail Express,37.0
36.6,113.9,0.5,170,14,3,0.23,1,1,0.9,0.0,1.1,11.8,SEC_KOTA_RATL,Mail Express,197.8
75.1,70.4,3.2,165,11,6,0.74,1,0,0.0,0.0,1.7,1.3,SEC_RATL_BRC,Mail Express,58.3
106.5,269.3,3.7,250,8,3,0.62,1,0,0.0,0.0,1.2,0.3,SEC_BRC_MMCT,Express,154.4
89.0,35.5,23.8,95,14,1,0.14,0,0,0.0,0.0,3.5,0.9,SEC_NDLS_MTJ,Superfast Express,22.7
51.2,70.7,0.4,65,11,0,0.46,3,0,0.0,0.0,7.9,3.5,SEC_SWM_KOTA,Rajdhani Express,79.1
91.8,44.3,12.5,65,8,1,0.68,1,0,0.1,0.0,2.0,41.2,SEC_SWM_KOTA,Rajdhani Express,30.9
90.5,10.5,3.1,25,2,2,0.45,0,0,0.6,0.0,2.1,20.6,SEC_MTJ_BTE,Rajdhani Express,11.4
49.4,49.0,0.4,95,10,1,0.47,2,0,0.0,0.0,1.4,10.0,SEC_NDLS_MTJ,Superfast Express,59.6
82.9,104.3,3.4,170,9,5,0.81,0,0,0.0,0.0,2.6,23.0,SEC_KOTA_RATL,Express,75.4
104.1,58.3,4.2,65,22,4,0.28,1,0,0.1,0.0,1.5,2.1,SEC_SWM_KOTA,Superfast Express,32.7
89.0,57.5,11.5,75,0,6,0.34,1,0,0.0,0.0,2.0,5.3,SEC_BTE_GGC,Express,37.7
34.7,25.1,3.9,65,11,6,0.7,2,0,0.0,0.0,1.3,10.7,SEC_SWM_KOTA,Express,46.2
55.0,228.9,14.3,165,18,6,0.76,1,0,0.0,0.0,1.1,25.8,SEC_RATL_BRC,Mail Express,257.0
0.0,137.2,10.4,95,20,4,0.79,2,0,0.0,15.3,1.0,40.2,SEC_NDLS_MTJ,Mail Express,136.7
47.0,94.3,2.0,75,7,1,0.13,1,1,0.0,0.0,2.0,1.1,SEC_BTE_GGC,Mail Express,123.5
97.8,59.8,22.3,42,7,4,0.12,1,0,0.0,0.0,2.2,20.5,SEC_GGC_SWM,Mail Express,36.0
48.0,144.0,3.4,250,10,6,0.65,0,1,0.0,0.0,1.3,3.8,SEC_BRC_MMCT,Mail Express,188.0
94.7,8.7,3.3,25,6,3,0.22,1,0,0.0,0.0,2.6,13.6,SEC_MTJ_BTE,Express,4.4
53.4,55.7,0.0,165,14,3,0.16,2,0,0.0,0.0,2.8,30.7,SEC_RATL_BRC,Superfast Express,61.5
99.3,117.7,10.4,95,4,4,0.41,0,0,0.9,0.0,1.0,1.6,SEC_NDLS_MTJ,Express,82.2
43.6,41.0,6.1,75,23,0,0.44,3,1,0.1,0.0,1.6,1.5,SEC_BTE_GGC,Express,64.9
82.7,110.7,1.4,250,10,1,0.8,1,0,0.0,0.0,2.4,35.2,SEC_BRC_MMCT,Express,77.9
83.0,183.5,0.1,165,21,6,0.57,0,0,0.1,0.0,3.0,9.8,SEC_RATL_BRC,Mail Express,136.8
100.8,23.5,3.5,165,10,4,0.68,1,0,0.0,0.0,2.2,15.6,SEC_RATL_BRC,Express,12.2
65.3,77.7,0.7,95,4,1,0.26,2,0,0.0,0.0,2.6,3.1,SEC_NDLS_MTJ,Rajdhani Express,76.0
96.1,137.3,15.1,170,12,1,0.45,1,0,0.6,0.0,1.6,45.8,SEC_KOTA_RATL,Mail Express,86.5
80.2,148.7,12.0,165,17,3,0.81,1,0,0.6,0.0,6.1,0.6,SEC_RATL_BRC,Rajdhani Express,112.6
27.9,25.8,6.2,42,3,2,0.45,4,1,0.0,0.0,2.1,29.3,SEC_GGC_SWM,Mail Express,65.6
103.0,278.2,1.1,250,2,1,0.28,1,0,0.3,0.0,2.7,0.9,SEC_BRC_MMCT,Express,165.5
59.1,33.2,3.5,25,1,6,0.26,2,0,0.1,0.0,4.7,55.7,SEC_MTJ_BTE,Superfast Express,33.8
116.9,174.7,31.6,250,5,1,0.45,0,0,0.0,0.0,5.3,8.2,SEC_BRC_MMCT,Rajdhani Express,86.8
85.5,10.3,0.8,25,9,1,0.61,0,0,0.0,0.0,1.4,8.1,SEC_MTJ_BTE,Mail Express,7.5
35.7,12.3,10.5,42,21,4,0.5,2,1,0.0,10.9,2.5,9.5,SEC_GGC_SWM,Express,36.3
30.9,18.4,14.2,25,1,2,0.2,0,1,0.6,13.3,2.7,0.4,SEC_MTJ_BTE,Mail Express,55.8
33.1,72.0,26.7,95,10,6,0.67,0,1,0.0,0.0,4.5,7.9,SEC_NDLS_MTJ,Superfast Express,135.5
54.7,100.4,9.4,165,5,0,0.48,3,0,0.0,0.0,2.5,22.9,SEC_RATL_BRC,Mail Express,113.3
48.5,85.9,1.8,75,15,5,0.19,0,1,0.0,0.0,2.1,6.5,SEC_BTE_GGC,Mail Express,111.0
86.9,4.0,1.1,25,6,1,0.33,0,0,0.1,0.0,2.6,11.7,SEC_MTJ_BTE,Mail Express,3.0
94.2,38.0,6.8,42,13,6,0.31,0,0,0.6,0.0,1.4,3.9,SEC_GGC_SWM,Express,25.7
58.2,189.8,13.9,250,19,4,0.5,2,0,0.6,0.0,3.9,7.3,SEC_BRC_MMCT,Superfast Express,196.4
107.8,58.3,3.0,65,16,5,0.12,1,0,0.6,0.0,2.4,33.5,SEC_SWM_KOTA,Superfast Express,32.9
101.2,110.9,5.8,250,6,0,0.32,0,0,0.0,0.0,2.8,6.5,SEC_BRC_MMCT,Express,60.9
65.5,90.2,0.4,75,2,6,0.17,3,0,0.0,0.0,2.6,5.9,SEC_BTE_GGC,Mail Express,81.1
98.4,117.2,3.7,165,16,2,0.15,0,0,0.0,0.0,3.7,6.5,SEC_RATL_BRC,Superfast Express,67.8
92.9,100.6,1.8,250,14,4,0.11,0,0,0.0,0.0,1.3,14.8,SEC_BRC_MMCT,Mail Express,63.2
0.0,103.4,11.3,95,9,5,0.74,0,0,0.6,3.8,3.5,0.3,SEC_NDLS_MTJ,Rajdhani Express,88.1
111.2,203.0,2.9,250,22,6,0.37,1,0,0.3,0.0,2.0,1.5,SEC_BRC_MMCT,Express,109.3
103.0,69.6,0.2,65,19,6,0.48,0,0,0.0,0.0,2.6,10.8,SEC_SWM_KOTA,Mail Express,39.8
86.6,91.6,10.5,75,7,1,0.48,0,0,0.3,0.0,1.5,1.9,SEC_BTE_GGC,Mail Express,66.9
55.0,207.3,11.7,165,12,5,0.38,2,0,0.0,0.0,2.4,10.1,SEC_RATL_BRC,Mail Express,229.5
112.4,71.2,7.4,75,12,5,0.13,1,0,0.3,0.0,5.8,12.6,SEC_BTE_GGC,Rajdhani Express,33.2
99.6,68.8,12.4,95,5,2,0.5,1,0,0.0,10.4,2.7,12.1,SEC_NDLS_MTJ,Superfast Express,52.4
42.2,30.7,6.8,65,22,5,0.29,2,1,0.0,0.0,7.4,37.4,SEC_SWM_KOTA,Rajdhani Express,44.4
41.1,20.0,8.3,42,13,6,0.42,1,1,0.0,0.0,1.2,5.4,SEC_GGC_SWM,Mail Express,36.6
82.5,18.4,1.9,25,2,6,0.16,1,0,0.1,0.0,1.8,11.3,SEC_MTJ_BTE,Express,14.8
83.3,20.9,1.5,25,13,3,0.49,1,0,0.0,0.0,2.6,27.6,SEC_MTJ_BTE,Express,18.8
96.9,59.0,10.1,75,6,4,0.2,0,0,0.1,0.0,2.8,1.2,SEC_BTE_GGC,Express,38.3
87.2,97.0,6.7,95,0,0,0.3,1,0,0.0,0.0,1.3,8.5,SEC_NDLS_MTJ,Mail Express,66.1
75.5,97.4,21.0,250,10,5,0.73,1,0,0.1,0.0,2.6,13.6,SEC_BRC_MMCT,Mail Express,77.6
96.4,129.7,15.6,165,12,0,0.29,1,0,0.1,0.0,3.6,29.3,SEC_RATL_BRC,Superfast Express,80.8
87.6,15.2,3.3,95,3,5,0.34,1,0,0.1,0.0,1.9,6.1,SEC_NDLS_MTJ,Express,13.9
90.3,102.3,1.2,75,21,5,0.69,0,0,0.0,0.0,1.7,0.7,SEC_BTE_GGC,Express,68.8
0.0,165.1,16.1,250,14,0,0.35,1,0,0.0,1.2,1.2,41.0,SEC_BRC_MMCT,Mail Express,122.3
91.2,17.7,1.3,25,22,3,0.45,0,0,0.0,0.0,4.0,9.2,SEC_MTJ_BTE,Superfast Express,11.5
89.9,65.6,9.5,75,8,6,0.66,1,0,0.0,0.0,1.9,7.8,SEC_BTE_GGC,Mail Express,46.0
101.3,106.8,1.7,75,0,4,0.26,0,0,0.0,0.0,2.1,1.2,SEC_BTE_GGC,Superfast Express,63.3
90.6,11.6,14.9,25,9,0,0.49,1,0,0.0,0.0,1.6,0.9,SEC_MTJ_BTE,Superfast Express,5.5
101.7,127.2,3.9,165,2,5,0.45,1,0,0.0,0.0,3.3,44.1,SEC_RATL_BRC,Superfast Express,72.4
61.6,89.1,19.0,95,4,3,0.42,3,0,0.0,0.0,3.0,10.7,SEC_NDLS_MTJ,Express,87.6
102.7,101.7,1.1,170,6,5,0.4,1,0,0.0,0.0,1.5,39.9,SEC_KOTA_RATL,Superfast Express,62.1
93.3,51.5,21.3,95,14,5,0.29,0,0,0.0,0.0,4.0,19.3,SEC_NDLS_MTJ,Superfast Express,28.3
110.5,96.0,3.1,95,12,5,0.12,1,0,0.0,0.0,7.5,8.7,SEC_NDLS_MTJ,Rajdhani Express,45.6
103.8,98.2,0.2,65,1,4,0.41,1,0,0.0,0.0,2.5,50.2,SEC_SWM_KOTA,Mail Express,59.8
41.0,16.8,0.8,95,12,6,0.1,2,0,0.0,0.0,5.1,5.7,SEC_NDLS_MTJ,Rajdhani Express,22.6
34.3,31.5,6.0,42,11,1,0.38,0,1,0.0,0.0,2.1,30.8,SEC_GGC_SWM,Superfast Express,60.7
95.3,34.7,24.0,42,0,3,0.45,0,0,0.0,0.0,1.7,21.9,SEC_GGC_SWM,Rajdhani Express,20.9
96.5,95.5,10.5,95,10,6,0.38,1,0,0.0,0.0,6.5,1.4,SEC_NDLS_MTJ,Rajdhani Express,55.8
97.1,4.0,17.2,42,7,0,0.41,0,0,0.0,1.4,6.0,3.9,SEC_GGC_SWM,Rajdhani Express,3.4
76.4,32.0,5.5,75,1,3,0.18,2,0,0.0,0.0,3.0,38.7,SEC_BTE_GGC,Superfast Express,24.7
89.5,24.3,0.4,25,10,4,0.36,1,0,0.1,0.0,2.0,56.3,SEC_MTJ_BTE,Express,17.5
120.3,8.7,3.1,42,17,3,0.45,1,0,0.6,0.0,1.9,50.2,SEC_GGC_SWM,Superfast Express,4.5
85.4,97.2,5.8,165,7,1,0.22,3,0,0.0,0.0,3.1,0.9,SEC_RATL_BRC,Rajdhani Express,65.5
53.8,19.4,13.0,25,10,1,0.76,0,0,0.0,0.0,2.4,6.5,SEC_MTJ_BTE,Express,21.6
55.5,23.0,10.2,95,20,2,0.75,0,0,0.0,0.0,1.4,0.1,SEC_NDLS_MTJ,Mail Express,22.2
87.2,41.4,7.6,95,6,3,0.4,1,0,0.0,0.0,1.2,16.5,SEC_NDLS_MTJ,Mail Express,27.6
99.6,48.3,5.0,42,21,6,0.62,1,0,0.1,0.0,1.2,4.0,SEC_GGC_SWM,Rajdhani Express,35.0
43.0,62.8,0.6,65,1,0,0.45,2,0,0.3,0.0,2.1,1.5,SEC_SWM_KOTA,Express,93.4
43.9,34.2,7.7,42,9,6,0.72,0,0,0.3,0.0,1.6,41.4,SEC_GGC_SWM,Mail Express,50.6
117.1,161.3,5.1,250,22,4,0.22,0,0,0.0,0.0,3.3,20.4,SEC_BRC_MMCT,Rajdhani Express,81.7
81.7,76.0,5.5,75,3,4,0.17,0,0,0.0,0.0,2.2,13.1,SEC_BTE_GGC,Express,53.0
66.1,160.5,8.8,170,21,6,0.39,3,0,0.1,0.0,2.3,3.2,SEC_KOTA_RATL,Mail Express,147.2
35.0,99.8,15.9,75,5,5,0.41,0,1,0.3,0.0,2.1,9.7,SEC_BTE_GGC,Express,178.4
90.7,92.7,7.1,170,2,2,0.25,1,0,0.0,0.0,2.8,23.3,SEC_KOTA_RATL,Mail Express,58.1
84.1,70.7,3.5,95,12,4,0.28,0,0,0.1,0.0,2.6,13.8,SEC_NDLS_MTJ,Mail Express,52.1
106.7,11.1,10.1,42,7,0,0.29,0,0,0.0,0.0,6.0,13.6,SEC_GGC_SWM,Rajdhani Express,7.5
82.2,16.3,7.5,25,7,5,0.29,0,0,0.0,0.0,1.6,5.6,SEC_MTJ_BTE,Express,11.7
23.8,49.1,10.9,165,19,0,0.53,0,1,0.3,0.0,1.5,0.4,SEC_RATL_BRC,Superfast Express,123.7
104.7,63.6,11.5,95,11,3,0.51,0,0,0.0,0.0,2.8,7.0,SEC_NDLS_MTJ,Superfast Express,36.6
107.1,54.5,2.5,65,4,3,0.37,0,0,0.0,0.0,3.0,26.9,SEC_SWM_KOTA,Superfast Express,27.6
37.3,9.3,4.7,42,7,5,0.27,4,0,0.3,0.0,5.0,2.1,SEC_GGC_SWM,Rajdhani Express,15.6
47.8,156.6,7.4,250,4,2,0.48,2,0,0.0,0.0,2.9,3.9,SEC_BRC_MMCT,Express,196.1
31.9,186.8,5.1,170,16,6,0.18,2,1,0.6,0.0,7.0,16.2,SEC_KOTA_RATL,Rajdhani Express,359.1
94.3,99.8,20.4,165,0,1,0.16,1,0,0.1,0.0,2.6,17.5,SEC_RATL_BRC,Express,61.5
43.9,122.3,15.8,170,7,1,0.47,1,1,0.0,6.4,2.3,16.3,SEC_KOTA_RATL,Express,179.9
101.4,86.8,6.0,95,21,5,0.36,0,0,0.6,0.0,2.5,7.3,SEC_NDLS_MTJ,Superfast Express,50.9
82.7,11.7,20.3,42,16,2,0.2,2,0,0.0,0.0,2.7,18.3,SEC_GGC_SWM,Mail Express,6.7
51.7,106.3,13.4,75,20,0,0.75,0,0,0.0,0.0,2.7,4.0,SEC_BTE_GGC,Mail Express,126.3
38.1,8.0,22.6,25,2,1,0.25,2,1,0.0,0.0,2.9,10.5,SEC_MTJ_BTE,Mail Express,15.2
63.9,63.3,2.5,95,6,1,0.2,2,0,0.0,0.0,4.4,39.8,SEC_NDLS_MTJ,Superfast Express,56.9
85.4,20.5,1.7,25,18,4,0.47,0,0,0.0,0.0,3.9,0.4,SEC_MTJ_BTE,Superfast Express,13.2
109.3,18.0,5.4,42,16,0,0.34,0,0,0.6,0.0,1.7,9.9,SEC_GGC_SWM,Superfast Express,12.0
49.2,58.1,1.7,165,9,1,0.82,0,0,0.9,0.0,1.5,1.3,SEC_RATL_BRC,Mail Express,73.3
109.2,25.7,2.5,42,13,1,0.12,0,0,0.3,0.0,1.1,10.7,SEC_GGC_SWM,Superfast Express,10.7
44.2,18.3,1.3,42,9,4,0.64,0,1,0.1,0.0,2.8,2.1,SEC_GGC_SWM,Express,29.1
68.6,312.4,37.5,250,8,6,0.82,0,0,0.3,0.0,1.7,11.1,SEC_BRC_MMCT,Superfast Express,277.0
119.9,270.0,1.2,250,11,3,0.53,1,0,0.6,0.0,1.5,13.6,SEC_BRC_MMCT,Rajdhani Express,143.9
92.6,141.6,7.2,165,15,3,0.42,0,0,0.0,0.0,3.1,16.0,SEC_RATL_BRC,Superfast Express,88.5
97.0,119.9,2.7,165,4,6,0.17,0,0,0.0,0.0,2.7,18.3,SEC_RATL_BRC,Mail Express,72.7
36.2,200.4,1.7,250,12,3,0.33,0,1,0.0,0.0,3.4,9.7,SEC_BRC_MMCT,Rajdhani Express,337.7
89.8,6.5,1.8,25,19,4,0.66,1,0,0.0,0.0,2.2,18.7,SEC_MTJ_BTE,Express,6.0
93.5,75.4,25.3,75,8,3,0.48,0,0,0.0,0.0,4.9,20.4,SEC_BTE_GGC,Superfast Express,47.7
0.0,154.8,10.2,250,14,2,0.14,3,1,0.0,28.5,3.0,5.6,SEC_BRC_MMCT,Express,142.9
84.1,174.4,8.4,165,2,2,0.48,0,0,0.3,0.0,1.1,0.3,SEC_RATL_BRC,Mail Express,127.5
79.1,90.3,4.2,75,6,1,0.28,2,0,0.0,0.0,2.6,15.1,SEC_BTE_GGC,Mail Express,66.4
92.5,23.2,0.9,42,0,6,0.17,0,0,0.0,0.0,7.8,0.1,SEC_GGC_SWM,Rajdhani Express,15.4
85.1,131.3,10.1,170,12,3,0.24,1,0,0.0,1.5,2.4,22.0,SEC_KOTA_RATL,Mail Express,96.0
97.3,194.8,0.2,165,12,3,0.36,0,0,0.0,0.0,2.6,3.6,SEC_RATL_BRC,Express,123.4
0.0,30.7,18.7,65,13,0,0.46,1,0,0.1,3.6,2.7,9.0,SEC_SWM_KOTA,Rajdhani Express,29.0
44.9,12.7,8.8,25,18,1,0.39,2,0,0.1,0.0,1.4,6.0,SEC_MTJ_BTE,Mail Express,19.9
97.1,42.4,5.1,42,8,6,0.68,1,0,0.0,0.0,2.5,1.4,SEC_GGC_SWM,Mail Express,29.6
65.6,66.1,0.6,170,20,5,0.47,2,0,0.0,0.0,1.7,25.8,SEC_KOTA_RATL,Mail Express,58.3
53.4,74.5,20.7,170,20,3,0.36,2,1,0.0,0.0,6.3,21.7,SEC_KOTA_RATL,Rajdhani Express,88.5
91.3,204.1,3.0,165,7,3,0.14,0,0,0.0,0.0,4.6,12.1,SEC_RATL_BRC,Superfast Express,127.4
34.7,100.3,2.4,95,20,5,0.35,2,1,0.9,0.0,1.5,26.5,SEC_NDLS_MTJ,Express,188.2
95.1,118.3,10.3,95,8,4,0.65,1,0,0.3,0.0,3.7,3.8,SEC_NDLS_MTJ,Superfast Express,76.4
112.7,336.9,4.7,250,8,1,0.67,0,0,0.0,0.0,2.2,5.6,SEC_BRC_MMCT,Superfast Express,182.1
102.2,62.4,17.8,75,3,6,0.23,0,0,0.3,0.0,1.6,50.4,SEC_BTE_GGC,Rajdhani Express,38.6
79.0,27.6,2.0,25,12,5,0.46,0,0,0.0,0.0,2.5,0.9,SEC_MTJ_BTE,Mail Express,23.4
95.6,5.1,2.2,25,13,1,0.3,1,0,0.1,0.0,4.6,52.6,SEC_MTJ_BTE,Superfast Express,6.1
39.6,100.3,25.1,165,22,2,0.17,2,0,0.6,0.0,1.3,2.0,SEC_RATL_BRC,Express,152.4
81.4,155.7,35.0,165,23,3,0.23,3,0,0.9,20.4,2.9,0.8,SEC_RATL_BRC,Express,138.5
50.4,25.6,16.7,25,20,4,0.83,1,0,0.0,0.0,3.8,5.5,SEC_MTJ_BTE,Rajdhani Express,34.7
43.1,179.6,15.2,170,8,5,0.48,0,1,0.0,0.0,1.7,8.6,SEC_KOTA_RATL,Superfast Express,255.3
91.8,32.2,4.3,42,22,2,0.11,0,0,0.6,0.0,1.4,21.5,SEC_GGC_SWM,Mail Express,23.4
61.1,46.8,15.2,95,15,0,0.15,2,0,0.6,0.0,5.0,8.0,SEC_NDLS_MTJ,Superfast Express,43.6
88.9,13.3,9.8,25,22,3,0.32,0,0,0.0,0.0,7.2,8.3,SEC_MTJ_BTE,Rajdhani Express,9.3
44.3,166.2,19.4,165,23,3,0.12,0,1,0.0,0.0,2.8,28.9,SEC_RATL_BRC,Express,229.1
77.9,38.3,2.4,75,11,1,0.79,0,0,0.1,0.0,3.9,24.3,SEC_BTE_GGC,Superfast Express,30.9
88.3,60.2,14.9,75,15,1,0.33,1,0,0.3,0.0,2.2,2.6,SEC_BTE_GGC,Superfast Express,42.3
95.7,22.9,27.5,25,18,6,0.69,1,0,0.0,10.1,2.1,13.3,SEC_MTJ_BTE,Mail Express,25.4
94.0,59.6,9.3,42,6,0,0.14,0,0,0.0,0.0,2.3,34.7,SEC_GGC_SWM,Superfast Express,34.9
97.5,67.2,4.5,75,8,6,0.5,0,0,0.1,0.0,2.1,0.1,SEC_BTE_GGC,Superfast Express,44.0
62.5,157.9,4.6,165,20,4,0.4,3,0,0.1,0.0,1.6,11.3,SEC_RATL_BRC,Mail Express,156.7
88.4,21.3,22.9,25,2,2,0.2,0,0,0.0,0.0,3.7,33.6,SEC_MTJ_BTE,Superfast Express,15.8
67.0,19.6,7.3,25,3,2,0.49,3,0,0.0,0.0,1.5,3.4,SEC_MTJ_BTE,Mail Express,21.7
82.2,29.7,5.6,25,0,4,0.27,0,0,0.0,0.0,1.4,14.2,SEC_MTJ_BTE,Express,23.8
71.1,27.7,0.3,42,15,5,0.39,2,0,0.0,0.0,3.0,26.3,SEC_GGC_SWM,Mail Express,20.9
73.4,25.6,2.2,25,1,2,0.23,4,0,0.0,0.0,5.1,9.9,SEC_MTJ_BTE,Rajdhani Express,21.5
90.3,118.9,7.3,95,3,1,0.15,0,0,0.1,0.0,2.0,7.8,SEC_NDLS_MTJ,Rajdhani Express,78.3
34.8,101.0,19.0,95,19,4,0.6,1,1,0.6,0.0,1.2,0.6,SEC_NDLS_MTJ,Mail Express,186.2
101.6,82.0,4.5,65,15,6,0.4,0,0,0.3,0.0,2.1,17.6,SEC_SWM_KOTA,Mail Express,51.6
95.7,35.8,10.2,170,10,2,0.64,1,0,0.6,6.2,1.5,32.8,SEC_KOTA_RATL,Mail Express,30.0
91.5,108.6,18.3,170,7,2,0.24,0,0,0.6,0.0,1.1,23.0,SEC_KOTA_RATL,Express,69.2
62.6,41.0,0.2,165,19,0,0.6,2,0,0.0,0.0,1.8,73.7,SEC_RATL_BRC,Mail Express,36.5
0.0,202.6,16.2,170,3,0,0.15,0,0,0.0,3.7,1.9,5.9,SEC_KOTA_RATL,Express,160.6
95.1,275.8,1.2,250,23,6,0.26,1,0,0.0,0.0,2.4,8.6,SEC_BRC_MMCT,Mail Express,175.2
35.6,87.2,12.2,75,19,0,0.65,0,1,0.0,0.0,1.3,15.6,SEC_BTE_GGC,Rajdhani Express,158.4
0.0,38.3,17.2,65,11,3,0.39,1,0,0.3,2.7,4.2,0.9,SEC_SWM_KOTA,Superfast Express,28.2
114.8,190.9,1.7,250,21,1,0.61,0,0,0.0,0.0,1.0,2.5,SEC_BRC_MMCT,Mail Express,101.0
25.1,113.1,0.4,95,0,5,0.39,1,1,0.0,0.0,1.7,32.7,SEC_NDLS_MTJ,Express,278.8
28.4,101.2,5.8,170,23,2,0.2,1,1,0.0,0.0,5.5,2.1,SEC_KOTA_RATL,Rajdhani Express,214.8
118.9,230.7,4.4,250,19,3,0.41,0,0,0.0,0.0,3.2,2.4,SEC_BRC_MMCT,Superfast Express,113.9
117.6,89.4,8.6,165,11,3,0.43,1,0,0.0,0.0,7.5,12.5,SEC_RATL_BRC,Rajdhani Express,41.3
116.9,313.7,0.2,250,23,3,0.22,1,0,0.0,0.0,5.5,31.0,SEC_BRC_MMCT,Rajdhani Express,156.7
108.2,35.4,2.1,65,22,1,0.46,1,0,0.6,0.0,5.0,4.9,SEC_SWM_KOTA,Superfast Express,19.6
91.0,91.2,6.1,95,15,6,0.16,0,0,0.0,0.0,4.2,12.8,SEC_NDLS_MTJ,Superfast Express,56.8
84.7,32.6,1.9,25,21,4,0.67,0,0,0.1,0.0,1.2,1.4,SEC_MTJ_BTE,Express,26.3
119.1,315.9,7.2,250,14,0,0.26,0,0,0.3,0.0,4.6,42.9,SEC_BRC_MMCT,Superfast Express,157.9
102.2,64.6,12.9,250,7,1,0.43,1,0,0.0,0.0,4.2,0.9,SEC_BRC_MMCT,Superfast Express,35.0
105.7,101.5,11.3,75,3,3,0.34,0,0,0.0,0.0,3.6,38.0,SEC_BTE_GGC,Rajdhani Express,57.2
30.4,47.4,0.2,95,10,3,0.54,0,1,0.0,0.0,4.5,9.0,SEC_NDLS_MTJ,Superfast Express,96.5
34.3,80.3,11.5,65,23,2,0.16,1,1,0.1,0.0,1.3,6.9,SEC_SWM_KOTA,Superfast Express,149.7
73.7,27.9,7.2,250,21,1,0.5,4,0,0.0,0.0,5.1,0.5,SEC_BRC_MMCT,Rajdhani Express,17.1
99.5,123.6,1.9,250,22,2,0.41,1,0,0.1,0.0,7.1,20.7,SEC_BRC_MMCT,Rajdhani Express,65.8
119.9,51.5,1.5,42,20,2,0.54,0,0,0.0,0.0,7.2,10.3,SEC_GGC_SWM,Rajdhani Express,26.1
52.0,87.5,5.5,165,20,5,0.75,0,0,0.1,0.0,2.6,16.2,SEC_RATL_BRC,Mail Express,98.7
106.5,82.9,7.0,165,7,2,0.21,1,0,0.9,0.0,1.1,3.3,SEC_RATL_BRC,Superfast Express,50.5
48.9,4.0,16.9,25,2,0,0.37,3,0,0.0,0.0,2.1,2.3,SEC_MTJ_BTE,Express,6.0
78.6,8.3,5.7,25,23,4,0.41,1,0,0.6,0.0,2.4,56.1,SEC_MTJ_BTE,Express,5.8
97.1,19.3,4.7,42,18,2,0.47,0,0,0.0,0.0,5.3,16.9,SEC_GGC_SWM,Rajdhani Express,12.3
33.8,7.0,0.3,75,12,4,0.37,2,1,0.0,0.0,1.9,3.2,SEC_BTE_GGC,Express,14.8
23.9,94.1,4.2,95,1,4,0.42,0,1,0.3,0.0,2.0,4.6,SEC_NDLS_MTJ,Express,233.5
73.6,46.5,18.9,42,13,2,0.27,4,0,0.0,0.0,2.1,18.2,SEC_GGC_SWM,Mail Express,40.0
73.4,120.5,20.3,170,16,5,0.29,4,0,0.0,11.6,1.9,53.2,SEC_KOTA_RATL,Superfast Express,108.7
48.1,22.0,14.1,42,12,0,0.13,3,0,0.1,0.0,4.0,12.7,SEC_GGC_SWM,Rajdhani Express,28.9
35.4,138.4,9.0,250,4,6,0.48,2,1,0.9,0.0,2.7,1.8,SEC_BRC_MMCT,Express,241.8
114.9,33.2,1.5,65,15,5,0.5,0,0,0.0,0.0,1.2,1.7,SEC_SWM_KOTA,Superfast Express,16.9
34.7,282.9,10.7,250,19,2,0.66,1,1,0.0,0.0,2.1,8.5,SEC_BRC_MMCT,Superfast Express,498.7
114.6,57.5,1.6,75,19,2,0.51,0,0,0.0,0.0,7.3,1.4,SEC_BTE_GGC,Rajdhani Express,27.7
99.0,18.2,1.1,65,8,6,0.64,0,0,0.0,0.0,2.1,23.4,SEC_SWM_KOTA,Rajdhani Express,12.2
92.5,96.5,2.2,250,15,2,0.46,0,0,0.1,0.0,4.2,1.0,SEC_BRC_MMCT,Superfast Express,56.3
79.4,115.4,6.4,165,10,1,0.74,1,0,0.0,0.0,4.7,5.7,SEC_RATL_BRC,Rajdhani Express,84.7
96.7,41.4,1.9,42,22,5,0.42,0,0,0.0,0.0,1.4,4.8,SEC_GGC_SWM,Superfast Express,26.7
93.3,107.2,10.9,95,15,5,0.45,0,0,0.0,0.0,1.6,2.7,SEC_NDLS_MTJ,Superfast Express,70.2
56.7,223.3,17.7,165,21,6,0.74,0,0,0.0,0.0,1.5,16.6,SEC_RATL_BRC,Express,240.2
86.6,102.7,8.9,75,17,3,0.48,0,0,0.1,0.0,3.8,26.7,SEC_BTE_GGC,Rajdhani Express,75.4
93.0,205.9,1.6,170,21,3,0.38,1,0,0.1,0.0,2.2,28.3,SEC_KOTA_RATL,Mail Express,133.2
52.5,44.0,14.5,170,12,0,0.44,2,0,0.1,0.0,1.7,5.3,SEC_KOTA_RATL,Mail Express,51.1
109.0,15.5,15.3,65,22,1,0.18,1,0,0.0,0.0,2.2,30.2,SEC_SWM_KOTA,Express,5.4
46.8,166.8,16.1,165,4,2,0.29,2,0,0.1,1.7,7.6,17.8,SEC_RATL_BRC,Rajdhani Express,210.0
92.7,21.8,27.8,95,14,5,0.14,0,0,0.0,0.0,2.7,10.3,SEC_NDLS_MTJ,Express,16.3
44.4,81.9,1.7,75,14,5,0.34,2,1,0.0,0.0,4.5,2.4,SEC_BTE_GGC,Superfast Express,115.0
114.1,305.4,31.0,250,4,1,0.19,1,0,0.1,0.0,2.5,3.5,SEC_BRC_MMCT,Express,159.4
39.5,21.8,2.6,42,23,5,0.14,3,0,0.0,0.0,1.2,5.4,SEC_GGC_SWM,Superfast Express,30.1
86.5,32.1,0.3,95,23,6,0.32,0,0,0.9,0.0,2.0,39.7,SEC_NDLS_MTJ,Express,22.0
37.8,10.2,15.4,25,12,3,0.1,2,1,0.0,0.0,3.8,3.3,SEC_MTJ_BTE,Superfast Express,20.3
101.9,82.9,3.9,75,3,2,0.14,0,0,0.3,0.0,1.1,0.4,SEC_BTE_GGC,Rajdhani Express,50.6
103.4,124.4,24.0,250,1,0,0.17,0,0,0.0,0.0,1.2,21.4,SEC_BRC_MMCT,Superfast Express,70.3
39.5,27.9,7.0,170,4,5,0.21,0,1,0.1,0.0,2.0,4.6,SEC_KOTA_RATL,Mail Express,45.4
95.4,136.8,5.0,165,1,0,0.38,0,0,0.0,0.0,3.4,0.6,SEC_RATL_BRC,Superfast Express,86.0
0.0,61.0,28.5,42,15,2,0.22,2,0,0.1,41.5,2.0,12.5,SEC_GGC_SWM,Mail Express,89.9
94.7,71.7,7.9,75,22,6,0.32,1,0,0.0,0.0,1.0,4.2,SEC_BTE_GGC,Mail Express,45.9
85.5,4.0,11.0,25,20,3,0.47,0,0,0.0,0.0,2.0,3.4,SEC_MTJ_BTE,Mail Express,5.7
98.4,65.3,1.6,65,11,0,0.5,0,0,0.3,0.0,2.3,4.9,SEC_SWM_KOTA,Mail Express,41.0
96.4,19.7,16.6,25,2,0,0.3,0,0,0.0,0.0,4.9,0.7,SEC_MTJ_BTE,Rajdhani Express,13.6
37.3,121.7,0.4,250,0,4,0.36,0,1,0.0,0.0,4.6,5.9,SEC_BRC_MMCT,Superfast Express,200.1
72.4,228.2,4.5,250,22,5,0.38,3,0,0.1,0.0,2.3,2.4,SEC_BRC_MMCT,Express,189.7
90.0,18.2,0.2,25,12,3,0.47,1,0,0.0,0.0,2.1,9.2,SEC_MTJ_BTE,Superfast Express,17.5
61.8,134.5,4.1,165,18,1,0.85,1,0,0.6,0.0,2.1,11.6,SEC_RATL_BRC,Express,136.4
81.4,16.3,2.5,25,2,5,0.24,0,0,0.3,0.0,1.5,10.6,SEC_MTJ_BTE,Express,10.4
41.2,107.3,4.9,75,22,0,0.42,1,1,0.0,0.0,2.3,31.7,SEC_BTE_GGC,Mail Express,167.9
95.0,29.5,18.2,165,2,4,0.36,0,0,0.1,0.0,2.4,6.7,SEC_RATL_BRC,Mail Express,20.0
101.8,16.0,5.9,25,21,0,0.54,0,0,0.0,0.0,4.0,14.8,SEC_MTJ_BTE,Superfast Express,7.8
90.1,57.6,17.5,75,0,4,0.17,0,0,0.6,0.0,2.6,2.2,SEC_BTE_GGC,Superfast Express,38.3
75.7,66.2,24.2,250,3,0,0.45,4,0,0.0,0.0,2.5,2.2,SEC_BRC_MMCT,Express,50.5
21.2,50.9,2.4,75,20,1,0.65,3,1,0.0,0.0,2.7,7.9,SEC_BTE_GGC,Superfast Express,130.6
79.5,16.1,1.9,25,1,0,0.32,0,0,0.1,0.0,2.5,6.6,SEC_MTJ_BTE,Express,11.0
78.7,14.5,0.3,25,11,4,0.48,0,0,0.0,0.0,1.2,12.0,SEC_MTJ_BTE,Express,8.7
74.0,17.6,6.3,75,21,0,0.41,2,0,0.0,0.0,1.8,22.3,SEC_BTE_GGC,Mail Express,15.6
0.0,24.6,10.8,42,1,4,0.3,0,0,0.0,2.9,2.9,41.3,SEC_GGC_SWM,Express,21.3
104.2,45.0,3.2,65,4,4,0.15,0,0,0.0,0.0,2.2,6.1,SEC_SWM_KOTA,Mail Express,22.0
48.2,101.3,0.3,250,16,2,0.14,2,0,0.0,0.0,2.8,23.9,SEC_BRC_MMCT,Express,127.5
76.8,17.0,5.4,42,21,6,0.54,2,0,0.3,0.0,2.3,21.9,SEC_GGC_SWM,Rajdhani Express,17.0
99.0,49.0,0.4,95,1,1,0.48,1,0,0.1,0.0,1.9,33.7,SEC_NDLS_MTJ,Superfast Express,27.3
93.9,83.5,6.6,75,6,1,0.13,0,0,0.3,0.0,2.0,7.9,SEC_BTE_GGC,Express,51.3
70.2,25.4,11.1,42,8,1,0.42,3,0,0.1,0.0,2.2,1.2,SEC_GGC_SWM,Express,23.8
93.3,192.2,0.1,165,17,2,0.59,1,0,0.0,0.0,1.9,19.8,SEC_RATL_BRC,Rajdhani Express,125.8
99.6,87.9,11.4,65,20,1,0.45,0,0,0.0,0.0,1.9,13.7,SEC_SWM_KOTA,Mail Express,54.7
98.5,97.9,7.2,165,2,2,0.12,0,0,0.1,0.0,1.8,14.7,SEC_RATL_BRC,Mail Express,54.7
41.6,102.0,2.8,165,17,1,0.79,2,0,0.1,0.0,4.1,25.3,SEC_RATL_BRC,Superfast Express,148.1
46.3,16.1,29.6,25,20,5,0.51,0,1,0.0,0.0,1.7,8.0,SEC_MTJ_BTE,Express,25.7
37.0,48.4,3.0,42,18,5,0.68,0,1,0.1,0.0,2.8,22.0,SEC_GGC_SWM,Express,88.1
90.8,93.7,3.3,75,4,2,0.46,0,0,0.9,0.0,2.0,26.9,SEC_BTE_GGC,Mail Express,69.9
32.3,122.2,9.4,165,0,4,0.32,1,1,0.0,0.0,2.1,7.2,SEC_RATL_BRC,Mail Express,230.7
110.2,34.4,18.3,42,8,0,0.45,0,0,0.1,0.0,5.8,2.2,SEC_GGC_SWM,Rajdhani Express,18.1
79.0,21.9,1.6,25,2,2,0.45,0,0,0.0,0.0,2.0,46.2,SEC_MTJ_BTE,Mail Express,14.4
63.9,4.0,9.2,25,10,6,0.68,2,0,0.0,0.0,1.1,4.1,SEC_MTJ_BTE,Express,3.7
121.5,16.7,4.1,65,7,2,0.18,0,0,0.1,0.0,5.0,28.6,SEC_SWM_KOTA,Superfast Express,7.2
107.2,109.6,2.2,95,12,1,0.41,1,0,0.0,0.0,3.4,18.9,SEC_NDLS_MTJ,Rajdhani Express,65.3
104.1,86.9,10.3,165,3,1,0.37,0,0,0.0,5.4,5.9,16.0,SEC_RATL_BRC,Rajdhani Express,50.7
96.4,50.8,3.9,65,3,4,0.14,1,0,0.0,0.0,1.7,36.9,SEC_SWM_KOTA,Mail Express,31.0
94.8,87.3,2.2,170,17,2,0.38,0,0,0.1,0.0,2.4,14.1,SEC_KOTA_RATL,Express,52.7
82.2,14.5,17.2,25,5,2,0.28,0,0,0.0,0.0,4.9,5.2,SEC_MTJ_BTE,Rajdhani Express,7.5
68.8,146.4,5.1,165,11,6,0.41,2,0,0.0,0.0,4.2,15.6,SEC_RATL_BRC,Superfast Express,128.9
80.7,46.8,35.7,165,18,1,0.42,0,0,0.1,0.0,2.4,0.9,SEC_RATL_BRC,Mail Express,34.3
109.6,81.4,44.4,65,21,4,0.38,0,0,0.1,0.0,3.6,2.6,SEC_SWM_KOTA,Rajdhani Express,42.6
76.0,12.9,9.7,75,4,3,0.38,3,0,0.3,0.0,1.9,8.8,SEC_BTE_GGC,Superfast Express,9.6
107.9,22.4,11.7,65,23,5,0.45,1,0,0.1,0.0,5.5,2.6,SEC_SWM_KOTA,Rajdhani Express,14.4
45.0,90.6,19.6,170,21,4,0.42,2,0,0.1,0.0,3.7,2.1,SEC_KOTA_RATL,Superfast Express,121.4
38.0,197.4,7.8,165,5,3,0.42,2,1,0.0,0.0,2.3,0.4,SEC_RATL_BRC,Mail Express,323.0
40.8,168.6,3.1,170,16,2,0.34,1,1,0.1,0.0,1.7,7.5,SEC_KOTA_RATL,Mail Express,259.1
99.4,68.8,3.9,65,16,5,0.4,1,0,0.0,0.0,2.1,8.8,SEC_SWM_KOTA,Mail Express,42.6
50.0,55.6,7.4,42,20,6,0.7,2,0,0.1,0.0,1.1,35.7,SEC_GGC_SWM,Express,76.1
84.1,10.5,4.5,25,13,6,0.14,1,0,0.0,0.0,1.5,7.5,SEC_MTJ_BTE,Express,4.9
91.7,56.6,9.0,170,20,0,0.65,0,0,0.6,0.0,2.7,36.4,SEC_KOTA_RATL,Rajdhani Express,34.5
27.9,28.5,8.0,25,2,1,0.1,4,1,0.1,0.0,1.3,8.8,SEC_MTJ_BTE,Superfast Express,68.7
79.2,20.7,2.6,95,23,2,0.26,2,0,0.0,0.0,2.2,5.4,SEC_NDLS_MTJ,Rajdhani Express,15.5
109.8,189.2,17.0,250,13,5,0.27,1,0,0.0,0.0,1.9,19.9,SEC_BRC_MMCT,Rajdhani Express,102.8
41.5,98.9,8.6,75,15,4,0.46,1,1,0.0,0.0,2.5,9.8,SEC_BTE_GGC,Mail Express,151.0
29.9,20.3,21.9,25,0,4,0.12,0,1,0.0,0.0,1.2,39.1,SEC_MTJ_BTE,Mail Express,46.5
95.7,24.7,0.3,42,22,3,0.48,0,0,0.1,0.0,4.1,23.1,SEC_GGC_SWM,Rajdhani Express,17.4
97.7,207.8,4.8,170,23,5,0.2,0,0,0.6,0.0,4.2,35.8,SEC_KOTA_RATL,Superfast Express,128.3
51.8,50.9,0.6,95,5,5,0.14,2,0,0.0,0.0,1.3,75.7,SEC_NDLS_MTJ,Mail Express,55.1
106.5,50.9,0.1,42,2,2,0.15,1,0,0.9,0.0,3.9,4.8,SEC_GGC_SWM,Superfast Express,33.6
43.6,104.6,19.0,75,1,3,0.49,2,0,0.0,0.0,2.1,17.7,SEC_BTE_GGC,Express,147.3
103.7,305.2,5.7,250,5,2,0.34,0,0,0.3,0.0,1.5,9.1,SEC_BRC_MMCT,Mail Express,179.9
0.0,13.8,12.4,25,21,1,0.84,1,0,0.0,1.6,2.5,18.9,SEC_MTJ_BTE,Express,16.4
69.1,13.7,23.3,25,9,3,0.73,1,0,0.6,0.0,2.9,26.3,SEC_MTJ_BTE,Express,15.5
94.3,51.4,33.3,65,6,0,0.24,0,0,0.1,0.0,1.8,12.0,SEC_SWM_KOTA,Express,33.6
104.1,137.1,10.4,165,9,5,0.67,1,0,0.0,0.0,4.8,13.4,SEC_RATL_BRC,Superfast Express,79.4
86.7,42.9,21.8,95,19,6,0.84,0,0,0.9,0.0,1.7,14.1,SEC_NDLS_MTJ,Mail Express,32.9
68.7,63.2,7.3,250,11,0,0.77,0,0,0.1,0.0,6.1,2.2,SEC_BRC_MMCT,Rajdhani Express,51.4
99.8,180.5,44.1,250,9,2,0.42,0,0,0.3,0.0,1.5,20.2,SEC_BRC_MMCT,Express,109.2
86.3,10.8,9.4,25,11,5,0.52,1,0,0.0,0.0,7.8,23.4,SEC_MTJ_BTE,Rajdhani Express,7.9
88.7,66.2,2.2,75,11,0,0.48,0,0,0.0,0.0,1.3,1.1,SEC_BTE_GGC,Mail Express,44.5
87.5,23.7,13.1,25,15,1,0.36,1,0,0.3,0.0,1.4,4.9,SEC_MTJ_BTE,Mail Express,17.7
56.6,8.1,13.4,25,13,0,0.14,2,0,0.0,0.3,1.3,9.4,SEC_MTJ_BTE,Superfast Express,9.4
112.5,347.8,5.6,250,4,6,0.22,0,0,0.0,0.0,4.8,6.1,SEC_BRC_MMCT,Rajdhani Express,182.3
114.9,89.0,11.6,65,15,3,0.45,1,0,0.0,12.2,3.8,18.3,SEC_SWM_KOTA,Superfast Express,58.9
68.7,198.7,13.1,170,11,3,0.85,1,0,0.1,11.2,2.7,16.0,SEC_KOTA_RATL,Express,189.7
51.5,24.1,4.5,75,3,3,0.31,3,1,0.0,0.0,1.9,0.6,SEC_BTE_GGC,Express,27.2
109.7,119.6,7.6,250,4,2,0.33,0,0,0.1,0.0,1.6,10.0,SEC_BRC_MMCT,Superfast Express,66.1
63.5,169.1,10.3,165,11,6,0.64,2,0,0.0,0.0,5.9,10.8,SEC_RATL_BRC,Rajdhani Express,162.1
59.2,18.6,2.6,42,6,2,0.48,2,0,0.1,0.0,3.1,20.2,SEC_GGC_SWM,Rajdhani Express,19.8
98.4,105.6,13.5,95,12,3,0.23,0,0,0.1,0.0,1.8,79.8,SEC_NDLS_MTJ,Superfast Express,67.9
30.6,143.5,3.2,170,5,5,0.17,1,1,0.3,0.0,1.9,38.2,SEC_KOTA_RATL,Rajdhani Express,286.3
56.4,54.4,0.6,42,21,2,0.71,1,0,0.0,0.0,1.7,12.7,SEC_GGC_SWM,Mail Express,62.8
81.4,4.3,6.1,25,15,4,0.31,0,0,0.3,0.0,1.3,14.3,SEC_MTJ_BTE,Mail Express,3.0
97.7,139.1,11.1,250,10,6,0.37,0,0,0.0,0.0,2.9,1.4,SEC_BRC_MMCT,Superfast Express,82.5
86.6,199.7,11.1,165,4,0,0.26,4,0,0.1,0.0,1.6,19.4,SEC_RATL_BRC,Mail Express,139.6
40.6,7.6,15.1,25,4,1,0.22,1,1,0.6,0.0,1.6,7.3,SEC_MTJ_BTE,Rajdhani Express,13.0
98.2,10.3,1.2,170,21,1,0.42,0,0,0.0,0.0,4.0,20.5,SEC_KOTA_RATL,Rajdhani Express,8.4
91.4,104.7,4.8,95,13,4,0.45,0,0,0.0,0.0,2.2,7.2,SEC_NDLS_MTJ,Express,65.3
95.3,70.5,4.1,95,15,2,0.17,0,0,0.1,0.0,2.4,12.9,SEC_NDLS_MTJ,Mail Express,47.7
33.2,57.6,3.7,65,2,6,0.48,0,1,0.0,0.0,1.1,14.7,SEC_SWM_KOTA,Mail Express,111.2
56.9,40.8,1.5,165,19,1,0.81,0,0,0.0,0.0,4.5,14.0,SEC_RATL_BRC,Superfast Express,39.5
94.1,30.8,16.3,75,8,6,0.52,0,0,0.0,0.0,2.1,3.2,SEC_BTE_GGC,Superfast Express,19.7
80.3,7.6,11.1,25,22,1,0.41,0,0,0.0,0.0,2.0,4.8,SEC_MTJ_BTE,Express,5.8
92.5,155.4,14.2,165,15,5,0.21,1,0,0.0,0.0,2.6,2.0,SEC_RATL_BRC,Superfast Express,99.8
96.5,4.0,15.5,25,6,6,0.47,0,0,0.1,5.4,3.9,4.7,SEC_MTJ_BTE,Superfast Express,9.6
88.6,70.2,11.6,75,3,1,0.44,1,0,0.3,0.0,1.6,2.7,SEC_BTE_GGC,Superfast Express,51.8
114.0,96.8,19.2,165,8,1,0.57,0,0,0.0,0.0,3.2,1.7,SEC_RATL_BRC,Rajdhani Express,47.7
98.6,34.0,0.9,75,0,4,0.16,0,0,0.0,0.0,2.6,40.3,SEC_BTE_GGC,Mail Express,17.6
108.9,47.9,1.6,42,1,3,0.38,1,0,0.0,0.0,4.0,30.8,SEC_GGC_SWM,Rajdhani Express,29.9
48.4,109.2,0.8,165,22,5,0.16,0,1,0.0,0.0,2.2,27.3,SEC_RATL_BRC,Express,140.5
61.2,28.0,16.0,42,10,3,0.79,0,0,0.0,0.0,2.6,1.7,SEC_GGC_SWM,Superfast Express,27.5
78.3,52.7,2.6,250,16,3,0.46,3,0,0.0,0.0,3.2,6.2,SEC_BRC_MMCT,Rajdhani Express,39.9
88.7,95.2,17.1,95,3,2,0.4,0,0,0.1,0.0,2.8,7.9,SEC_NDLS_MTJ,Express,66.1
88.4,137.2,30.2,170,11,5,0.39,0,0,0.0,0.0,1.7,49.7,SEC_KOTA_RATL,Express,91.1
108.8,186.8,0.7,165,10,0,0.53,0,0,0.0,0.0,3.3,7.5,SEC_RATL_BRC,Superfast Express,104.6
100.4,99.5,7.9,75,0,0,0.36,0,0,0.0,0.0,5.1,8.4,SEC_BTE_GGC,Rajdhani Express,56.1
47.2,159.9,0.2,170,9,3,0.72,1,1,0.0,0.0,1.6,9.0,SEC_KOTA_RATL,Superfast Express,213.3
26.4,72.7,4.9,65,13,1,0.13,0,1,0.0,0.0,3.6,26.5,SEC_SWM_KOTA,Rajdhani Express,169.0
70.5,36.5,26.0,65,11,2,0.72,0,0,0.0,0.0,2.5,5.3,SEC_SWM_KOTA,Mail Express,31.0
109.8,4.0,10.4,65,3,5,0.38,0,0,0.0,8.7,6.0,3.5,SEC_SWM_KOTA,Rajdhani Express,11.8
41.2,31.7,4.2,95,10,2,0.75,2,1,0.0,0.0,3.1,23.9,SEC_NDLS_MTJ,Superfast Express,51.4
30.6,139.5,1.1,170,7,5,0.31,2,1,0.1,0.0,1.4,2.0,SEC_KOTA_RATL,Express,281.0
117.9,48.0,2.8,65,18,3,0.6,0,0,0.0,0.0,3.5,22.0,SEC_SWM_KOTA,Superfast Express,21.9
86.9,6.9,14.5,25,4,5,0.23,1,0,0.0,0.0,6.6,5.5,SEC_MTJ_BTE,Rajdhani Express,5.8
65.6,5.5,16.8,25,18,5,0.71,0,0,0.0,0.0,5.7,6.4,SEC_MTJ_BTE,Rajdhani Express,6.9
63.4,27.9,12.6,42,22,3,0.45,3,0,0.3,12.1,4.9,0.8,SEC_GGC_SWM,Superfast Express,38.2
60.4,4.0,5.3,25,17,4,0.59,3,0,0.0,0.0,3.8,15.8,SEC_MTJ_BTE,Rajdhani Express,4.4
96.8,223.6,13.6,170,23,3,0.48,0,0,0.0,0.0,2.0,29.0,SEC_KOTA_RATL,Express,138.9
31.0,52.9,1.2,42,1,1,0.18,1,1,0.0,0.0,4.1,2.1,SEC_GGC_SWM,Superfast Express,102.6
87.7,35.0,16.5,42,17,5,0.59,0,0,0.6,0.0,1.9,8.6,SEC_GGC_SWM,Mail Express,27.0
33.6,25.4,6.5,65,11,3,0.74,2,0,0.6,0.0,1.5,2.1,SEC_SWM_KOTA,Express,49.3
86.5,19.0,11.3,25,2,3,0.22,1,0,0.0,1.3,1.9,4.3,SEC_MTJ_BTE,Mail Express,13.0
53.7,174.2,14.2,165,5,4,0.17,0,1,0.0,0.0,5.6,0.2,SEC_RATL_BRC,Rajdhani Express,196.0
80.5,42.2,3.4,65,9,0,0.7,2,0,0.0,0.0,1.1,6.1,SEC_SWM_KOTA,Superfast Express,33.3
33.4,116.7,18.0,95,23,6,0.44,1,1,0.3,0.0,1.7,31.7,SEC_NDLS_MTJ,Superfast Express,219.4
0.0,183.1,16.4,165,21,4,0.63,0,0,0.0,6.9,1.7,0.4,SEC_RATL_BRC,Mail Express,155.7
75.3,11.3,28.7,25,14,6,0.33,2,0,0.0,0.0,1.4,13.4,SEC_MTJ_BTE,Superfast Express,13.4
30.1,55.9,4.9,165,12,4,0.22,0,1,0.0,0.0,2.5,10.5,SEC_RATL_BRC,Mail Express,112.5
98.3,81.5,14.9,65,5,0,0.11,0,0,0.0,0.0,3.3,5.3,SEC_SWM_KOTA,Superfast Express,48.5
50.1,87.5,2.3,75,18,5,0.59,3,0,0.3,0.0,4.9,6.1,SEC_BTE_GGC,Superfast Express,111.2
85.6,98.5,3.7,95,16,5,0.46,0,0,0.0,0.0,2.9,45.4,SEC_NDLS_MTJ,Mail Express,72.4
103.1,51.3,0.7,65,7,2,0.37,1,0,0.0,0.0,2.5,3.7,SEC_SWM_KOTA,Express,29.4
38.7,15.7,12.9,65,5,1,0.49,2,1,0.1,0.0,2.1,16.3,SEC_SWM_KOTA,Rajdhani Express,28.8
78.2,106.6,17.3,95,9,0,0.85,3,0,0.1,0.0,4.1,5.2,SEC_NDLS_MTJ,Superfast Express,91.2
45.5,62.7,11.8,75,4,2,0.37,2,0,0.0,3.6,2.1,8.9,SEC_BTE_GGC,Express,89.2
66.3,12.2,3.2,95,6,4,0.36,3,0,0.0,0.0,3.8,8.5,SEC_NDLS_MTJ,Superfast Express,9.3
39.0,31.7,0.1,25,20,2,0.52,0,1,0.0,0.0,5.1,2.3,SEC_MTJ_BTE,Rajdhani Express,52.9
94.7,132.0,6.0,170,2,5,0.17,0,0,0.3,0.0,2.2,44.0,SEC_KOTA_RATL,Express,85.6
100.7,17.2,0.4,65,13,4,0.49,0,0,0.0,0.0,2.9,0.0,SEC_SWM_KOTA,Superfast Express,6.7
100.7,32.8,2.2,65,1,5,0.39,1,0,0.0,0.0,1.9,0.3,SEC_SWM_KOTA,Express,19.7
90.1,6.3,1.7,95,7,5,0.27,0,0,0.0,0.0,2.2,0.6,SEC_NDLS_MTJ,Express,3.0
49.4,93.9,4.1,65,8,0,0.51,4,0,0.0,0.0,2.4,15.5,SEC_SWM_KOTA,Superfast Express,123.1
62.7,30.1,2.0,25,20,2,0.36,4,0,0.0,0.0,1.1,5.2,SEC_MTJ_BTE,Mail Express,34.7
93.0,37.7,5.1,42,7,2,0.16,0,0,0.0,0.0,1.2,27.3,SEC_GGC_SWM,Mail Express,21.6
47.1,70.5,0.4,65,18,5,0.72,1,0,0.0,0.0,1.6,13.4,SEC_SWM_KOTA,Superfast Express,97.2
102.2,55.0,9.7,165,14,1,0.12,0,0,0.0,0.0,4.7,9.6,SEC_RATL_BRC,Superfast Express,31.7
100.8,150.3,15.2,165,4,3,0.5,0,0,0.0,0.0,2.4,7.2,SEC_RATL_BRC,Express,90.1
82.9,31.8,11.5,25,5,3,0.39,0,0,0.0,0.0,2.5,8.1,SEC_MTJ_BTE,Mail Express,23.8
91.5,80.2,5.5,75,6,4,0.22,1,0,0.0,0.0,2.7,0.7,SEC_BTE_GGC,Superfast Express,54.6
107.8,270.2,3.9,250,20,2,0.38,0,0,0.1,0.0,1.9,5.2,SEC_BRC_MMCT,Superfast Express,150.3
98.3,63.8,2.7,95,5,1,0.46,1,0,0.0,0.0,2.4,64.9,SEC_NDLS_MTJ,Express,39.4
92.9,211.7,2.8,165,2,1,0.2,0,0,0.0,0.0,2.4,4.2,SEC_RATL_BRC,Superfast Express,135.4
82.5,28.9,3.9,25,7,3,0.21,0,0,0.1,0.0,1.3,7.6,SEC_MTJ_BTE,Mail Express,20.9
113.1,105.1,6.0,165,23,4,0.1,0,0,0.1,0.0,3.1,27.7,SEC_RATL_BRC,Rajdhani Express,52.7
120.7,84.9,6.6,75,19,0,0.68,1,0,0.6,0.0,4.9,10.0,SEC_BTE_GGC,Rajdhani Express,48.2
91.5,93.6,5.8,165,0,0,0.42,0,0,0.0,0.0,1.7,1.6,SEC_RATL_BRC,Mail Express,59.3
51.3,30.3,14.5,95,4,1,0.46,2,1,0.3,0.0,5.4,4.9,SEC_NDLS_MTJ,Rajdhani Express,41.7
82.3,26.3,0.9,25,4,5,0.22,1,0,0.0,0.0,1.1,6.2,SEC_MTJ_BTE,Express,21.3
118.5,51.2,14.5,95,3,4,0.21,1,0,0.0,0.0,5.3,5.7,SEC_NDLS_MTJ,Rajdhani Express,22.2
96.0,218.5,11.2,170,6,1,0.22,0,0,0.0,0.0,1.1,11.9,SEC_KOTA_RATL,Rajdhani Express,138.7
20.0,216.4,4.9,250,5,2,0.12,2,1,0.0,0.0,1.2,29.1,SEC_BRC_MMCT,Mail Express,159.3
91.3,71.8,0.2,170,4,1,0.12,1,0,0.0,0.0,2.3,7.5,SEC_KOTA_RATL,Mail Express,43.3
96.7,77.3,5.7,95,20,4,0.47,0,0,0.0,0.0,2.3,2.0,SEC_NDLS_MTJ,Express,47.5
47.3,28.3,17.7,25,1,0,0.32,3,0,0.6,19.4,5.1,37.0,SEC_MTJ_BTE,Rajdhani Express,61.6
0.0,31.1,14.4,65,16,6,0.39,4,1,0.0,3.7,2.0,10.1,SEC_SWM_KOTA,Rajdhani Express,32.9
94.5,166.8,9.0,165,0,1,0.4,0,0,0.0,0.0,3.2,3.6,SEC_RATL_BRC,Superfast Express,100.3
103.1,45.2,6.6,95,13,3,0.23,0,0,0.0,0.0,1.0,5.8,SEC_NDLS_MTJ,Superfast Express,25.9
95.2,73.1,5.4,75,20,2,0.48,1,0,0.1,0.0,1.9,22.6,SEC_BTE_GGC,Express,45.2
39.3,21.9,5.9,42,21,5,0.63,1,1,0.0,0.0,2.0,7.4,SEC_GGC_SWM,Mail Express,40.9
30.8,7.6,1.0,25,5,0,0.33,3,1,0.0,0.0,2.0,19.1,SEC_MTJ_BTE,Mail Express,15.4
34.3,29.2,6.5,42,9,2,0.78,0,1,0.3,0.0,7.1,1.1,SEC_GGC_SWM,Rajdhani Express,54.6
82.2,11.6,16.0,25,3,2,0.32,0,0,0.0,0.0,1.9,8.1,SEC_MTJ_BTE,Express,7.5
35.2,26.5,12.2,25,19,1,0.48,2,1,0.1,1.6,5.4,8.0,SEC_MTJ_BTE,Rajdhani Express,53.9
85.4,98.4,2.7,75,16,2,0.4,0,0,0.0,0.0,2.3,46.8,SEC_BTE_GGC,Mail Express,69.9
0.0,40.5,11.0,75,4,5,0.36,1,0,0.0,37.9,2.9,26.6,SEC_BTE_GGC,Mail Express,67.4
0.0,33.8,11.2,65,11,0,0.45,1,0,0.0,11.1,1.7,3.4,SEC_SWM_KOTA,Express,36.6
99.5,62.2,8.6,65,21,2,0.44,0,0,0.0,0.0,2.9,6.4,SEC_SWM_KOTA,Mail Express,39.0
107.5,18.9,5.1,65,0,6,0.34,0,0,0.0,0.0,4.1,3.5,SEC_SWM_KOTA,Rajdhani Express,8.8
102.3,71.4,9.3,75,10,1,0.41,1,0,0.0,0.0,1.4,30.9,SEC_BTE_GGC,Superfast Express,44.1
22.4,142.7,7.9,165,23,6,0.16,0,1,0.3,0.0,1.4,96.7,SEC_RATL_BRC,Mail Express,350.5
39.1,218.3,6.7,250,3,4,0.24,2,0,0.0,0.0,1.6,16.1,SEC_BRC_MMCT,Rajdhani Express,333.8
104.8,178.8,8.8,165,4,0,0.14,0,0,0.0,0.0,1.0,9.1,SEC_RATL_BRC,Express,104.2
106.4,23.9,17.2,170,5,6,0.2,0,0,0.1,0.0,2.8,2.0,SEC_KOTA_RATL,Superfast Express,12.5
95.4,51.2,26.0,165,10,3,0.4,1,0,0.0,0.0,2.3,15.5,SEC_RATL_BRC,Express,30.4
38.6,147.0,1.3,165,22,3,0.36,4,1,0.0,0.0,1.9,7.3,SEC_RATL_BRC,Mail Express,237.4
53.3,203.1,4.5,170,20,1,0.79,0,0,0.0,0.0,2.6,37.2,SEC_KOTA_RATL,Superfast Express,230.6
46.2,97.9,7.4,165,17,3,0.7,0,1,0.0,0.0,2.7,19.5,SEC_RATL_BRC,Mail Express,134.5
110.1,193.5,13.2,250,12,0,0.36,1,0,0.0,0.7,2.6,92.1,SEC_BRC_MMCT,Superfast Express,106.4
45.7,110.0,36.5,165,22,0,0.32,2,0,0.0,0.0,2.2,14.4,SEC_RATL_BRC,Superfast Express,142.6
30.5,30.4,0.8,42,0,1,0.43,0,1,0.3,0.0,2.0,2.4,SEC_GGC_SWM,Express,69.7
76.4,115.9,17.0,95,17,3,0.82,0,0,0.0,0.0,1.2,9.7,SEC_NDLS_MTJ,Express,96.4
38.2,54.0,3.0,75,1,2,0.29,1,1,0.0,0.0,6.5,67.3,SEC_BTE_GGC,Rajdhani Express,86.9
84.9,116.8,1.4,170,9,3,0.8,1,0,0.0,0.0,4.2,6.6,SEC_KOTA_RATL,Superfast Express,81.5
89.7,37.2,8.2,75,7,1,0.28,1,0,0.0,0.0,1.4,57.1,SEC_BTE_GGC,Mail Express,24.6
118.9,41.4,0.6,42,23,1,0.2,0,0,0.0,0.0,2.2,33.5,SEC_GGC_SWM,Rajdhani Express,17.5
93.2,22.9,3.6,25,12,5,0.22,0,0,0.1,0.0,2.8,5.7,SEC_MTJ_BTE,Superfast Express,13.6
42.6,63.3,21.3,95,11,0,0.74,2,0,0.1,0.0,1.3,3.9,SEC_NDLS_MTJ,Mail Express,93.4
92.8,7.8,21.0,25,15,6,0.23,1,0,0.0,1.1,6.6,13.8,SEC_MTJ_BTE,Rajdhani Express,9.5
116.5,26.6,3.7,75,4,2,0.35,0,0,0.0,0.0,7.8,42.4,SEC_BTE_GGC,Rajdhani Express,10.1
94.5,59.2,3.6,75,7,0,0.18,1,0,0.1,0.0,2.8,14.5,SEC_BTE_GGC,Rajdhani Express,38.9
41.4,29.3,0.5,95,4,6,0.21,0,1,0.0,0.0,1.1,8.2,SEC_NDLS_MTJ,Mail Express,48.8
76.3,49.0,36.6,75,23,1,0.38,4,0,0.3,29.8,2.1,4.0,SEC_BTE_GGC,Mail Express,69.5
105.2,76.2,2.2,65,13,5,0.22,0,0,0.0,0.0,2.0,26.6,SEC_SWM_KOTA,Mail Express,41.7
68.5,82.1,0.9,170,20,5,0.52,3,0,0.0,0.0,2.2,14.6,SEC_KOTA_RATL,Mail Express,72.8
49.4,25.4,4.0,95,3,1,0.49,4,0,0.0,0.0,1.7,4.9,SEC_NDLS_MTJ,Express,31.1
37.0,109.5,13.0,95,19,6,0.53,2,1,0.0,0.0,3.4,46.4,SEC_NDLS_MTJ,Rajdhani Express,185.8
38.8,38.6,15.5,75,0,3,0.33,4,1,0.1,0.0,4.5,12.4,SEC_BTE_GGC,Superfast Express,62.1
98.0,240.2,0.0,165,17,5,0.63,1,0,0.6,0.0,1.6,4.4,SEC_RATL_BRC,Mail Express,155.4
104.9,54.1,13.5,65,22,1,0.18,0,0,0.0,0.0,2.9,7.8,SEC_SWM_KOTA,Express,25.4
41.5,156.4,14.2,165,8,0,0.47,2,1,0.0,0.0,1.6,11.0,SEC_RATL_BRC,Superfast Express,233.2
91.5,138.1,41.4,165,23,1,0.46,0,0,0.0,0.0,4.4,6.4,SEC_RATL_BRC,Superfast Express,89.7
40.9,73.5,3.0,165,7,3,0.36,2,0,0.6,0.0,2.2,25.1,SEC_RATL_BRC,Rajdhani Express,104.9
36.7,62.7,2.1,75,22,3,0.13,1,1,0.9,0.0,6.4,15.5,SEC_BTE_GGC,Rajdhani Express,107.1
87.6,255.9,6.2,250,20,5,0.66,3,0,0.1,0.0,1.4,9.1,SEC_BRC_MMCT,Express,183.1
42.1,136.0,1.2,165,5,0,0.15,2,0,0.0,0.0,1.2,14.0,SEC_RATL_BRC,Mail Express,194.4
97.1,145.8,16.4,170,6,2,0.21,1,0,0.1,0.0,2.5,33.2,SEC_KOTA_RATL,Mail Express,90.2
103.6,13.7,0.6,25,2,2,0.17,0,0,0.1,0.0,7.1,8.4,SEC_MTJ_BTE,Rajdhani Express,10.3
48.0,78.9,8.6,170,7,2,0.17,1,1,0.0,0.0,3.3,2.6,SEC_KOTA_RATL,Rajdhani Express,103.2
104.6,83.0,18.5,75,2,1,0.11,0,0,0.0,0.0,1.2,9.8,SEC_BTE_GGC,Rajdhani Express,44.2
95.7,129.2,28.6,95,6,4,0.41,1,0,0.0,0.0,1.8,8.1,SEC_NDLS_MTJ,Express,85.7
92.7,23.4,10.7,42,7,2,0.35,0,0,0.0,0.0,3.6,31.0,SEC_GGC_SWM,Rajdhani Express,12.3
60.4,24.5,4.7,25,18,6,0.45,3,0,0.1,0.0,4.5,22.8,SEC_MTJ_BTE,Rajdhani Express,26.8
109.5,101.6,2.3,250,1,2,0.32,0,0,0.3,0.0,6.3,15.3,SEC_BRC_MMCT,Rajdhani Express,51.8
76.7,17.3,2.5,25,0,2,0.14,1,0,0.1,0.0,2.3,10.3,SEC_MTJ_BTE,Express,11.8
33.9,15.5,9.1,65,16,1,0.13,1,1,0.1,0.0,1.8,6.7,SEC_SWM_KOTA,Mail Express,31.9
85.5,59.3,11.2,170,23,2,0.34,1,0,0.0,0.0,2.8,23.7,SEC_KOTA_RATL,Mail Express,40.3
26.8,16.0,23.9,75,10,3,0.38,1,1,0.0,0.0,7.9,34.4,SEC_BTE_GGC,Rajdhani Express,38.3
89.9,16.8,2.0,25,0,4,0.32,0,0,0.1,0.0,4.7,22.3,SEC_MTJ_BTE,Superfast Express,13.0
93.8,66.8,2.9,165,18,6,0.55,0,0,0.6,0.0,1.6,34.1,SEC_RATL_BRC,Mail Express,43.9
55.0,22.3,0.7,95,5,1,0.36,2,0,0.0,0.0,2.2,46.9,SEC_NDLS_MTJ,Express,23.9
115.6,217.5,8.4,250,20,0,0.53,0,0,0.6,0.0,4.3,40.2,SEC_BRC_MMCT,Rajdhani Express,114.8
98.4,20.8,7.1,42,21,5,0.36,0,0,0.1,0.0,3.3,11.1,SEC_GGC_SWM,Superfast Express,9.6
19.3,70.7,1.5,75,16,4,0.45,4,1,0.0,0.0,4.2,7.9,SEC_BTE_GGC,Superfast Express,61.7
98.5,165.3,7.6,170,4,2,0.11,1,0,0.0,0.0,2.6,16.5,SEC_KOTA_RATL,Mail Express,97.4
104.8,82.6,4.9,65,19,6,0.42,0,0,0.1,0.0,1.0,3.6,SEC_SWM_KOTA,Express,51.0
48.9,208.1,18.3,165,22,6,0.19,2,0,0.0,0.0,4.0,37.2,SEC_RATL_BRC,Rajdhani Express,254.5
83.2,127.6,1.4,165,6,4,0.3,0,0,0.0,0.0,1.4,2.5,SEC_RATL_BRC,Superfast Express,91.8
71.0,4.0,1.3,25,18,5,0.42,2,0,0.0,0.0,4.9,6.8,SEC_MTJ_BTE,Superfast Express,4.6
101.7,67.3,0.5,250,0,1,0.31,0,0,0.0,0.0,3.1,20.0,SEC_BRC_MMCT,Rajdhani Express,35.9
37.0,22.6,10.0,65,15,0,0.13,3,1,0.6,0.0,7.2,14.4,SEC_SWM_KOTA,Rajdhani Express,38.2
96.0,154.4,25.9,250,5,2,0.25,1,0,0.6,0.0,2.6,32.0,SEC_BRC_MMCT,Express,97.1
96.4,34.5,12.4,75,8,4,0.49,0,0,0.0,0.0,5.1,32.4,SEC_BTE_GGC,Rajdhani Express,18.8
0.0,82.2,12.0,170,2,0,0.37,2,0,0.0,6.5,1.8,1.8,SEC_KOTA_RATL,Express,70.7
91.8,61.9,0.5,75,8,3,0.51,1,0,0.0,0.0,1.1,12.1,SEC_BTE_GGC,Mail Express,41.3
41.9,50.3,5.9,65,20,1,0.84,2,0,0.0,0.0,2.0,1.7,SEC_SWM_KOTA,Mail Express,74.1
87.6,14.4,4.6,25,1,2,0.12,1,0,0.0,0.0,2.8,11.6,SEC_MTJ_BTE,Mail Express,11.4
101.9,98.8,0.9,65,13,6,0.39,1,0,0.1,0.0,1.7,4.6,SEC_SWM_KOTA,Mail Express,60.3
91.6,68.3,2.0,75,11,4,0.38,1,0,0.1,0.0,2.2,5.5,SEC_BTE_GGC,Mail Express,44.3
92.6,84.6,4.7,170,2,5,0.25,1,0,0.0,0.0,2.4,10.5,SEC_KOTA_RATL,Express,53.0
42.0,103.7,15.1,165,8,5,0.6,3,1,0.0,6.4,2.8,15.5,SEC_RATL_BRC,Mail Express,163.8
108.1,65.3,9.5,95,23,6,0.33,0,0,0.0,0.0,7.8,24.3,SEC_NDLS_MTJ,Rajdhani Express,35.1
96.6,54.4,3.8,42,4,6,0.48,0,0,0.6,0.0,3.6,18.8,SEC_GGC_SWM,Rajdhani Express,39.9
87.3,16.5,2.9,25,12,1,0.24,1,0,0.0,0.0,2.8,2.2,SEC_MTJ_BTE,Express,10.5
103.1,103.9,4.1,165,7,3,0.36,0,0,0.0,0.0,2.1,1.1,SEC_RATL_BRC,Rajdhani Express,59.9
98.8,380.0,7.8,250,11,3,0.4,0,0,0.0,0.0,2.3,0.5,SEC_BRC_MMCT,Rajdhani Express,232.3
102.6,32.5,4.4,250,3,0,0.18,1,0,0.0,0.0,1.2,0.2,SEC_BRC_MMCT,Mail Express,16.7
37.4,32.0,4.4,75,12,6,0.42,2,0,0.0,0.0,7.7,12.5,SEC_BTE_GGC,Rajdhani Express,49.2
55.9,225.4,1.9,165,12,2,0.39,2,0,0.0,0.0,4.0,10.2,SEC_RATL_BRC,Superfast Express,242.4
79.9,20.7,7.5,25,10,4,0.57,0,0,0.0,0.0,2.1,25.9,SEC_MTJ_BTE,Express,15.8
112.7,215.8,6.2,250,22,5,0.37,0,0,0.0,0.0,4.6,33.4,SEC_BRC_MMCT,Superfast Express,111.3
38.0,234.8,9.2,250,8,3,0.82,0,1,0.1,0.0,1.4,0.7,SEC_BRC_MMCT,Rajdhani Express,377.8
94.6,51.3,26.7,95,15,1,0.1,1,0,0.1,0.0,2.1,3.5,SEC_NDLS_MTJ,Superfast Express,30.3
100.0,27.3,5.0,42,18,0,0.68,0,0,0.3,0.0,1.8,20.9,SEC_GGC_SWM,Express,14.1
34.8,221.4,4.8,165,11,6,0.41,0,1,0.0,0.0,2.4,2.1,SEC_RATL_BRC,Rajdhani Express,393.2
100.9,157.8,4.0,165,6,0,0.3,1,0,0.0,0.0,1.8,2.5,SEC_RATL_BRC,Mail Express,95.2
105.2,38.3,9.4,42,21,3,0.51,1,0,0.0,0.0,3.7,21.9,SEC_GGC_SWM,Rajdhani Express,22.8
34.7,78.3,4.1,65,20,1,0.75,0,1,0.1,0.0,1.2,12.1,SEC_SWM_KOTA,Express,144.3
96.5,29.3,1.0,25,2,2,0.2,0,0,0.1,0.0,4.3,43.6,SEC_MTJ_BTE,Superfast Express,15.9
35.4,110.9,8.5,165,9,6,0.46,1,1,0.0,0.0,2.2,7.3,SEC_RATL_BRC,Rajdhani Express,192.7
109.1,251.8,0.4,250,16,1,0.36,0,0,0.0,0.0,2.1,6.3,SEC_BRC_MMCT,Mail Express,137.3
104.3,68.9,19.5,65,1,0,0.17,1,0,0.9,0.0,4.3,11.9,SEC_SWM_KOTA,Superfast Express,43.1
93.7,156.7,1.8,165,9,1,0.48,0,0,0.1,0.0,1.0,6.4,SEC_RATL_BRC,Express,101.7
94.5,14.7,9.5,42,13,3,0.13,1,0,0.1,0.0,1.1,6.0,SEC_GGC_SWM,Express,6.8
110.0,207.0,27.1,250,22,3,0.14,1,0,0.6,0.0,2.8,10.0,SEC_BRC_MMCT,Superfast Express,114.0
28.1,57.8,50.9,170,0,4,0.16,2,1,0.1,0.0,1.5,3.4,SEC_KOTA_RATL,Mail Express,131.4
102.5,32.2,2.4,42,23,5,0.34,1,0,0.1,0.0,3.2,14.3,SEC_GGC_SWM,Rajdhani Express,18.9
52.3,63.4,8.4,75,21,6,0.67,1,1,0.3,0.0,1.0,0.8,SEC_BTE_GGC,Express,84.8
50.9,228.7,10.3,170,4,3,0.22,2,0,0.0,0.0,2.0,8.6,SEC_KOTA_RATL,Rajdhani Express,269.4
87.1,38.2,0.3,75,10,0,0.37,0,0,0.0,0.0,2.6,30.5,SEC_BTE_GGC,Mail Express,21.4
46.3,120.5,34.7,165,16,5,0.11,4,0,0.0,0.0,2.4,1.3,SEC_RATL_BRC,Express,153.4
87.3,38.2,12.7,95,4,5,0.15,1,0,0.0,0.0,2.3,1.5,SEC_NDLS_MTJ,Mail Express,26.3
45.8,208.4,6.9,250,1,1,0.16,4,0,0.0,0.0,4.0,3.2,SEC_BRC_MMCT,Rajdhani Express,270.1
87.0,28.2,4.0,42,22,4,0.5,0,0,0.0,0.0,2.0,4.2,SEC_GGC_SWM,Mail Express,20.3
91.9,35.8,21.4,75,6,2,0.34,0,0,0.0,0.0,2.3,19.4,SEC_BTE_GGC,Mail Express,21.1
24.3,57.3,6.4,42,21,4,0.7,0,1,0.9,0.0,1.7,4.0,SEC_GGC_SWM,Superfast Express,151.7
93.2,107.2,3.7,95,11,0,0.37,0,0,0.0,0.0,1.7,31.0,SEC_NDLS_MTJ,Express,70.6
94.4,27.3,7.3,65,16,6,0.32,0,0,0.0,0.0,1.6,23.6,SEC_SWM_KOTA,Express,20.4
38.7,16.3,6.5,25,20,3,0.43,0,1,0.0,0.0,1.7,20.6,SEC_MTJ_BTE,Mail Express,31.2
74.4,58.0,3.7,165,11,2,0.52,3,0,0.0,0.0,2.6,10.4,SEC_RATL_BRC,Mail Express,47.2
91.3,175.5,6.4,165,3,1,0.49,0,0,0.0,0.0,2.1,14.0,SEC_RATL_BRC,Express,115.6
102.5,329.9,6.4,250,11,1,0.56,0,0,0.0,0.0,1.1,22.0,SEC_BRC_MMCT,Mail Express,195.6
22.7,28.2,1.5,75,12,2,0.42,0,1,0.0,0.0,2.6,9.5,SEC_BTE_GGC,Mail Express,69.5
96.4,213.2,17.1,165,22,4,0.29,0,0,0.6,0.0,1.3,2.9,SEC_RATL_BRC,Express,142.1
75.8,4.5,23.7,25,3,0,0.13,1,0,0.1,8.1,4.9,2.3,SEC_MTJ_BTE,Rajdhani Express,13.1
107.8,77.4,5.6,95,3,3,0.48,1,0,0.1,0.0,2.5,16.2,SEC_NDLS_MTJ,Mail Express,44.4
42.6,13.2,3.3,25,16,4,0.37,0,1,0.3,0.0,1.9,30.6,SEC_MTJ_BTE,Mail Express,23.7
45.8,31.5,5.0,95,13,1,0.4,1,1,0.0,0.0,1.2,5.5,SEC_NDLS_MTJ,Express,47.2
89.6,31.0,1.6,42,17,3,0.7,0,0,0.1,0.0,2.9,0.1,SEC_GGC_SWM,Mail Express,21.6
68.3,24.5,12.7,25,15,0,0.12,0,0,0.0,0.0,4.8,8.7,SEC_MTJ_BTE,Superfast Express,20.9
94.1,196.1,11.6,170,13,6,0.17,0,0,0.0,0.0,2.7,5.0,SEC_KOTA_RATL,Mail Express,123.4
25.1,125.5,22.6,165,11,6,0.36,2,1,0.1,0.0,5.6,17.4,SEC_RATL_BRC,Rajdhani Express,302.3
38.9,36.4,24.3,42,8,5,0.47,2,0,0.0,0.0,2.1,8.8,SEC_GGC_SWM,Express,55.9
95.2,26.9,16.3,65,13,5,0.19,1,0,0.1,0.0,2.4,18.7,SEC_SWM_KOTA,Express,17.2
110.8,46.8,2.6,42,13,0,0.27,0,0,0.1,0.0,4.5,2.8,SEC_GGC_SWM,Rajdhani Express,24.3
110.2,60.0,12.8,95,4,6,0.31,1,0,0.1,24.0,3.0,0.8,SEC_NDLS_MTJ,Rajdhani Express,55.9
90.4,184.5,7.9,170,10,1,0.4,0,0,0.6,0.0,2.7,10.9,SEC_KOTA_RATL,Express,126.7
43.8,100.8,11.4,165,17,3,0.54,3,0,0.6,1.4,3.3,3.9,SEC_RATL_BRC,Superfast Express,140.9
86.1,23.1,21.9,42,1,6,0.48,0,0,0.0,0.0,2.7,7.4,SEC_GGC_SWM,Mail Express,18.0
113.2,137.3,11.5,165,20,3,0.45,1,0,0.0,0.0,4.5,3.7,SEC_RATL_BRC,Superfast Express,70.0
55.5,91.8,7.4,75,10,4,0.59,2,0,0.1,0.0,1.9,7.1,SEC_BTE_GGC,Mail Express,105.9
33.6,49.0,8.5,75,7,0,0.1,1,1,0.0,0.0,1.7,10.1,SEC_BTE_GGC,Mail Express,91.3
58.0,80.7,0.7,75,20,4,0.78,0,0,0.0,0.0,1.3,24.1,SEC_BTE_GGC,Rajdhani Express,87.9
69.5,188.1,2.8,165,17,1,0.75,0,0,0.1,0.0,1.1,0.4,SEC_RATL_BRC,Express,165.4
29.6,152.4,10.8,170,2,0,0.42,1,1,0.1,0.0,1.3,2.9,SEC_KOTA_RATL,Superfast Express,315.7
59.2,93.5,10.2,95,0,5,0.36,2,0,0.0,3.0,1.6,22.1,SEC_NDLS_MTJ,Mail Express,99.8
107.1,81.9,11.4,75,19,5,0.42,1,0,0.0,0.0,5.7,11.3,SEC_BTE_GGC,Rajdhani Express,41.6
80.0,21.7,8.9,25,0,5,0.19,0,0,0.0,0.0,2.8,1.3,SEC_MTJ_BTE,Mail Express,15.0
55.8,93.8,14.8,75,20,5,0.74,1,0,0.1,0.0,1.4,2.7,SEC_BTE_GGC,Mail Express,106.5
94.9,91.8,3.1,170,7,5,0.38,1,0,0.0,0.0,2.1,0.3,SEC_KOTA_RATL,Superfast Express,57.9
92.6,37.6,3.5,42,6,4,0.22,0,0,0.1,0.0,2.5,1.6,SEC_GGC_SWM,Express,24.7
35.6,24.1,6.2,42,8,5,0.45,3,1,0.0,0.0,2.1,3.4,SEC_GGC_SWM,Mail Express,47.9
88.1,49.1,11.5,95,2,1,0.24,1,0,0.0,0.0,2.3,15.3,SEC_NDLS_MTJ,Express,31.7
94.1,74.5,5.8,95,3,3,0.26,0,0,0.0,0.0,4.3,3.5,SEC_NDLS_MTJ,Rajdhani Express,45.7
102.4,11.6,4.6,25,4,2,0.36,1,0,0.0,0.0,1.6,5.2,SEC_MTJ_BTE,Rajdhani Express,9.2
106.4,24.2,13.1,65,2,0,0.16,0,0,0.9,0.0,2.5,17.2,SEC_SWM_KOTA,Superfast Express,13.7
99.6,151.6,0.1,250,6,3,0.37,1,0,0.0,0.0,2.1,6.4,SEC_BRC_MMCT,Express,90.7
85.4,11.6,3.6,25,0,3,0.15,0,0,0.3,0.0,1.9,29.6,SEC_MTJ_BTE,Mail Express,6.9
54.1,16.1,3.6,25,20,0,0.83,2,0,0.1,0.0,2.9,9.9,SEC_MTJ_BTE,Mail Express,22.1
90.9,44.3,7.7,42,12,2,0.21,1,0,0.1,0.0,1.6,6.3,SEC_GGC_SWM,Mail Express,29.0
105.1,65.4,1.2,250,5,2,0.16,1,0,0.0,0.0,2.4,7.4,SEC_BRC_MMCT,Superfast Express,34.8
70.7,114.2,11.5,95,21,4,0.75,0,0,0.0,0.0,1.3,13.0,SEC_NDLS_MTJ,Superfast Express,100.6
101.9,26.8,21.5,95,10,2,0.36,0,0,0.1,0.0,5.6,5.7,SEC_NDLS_MTJ,Rajdhani Express,15.3
38.4,165.7,2.4,250,5,4,0.23,2,1,0.6,0.0,6.0,8.7,SEC_BRC_MMCT,Rajdhani Express,260.2
105.3,71.3,10.7,65,6,4,0.36,0,0,0.0,0.5,7.5,8.8,SEC_SWM_KOTA,Rajdhani Express,37.2
45.4,46.4,3.6,95,16,4,0.4,2,0,0.0,0.0,4.4,9.3,SEC_NDLS_MTJ,Rajdhani Express,60.3
48.6,41.2,19.7,75,11,0,0.68,2,0,0.1,0.0,4.2,22.9,SEC_BTE_GGC,Superfast Express,49.0
94.8,46.2,8.7,42,10,1,0.63,1,0,0.0,0.0,6.5,9.8,SEC_GGC_SWM,Rajdhani Express,32.1
97.2,51.8,25.6,42,23,5,0.3,0,0,0.3,0.0,6.5,25.2,SEC_GGC_SWM,Rajdhani Express,29.2
92.4,46.1,5.8,75,8,3,0.54,0,0,0.0,0.0,2.6,19.8,SEC_BTE_GGC,Express,28.3
38.0,44.8,23.0,42,11,5,0.77,0,0,0.0,7.5,6.7,14.3,SEC_GGC_SWM,Rajdhani Express,76.6
43.4,90.5,0.9,65,23,6,0.23,2,0,0.1,0.0,2.8,6.8,SEC_SWM_KOTA,Mail Express,126.5
103.5,238.2,5.0,250,16,3,0.46,0,0,0.0,0.0,1.3,14.8,SEC_BRC_MMCT,Mail Express,138.4
92.1,40.1,26.4,42,5,1,0.44,1,0,0.0,0.0,2.5,4.1,SEC_GGC_SWM,Express,26.3
97.9,47.2,3.1,65,3,4,0.26,1,0,0.0,0.0,2.5,19.6,SEC_SWM_KOTA,Mail Express,31.2
31.8,51.8,10.6,65,6,5,0.14,2,1,0.9,0.0,4.0,1.1,SEC_SWM_KOTA,Superfast Express,105.6
42.4,158.2,10.8,250,14,3,0.3,0,1,0.0,0.0,2.4,24.6,SEC_BRC_MMCT,Mail Express,227.5
47.4,48.4,5.2,65,19,0,0.41,1,1,0.3,0.0,1.9,5.1,SEC_SWM_KOTA,Express,70.4
30.8,133.0,0.8,165,6,4,0.41,0,1,0.0,0.0,1.7,40.8,SEC_RATL_BRC,Mail Express,267.5
67.6,230.9,10.4,170,20,6,0.82,2,0,0.9,0.0,1.2,12.0,SEC_KOTA_RATL,Express,221.7
31.9,22.4,8.9,25,5,0,0.41,0,1,0.0,0.0,2.1,51.4,SEC_MTJ_BTE,Mail Express,51.6
55.8,57.6,17.8,65,9,4,0.65,3,0,0.0,0.0,1.4,5.1,SEC_SWM_KOTA,Mail Express,66.2
94.6,72.6,39.1,170,0,0,0.28,0,0,0.3,0.0,1.8,1.8,SEC_KOTA_RATL,Mail Express,46.9
94.6,36.7,7.8,75,13,6,0.11,1,0,0.0,0.0,2.4,7.6,SEC_BTE_GGC,Express,19.5
68.8,49.0,1.1,75,7,0,0.37,4,0,0.0,0.0,2.8,40.3,SEC_BTE_GGC,Express,42.2
33.4,27.0,1.4,42,11,1,0.39,0,1,0.1,0.0,1.7,44.7,SEC_GGC_SWM,Express,51.9
38.1,138.0,2.8,170,0,2,0.35,1,1,0.0,0.0,1.6,3.5,SEC_KOTA_RATL,Rajdhani Express,222.3
44.8,23.7,13.4,95,6,3,0.12,2,0,0.1,0.0,2.2,20.2,SEC_NDLS_MTJ,Express,29.0
67.7,29.1,1.7,170,17,0,0.75,0,0,0.0,0.0,1.5,29.6,SEC_KOTA_RATL,Superfast Express,25.1
96.5,108.7,4.1,165,19,1,0.5,1,0,0.0,0.0,2.3,7.5,SEC_RATL_BRC,Express,66.9
66.9,33.7,16.7,42,17,2,0.72,0,0,0.0,0.0,7.5,1.4,SEC_GGC_SWM,Rajdhani Express,30.1
79.0,11.7,16.8,25,21,6,0.55,1,0,0.0,0.0,1.1,2.1,SEC_MTJ_BTE,Mail Express,10.0
42.2,82.1,6.1,165,10,1,0.79,1,1,0.3,0.0,1.6,5.7,SEC_RATL_BRC,Express,124.3
106.0,20.0,2.7,42,15,3,0.49,0,0,0.0,0.0,4.7,2.0,SEC_GGC_SWM,Rajdhani Express,10.7
28.0,108.1,0.2,95,13,0,0.19,0,1,0.0,0.0,1.1,13.4,SEC_NDLS_MTJ,Express,238.2
82.9,14.8,4.2,25,5,4,0.44,0,0,0.0,0.0,2.8,37.5,SEC_MTJ_BTE,Mail Express,12.6
44.3,60.9,2.8,170,7,4,0.35,3,0,0.6,0.0,2.8,35.1,SEC_KOTA_RATL,Mail Express,78.5
105.0,58.7,1.9,95,0,5,0.41,0,0,0.0,0.0,2.8,6.0,SEC_NDLS_MTJ,Express,31.0
62.8,92.2,1.7,95,9,1,0.79,1,0,0.0,0.0,2.6,43.3,SEC_NDLS_MTJ,Mail Express,91.2
42.0,211.2,4.7,165,17,4,0.43,2,0,0.0,0.0,5.7,22.5,SEC_RATL_BRC,Rajdhani Express,303.0
95.6,90.7,22.5,95,20,0,0.35,1,0,0.0,0.0,2.6,28.7,SEC_NDLS_MTJ,Express,59.1
85.5,22.8,25.7,25,3,6,0.24,0,0,0.0,0.0,2.9,0.1,SEC_MTJ_BTE,Mail Express,14.7
95.9,121.6,1.5,165,8,2,0.7,1,0,0.0,0.0,1.3,0.2,SEC_RATL_BRC,Express,79.3
25.3,238.6,25.2,170,2,4,0.13,1,1,0.1,0.0,1.2,10.4,SEC_KOTA_RATL,Mail Express,575.4
58.4,174.7,2.8,170,19,0,0.47,2,0,0.0,0.0,1.6,56.0,SEC_KOTA_RATL,Mail Express,184.3
74.7,237.6,2.7,165,22,3,0.12,2,0,0.0,0.0,1.4,25.2,SEC_RATL_BRC,Express,192.8
42.8,278.7,2.1,250,11,4,0.85,0,1,0.0,0.0,7.7,14.6,SEC_BRC_MMCT,Rajdhani Express,394.3
99.0,11.2,1.9,25,7,0,0.42,1,0,0.9,0.0,7.9,25.4,SEC_MTJ_BTE,Rajdhani Express,8.7
55.9,104.0,3.1,95,3,2,0.4,3,0,0.1,0.0,3.7,27.9,SEC_NDLS_MTJ,Superfast Express,115.2
104.1,57.4,2.8,165,5,0,0.43,1,0,0.0,0.0,3.4,8.7,SEC_RATL_BRC,Superfast Express,31.3
90.7,35.3,14.2,42,17,0,0.63,0,0,0.6,0.0,2.2,5.0,SEC_GGC_SWM,Express,28.6
99.7,34.6,4.6,95,1,0,0.44,0,0,0.0,0.0,2.7,25.6,SEC_NDLS_MTJ,Express,21.6
39.0,29.2,15.8,95,2,2,0.43,0,1,0.0,0.0,2.5,7.4,SEC_NDLS_MTJ,Express,46.7
25.8,52.1,0.6,170,8,5,0.74,0,1,0.0,0.0,3.0,46.9,SEC_KOTA_RATL,Mail Express,127.8
75.9,71.9,1.7,75,18,3,0.82,1,0,0.3,0.0,3.6,10.9,SEC_BTE_GGC,Superfast Express,61.5
45.8,14.7,0.2,25,10,6,0.81,3,0,0.0,0.0,4.7,3.7,SEC_MTJ_BTE,Superfast Express,24.6
30.7,52.6,27.9,75,20,3,0.51,2,1,0.0,0.0,1.0,34.9,SEC_BTE_GGC,Mail Express,110.0
81.5,29.4,10.5,25,18,3,0.4,0,0,0.0,0.0,3.6,7.0,SEC_MTJ_BTE,Superfast Express,20.7
82.2,326.2,11.4,250,10,6,0.84,0,0,0.1,0.0,1.7,5.9,SEC_BRC_MMCT,Express,239.0
108.6,218.4,3.1,250,2,2,0.46,1,0,0.0,0.0,2.4,9.8,SEC_BRC_MMCT,Superfast Express,121.0
101.5,19.0,3.0,65,11,4,0.38,1,0,0.1,0.0,1.7,33.9,SEC_SWM_KOTA,Rajdhani Express,9.7
93.2,25.3,5.3,42,22,0,0.12,0,0,0.0,0.0,1.1,13.8,SEC_GGC_SWM,Superfast Express,17.3
88.7,29.3,11.3,25,1,1,0.19,1,0,0.1,0.0,2.4,13.3,SEC_MTJ_BTE,Mail Express,21.4
50.4,57.0,2.5,95,14,6,0.12,2,0,0.0,0.0,3.8,48.0,SEC_NDLS_MTJ,Superfast Express,63.7
103.3,203.5,10.7,165,15,0,0.24,0,0,0.0,0.0,2.2,13.5,SEC_RATL_BRC,Superfast Express,116.1
33.1,143.6,2.6,170,18,6,0.47,1,1,0.0,0.0,3.5,20.2,SEC_KOTA_RATL,Superfast Express,263.9
90.8,146.0,2.4,170,22,3,0.19,1,0,0.0,0.0,1.4,3.0,SEC_KOTA_RATL,Express,96.4
92.1,49.9,19.0,75,4,1,0.39,1,0,0.0,0.0,7.1,3.8,SEC_BTE_GGC,Rajdhani Express,26.7
48.4,45.1,7.0,170,14,6,0.16,2,0,0.3,0.0,2.5,8.1,SEC_KOTA_RATL,Mail Express,55.6
93.6,47.8,5.2,42,6,0,0.19,1,0,0.0,0.0,1.7,36.5,SEC_GGC_SWM,Mail Express,28.9
77.0,12.2,0.7,65,5,5,0.11,3,0,0.1,0.0,2.6,10.0,SEC_SWM_KOTA,Mail Express,9.4
112.5,79.5,1.4,65,4,3,0.28,0,0,0.0,0.0,7.6,24.2,SEC_SWM_KOTA,Rajdhani Express,40.0
102.3,20.8,3.5,25,7,0,0.32,1,0,0.6,0.0,2.4,0.8,SEC_MTJ_BTE,Rajdhani Express,17.1
43.9,169.3,26.4,250,8,0,0.75,0,0,0.0,3.8,1.8,1.1,SEC_BRC_MMCT,Superfast Express,236.3
33.1,230.4,11.2,250,11,2,0.42,1,1,0.0,0.0,1.9,9.8,SEC_BRC_MMCT,Mail Express,424.4
101.3,13.4,0.0,25,11,3,0.56,0,0,0.0,0.0,7.9,0.5,SEC_MTJ_BTE,Rajdhani Express,7.5
50.3,34.1,0.5,42,12,4,0.14,0,1,0.0,0.0,3.2,25.9,SEC_GGC_SWM,Superfast Express,43.0
104.8,94.6,5.6,165,1,3,0.37,0,0,0.1,0.0,1.0,14.0,SEC_RATL_BRC,Express,55.2
33.9,76.4,3.6,65,3,0,0.12,3,1,0.3,0.0,2.5,4.4,SEC_SWM_KOTA,Express,144.7
76.8,60.3,2.9,165,6,2,0.21,2,0,0.1,0.0,1.7,17.9,SEC_RATL_BRC,Mail Express,45.1
87.8,33.1,9.5,42,5,4,0.25,0,0,0.0,0.0,2.9,3.0,SEC_GGC_SWM,Mail Express,21.2
100.3,69.3,22.6,65,16,3,0.29,0,0,0.0,1.1,1.3,14.3,SEC_SWM_KOTA,Mail Express,43.0
108.4,28.1,2.6,25,20,1,0.68,0,0,0.0,0.0,3.5,10.7,SEC_MTJ_BTE,Rajdhani Express,16.3
91.0,16.0,2.0,25,3,0,0.44,0,0,0.0,0.0,3.0,5.2,SEC_MTJ_BTE,Superfast Express,12.0
30.7,118.9,4.1,95,7,0,0.23,1,1,0.0,0.0,2.3,14.9,SEC_NDLS_MTJ,Express,236.2
72.1,15.5,1.0,25,7,4,0.22,2,0,0.0,0.0,1.5,1.2,SEC_MTJ_BTE,Express,11.5
46.5,209.9,1.2,165,12,0,0.31,2,1,0.0,0.0,2.2,5.5,SEC_RATL_BRC,Mail Express,281.0
92.6,54.6,3.6,42,15,1,0.4,0,0,0.1,0.0,1.3,6.3,SEC_GGC_SWM,Express,37.5
105.8,91.5,12.4,75,11,5,0.36,1,0,0.0,0.0,1.8,4.3,SEC_BTE_GGC,Superfast Express,53.7
93.2,40.2,2.5,65,23,0,0.17,1,0,0.0,0.0,1.6,9.9,SEC_SWM_KOTA,Express,24.9
84.2,10.2,20.8,25,16,5,0.26,0,0,0.0,0.0,2.8,27.4,SEC_MTJ_BTE,Superfast Express,7.4
105.3,276.4,1.8,250,22,1,0.22,0,0,0.0,0.0,1.1,6.2,SEC_BRC_MMCT,Express,157.8
74.3,66.9,11.9,75,21,0,0.8,1,0,0.3,0.0,2.8,31.3,SEC_BTE_GGC,Express,58.6
20.8,80.9,15.6,75,10,3,0.53,2,1,0.6,0.0,2.0,27.8,SEC_BTE_GGC,Superfast Express,208.3
96.6,74.8,1.5,75,21,3,0.53,1,0,0.0,0.0,6.0,7.8,SEC_BTE_GGC,Rajdhani Express,45.1
93.9,118.3,0.1,165,0,1,0.21,0,0,0.0,0.0,1.6,2.3,SEC_RATL_BRC,Express,74.0
36.5,39.2,20.8,65,5,5,0.43,0,1,0.0,0.0,4.7,10.3,SEC_SWM_KOTA,Rajdhani Express,66.5
92.0,64.3,15.9,95,15,4,0.31,1,0,0.1,0.0,2.7,3.4,SEC_NDLS_MTJ,Express,44.0
29.7,99.1,33.3,95,7,3,0.16,1,1,0.0,0.0,1.2,7.8,SEC_NDLS_MTJ,Mail Express,205.2
45.9,16.4,4.0,25,0,4,0.43,4,0,0.6,0.0,1.3,26.6,SEC_MTJ_BTE,Rajdhani Express,26.0
119.0,17.7,3.7,65,16,4,0.26,0,0,0.0,0.0,3.5,21.7,SEC_SWM_KOTA,Superfast Express,8.9
26.4,53.2,5.5,75,3,0,0.47,0,1,0.0,0.0,2.4,27.6,SEC_BTE_GGC,Superfast Express,126.1
94.5,38.9,21.0,65,14,3,0.12,0,0,0.1,0.0,2.4,9.6,SEC_SWM_KOTA,Express,23.4
63.8,55.9,1.3,170,21,3,0.76,1,0,0.9,0.0,2.6,21.5,SEC_KOTA_RATL,Express,53.3
107.4,29.6,20.4,65,14,0,0.24,1,0,0.0,0.0,2.0,39.6,SEC_SWM_KOTA,Express,16.8
93.3,86.9,0.0,170,22,2,0.16,0,0,0.1,0.0,1.9,2.6,SEC_KOTA_RATL,Express,55.1
64.1,139.5,2.0,250,8,5,0.42,4,0,0.0,0.0,2.3,7.3,SEC_BRC_MMCT,Rajdhani Express,132.9
95.1,106.9,0.5,95,13,6,0.17,0,0,0.1,0.0,3.9,65.7,SEC_NDLS_MTJ,Superfast Express,66.5
104.6,34.4,1.0,42,11,3,0.54,1,0,0.0,0.0,3.1,29.6,SEC_GGC_SWM,Superfast Express,23.8
93.1,124.5,4.3,95,18,5,0.49,0,0,0.3,0.0,3.3,15.6,SEC_NDLS_MTJ,Superfast Express,83.5
65.4,104.2,16.4,165,6,5,0.12,3,0,0.0,0.0,1.0,25.6,SEC_RATL_BRC,Express,96.1
64.7,24.6,2.0,25,12,5,0.45,2,0,0.1,0.0,2.4,2.7,SEC_MTJ_BTE,Superfast Express,26.6
94.6,22.8,2.0,25,20,5,0.6,1,0,0.0,0.0,1.9,11.1,SEC_MTJ_BTE,Express,14.3
0.0,90.0,25.1,250,8,5,0.79,1,0,0.9,5.4,1.1,13.5,SEC_BRC_MMCT,Superfast Express,73.2
99.7,17.4,3.3,170,12,4,0.46,1,0,0.0,0.0,2.5,5.3,SEC_KOTA_RATL,Express,6.9
62.1,72.1,6.5,165,9,1,0.36,3,0,0.0,0.0,1.2,28.8,SEC_RATL_BRC,Express,69.7
46.3,35.0,3.1,95,19,0,0.73,0,0,0.0,0.0,2.9,11.4,SEC_NDLS_MTJ,Express,44.4
86.3,143.0,0.6,165,18,6,0.44,1,0,0.1,0.0,1.6,11.8,SEC_RATL_BRC,Mail Express,96.8
96.2,32.1,1.9,170,3,0,0.3,0,0,0.0,0.0,1.1,8.3,SEC_KOTA_RATL,Express,21.9
97.1,92.8,34.5,250,14,5,0.37,1,0,0.6,0.0,1.9,3.0,SEC_BRC_MMCT,Superfast Express,57.2
90.9,13.4,4.0,75,19,4,0.36,1,0,0.0,0.0,1.8,7.3,SEC_BTE_GGC,Express,7.9
80.4,83.7,9.2,75,15,2,0.37,0,0,0.3,0.0,2.2,15.4,SEC_BTE_GGC,Express,67.2
60.9,8.5,2.1,25,0,3,0.17,3,0,0.1,0.0,2.0,4.5,SEC_MTJ_BTE,Express,8.5
49.0,14.8,1.0,95,9,6,0.65,2,1,0.0,0.0,3.6,50.9,SEC_NDLS_MTJ,Superfast Express,21.7
79.7,15.0,21.4,25,15,2,0.24,0,0,0.0,3.8,5.0,7.3,SEC_MTJ_BTE,Rajdhani Express,12.0
42.6,70.6,0.4,95,11,5,0.75,1,1,0.0,0.0,2.4,4.4,SEC_NDLS_MTJ,Mail Express,107.8
114.8,55.8,9.3,95,8,1,0.64,0,0,0.1,0.0,7.5,7.5,SEC_NDLS_MTJ,Rajdhani Express,27.1
103.3,201.3,1.7,170,16,5,0.35,0,0,0.3,0.0,1.4,22.4,SEC_KOTA_RATL,Express,120.2
95.1,43.7,3.5,75,22,2,0.33,1,0,0.0,0.0,7.5,11.9,SEC_BTE_GGC,Rajdhani Express,25.2
98.8,85.3,39.8,75,13,4,0.11,0,0,0.0,0.0,2.0,12.2,SEC_BTE_GGC,Superfast Express,54.4
75.9,27.6,6.5,25,7,0,0.26,1,0,0.1,0.0,2.7,9.8,SEC_MTJ_BTE,Express,20.2
19.7,98.7,1.1,250,7,6,0.39,0,1,0.0,0.0,2.5,21.1,SEC_BRC_MMCT,Express,73.1
91.6,222.6,13.8,165,12,0,0.21,0,0,0.3,0.0,1.4,18.4,SEC_RATL_BRC,Mail Express,151.4
96.0,79.1,2.2,65,19,2,0.37,0,0,0.1,0.0,2.5,26.5,SEC_SWM_KOTA,Express,45.9
40.8,42.2,7.9,75,21,2,0.73,2,0,0.3,0.0,1.0,13.7,SEC_BTE_GGC,Mail Express,66.6
98.4,88.4,3.4,75,8,1,0.48,0,0,0.1,0.0,1.5,9.8,SEC_BTE_GGC,Superfast Express,57.7
87.8,134.6,18.3,165,9,2,0.66,1,0,0.1,0.0,3.6,41.9,SEC_RATL_BRC,Superfast Express,96.2
63.6,11.6,8.7,25,18,5,0.72,0,0,0.0,0.0,2.9,14.0,SEC_MTJ_BTE,Express,10.5
102.0,278.9,2.0,250,12,6,0.25,0,0,0.0,0.0,2.4,13.8,SEC_BRC_MMCT,Superfast Express,159.9
102.3,32.5,11.7,165,4,4,0.38,0,0,0.0,0.0,2.7,6.5,SEC_RATL_BRC,Rajdhani Express,14.8
83.2,223.4,0.6,250,16,5,0.42,2,0,0.0,0.0,2.3,1.8,SEC_BRC_MMCT,Express,167.5
69.7,130.9,14.5,170,11,3,0.74,1,0,0.0,4.2,1.8,10.1,SEC_KOTA_RATL,Mail Express,122.8
30.9,115.1,2.9,250,13,3,0.19,2,1,0.0,0.0,2.4,41.4,SEC_BRC_MMCT,Mail Express,226.3
103.2,107.4,8.0,95,13,0,0.15,1,0,0.1,0.0,5.4,3.4,SEC_NDLS_MTJ,Rajdhani Express,57.1
92.2,42.1,3.3,75,7,4,0.41,0,0,0.0,0.0,2.4,56.4,SEC_BTE_GGC,Express,25.0
89.1,36.6,1.9,170,19,4,0.4,1,0,0.0,0.0,2.5,22.5,SEC_KOTA_RATL,Superfast Express,24.0
102.4,38.3,20.7,65,12,1,0.18,0,0,0.1,0.0,5.9,14.6,SEC_SWM_KOTA,Rajdhani Express,18.5
92.4,180.3,4.5,165,14,6,0.39,1,0,0.6,0.0,1.3,15.5,SEC_RATL_BRC,Rajdhani Express,120.9
30.7,319.2,19.2,250,2,0,0.47,1,1,0.0,0.0,3.5,68.2,SEC_BRC_MMCT,Rajdhani Express,633.7
36.4,82.3,4.1,65,10,4,0.67,0,1,0.0,0.0,1.5,14.2,SEC_SWM_KOTA,Rajdhani Express,143.6
90.6,6.8,52.4,25,18,3,0.69,0,0,0.0,0.0,1.2,14.0,SEC_MTJ_BTE,Express,5.1
83.4,258.3,6.0,170,3,5,0.38,3,0,0.0,0.0,5.7,18.1,SEC_KOTA_RATL,Rajdhani Express,187.1
93.6,31.8,1.5,95,16,1,0.38,1,0,0.3,0.0,2.1,4.4,SEC_NDLS_MTJ,Superfast Express,19.9
42.3,241.2,1.7,250,7,5,0.28,2,1,0.1,0.0,2.0,23.1,SEC_BRC_MMCT,Superfast Express,348.4
90.7,10.1,22.0,75,20,2,0.52,1,0,0.0,0.0,2.7,12.5,SEC_BTE_GGC,Express,4.6
39.2,49.1,11.7,95,19,5,0.66,2,1,0.1,0.0,1.2,8.8,SEC_NDLS_MTJ,Mail Express,81.9
38.5,8.9,3.6,42,2,0,0.14,4,1,0.0,0.0,1.1,14.4,SEC_GGC_SWM,Rajdhani Express,13.4
108.9,18.8,10.7,75,16,0,0.36,1,0,0.0,0.0,2.9,44.4,SEC_BTE_GGC,Rajdhani Express,8.1
76.9,13.0,20.3,42,3,3,0.4,3,0,0.0,0.0,3.1,14.8,SEC_GGC_SWM,Superfast Express,13.7
92.3,110.1,11.2,95,12,0,0.14,1,0,0.1,0.0,1.6,43.3,SEC_NDLS_MTJ,Mail Express,70.0
72.5,7.0,20.3,25,12,3,0.14,2,0,0.0,0.0,1.0,14.8,SEC_MTJ_BTE,Express,3.0
88.6,83.0,12.6,75,17,2,0.65,0,0,0.0,0.0,1.3,4.8,SEC_BTE_GGC,Superfast Express,55.6
126.0,97.7,2.6,250,13,1,0.21,0,0,0.0,0.0,4.3,6.6,SEC_BRC_MMCT,Rajdhani Express,43.7
25.8,54.7,15.3,95,4,6,0.35,3,1,0.0,0.3,4.4,6.7,SEC_NDLS_MTJ,Superfast Express,131.6
78.2,14.0,3.0,42,16,5,0.13,3,0,0.0,0.0,2.3,7.9,SEC_GGC_SWM,Superfast Express,6.8
91.0,18.7,2.0,42,15,2,0.24,0,0,0.0,0.0,1.2,14.0,SEC_GGC_SWM,Mail Express,13.2
36.9,47.2,22.5,65,18,3,0.62,1,1,0.1,0.0,3.8,11.3,SEC_SWM_KOTA,Rajdhani Express,81.3
48.6,43.5,11.1,170,12,3,0.37,0,1,0.1,0.0,2.7,25.3,SEC_KOTA_RATL,Express,58.0
0.0,25.4,15.0,25,13,6,0.17,3,0,0.3,63.7,2.8,25.7,SEC_MTJ_BTE,Mail Express,87.9
86.7,228.1,1.5,165,0,2,0.21,0,0,0.0,0.0,4.2,29.6,SEC_RATL_BRC,Superfast Express,152.4
127.2,181.2,2.1,250,18,3,0.37,0,0,0.1,0.0,5.8,5.8,SEC_BRC_MMCT,Rajdhani Express,84.2
27.1,71.8,9.9,95,1,5,0.33,0,1,0.0,0.0,1.7,12.4,SEC_NDLS_MTJ,Express,164.3
75.6,255.5,21.0,250,11,1,0.4,2,0,0.0,0.0,1.5,7.0,SEC_BRC_MMCT,Rajdhani Express,203.2
96.4,151.7,2.6,250,8,0,0.46,1,0,0.0,0.0,1.8,25.9,SEC_BRC_MMCT,Mail Express,95.4
57.4,66.2,5.8,75,16,6,0.29,4,0,0.0,0.0,1.1,28.7,SEC_BTE_GGC,Express,74.7
91.6,13.9,10.7,42,22,4,0.32,1,0,0.1,0.0,2.9,0.6,SEC_GGC_SWM,Express,7.7
100.3,126.7,0.7,165,5,5,0.12,1,0,0.0,0.0,1.0,7.7,SEC_RATL_BRC,Rajdhani Express,76.8
36.0,62.3,1.7,75,20,5,0.41,3,0,0.0,0.0,2.0,3.5,SEC_BTE_GGC,Express,105.8
94.8,142.2,5.6,170,22,6,0.22,1,0,0.0,0.0,2.5,24.4,SEC_KOTA_RATL,Mail Express,89.1
99.3,42.8,7.2,75,21,2,0.41,0,0,0.1,0.0,2.1,0.7,SEC_BTE_GGC,Express,25.7
98.1,33.8,6.8,165,20,3,0.5,1,0,0.0,0.0,4.8,12.9,SEC_RATL_BRC,Rajdhani Express,18.4
96.4,110.1,45.5,165,19,5,0.47,1,0,0.0,0.0,1.9,0.4,SEC_RATL_BRC,Mail Express,68.6
95.2,49.0,20.6,75,4,5,0.35,0,0,0.0,0.0,2.8,15.2,SEC_BTE_GGC,Express,28.3
41.5,109.6,25.7,170,18,4,0.44,1,1,0.0,0.0,1.7,19.2,SEC_KOTA_RATL,Express,163.0
78.5,74.9,0.9,165,1,0,0.15,0,0,0.0,0.0,1.9,7.8,SEC_RATL_BRC,Rajdhani Express,55.6
96.4,82.4,1.6,75,3,5,0.19,1,0,0.1,0.0,1.1,8.8,SEC_BTE_GGC,Superfast Express,51.4
88.3,24.2,4.4,25,21,3,0.7,0,0,0.0,0.0,1.1,0.3,SEC_MTJ_BTE,Mail Express,17.7
93.8,180.0,1.5,170,23,6,0.45,0,0,0.0,0.0,3.1,12.0,SEC_KOTA_RATL,Superfast Express,114.5
95.2,30.0,10.8,42,5,5,0.14,1,0,0.0,0.0,4.7,7.6,SEC_GGC_SWM,Rajdhani Express,21.9
88.4,37.1,4.3,165,2,0,0.19,1,0,0.3,0.0,2.2,1.7,SEC_RATL_BRC,Mail Express,23.6
123.6,9.9,3.1,65,1,6,0.27,1,0,0.0,0.0,3.5,19.7,SEC_SWM_KOTA,Rajdhani Express,3.4
41.0,23.5,16.3,25,11,4,0.51,1,1,0.0,0.0,1.8,0.5,SEC_MTJ_BTE,Mail Express,42.2
95.7,10.3,12.0,95,10,0,0.7,0,0,0.0,0.0,2.5,17.6,SEC_NDLS_MTJ,Superfast Express,3.0
102.6,282.2,17.5,250,4,5,0.29,0,0,0.0,0.0,1.4,58.6,SEC_BRC_MMCT,Mail Express,163.9
37.1,30.7,0.9,42,8,3,0.39,3,1,0.0,0.0,4.8,6.5,SEC_GGC_SWM,Superfast Express,57.2
93.2,166.1,0.5,250,7,1,0.46,1,0,0.1,0.0,3.0,7.7,SEC_BRC_MMCT,Express,107.4
76.0,73.6,2.8,75,16,6,0.31,1,0,0.0,0.0,2.1,32.2,SEC_BTE_GGC,Mail Express,58.8
108.7,33.2,10.0,42,18,0,0.69,0,0,0.0,0.0,5.1,0.8,SEC_GGC_SWM,Rajdhani Express,21.3
45.2,17.1,7.4,25,1,6,0.47,2,0,0.0,0.0,2.6,0.2,SEC_MTJ_BTE,Superfast Express,26.0
69.9,7.7,33.1,75,11,6,0.4,3,0,0.0,0.0,7.8,16.0,SEC_BTE_GGC,Rajdhani Express,3.6
88.8,43.5,6.5,165,10,1,0.47,0,0,0.0,0.0,5.4,12.2,SEC_RATL_BRC,Rajdhani Express,29.3
108.2,239.9,19.5,250,6,4,0.24,0,0,0.6,0.4,2.0,0.0,SEC_BRC_MMCT,Superfast Express,137.0
105.4,175.6,1.7,250,11,4,0.41,1,0,0.1,0.0,1.2,29.1,SEC_BRC_MMCT,Express,100.8
86.1,68.1,4.3,75,14,3,0.44,0,0,0.0,0.0,1.6,3.9,SEC_BTE_GGC,Rajdhani Express,48.7
51.1,74.7,5.9,165,18,0,0.58,2,1,0.0,0.0,6.9,15.3,SEC_RATL_BRC,Rajdhani Express,90.7
98.6,29.9,2.5,75,3,0,0.2,1,0,0.1,0.0,2.1,26.9,SEC_BTE_GGC,Express,15.5
105.4,179.1,9.4,250,1,4,0.48,0,0,0.0,0.0,3.3,3.2,SEC_BRC_MMCT,Superfast Express,101.7
116.6,143.8,5.7,170,7,6,0.37,0,0,0.3,0.0,7.5,8.7,SEC_KOTA_RATL,Rajdhani Express,70.0
110.4,24.7,2.1,65,12,5,0.18,0,0,0.0,0.0,2.6,7.0,SEC_SWM_KOTA,Express,10.4
36.6,131.6,0.3,170,5,2,0.16,2,1,0.0,0.0,4.0,13.4,SEC_KOTA_RATL,Rajdhani Express,218.7
98.4,14.5,6.5,25,16,4,0.27,0,0,0.0,0.0,4.2,0.6,SEC_MTJ_BTE,Superfast Express,10.1
31.5,43.3,0.1,65,19,0,0.83,0,1,0.9,0.0,1.8,12.1,SEC_SWM_KOTA,Mail Express,94.7
89.6,26.8,11.2,25,8,5,0.53,1,0,0.3,0.0,1.2,0.5,SEC_MTJ_BTE,Mail Express,23.8
45.9,44.5,7.3,95,10,3,0.41,0,1,0.0,0.0,7.4,14.8,SEC_NDLS_MTJ,Rajdhani Express,58.4
99.0,73.2,0.8,65,10,6,0.6,0,0,0.1,0.0,4.0,13.9,SEC_SWM_KOTA,Superfast Express,43.2
93.9,115.7,6.7,95,6,4,0.27,0,0,0.1,0.0,4.5,22.0,SEC_NDLS_MTJ,Superfast Express,68.8
91.4,171.6,35.8,170,7,3,0.48,1,0,0.6,1.5,5.8,21.0,SEC_KOTA_RATL,Rajdhani Express,114.9
30.1,25.9,17.4,25,11,0,0.52,1,1,0.0,0.0,1.4,19.0,SEC_MTJ_BTE,Rajdhani Express,63.2
111.2,196.7,5.0,165,17,3,0.55,0,0,0.0,0.0,5.9,16.6,SEC_RATL_BRC,Rajdhani Express,106.3
32.7,90.1,28.8,75,23,0,0.28,1,1,0.0,0.0,1.1,19.2,SEC_BTE_GGC,Express,172.4
82.1,12.4,7.0,25,15,4,0.42,1,0,0.0,0.0,5.3,12.8,SEC_MTJ_BTE,Rajdhani Express,12.0
82.8,31.6,10.4,42,13,3,0.46,1,0,0.3,0.0,1.9,40.4,SEC_GGC_SWM,Express,23.9
112.1,50.2,4.9,65,0,0,0.35,0,0,0.0,0.0,2.3,26.6,SEC_SWM_KOTA,Superfast Express,24.1
37.3,74.5,11.7,95,17,4,0.48,2,1,0.1,0.0,1.8,20.0,SEC_NDLS_MTJ,Superfast Express,128.9
70.4,114.8,0.9,165,17,3,0.8,3,0,0.1,0.0,2.7,12.1,SEC_RATL_BRC,Rajdhani Express,103.6
88.0,107.6,8.4,95,12,5,0.17,1,0,0.6,0.0,1.4,16.6,SEC_NDLS_MTJ,Mail Express,78.6
38.9,99.0,3.8,75,22,3,0.46,3,0,0.3,0.0,2.7,10.8,SEC_BTE_GGC,Mail Express,159.7
42.8,12.5,6.5,75,14,0,0.22,3,0,0.6,0.0,5.8,5.1,SEC_BTE_GGC,Rajdhani Express,16.5
70.7,73.5,3.7,170,6,2,0.18,2,0,0.0,0.0,2.3,18.1,SEC_KOTA_RATL,Express,61.3
117.8,107.3,11.5,165,7,1,0.37,0,0,0.0,0.0,2.5,21.6,SEC_RATL_BRC,Rajdhani Express,52.3
39.5,26.3,6.5,25,7,3,0.43,2,1,0.0,0.0,2.2,17.2,SEC_MTJ_BTE,Rajdhani Express,49.4
120.8,25.9,2.0,95,23,1,0.25,0,0,0.0,0.0,1.2,7.3,SEC_NDLS_MTJ,Rajdhani Express,10.1
106.4,47.0,5.0,95,1,1,0.33,0,0,0.1,0.0,4.6,22.7,SEC_NDLS_MTJ,Rajdhani Express,27.7
117.1,160.1,27.4,250,9,0,0.36,0,0,0.3,0.0,4.6,9.4,SEC_BRC_MMCT,Superfast Express,80.8
97.6,57.4,7.3,170,19,5,0.47,0,0,0.0,0.0,2.6,34.2,SEC_KOTA_RATL,Express,34.0
33.1,37.2,1.0,42,4,4,0.36,2,0,0.3,0.0,1.2,34.6,SEC_GGC_SWM,Express,66.6
74.1,140.7,10.7,165,21,0,0.77,0,0,0.0,0.0,2.5,5.3,SEC_RATL_BRC,Mail Express,112.2
55.7,4.0,2.8,25,8,4,0.84,0,0,0.0,0.0,3.7,1.1,SEC_MTJ_BTE,Rajdhani Express,5.0
51.9,59.8,8.8,42,22,5,0.17,0,1,0.0,0.0,2.4,15.0,SEC_GGC_SWM,Mail Express,74.9
48.4,150.8,11.6,170,14,5,0.14,2,0,0.6,0.0,2.4,14.9,SEC_KOTA_RATL,Superfast Express,185.2
23.0,88.9,8.1,65,17,2,0.8,1,1,0.3,0.0,1.7,39.2,SEC_SWM_KOTA,Express,227.8
67.2,32.5,18.7,42,10,5,0.72,1,0,0.0,0.0,2.2,0.2,SEC_GGC_SWM,Express,33.0
90.3,16.7,1.6,25,11,3,0.68,1,0,0.3,0.0,2.4,2.9,SEC_MTJ_BTE,Rajdhani Express,18.1
0.0,140.4,27.6,250,2,1,0.39,0,1,0.0,0.5,1.3,87.3,SEC_BRC_MMCT,Express,105.6
95.3,30.4,1.2,75,9,5,0.63,1,0,0.0,0.0,4.6,16.9,SEC_BTE_GGC,Superfast Express,20.8
96.1,36.9,3.8,42,11,5,0.7,0,0,0.6,0.0,5.1,14.6,SEC_GGC_SWM,Rajdhani Express,25.6
114.2,86.3,25.9,75,7,5,0.45,0,0,0.0,6.8,5.3,2.9,SEC_BTE_GGC,Rajdhani Express,49.8
99.2,146.5,2.0,250,3,0,0.45,0,0,0.0,0.0,1.6,0.7,SEC_BRC_MMCT,Mail Express,87.9
109.8,280.7,16.8,250,8,2,0.61,1,0,0.0,0.0,1.8,15.8,SEC_BRC_MMCT,Rajdhani Express,155.4
93.5,128.4,22.0,165,2,0,0.43,0,0,0.1,0.0,1.6,7.3,SEC_RATL_BRC,Express,86.4
35.0,36.1,4.6,65,15,0,0.44,2,1,0.1,0.0,3.0,14.4,SEC_SWM_KOTA,Mail Express,64.9
100.3,33.2,20.7,165,14,0,0.33,1,0,0.3,0.0,2.5,0.8,SEC_RATL_BRC,Mail Express,19.3
100.6,14.9,3.7,42,12,1,0.31,0,0,0.6,0.0,1.2,15.2,SEC_GGC_SWM,Superfast Express,11.8
43.6,93.8,9.3,165,21,2,0.82,1,1,0.0,0.0,3.0,0.6,SEC_RATL_BRC,Rajdhani Express,134.8
98.4,24.5,3.5,95,0,4,0.38,0,0,0.6,0.0,3.0,0.4,SEC_NDLS_MTJ,Express,15.4
36.5,183.9,3.1,170,18,1,0.67,1,1,0.0,0.0,2.4,31.0,SEC_KOTA_RATL,Express,308.4
90.9,45.3,8.8,95,23,6,0.3,1,0,0.1,0.0,1.9,7.8,SEC_NDLS_MTJ,Express,30.6
91.5,82.3,0.1,165,23,5,0.3,0,0,0.0,0.0,1.6,8.9,SEC_RATL_BRC,Mail Express,53.0
96.0,129.5,8.8,95,17,3,0.39,0,0,0.3,0.0,5.8,18.5,SEC_NDLS_MTJ,Rajdhani Express,81.6
95.7,33.3,14.1,65,13,4,0.13,0,0,0.0,0.0,3.0,11.5,SEC_SWM_KOTA,Mail Express,17.2
115.3,62.4,9.6,65,12,3,0.35,1,0,0.0,0.0,3.6,1.8,SEC_SWM_KOTA,Superfast Express,33.0
101.0,25.9,33.1,42,0,2,0.47,1,0,0.6,0.0,1.4,9.0,SEC_GGC_SWM,Superfast Express,19.3
120.8,32.3,23.6,65,7,6,0.49,0,0,0.3,0.0,4.6,1.3,SEC_SWM_KOTA,Rajdhani Express,11.8
116.5,89.2,1.2,65,18,3,0.7,0,0,0.0,0.0,1.5,1.0,SEC_SWM_KOTA,Express,48.1
95.3,123.0,18.5,95,11,2,0.58,1,0,0.0,0.0,2.9,16.2,SEC_NDLS_MTJ,Express,77.7
0.0,96.0,13.1,65,3,2,0.21,0,0,0.1,6.2,2.7,16.4,SEC_SWM_KOTA,Rajdhani Express,73.9
83.7,154.4,3.3,170,5,3,0.4,0,0,0.0,0.0,2.5,6.1,SEC_KOTA_RATL,Express,109.9
0.0,289.6,18.4,250,14,0,0.43,4,0,0.0,12.1,4.2,1.8,SEC_BRC_MMCT,Rajdhani Express,220.8
73.0,188.7,11.4,250,11,3,0.83,1,0,0.9,0.0,4.9,9.6,SEC_BRC_MMCT,Rajdhani Express,160.1
98.4,30.9,2.4,42,1,4,0.35,0,0,0.0,0.0,1.2,44.5,SEC_GGC_SWM,Mail Express,15.4
45.2,8.1,13.0,25,19,4,0.77,0,0,0.1,17.5,2.4,9.1,SEC_MTJ_BTE,Express,31.0
106.9,145.6,1.8,170,14,1,0.37,0,0,0.0,0.0,2.7,1.6,SEC_KOTA_RATL,Rajdhani Express,79.3
31.2,7.4,3.9,65,8,6,0.67,1,1,0.6,0.0,2.1,44.3,SEC_SWM_KOTA,Express,11.7
21.2,206.4,20.7,250,7,5,0.26,3,1,0.0,0.0,3.7,1.6,SEC_BRC_MMCT,Superfast Express,499.8
75.7,67.3,16.2,75,19,5,0.53,4,0,0.0,8.9,4.4,54.0,SEC_BTE_GGC,Superfast Express,62.7
106.3,71.4,6.3,95,3,5,0.37,0,0,0.1,0.0,3.7,4.8,SEC_NDLS_MTJ,Superfast Express,37.2
42.7,76.3,4.4,95,21,4,0.72,0,1,0.0,0.0,3.5,16.5,SEC_NDLS_MTJ,Superfast Express,113.2
26.2,336.9,18.1,250,1,4,0.37,1,1,0.3,0.0,1.0,58.4,SEC_BRC_MMCT,Express,783.7
98.4,28.7,18.3,42,22,2,0.37,0,0,0.0,0.0,7.0,3.9,SEC_GGC_SWM,Rajdhani Express,18.1
47.4,31.9,17.2,65,21,6,0.73,0,0,0.0,0.0,3.5,0.3,SEC_SWM_KOTA,Rajdhani Express,41.3
75.2,207.9,1.1,170,19,1,0.74,1,0,0.3,0.0,1.9,30.2,SEC_KOTA_RATL,Rajdhani Express,175.6
107.2,255.8,0.6,170,2,4,0.41,1,0,0.3,0.0,3.9,24.5,SEC_KOTA_RATL,Rajdhani Express,145.0
119.9,188.1,9.7,250,16,0,0.4,0,0,0.1,0.0,6.1,4.4,SEC_BRC_MMCT,Rajdhani Express,88.7
43.6,34.0,6.3,42,10,4,0.36,3,0,0.0,0.0,1.7,22.9,SEC_GGC_SWM,Superfast Express,48.7
97.2,47.1,13.1,170,2,5,0.48,0,0,0.9,0.0,1.2,17.7,SEC_KOTA_RATL,Mail Express,32.0
44.9,141.7,24.8,165,4,0,0.36,2,0,0.3,4.0,2.0,3.0,SEC_RATL_BRC,Express,197.4
87.3,79.7,3.1,170,10,3,0.57,0,0,0.0,0.0,1.1,33.4,SEC_KOTA_RATL,Express,54.7
97.3,125.2,0.6,170,9,4,0.38,1,0,0.0,0.0,1.3,2.1,SEC_KOTA_RATL,Mail Express,76.4
83.3,52.4,2.0,95,11,0,0.47,1,0,0.9,0.0,1.6,4.2,SEC_NDLS_MTJ,Superfast Express,43.6
37.6,57.6,4.2,65,18,0,0.63,0,1,0.3,0.0,3.9,16.5,SEC_SWM_KOTA,Superfast Express,100.7
40.2,14.5,16.6,25,10,4,0.82,0,0,0.0,0.0,3.1,15.8,SEC_MTJ_BTE,Superfast Express,20.3
49.6,188.0,30.3,170,12,6,0.29,2,0,0.6,13.7,3.4,11.5,SEC_KOTA_RATL,Superfast Express,243.6
98.3,100.1,3.4,95,12,6,0.16,0,0,0.0,0.0,3.5,0.4,SEC_NDLS_MTJ,Superfast Express,63.5
82.6,13.5,18.2,25,7,4,0.22,1,0,0.0,9.3,3.5,4.1,SEC_MTJ_BTE,Rajdhani Express,19.5
87.3,176.0,8.8,165,16,6,0.15,0,0,0.0,0.0,3.0,11.3,SEC_RATL_BRC,Rajdhani Express,120.2
73.3,34.5,12.7,95,21,4,0.74,1,0,0.0,0.0,2.2,31.5,SEC_NDLS_MTJ,Mail Express,28.5
104.2,208.5,11.1,250,8,1,0.59,0,0,0.1,0.4,2.3,23.8,SEC_BRC_MMCT,Express,122.2
93.9,95.9,1.2,65,10,1,0.45,1,0,0.0,0.0,2.3,26.9,SEC_SWM_KOTA,Superfast Express,64.7
95.9,38.1,15.7,170,14,2,0.19,0,0,0.1,0.0,4.5,4.8,SEC_KOTA_RATL,Superfast Express,18.9
90.3,4.0,13.8,25,14,5,0.21,0,0,0.1,0.0,3.8,1.9,SEC_MTJ_BTE,Superfast Express,3.0
0.0,50.1,20.3,165,2,2,0.33,3,1,0.0,5.6,1.8,18.3,SEC_RATL_BRC,Express,48.8
87.9,16.0,3.4,25,20,3,0.64,0,0,0.0,0.0,1.8,22.2,SEC_MTJ_BTE,Express,7.7
96.2,37.8,0.9,42,13,1,0.49,1,0,0.0,0.0,1.9,8.6,SEC_GGC_SWM,Mail Express,22.6
89.7,29.6,5.5,75,13,5,0.33,1,0,0.0,0.0,4.6,3.8,SEC_BTE_GGC,Superfast Express,17.9
95.1,72.7,1.2,75,9,2,0.63,1,0,0.0,0.0,2.6,9.3,SEC_BTE_GGC,Express,49.5
82.5,154.7,24.4,170,2,3,0.19,2,0,0.0,0.0,3.5,2.5,SEC_KOTA_RATL,Rajdhani Express,110.8
42.9,142.5,10.0,165,18,3,0.76,0,0,0.0,0.0,3.9,6.2,SEC_RATL_BRC,Superfast Express,199.9
27.3,22.1,6.3,42,14,0,0.46,0,1,0.0,0.0,3.7,6.8,SEC_GGC_SWM,Superfast Express,51.3
110.8,34.3,16.4,75,13,2,0.23,1,0,0.0,7.9,6.2,4.8,SEC_BTE_GGC,Rajdhani Express,23.9
117.1,47.1,5.8,250,4,6,0.29,0,0,0.0,0.0,1.3,42.1,SEC_BRC_MMCT,Rajdhani Express,24.0
89.4,82.0,2.5,95,0,5,0.36,0,0,0.1,0.0,1.1,1.1,SEC_NDLS_MTJ,Mail Express,55.7
103.8,50.9,10.5,75,4,4,0.33,0,0,0.0,0.0,3.4,41.3,SEC_BTE_GGC,Rajdhani Express,30.7
64.0,221.9,8.0,165,11,1,0.83,1,0,0.1,0.0,2.4,4.1,SEC_RATL_BRC,Mail Express,213.1
45.4,37.0,8.1,165,22,2,0.38,3,0,0.1,0.0,4.1,30.5,SEC_RATL_BRC,Superfast Express,47.9
55.1,6.1,10.9,25,10,4,0.65,2,0,0.6,0.0,2.0,7.9,SEC_MTJ_BTE,Express,10.3
101.6,19.5,3.6,25,2,5,0.33,1,0,0.9,0.0,6.0,0.2,SEC_MTJ_BTE,Rajdhani Express,13.3
36.8,142.2,0.4,170,13,5,0.47,1,1,0.1,0.0,2.0,7.2,SEC_KOTA_RATL,Mail Express,239.0
98.6,246.0,7.5,250,9,6,0.58,1,0,0.0,0.0,3.0,28.5,SEC_BRC_MMCT,Mail Express,151.5
111.6,186.7,0.4,250,23,1,0.17,0,0,0.9,0.0,2.1,6.9,SEC_BRC_MMCT,Superfast Express,102.9
0.0,7.5,13.3,25,0,4,0.13,0,0,0.0,7.7,3.4,31.1,SEC_MTJ_BTE,Superfast Express,14.6
29.9,162.0,12.6,170,12,2,0.17,1,1,0.0,21.0,2.2,6.8,SEC_KOTA_RATL,Mail Express,352.5
43.6,285.8,3.3,250,16,5,0.39,0,1,0.0,0.0,2.1,6.6,SEC_BRC_MMCT,Superfast Express,398.2
124.4,98.4,7.3,65,7,2,0.38,1,0,0.6,0.0,1.3,10.5,SEC_SWM_KOTA,Rajdhani Express,54.0
100.4,184.2,11.1,250,1,4,0.21,0,0,0.0,0.0,1.8,19.2,SEC_BRC_MMCT,Express,109.9
96.5,41.5,3.0,165,10,3,0.67,0,0,0.0,0.0,1.6,18.0,SEC_RATL_BRC,Express,24.2
44.6,86.0,11.3,170,4,0,0.3,2,1,0.0,11.2,1.2,10.5,SEC_KOTA_RATL,Superfast Express,131.9
94.9,60.1,8.5,42,16,2,0.18,1,0,0.0,0.0,2.3,33.4,SEC_GGC_SWM,Mail Express,37.8
62.0,165.7,3.1,170,11,2,0.61,4,0,0.1,0.0,6.8,20.6,SEC_KOTA_RATL,Rajdhani Express,162.3
49.2,92.2,1.2,75,9,2,0.39,3,0,0.1,0.0,4.8,25.8,SEC_BTE_GGC,Rajdhani Express,115.7
107.6,107.6,11.7,250,7,1,0.4,0,0,0.0,0.0,1.3,28.0,SEC_BRC_MMCT,Mail Express,59.5
51.6,52.4,0.9,65,19,6,0.77,1,0,0.3,0.0,1.1,18.4,SEC_SWM_KOTA,Express,64.1
62.3,16.9,13.9,25,21,2,0.76,2,0,0.0,0.0,1.1,24.0,SEC_MTJ_BTE,Superfast Express,19.9
70.4,71.8,16.7,75,6,4,0.39,4,0,0.0,0.0,4.0,23.8,SEC_BTE_GGC,Rajdhani Express,62.3
41.5,78.5,2.7,75,19,0,0.83,1,0,0.6,0.0,5.3,1.0,SEC_BTE_GGC,Rajdhani Express,117.7
125.1,29.2,2.6,42,15,6,0.32,0,0,0.0,0.0,7.4,44.4,SEC_GGC_SWM,Rajdhani Express,14.5
85.8,127.5,9.7,95,6,2,0.4,0,0,0.0,0.0,1.7,2.1,SEC_NDLS_MTJ,Express,88.8
49.1,207.0,7.3,165,16,1,0.15,1,1,0.0,0.0,1.1,16.6,SEC_RATL_BRC,Mail Express,257.6
95.8,120.3,29.4,250,3,5,0.49,1,0,0.3,0.0,2.9,2.4,SEC_BRC_MMCT,Express,79.0
0.0,13.5,18.7,25,13,3,0.23,0,0,0.3,11.7,2.2,28.7,SEC_MTJ_BTE,Mail Express,22.2
33.5,30.2,17.1,65,4,2,0.13,1,1,0.0,21.2,5.0,57.3,SEC_SWM_KOTA,Rajdhani Express,74.9
83.1,26.0,6.2,25,2,5,0.27,1,0,0.1,0.0,3.0,0.7,SEC_MTJ_BTE,Express,16.0
92.0,17.5,0.4,42,10,1,0.36,1,0,0.0,0.0,3.4,7.5,SEC_GGC_SWM,Rajdhani Express,13.5
92.4,195.2,6.6,170,14,5,0.27,0,0,0.1,0.0,1.9,7.6,SEC_KOTA_RATL,Express,128.2
88.6,23.6,5.3,25,1,3,0.38,1,0,0.1,0.0,2.4,2.9,SEC_MTJ_BTE,Express,19.7
0.0,22.4,22.6,25,6,6,0.11,1,0,0.1,11.5,1.5,5.3,SEC_MTJ_BTE,Express,32.8
19.8,41.9,1.7,95,7,1,0.48,0,1,0.0,0.0,7.2,6.0,SEC_NDLS_MTJ,Rajdhani Express,35.9
107.3,203.0,3.1,165,21,1,0.58,0,0,0.1,0.0,2.0,19.9,SEC_RATL_BRC,Superfast Express,114.5
37.6,50.8,2.9,65,4,3,0.18,1,1,0.0,0.0,2.8,4.3,SEC_SWM_KOTA,Mail Express,82.1
70.4,105.9,1.7,75,9,1,0.72,1,0,0.0,0.0,2.8,27.2,SEC_BTE_GGC,Mail Express,95.3
39.9,40.6,14.9,42,16,6,0.2,1,1,0.0,0.0,2.8,4.9,SEC_GGC_SWM,Rajdhani Express,65.9
84.9,28.0,5.5,42,13,0,0.14,1,0,0.0,0.0,7.1,33.4,SEC_GGC_SWM,Rajdhani Express,15.2
81.8,198.3,13.4,250,22,1,0.4,2,0,0.1,0.0,4.2,37.2,SEC_BRC_MMCT,Superfast Express,145.0
87.0,117.7,6.0,95,22,2,0.21,1,0,0.0,0.0,1.7,30.9,SEC_NDLS_MTJ,Mail Express,78.5
29.6,57.9,1.1,165,20,2,0.58,0,1,0.0,0.0,4.5,61.0,SEC_RATL_BRC,Superfast Express,114.5
124.4,102.0,2.9,250,9,6,0.52,1,0,0.1,0.0,4.0,9.0,SEC_BRC_MMCT,Superfast Express,47.7
86.9,40.1,17.8,42,21,3,0.69,1,0,0.0,14.9,2.4,16.9,SEC_GGC_SWM,Express,45.6
73.7,265.1,2.9,250,19,2,0.76,0,0,0.0,0.0,1.1,9.8,SEC_BRC_MMCT,Mail Express,218.4
94.5,201.0,11.8,250,3,1,0.24,1,0,0.0,0.0,2.8,2.8,SEC_BRC_MMCT,Express,125.4
81.6,9.0,2.2,25,13,3,0.41,0,0,0.1,0.0,1.4,1.0,SEC_MTJ_BTE,Express,5.4
98.3,86.6,8.8,170,21,3,0.44,0,0,0.1,0.0,3.0,20.3,SEC_KOTA_RATL,Superfast Express,53.8
90.8,19.7,17.2,25,14,2,0.41,0,0,0.0,0.0,4.4,1.6,SEC_MTJ_BTE,Superfast Express,13.1
88.7,12.7,6.5,25,22,3,0.26,1,0,0.9,0.0,1.9,4.1,SEC_MTJ_BTE,Express,10.2
88.5,72.8,10.4,75,15,4,0.38,0,0,0.0,0.0,2.1,0.9,SEC_BTE_GGC,Mail Express,49.2
107.4,111.3,1.7,165,0,2,0.39,1,0,0.0,0.0,3.0,7.6,SEC_RATL_BRC,Superfast Express,60.0
28.3,84.3,11.8,65,13,0,0.14,1,1,0.0,0.0,1.1,11.6,SEC_SWM_KOTA,Superfast Express,187.4
53.9,54.5,19.9,170,21,2,0.84,3,0,0.3,9.1,1.6,16.6,SEC_KOTA_RATL,Express,72.1
48.7,82.6,1.9,165,14,3,0.26,2,0,0.3,0.0,1.8,15.6,SEC_RATL_BRC,Mail Express,101.4
0.0,100.5,13.8,165,1,2,0.18,1,1,0.0,1.4,2.2,82.7,SEC_RATL_BRC,Express,83.3
112.0,103.6,0.2,250,10,5,0.4,0,0,0.0,0.0,2.1,34.8,SEC_BRC_MMCT,Superfast Express,56.8
97.5,99.7,8.8,95,14,3,0.41,0,0,0.0,0.0,2.4,10.6,SEC_NDLS_MTJ,Express,61.0
40.3,16.4,0.6,42,17,1,0.71,1,0,0.0,0.0,1.6,14.8,SEC_GGC_SWM,Superfast Express,25.1
84.4,11.7,2.0,25,4,4,0.33,0,0,0.3,0.0,2.8,14.7,SEC_MTJ_BTE,Express,8.7
104.8,128.0,5.6,95,12,0,0.14,0,0,0.0,0.0,7.5,10.4,SEC_NDLS_MTJ,Rajdhani Express,62.7
55.5,75.9,9.5,170,17,0,0.61,2,0,0.0,0.0,1.6,49.5,SEC_KOTA_RATL,Express,83.6
95.4,36.0,5.3,95,11,4,0.38,0,0,0.1,0.0,3.9,28.7,SEC_NDLS_MTJ,Superfast Express,25.7
116.5,33.5,4.3,42,17,3,0.4,0,0,0.0,0.0,4.5,3.6,SEC_GGC_SWM,Superfast Express,14.4
99.0,30.8,4.6,42,5,2,0.45,0,0,0.0,0.0,1.4,5.5,SEC_GGC_SWM,Express,17.3
69.3,78.1,6.1,170,6,4,0.36,2,0,0.6,0.0,2.3,9.8,SEC_KOTA_RATL,Mail Express,66.9
44.4,13.2,22.7,42,1,6,0.31,3,0,0.0,0.0,7.2,5.1,SEC_GGC_SWM,Rajdhani Express,17.5
23.4,80.7,7.7,95,16,3,0.27,3,1,0.1,0.0,4.0,16.5,SEC_NDLS_MTJ,Rajdhani Express,200.2
116.1,112.4,4.4,250,5,2,0.18,0,0,0.3,0.0,4.6,32.4,SEC_BRC_MMCT,Rajdhani Express,54.2
125.1,29.9,10.6,65,7,5,0.21,1,0,0.0,0.0,6.7,4.5,SEC_SWM_KOTA,Rajdhani Express,14.8
47.5,26.3,11.7,42,8,5,0.78,1,0,0.0,30.8,5.2,13.8,SEC_GGC_SWM,Rajdhani Express,65.0
64.7,26.5,16.3,25,20,3,0.73,0,0,0.3,0.0,1.3,1.7,SEC_MTJ_BTE,Mail Express,31.4
69.3,80.9,26.1,75,2,0,0.34,4,0,0.0,0.0,1.0,4.1,SEC_BTE_GGC,Express,73.1
33.5,18.0,6.2,25,0,0,0.3,3,1,0.0,0.0,1.7,22.5,SEC_MTJ_BTE,Mail Express,37.4
28.8,80.2,11.0,75,23,4,0.12,3,1,0.0,0.0,7.4,5.4,SEC_BTE_GGC,Rajdhani Express,163.0
87.7,110.5,29.0,165,19,6,0.59,0,0,0.0,0.0,3.0,36.2,SEC_RATL_BRC,Superfast Express,76.7
53.5,21.8,1.6,65,13,4,0.39,3,0,0.1,0.0,1.7,18.9,SEC_SWM_KOTA,Express,25.3
43.9,115.5,2.7,95,8,3,0.54,2,0,0.0,0.0,1.8,25.0,SEC_NDLS_MTJ,Express,162.4
101.1,51.3,31.4,42,8,5,0.58,1,0,0.0,2.2,2.1,19.9,SEC_GGC_SWM,Rajdhani Express,37.8
45.8,42.9,1.5,250,9,3,0.4,0,1,0.6,0.0,1.3,5.2,SEC_BRC_MMCT,Mail Express,62.2
94.8,11.0,1.1,25,13,4,0.3,0,0,0.0,0.0,3.3,14.2,SEC_MTJ_BTE,Superfast Express,5.3
40.6,94.0,2.5,65,9,5,0.7,0,1,0.0,0.0,2.1,50.1,SEC_SWM_KOTA,Mail Express,146.1
58.2,4.8,12.5,42,0,3,0.1,2,0,0.0,0.0,2.3,0.5,SEC_GGC_SWM,Mail Express,3.4
81.7,195.9,26.7,165,17,5,0.78,1,0,0.1,0.0,2.0,1.5,SEC_RATL_BRC,Express,146.1
78.2,5.7,21.7,25,7,4,0.39,0,0,0.0,0.0,2.2,16.2,SEC_MTJ_BTE,Mail Express,6.8
63.5,123.1,6.8,95,7,3,0.49,2,0,0.0,0.0,2.2,5.4,SEC_NDLS_MTJ,Mail Express,119.1
0.0,157.2,13.0,170,18,0,0.63,2,0,0.0,4.9,2.9,8.4,SEC_KOTA_RATL,Mail Express,128.8
105.8,46.5,24.7,65,4,6,0.17,0,0,0.0,0.0,3.0,11.1,SEC_SWM_KOTA,Express,20.2
73.1,29.5,7.8,25,17,1,0.45,2,0,0.6,0.0,2.0,40.6,SEC_MTJ_BTE,Rajdhani Express,31.8
92.2,40.0,20.1,42,18,1,0.68,1,0,0.6,0.0,2.7,17.7,SEC_GGC_SWM,Mail Express,31.8
97.1,5.0,9.4,25,12,4,0.11,0,0,0.0,0.0,3.6,16.1,SEC_MTJ_BTE,Superfast Express,3.4
101.7,22.3,1.7,250,1,6,0.13,0,0,0.6,0.0,3.2,2.9,SEC_BRC_MMCT,Superfast Express,12.2
27.0,158.8,24.9,250,13,2,0.39,1,1,0.0,0.7,1.9,4.3,SEC_BRC_MMCT,Express,359.4
38.6,76.4,3.7,170,1,2,0.26,0,1,0.3,0.0,4.3,1.4,SEC_KOTA_RATL,Superfast Express,122.8
27.9,143.2,0.3,165,8,5,0.49,0,1,0.0,0.0,2.6,1.6,SEC_RATL_BRC,Rajdhani Express,312.8
90.8,23.7,3.5,42,17,3,0.61,1,0,0.0,0.0,2.3,23.5,SEC_GGC_SWM,Mail Express,15.0
38.0,186.9,0.4,170,10,3,0.68,1,1,0.0,0.0,4.3,5.4,SEC_KOTA_RATL,Superfast Express,303.1
108.0,126.7,2.4,250,3,3,0.49,1,0,0.3,0.0,3.3,14.4,SEC_BRC_MMCT,Rajdhani Express,69.9
85.9,27.3,4.6,25,4,6,0.14,0,0,0.0,0.0,2.1,56.5,SEC_MTJ_BTE,Mail Express,20.0
98.4,120.3,0.1,95,16,5,0.33,1,0,0.0,0.0,2.8,0.2,SEC_NDLS_MTJ,Superfast Express,74.3
88.0,4.0,16.5,25,6,3,0.41,1,0,0.0,0.0,2.2,0.0,SEC_MTJ_BTE,Superfast Express,3.0
109.8,9.9,11.6,25,13,3,0.18,1,0,0.0,13.6,2.7,8.3,SEC_MTJ_BTE,Rajdhani Express,20.8
60.9,48.7,1.8,75,4,5,0.1,2,0,0.0,0.0,1.6,10.0,SEC_BTE_GGC,Mail Express,44.9
97.1,197.9,8.2,165,0,2,0.24,0,0,0.9,0.0,2.1,9.8,SEC_RATL_BRC,Mail Express,127.4
101.5,13.4,0.8,25,9,5,0.45,0,0,0.0,0.0,2.4,11.9,SEC_MTJ_BTE,Mail Express,8.9
53.9,29.7,7.8,65,19,2,0.74,0,0,0.1,0.0,2.4,12.6,SEC_SWM_KOTA,Express,31.3
77.2,22.1,2.2,75,9,4,0.78,1,0,0.0,0.0,2.4,3.4,SEC_BTE_GGC,Superfast Express,13.6
45.0,26.8,29.1,42,16,4,0.16,2,0,0.1,0.0,2.0,49.2,SEC_GGC_SWM,Express,34.3
102.8,17.8,5.1,65,14,1,0.36,1,0,0.0,0.0,1.4,0.7,SEC_SWM_KOTA,Mail Express,9.4
95.3,135.3,2.0,170,5,4,0.1,0,0,0.0,0.0,4.6,3.4,SEC_KOTA_RATL,Superfast Express,79.0
84.0,250.0,22.0,250,10,3,0.72,1,0,0.3,0.0,4.4,22.8,SEC_BRC_MMCT,Rajdhani Express,183.2
100.3,71.4,6.3,75,15,0,0.5,0,0,0.0,0.0,2.6,16.7,SEC_BTE_GGC,Superfast Express,39.4
39.2,116.2,24.7,95,22,1,0.23,2,1,0.3,11.1,2.8,5.1,SEC_NDLS_MTJ,Express,196.2
41.8,36.5,19.7,42,17,3,0.58,2,0,0.3,0.0,1.3,23.7,SEC_GGC_SWM,Rajdhani Express,59.3
105.2,67.0,0.7,170,1,4,0.12,0,0,0.0,0.0,2.9,51.9,SEC_KOTA_RATL,Rajdhani Express,39.3
93.0,53.0,5.3,250,2,2,0.45,0,0,0.0,0.0,4.9,1.9,SEC_BRC_MMCT,Superfast Express,29.9
96.6,17.3,6.8,42,20,0,0.47,0,0,0.0,0.0,2.2,27.7,SEC_GGC_SWM,Express,10.3
70.1,32.9,1.7,42,9,6,0.4,2,0,0.0,0.0,3.0,2.9,SEC_GGC_SWM,Express,30.1
70.3,218.8,4.5,165,11,4,0.79,1,0,0.0,0.0,2.9,3.4,SEC_RATL_BRC,Express,191.9
67.3,89.4,3.5,165,17,4,0.82,0,0,0.0,0.0,1.6,14.8,SEC_RATL_BRC,Express,78.6
107.4,4.5,19.1,42,18,1,0.64,0,0,0.6,0.0,7.8,5.9,SEC_GGC_SWM,Rajdhani Express,3.9
51.2,27.6,6.3,25,8,1,0.76,0,0,0.0,0.0,1.7,4.7,SEC_MTJ_BTE,Superfast Express,38.8
114.6,43.4,3.7,65,4,6,0.49,0,0,0.0,0.0,7.7,4.8,SEC_SWM_KOTA,Rajdhani Express,23.4
90.6,155.9,0.3,165,18,6,0.68,1,0,0.1,0.0,1.6,1.5,SEC_RATL_BRC,Express,107.5
71.6,59.0,24.7,65,6,1,0.35,4,0,0.1,0.0,1.7,1.5,SEC_SWM_KOTA,Mail Express,50.5
70.2,37.3,12.3,95,6,0,0.5,2,0,0.1,0.0,4.4,7.6,SEC_NDLS_MTJ,Superfast Express,32.6
73.0,30.4,11.0,75,5,3,0.11,2,0,0.1,0.0,4.8,5.9,SEC_BTE_GGC,Superfast Express,21.2
84.6,130.2,17.2,95,2,0,0.3,0,0,0.1,0.0,1.4,0.9,SEC_NDLS_MTJ,Express,96.1
95.9,16.9,3.1,75,13,5,0.39,0,0,0.3,0.0,2.9,18.8,SEC_BTE_GGC,Mail Express,10.1
102.0,153.4,5.8,250,9,4,0.55,1,0,0.1,0.0,2.2,15.0,SEC_BRC_MMCT,Express,93.9
31.4,31.9,3.7,25,17,3,0.65,0,1,0.0,0.0,1.5,4.2,SEC_MTJ_BTE,Superfast Express,69.2
69.7,173.8,14.3,165,22,3,0.11,2,0,0.0,32.7,1.9,11.1,SEC_RATL_BRC,Mail Express,180.0
32.6,198.8,6.0,170,16,2,0.15,3,1,0.3,0.0,2.3,17.6,SEC_KOTA_RATL,Express,373.2
33.0,5.8,14.8,25,5,5,0.47,1,1,0.0,0.0,1.2,38.6,SEC_MTJ_BTE,Superfast Express,13.5
69.1,49.3,10.6,65,13,4,0.41,2,0,0.0,0.0,2.6,7.7,SEC_SWM_KOTA,Superfast Express,41.7
108.1,155.1,3.4,250,22,6,0.36,0,0,0.0,0.0,2.6,5.4,SEC_BRC_MMCT,Mail Express,84.0
78.3,41.2,14.2,65,17,3,0.63,2,0,0.3,0.0,1.2,3.8,SEC_SWM_KOTA,Rajdhani Express,32.7
106.0,106.3,2.0,170,0,6,0.19,0,0,0.0,0.0,4.6,26.8,SEC_KOTA_RATL,Superfast Express,56.6
91.7,80.0,11.2,170,21,2,0.45,0,0,0.0,0.0,1.3,2.0,SEC_KOTA_RATL,Mail Express,52.7
82.2,163.0,5.0,165,19,4,0.56,1,0,0.0,0.0,1.4,1.5,SEC_RATL_BRC,Superfast Express,120.0
93.7,29.2,15.1,42,11,1,0.53,0,0,0.3,0.0,2.7,42.5,SEC_GGC_SWM,Mail Express,19.6
102.5,67.9,1.7,95,14,2,0.31,0,0,0.1,0.0,4.4,1.5,SEC_NDLS_MTJ,Superfast Express,38.3
37.0,32.1,5.4,42,18,2,0.53,2,0,0.0,0.0,6.5,13.9,SEC_GGC_SWM,Rajdhani Express,53.1
108.2,179.6,29.3,170,11,2,0.57,0,0,0.3,0.0,3.4,13.5,SEC_KOTA_RATL,Rajdhani Express,100.7
31.2,44.5,28.2,95,1,5,0.24,0,1,0.1,0.0,2.1,6.4,SEC_NDLS_MTJ,Express,91.1
102.7,50.3,9.3,65,12,0,0.14,0,0,0.0,0.0,1.4,0.1,SEC_SWM_KOTA,Mail Express,26.8
60.2,94.0,18.1,65,20,0,0.65,2,0,0.0,0.0,2.8,7.0,SEC_SWM_KOTA,Express,99.9
74.8,118.7,2.0,95,19,5,0.42,2,0,0.0,0.0,1.6,2.7,SEC_NDLS_MTJ,Mail Express,100.5
52.7,143.8,5.9,250,5,3,0.32,2,0,0.0,0.0,3.0,21.7,SEC_BRC_MMCT,Mail Express,159.6
54.9,19.2,0.3,25,11,0,0.74,0,0,0.0,0.0,5.2,15.1,SEC_MTJ_BTE,Rajdhani Express,20.6
66.6,55.9,2.0,75,4,0,0.26,2,0,0.0,0.0,3.5,10.7,SEC_BTE_GGC,Superfast Express,48.3
22.4,168.1,7.4,165,1,3,0.33,2,1,0.1,0.0,1.4,3.0,SEC_RATL_BRC,Rajdhani Express,413.2
99.0,93.1,7.2,95,3,6,0.12,0,0,0.1,0.0,2.7,17.2,SEC_NDLS_MTJ,Express,54.1
121.2,68.4,12.9,65,20,4,0.46,0,0,0.6,0.0,4.4,58.9,SEC_SWM_KOTA,Superfast Express,34.6
86.8,97.0,0.1,95,21,6,0.55,0,0,0.3,0.0,1.9,29.6,SEC_NDLS_MTJ,Express,70.2
94.4,140.0,1.1,170,18,5,0.69,0,0,0.0,0.0,1.7,26.8,SEC_KOTA_RATL,Superfast Express,86.4
90.3,35.4,17.2,170,21,3,0.47,1,0,0.0,0.0,1.2,74.1,SEC_KOTA_RATL,Rajdhani Express,21.1
27.6,105.9,1.8,165,2,1,0.2,0,1,0.0,0.0,5.9,15.6,SEC_RATL_BRC,Rajdhani Express,232.3
106.1,81.4,1.1,75,2,1,0.49,0,0,0.0,0.0,1.6,20.7,SEC_BTE_GGC,Express,47.5
31.5,124.2,0.0,250,8,4,0.78,1,1,0.1,0.0,5.7,25.7,SEC_BRC_MMCT,Rajdhani Express,241.7
90.4,41.0,4.5,42,5,5,0.35,0,0,0.1,0.0,1.1,34.4,SEC_GGC_SWM,Mail Express,26.9
94.0,97.7,3.2,95,8,4,0.54,1,0,0.0,0.0,2.0,15.0,SEC_NDLS_MTJ,Express,65.4
71.3,143.0,20.7,170,10,3,0.75,1,0,0.1,0.0,6.7,3.4,SEC_KOTA_RATL,Rajdhani Express,119.3
81.6,6.3,1.5,25,2,0,0.28,0,0,0.3,0.0,2.8,9.8,SEC_MTJ_BTE,Mail Express,3.7
25.1,18.3,18.4,25,23,0,0.31,1,1,0.9,0.0,4.1,6.1,SEC_MTJ_BTE,Superfast Express,52.3
96.1,25.6,2.5,75,18,5,0.54,0,0,0.1,0.0,1.7,4.5,SEC_BTE_GGC,Express,14.9
28.7,75.7,0.5,95,0,1,0.18,0,1,0.0,0.0,3.6,23.8,SEC_NDLS_MTJ,Superfast Express,162.6
106.7,47.4,5.5,170,2,5,0.27,0,0,0.1,0.0,2.4,6.4,SEC_KOTA_RATL,Mail Express,22.8
82.6,9.0,12.6,42,21,5,0.68,0,0,0.0,0.0,2.5,3.4,SEC_GGC_SWM,Express,7.6
43.9,6.2,5.0,42,9,0,0.76,0,0,0.0,0.0,4.7,4.1,SEC_GGC_SWM,Superfast Express,10.3
30.9,52.8,8.7,165,5,2,0.37,0,1,0.3,0.0,2.2,1.3,SEC_RATL_BRC,Express,108.5
47.6,116.4,1.6,75,13,1,0.1,0,1,0.6,0.0,1.3,4.4,SEC_BTE_GGC,Express,157.6
93.5,19.1,3.8,42,6,1,0.11,0,0,0.0,0.0,2.0,2.2,SEC_GGC_SWM,Express,8.4
30.4,71.3,10.7,65,22,3,0.12,1,1,0.1,23.7,1.6,20.3,SEC_SWM_KOTA,Express,171.5
123.1,29.6,7.9,65,15,2,0.46,0,0,0.3,0.0,4.9,13.7,SEC_SWM_KOTA,Rajdhani Express,16.2
44.4,79.5,2.2,170,20,4,0.72,1,0,0.1,0.0,1.1,17.6,SEC_KOTA_RATL,Express,109.5
110.1,314.8,5.1,250,1,6,0.46,0,0,0.0,0.0,2.2,4.4,SEC_BRC_MMCT,Superfast Express,170.7
95.0,160.4,13.0,165,17,4,0.68,1,0,0.0,0.0,4.5,19.2,SEC_RATL_BRC,Superfast Express,102.9
72.1,19.8,9.7,42,11,5,0.43,2,0,0.0,0.0,1.3,54.2,SEC_GGC_SWM,Mail Express,16.9
39.6,73.0,1.2,65,10,5,0.84,0,1,0.0,0.0,4.9,20.1,SEC_SWM_KOTA,Superfast Express,119.0
112.3,67.6,5.5,65,16,6,0.14,1,0,0.0,0.0,7.4,2.7,SEC_SWM_KOTA,Rajdhani Express,32.7
90.9,38.0,5.9,42,6,3,0.18,0,0,0.1,0.0,2.5,25.9,SEC_GGC_SWM,Express,26.1
72.7,54.5,20.9,65,3,4,0.29,2,0,0.1,0.0,7.2,6.0,SEC_SWM_KOTA,Rajdhani Express,42.6
60.8,29.2,16.7,75,4,3,0.13,2,0,0.0,0.0,2.0,12.9,SEC_BTE_GGC,Mail Express,28.6
98.2,100.2,4.1,170,18,3,0.44,0,0,0.0,0.0,2.7,3.8,SEC_KOTA_RATL,Express,57.9
44.5,81.7,18.6,95,22,0,0.14,2,0,0.0,0.0,1.1,7.7,SEC_NDLS_MTJ,Express,108.7
110.7,177.3,3.7,170,5,3,0.49,1,0,0.0,0.0,7.6,0.2,SEC_KOTA_RATL,Rajdhani Express,95.2
94.9,164.9,8.8,250,10,5,0.62,1,0,0.0,0.0,1.8,6.9,SEC_BRC_MMCT,Express,107.0
60.4,18.1,3.4,25,11,2,0.77,2,0,0.0,0.0,2.2,5.0,SEC_MTJ_BTE,Superfast Express,24.2
71.2,103.5,1.5,75,17,1,0.72,0,0,0.0,0.0,1.8,23.4,SEC_BTE_GGC,Mail Express,90.3
89.1,63.1,2.0,95,19,3,0.37,1,0,0.6,0.0,1.9,50.4,SEC_NDLS_MTJ,Mail Express,44.0
91.0,162.6,11.5,165,15,6,0.27,1,0,0.1,0.0,2.4,7.5,SEC_RATL_BRC,Mail Express,111.1
96.5,30.1,21.9,42,23,2,0.46,0,0,0.6,0.0,2.1,1.7,SEC_GGC_SWM,Express,21.7
111.1,195.1,0.7,170,21,3,0.49,0,0,0.0,0.0,1.6,0.1,SEC_KOTA_RATL,Mail Express,109.9
97.8,32.6,0.7,65,7,6,0.23,0,0,0.3,0.0,2.6,21.9,SEC_SWM_KOTA,Rajdhani Express,21.3
34.7,6.7,10.5,25,13,6,0.4,0,1,0.0,0.0,1.3,4.9,SEC_MTJ_BTE,Mail Express,11.5
97.1,67.1,1.5,65,18,0,0.6,1,0,0.1,0.0,2.0,15.2,SEC_SWM_KOTA,Mail Express,44.0
95.4,47.7,44.9,75,9,4,0.58,0,0,0.1,0.0,3.6,16.6,SEC_BTE_GGC,Superfast Express,29.5
109.8,29.7,5.2,42,4,5,0.21,0,0,0.0,0.0,4.0,8.8,SEC_GGC_SWM,Superfast Express,11.1
0.0,181.7,19.4,170,2,2,0.13,1,0,0.0,6.7,7.7,1.1,SEC_KOTA_RATL,Rajdhani Express,140.8
44.3,50.4,3.4,75,14,3,0.46,3,0,0.1,0.0,1.1,14.8,SEC_BTE_GGC,Express,71.3
32.4,69.1,4.1,75,0,5,0.34,0,1,0.3,0.0,1.5,31.4,SEC_BTE_GGC,Mail Express,135.4
23.6,94.2,4.4,75,5,2,0.43,2,1,0.6,0.0,2.3,2.7,SEC_BTE_GGC,Superfast Express,239.2
102.3,83.8,13.7,65,5,1,0.41,1,0,0.0,0.0,4.2,3.3,SEC_SWM_KOTA,Rajdhani Express,49.7
54.0,13.1,5.9,42,2,5,0.17,2,1,0.0,0.0,1.4,8.2,SEC_GGC_SWM,Mail Express,22.6
111.7,33.8,2.4,42,21,4,0.51,1,0,0.3,0.0,2.3,10.1,SEC_GGC_SWM,Superfast Express,19.6
121.4,136.8,21.6,170,15,1,0.21,1,0,0.0,0.0,2.0,11.8,SEC_KOTA_RATL,Rajdhani Express,67.0
53.7,224.5,4.0,170,15,4,0.32,3,0,0.0,0.0,3.8,13.4,SEC_KOTA_RATL,Rajdhani Express,250.9
78.4,51.6,1.7,165,15,5,0.31,1,0,0.9,0.0,2.7,18.0,SEC_RATL_BRC,Superfast Express,37.0
65.7,87.1,15.4,165,22,1,0.36,2,0,0.0,0.0,1.4,15.5,SEC_RATL_BRC,Mail Express,79.2
86.4,24.7,0.3,25,4,2,0.46,1,0,0.0,0.0,2.3,7.7,SEC_MTJ_BTE,Mail Express,18.0
85.5,98.0,1.6,75,10,2,0.42,0,0,0.0,0.0,2.3,7.6,SEC_BTE_GGC,Mail Express,70.1
99.5,133.6,3.5,165,17,0,0.67,0,0,0.0,0.0,3.0,3.6,SEC_RATL_BRC,Mail Express,80.8
85.5,189.8,8.5,170,21,5,0.38,0,0,0.3,0.0,1.0,31.8,SEC_KOTA_RATL,Mail Express,132.6
50.7,98.2,6.4,95,19,1,0.76,0,0,0.1,0.0,1.1,40.7,SEC_NDLS_MTJ,Superfast Express,119.4
28.7,8.4,12.3,42,11,2,0.36,1,1,0.1,3.4,1.2,5.9,SEC_GGC_SWM,Express,21.2
74.9,50.1,11.3,95,2,5,0.23,1,0,0.1,0.0,2.0,1.0,SEC_NDLS_MTJ,Mail Express,36.0
102.2,29.4,11.3,42,15,1,0.45,0,0,0.1,0.0,4.6,10.4,SEC_GGC_SWM,Superfast Express,17.9
34.5,73.1,3.1,95,9,3,0.8,0,1,0.0,0.0,1.6,1.0,SEC_NDLS_MTJ,Superfast Express,134.7
85.9,23.0,1.1,25,12,5,0.19,0,0,0.0,0.0,1.5,51.3,SEC_MTJ_BTE,Express,13.4
90.1,51.6,8.3,75,4,2,0.1,0,0,0.0,0.0,2.6,30.9,SEC_BTE_GGC,Mail Express,32.1
33.0,44.8,8.0,65,21,6,0.61,1,1,0.0,0.0,1.1,15.2,SEC_SWM_KOTA,Mail Express,90.3
121.9,258.3,3.5,250,8,3,0.54,0,0,0.6,0.0,2.0,14.9,SEC_BRC_MMCT,Rajdhani Express,130.7
91.7,61.6,0.1,75,12,5,0.46,1,0,0.0,0.0,3.0,28.2,SEC_BTE_GGC,Superfast Express,39.4
63.7,14.4,7.6,25,2,2,0.31,2,0,0.3,0.0,2.0,4.8,SEC_MTJ_BTE,Mail Express,14.5
87.4,14.9,7.5,25,0,1,0.12,0,0,0.1,0.0,2.8,14.8,SEC_MTJ_BTE,Mail Express,15.7
96.3,144.7,6.1,170,18,4,0.56,1,0,0.6,0.0,4.4,12.3,SEC_KOTA_RATL,Superfast Express,92.4
28.9,182.6,8.7,165,0,3,0.24,1,1,0.1,0.0,2.6,29.6,SEC_RATL_BRC,Mail Express,383.1
26.6,236.9,3.7,165,1,2,0.39,2,1,0.0,0.0,2.2,5.9,SEC_RATL_BRC,Mail Express,542.3
22.4,48.1,6.8,165,23,5,0.33,0,1,0.0,0.0,2.3,15.9,SEC_RATL_BRC,Express,122.6
78.5,27.6,14.4,25,16,2,0.11,0,0,0.0,0.0,1.4,8.2,SEC_MTJ_BTE,Mail Express,23.0
22.6,94.1,14.9,250,17,2,0.66,2,1,0.0,0.0,1.3,21.9,SEC_BRC_MMCT,Express,231.8
70.0,17.3,16.2,25,13,4,0.18,0,0,0.0,0.0,2.2,11.9,SEC_MTJ_BTE,Superfast Express,12.4
103.4,114.4,13.3,165,4,0,0.1,0,0,0.3,0.0,4.2,1.8,SEC_RATL_BRC,Rajdhani Express,63.1
62.1,141.9,6.6,170,6,4,0.21,2,0,0.0,0.0,1.0,5.6,SEC_KOTA_RATL,Express,137.1
42.6,213.9,0.7,250,1,3,0.37,2,0,0.0,0.0,1.8,52.8,SEC_BRC_MMCT,Mail Express,301.1
97.3,26.0,3.5,65,3,6,0.19,0,0,0.0,0.0,2.8,17.8,SEC_SWM_KOTA,Rajdhani Express,15.8
46.4,259.6,13.8,250,11,0,0.71,4,0,0.1,0.0,2.3,12.1,SEC_BRC_MMCT,Mail Express,346.1
80.4,49.8,11.7,170,13,2,0.11,3,0,0.0,0.0,1.7,76.5,SEC_KOTA_RATL,Express,37.9
34.3,62.1,15.0,65,17,2,0.71,1,1,0.0,0.0,4.7,3.7,SEC_SWM_KOTA,Rajdhani Express,117.8
37.3,27.8,12.4,75,11,3,0.85,1,1,0.3,43.1,1.8,7.5,SEC_BTE_GGC,Express,92.7
47.3,39.4,4.6,95,10,2,0.46,3,0,0.0,0.0,1.3,5.9,SEC_NDLS_MTJ,Mail Express,51.4
53.1,29.3,1.4,95,11,5,0.73,0,0,0.3,0.0,3.8,6.5,SEC_NDLS_MTJ,Rajdhani Express,33.0
48.6,50.8,5.1,95,7,1,0.31,2,0,0.0,0.0,3.0,19.5,SEC_NDLS_MTJ,Mail Express,63.0
91.9,9.4,4.8,25,4,5,0.4,0,0,0.0,0.0,6.4,10.5,SEC_MTJ_BTE,Rajdhani Express,6.6
37.7,92.9,22.9,75,13,2,0.24,1,1,0.3,0.0,1.7,12.9,SEC_BTE_GGC,Mail Express,157.1
97.5,88.2,12.3,170,22,4,0.36,1,0,0.0,0.0,1.8,16.4,SEC_KOTA_RATL,Mail Express,54.8
92.4,6.1,8.7,42,1,0,0.47,0,0,0.0,0.0,1.2,17.8,SEC_GGC_SWM,Mail Express,4.6
88.7,155.0,0.2,170,1,1,0.41,0,0,0.0,0.0,1.4,2.6,SEC_KOTA_RATL,Express,108.8
87.6,22.2,24.8,25,16,5,0.46,1,0,0.0,0.0,2.3,7.9,SEC_MTJ_BTE,Mail Express,15.4
77.9,11.5,0.9,25,20,5,0.43,0,0,0.1,0.0,2.5,23.2,SEC_MTJ_BTE,Express,6.7
77.5,34.2,9.3,65,12,0,0.49,4,0,0.0,0.0,2.6,28.3,SEC_SWM_KOTA,Mail Express,28.2
84.7,52.2,7.8,75,23,5,0.17,1,0,0.0,0.0,3.0,4.2,SEC_BTE_GGC,Express,35.2
82.8,17.5,2.8,25,3,6,0.35,0,0,0.9,0.0,2.0,10.3,SEC_MTJ_BTE,Mail Express,16.7
49.2,26.7,3.0,42,9,4,0.71,1,0,0.0,0.0,2.6,1.5,SEC_GGC_SWM,Express,35.1
49.1,14.1,14.6,42,11,4,0.8,2,0,0.0,0.0,5.7,5.4,SEC_GGC_SWM,Rajdhani Express,19.5
0.0,144.0,15.9,250,13,2,0.36,0,0,0.1,26.0,3.5,23.5,SEC_BRC_MMCT,Superfast Express,124.3
23.4,96.5,2.3,75,16,5,0.47,0,1,0.0,0.0,2.0,11.0,SEC_BTE_GGC,Express,237.7
73.2,9.7,5.4,95,5,5,0.48,2,0,0.3,0.0,1.6,1.3,SEC_NDLS_MTJ,Mail Express,6.5
40.0,56.1,0.9,65,0,3,0.27,2,1,0.3,0.0,1.5,25.1,SEC_SWM_KOTA,Express,92.5
76.8,33.3,17.3,42,13,5,0.2,2,0,0.1,0.0,1.9,6.3,SEC_GGC_SWM,Rajdhani Express,25.4
63.8,36.3,8.6,75,8,3,0.66,4,0,0.1,0.0,2.9,4.2,SEC_BTE_GGC,Express,34.9
97.6,95.2,0.5,170,7,1,0.39,0,0,0.0,0.0,7.8,12.3,SEC_KOTA_RATL,Rajdhani Express,51.7
83.4,68.5,13.6,95,7,0,0.46,0,0,0.0,0.0,1.1,3.0,SEC_NDLS_MTJ,Express,51.3
40.1,41.6,1.4,65,18,3,0.81,0,0,0.6,0.0,2.2,0.0,SEC_SWM_KOTA,Mail Express,66.0
56.9,122.0,29.0,170,15,4,0.47,2,0,0.0,0.0,2.6,122.6,SEC_KOTA_RATL,Mail Express,128.2
83.0,128.9,15.8,95,10,2,0.84,0,0,0.0,0.0,2.0,4.2,SEC_NDLS_MTJ,Express,96.8
29.3,146.6,5.8,170,4,3,0.17,3,1,0.0,0.0,1.1,3.7,SEC_KOTA_RATL,Mail Express,305.0
71.4,196.3,11.1,250,17,5,0.44,2,0,0.0,0.0,4.8,8.6,SEC_BRC_MMCT,Superfast Express,166.8
73.2,7.3,12.5,75,8,3,0.76,0,0,0.1,0.0,2.7,2.7,SEC_BTE_GGC,Mail Express,5.9
45.8,90.0,26.7,95,20,3,0.78,2,1,0.1,0.0,6.4,7.6,SEC_NDLS_MTJ,Rajdhani Express,127.6
44.5,78.8,20.1,170,6,5,0.2,3,1,0.0,0.0,3.3,20.8,SEC_KOTA_RATL,Rajdhani Express,112.5
40.3,21.7,0.7,170,9,6,0.57,2,0,0.0,0.0,2.3,13.1,SEC_KOTA_RATL,Express,33.1
82.5,93.9,14.2,170,21,3,0.65,1,0,0.0,0.0,1.6,12.9,SEC_KOTA_RATL,Mail Express,73.2
98.3,108.5,7.2,95,19,4,0.51,0,0,0.1,0.0,3.6,12.3,SEC_NDLS_MTJ,Superfast Express,64.6
92.5,72.0,0.2,75,18,3,0.64,0,0,0.1,0.0,2.5,36.5,SEC_BTE_GGC,Express,48.1
101.1,146.7,7.3,165,9,4,0.61,0,0,0.0,0.0,6.0,0.3,SEC_RATL_BRC,Rajdhani Express,86.4
57.2,113.0,1.6,250,12,4,0.5,2,0,0.1,0.0,2.1,19.3,SEC_BRC_MMCT,Superfast Express,115.5
26.2,63.0,1.2,75,19,6,0.4,2,1,0.0,0.0,2.6,10.7,SEC_BTE_GGC,Mail Express,154.4
67.6,30.6,1.3,25,12,1,0.19,3,0,0.9,0.0,3.6,1.2,SEC_MTJ_BTE,Rajdhani Express,29.2
74.9,28.8,0.7,42,18,2,0.82,0,0,0.0,0.0,1.7,5.1,SEC_GGC_SWM,Rajdhani Express,24.8
32.3,70.4,16.7,75,23,3,0.36,0,1,0.1,0.0,3.1,67.8,SEC_BTE_GGC,Superfast Express,137.2
91.6,228.9,8.9,165,6,3,0.29,0,0,0.0,0.0,2.5,27.3,SEC_RATL_BRC,Express,149.1
116.2,74.7,8.3,65,11,5,0.5,0,0,0.0,0.0,2.8,20.9,SEC_SWM_KOTA,Express,40.5
89.0,6.3,9.1,25,16,4,0.33,0,0,0.3,0.0,1.8,2.2,SEC_MTJ_BTE,Express,3.0
29.6,137.7,8.9,165,12,3,0.39,0,1,0.0,0.0,2.7,1.8,SEC_RATL_BRC,Superfast Express,286.9
97.2,35.2,22.2,250,14,1,0.35,0,0,0.0,0.0,1.8,5.8,SEC_BRC_MMCT,Express,19.5
85.5,14.0,9.9,75,9,0,0.4,1,0,0.0,0.0,1.8,25.6,SEC_BTE_GGC,Mail Express,5.0
93.2,184.0,5.3,170,20,1,0.62,0,0,0.0,0.0,1.5,31.9,SEC_KOTA_RATL,Mail Express,121.4
61.7,32.1,7.8,25,18,5,0.75,0,0,0.0,0.0,2.6,16.2,SEC_MTJ_BTE,Mail Express,34.7
0.0,196.2,25.4,165,13,1,0.39,1,0,0.1,5.4,1.9,11.5,SEC_RATL_BRC,Mail Express,159.8
99.8,70.3,40.5,95,4,4,0.15,1,0,0.0,0.0,2.7,5.6,SEC_NDLS_MTJ,Superfast Express,40.5
32.2,4.0,11.5,25,0,2,0.29,0,1,0.0,0.0,2.2,0.7,SEC_MTJ_BTE,Mail Express,9.4
0.0,37.3,16.8,42,18,5,0.59,0,0,0.6,18.3,4.2,12.4,SEC_GGC_SWM,Superfast Express,46.8
37.1,101.2,0.9,250,11,0,0.49,2,1,0.0,0.0,1.3,14.2,SEC_BRC_MMCT,Rajdhani Express,167.2
98.6,106.1,12.6,165,5,3,0.13,0,0,0.1,0.0,4.8,68.9,SEC_RATL_BRC,Superfast Express,63.0
59.2,141.9,12.6,170,5,3,0.34,2,0,0.0,0.0,1.7,0.2,SEC_KOTA_RATL,Superfast Express,146.5
100.6,47.7,11.4,42,4,2,0.44,0,0,0.0,0.0,2.2,28.0,SEC_GGC_SWM,Express,27.5
41.6,8.0,4.9,25,6,4,0.36,2,0,0.0,0.0,3.6,1.8,SEC_MTJ_BTE,Rajdhani Express,10.3
91.2,101.7,22.7,250,7,5,0.2,0,0,0.9,0.0,1.5,6.5,SEC_BRC_MMCT,Mail Express,66.7
82.5,268.2,1.7,250,5,3,0.13,2,0,0.3,0.0,4.6,11.2,SEC_BRC_MMCT,Superfast Express,194.6
87.2,5.1,3.2,25,5,1,0.41,0,0,0.0,0.0,3.0,20.9,SEC_MTJ_BTE,Express,3.6
127.9,70.3,3.3,250,0,5,0.26,0,0,0.1,0.0,1.2,33.9,SEC_BRC_MMCT,Rajdhani Express,35.8
39.2,21.8,17.1,95,16,3,0.47,0,1,0.0,0.0,2.2,16.1,SEC_NDLS_MTJ,Mail Express,38.2
104.2,123.2,5.5,165,13,2,0.21,0,0,0.0,0.0,1.4,44.5,SEC_RATL_BRC,Rajdhani Express,70.0
98.4,4.0,14.7,25,14,3,0.35,0,0,0.1,0.0,6.6,5.3,SEC_MTJ_BTE,Rajdhani Express,3.2
79.1,136.3,11.1,95,12,6,0.37,0,0,0.0,0.0,1.9,1.5,SEC_NDLS_MTJ,Express,101.1
28.6,60.9,12.2,95,12,5,0.49,0,1,0.9,0.0,1.6,3.6,SEC_NDLS_MTJ,Express,139.0
65.4,172.9,4.4,250,3,0,0.27,3,0,0.0,0.0,2.1,8.2,SEC_BRC_MMCT,Mail Express,157.6
84.7,58.0,13.6,75,18,6,0.52,1,0,0.0,0.0,1.7,5.2,SEC_BTE_GGC,Express,42.0
86.5,16.9,6.0,25,11,3,0.46,1,0,0.0,0.0,2.9,6.3,SEC_MTJ_BTE,Superfast Express,16.1
69.7,54.6,18.4,170,7,6,0.31,3,0,0.0,0.0,2.5,18.0,SEC_KOTA_RATL,Superfast Express,44.6
17.1,196.5,4.8,250,8,0,0.48,0,1,0.9,0.0,2.0,36.7,SEC_BRC_MMCT,Superfast Express,154.7
104.8,30.7,5.5,170,14,5,0.3,0,0,0.1,0.0,1.2,5.7,SEC_KOTA_RATL,Rajdhani Express,18.0
92.3,152.9,3.9,250,8,2,0.36,2,0,0.1,0.0,2.7,55.4,SEC_BRC_MMCT,Superfast Express,100.9
33.9,82.0,2.0,65,10,6,0.79,1,0,0.0,0.0,2.3,3.0,SEC_SWM_KOTA,Mail Express,152.3
53.0,150.3,13.3,250,18,2,0.81,1,0,0.0,0.0,2.3,10.6,SEC_BRC_MMCT,Express,170.8
53.2,81.1,1.1,95,4,4,0.38,2,0,0.3,0.0,2.7,11.0,SEC_NDLS_MTJ,Superfast Express,95.4
36.6,66.8,3.4,65,7,2,0.29,1,1,0.0,0.0,5.5,3.7,SEC_SWM_KOTA,Rajdhani Express,111.6
29.2,142.6,0.1,170,9,5,0.4,0,1,0.1,0.0,2.0,0.0,SEC_KOTA_RATL,Express,299.2
92.7,83.9,22.7,75,15,5,0.15,1,0,0.1,0.0,2.9,4.5,SEC_BTE_GGC,Express,52.7
101.6,147.2,0.6,250,4,5,0.45,0,0,0.6,0.0,2.0,12.5,SEC_BRC_MMCT,Express,87.0
26.2,84.3,11.9,75,19,2,0.65,0,1,0.1,0.0,4.3,6.4,SEC_BTE_GGC,Superfast Express,199.7
107.6,135.1,2.3,165,20,1,0.38,0,0,0.0,0.0,1.3,4.2,SEC_RATL_BRC,Express,74.4
92.5,60.0,11.0,95,18,2,0.47,0,0,0.1,0.0,3.3,10.8,SEC_NDLS_MTJ,Superfast Express,35.0
81.5,54.8,11.0,75,8,2,0.51,2,0,0.0,1.7,5.8,19.3,SEC_BTE_GGC,Rajdhani Express,40.3
0.0,151.7,19.3,165,19,1,0.63,1,0,0.6,36.9,1.8,27.2,SEC_RATL_BRC,Mail Express,162.3
87.7,86.6,15.9,170,18,6,0.56,1,0,0.3,68.7,3.3,39.2,SEC_KOTA_RATL,Superfast Express,124.5
89.7,78.0,8.7,170,12,6,0.27,1,0,0.0,0.0,2.4,9.7,SEC_KOTA_RATL,Express,51.1
106.3,327.2,7.5,250,16,3,0.29,0,0,0.1,0.0,3.3,18.0,SEC_BRC_MMCT,Superfast Express,183.2
91.8,84.4,2.6,75,12,0,0.18,0,0,0.1,0.0,1.8,15.6,SEC_BTE_GGC,Mail Express,55.5
41.2,27.0,5.8,25,7,2,0.39,2,0,0.1,0.0,1.4,55.7,SEC_MTJ_BTE,Express,42.8
87.3,59.9,20.5,42,4,2,0.42,1,0,0.0,0.0,1.5,83.2,SEC_GGC_SWM,Superfast Express,47.5
58.4,15.6,9.6,25,11,3,0.84,1,0,0.0,0.0,4.4,11.8,SEC_MTJ_BTE,Superfast Express,16.8
84.6,186.0,3.7,250,23,6,0.11,2,0,0.0,0.0,4.8,2.9,SEC_BRC_MMCT,Rajdhani Express,130.0
50.5,17.1,1.8,42,11,5,0.78,0,0,0.0,0.0,1.1,9.4,SEC_GGC_SWM,Superfast Express,19.7
74.7,25.0,1.9,95,20,0,0.83,0,0,0.0,0.0,2.8,12.9,SEC_NDLS_MTJ,Mail Express,18.1
36.2,158.0,8.0,170,8,4,0.76,1,1,0.0,0.0,1.7,1.5,SEC_KOTA_RATL,Rajdhani Express,272.4
99.7,19.7,2.2,25,14,4,0.19,0,0,0.1,0.0,2.8,10.6,SEC_MTJ_BTE,Rajdhani Express,12.1
109.0,29.4,1.5,42,8,6,0.48,0,0,0.3,0.0,4.4,28.3,SEC_GGC_SWM,Superfast Express,16.5
53.9,43.2,3.7,75,7,5,0.16,3,0,0.0,0.0,1.7,6.6,SEC_BTE_GGC,Superfast Express,47.6
101.3,128.7,5.4,250,1,4,0.33,0,0,0.0,0.0,1.4,1.6,SEC_BRC_MMCT,Superfast Express,74.7
109.0,14.0,8.0,65,2,5,0.39,0,0,0.0,0.0,2.3,6.1,SEC_SWM_KOTA,Express,9.0
104.3,49.3,1.5,42,4,4,0.25,0,0,0.1,0.0,6.9,25.0,SEC_GGC_SWM,Rajdhani Express,28.9
34.4,76.7,1.1,65,6,1,0.15,0,1,0.0,0.0,3.0,14.8,SEC_SWM_KOTA,Rajdhani Express,137.5
83.4,42.8,13.4,42,14,0,0.34,1,0,0.3,25.1,1.2,68.7,SEC_GGC_SWM,Mail Express,57.7
98.9,49.0,6.8,95,20,0,0.68,0,0,0.0,0.0,2.7,7.2,SEC_NDLS_MTJ,Express,29.0
53.5,57.6,8.6,42,3,3,0.37,2,0,0.0,0.0,1.7,0.9,SEC_GGC_SWM,Mail Express,68.8
34.2,26.8,4.3,25,6,0,0.13,2,1,0.1,0.0,1.7,2.3,SEC_MTJ_BTE,Mail Express,51.2
89.6,40.6,5.3,42,9,4,0.68,0,0,0.6,0.0,1.7,2.6,SEC_GGC_SWM,Mail Express,30.4
98.3,54.8,10.1,95,3,5,0.3,0,0,0.1,0.0,2.1,20.7,SEC_NDLS_MTJ,Mail Express,29.2
102.0,256.1,3.0,250,18,6,0.54,0,0,0.3,0.0,5.0,1.0,SEC_BRC_MMCT,Superfast Express,150.9
69.9,235.9,19.5,250,8,6,0.52,2,0,0.0,0.0,7.2,22.6,SEC_BRC_MMCT,Rajdhani Express,201.1
39.9,133.8,10.2,165,15,5,0.1,0,1,0.0,0.0,1.2,8.1,SEC_RATL_BRC,Express,207.5
48.6,49.2,8.2,75,16,3,0.23,3,0,0.0,0.0,2.9,31.2,SEC_BTE_GGC,Express,58.9
59.4,48.1,19.3,65,8,6,0.61,2,0,0.0,0.0,1.8,69.2,SEC_SWM_KOTA,Express,47.9
42.9,32.1,4.4,42,8,5,0.53,2,0,0.3,0.0,1.7,23.2,SEC_GGC_SWM,Express,48.4
100.3,19.6,6.9,65,3,6,0.47,1,0,0.0,0.0,1.3,17.8,SEC_SWM_KOTA,Mail Express,15.2
81.1,112.1,4.4,75,0,2,0.45,0,0,0.3,0.0,2.0,0.4,SEC_BTE_GGC,Mail Express,84.6
48.9,122.9,15.3,250,5,1,0.12,2,0,0.0,11.9,1.8,44.1,SEC_BRC_MMCT,Mail Express,161.8
85.7,17.0,0.6,25,21,2,0.38,1,0,0.0,0.0,2.4,16.1,SEC_MTJ_BTE,Mail Express,10.6
32.8,20.9,4.3,25,10,5,0.8,0,1,0.1,0.0,2.5,2.6,SEC_MTJ_BTE,Mail Express,42.1
114.4,37.1,10.0,75,3,6,0.27,0,0,0.1,0.0,1.7,13.8,SEC_BTE_GGC,Superfast Express,16.1
27.6,61.7,13.5,42,9,4,0.81,2,0,0.0,0.0,1.7,2.9,SEC_GGC_SWM,Superfast Express,144.8
62.6,80.2,13.4,65,16,3,0.22,2,0,0.3,0.0,2.0,6.9,SEC_SWM_KOTA,Express,81.0
84.3,6.6,7.5,25,19,1,0.55,0,0,0.3,0.0,1.4,34.6,SEC_MTJ_BTE,Express,5.7
87.9,72.6,10.1,75,5,1,0.11,0,0,0.0,0.0,1.5,18.2,SEC_BTE_GGC,Express,46.8
72.6,148.0,3.1,165,5,4,0.21,3,0,0.0,0.0,3.1,13.0,SEC_RATL_BRC,Superfast Express,119.6
101.8,48.2,7.2,75,16,3,0.48,1,0,0.0,0.0,2.1,11.2,SEC_BTE_GGC,Express,30.1
88.3,21.5,3.0,165,7,2,0.22,1,0,0.6,0.0,1.1,5.8,SEC_RATL_BRC,Express,17.5
110.7,131.4,2.1,250,11,1,0.47,0,0,0.0,0.0,2.1,31.9,SEC_BRC_MMCT,Express,71.0
113.4,46.7,16.5,65,23,2,0.19,1,0,0.0,0.0,2.7,11.0,SEC_SWM_KOTA,Express,22.6
87.4,55.7,7.6,170,9,3,0.48,0,0,0.0,0.0,2.1,7.4,SEC_KOTA_RATL,Mail Express,37.3
27.5,185.5,7.7,165,0,6,0.41,1,1,0.0,0.0,1.3,8.5,SEC_RATL_BRC,Mail Express,413.6
96.1,194.6,5.7,165,13,2,0.36,1,0,0.0,0.0,2.4,8.0,SEC_RATL_BRC,Rajdhani Express,121.3
91.4,70.3,10.6,75,8,0,0.67,0,0,0.0,0.0,1.7,34.1,SEC_BTE_GGC,Mail Express,46.5
105.4,55.6,18.0,42,21,5,0.49,0,0,0.0,11.9,1.4,4.6,SEC_GGC_SWM,Superfast Express,46.1
44.4,58.8,12.5,65,11,0,0.56,0,1,0.0,0.0,1.8,24.4,SEC_SWM_KOTA,Express,85.7
39.9,209.8,18.6,170,12,2,0.25,1,1,0.0,0.0,2.3,1.2,SEC_KOTA_RATL,Mail Express,322.1
97.9,58.6,17.5,42,19,4,0.63,0,0,0.3,0.0,1.3,17.7,SEC_GGC_SWM,Superfast Express,40.4
79.2,79.8,0.1,250,3,0,0.24,4,0,0.0,0.0,2.0,14.8,SEC_BRC_MMCT,Express,54.7
104.3,37.0,2.6,42,10,5,0.5,1,0,0.0,0.0,3.4,7.2,SEC_GGC_SWM,Superfast Express,22.5
69.6,226.3,8.6,250,1,6,0.37,2,0,0.0,0.0,1.3,0.3,SEC_BRC_MMCT,Mail Express,198.9
89.0,56.1,2.1,165,7,2,0.39,0,0,0.1,0.0,1.7,26.3,SEC_RATL_BRC,Mail Express,38.1
75.0,214.1,0.3,165,3,0,0.48,2,0,0.0,0.0,2.3,15.0,SEC_RATL_BRC,Rajdhani Express,175.8
93.1,78.6,1.0,170,17,2,0.69,1,0,0.1,0.0,1.9,3.9,SEC_KOTA_RATL,Express,50.8
63.9,343.6,8.6,250,3,3,0.17,2,0,0.0,0.0,2.0,3.9,SEC_BRC_MMCT,Express,320.9
74.9,108.4,18.1,75,10,6,0.82,0,0,0.3,0.0,7.4,8.6,SEC_BTE_GGC,Rajdhani Express,89.3
66.3,151.7,22.0,165,4,4,0.2,2,0,0.3,0.0,4.4,21.6,SEC_RATL_BRC,Superfast Express,135.4
102.0,31.2,31.8,65,17,0,0.64,0,0,0.0,0.0,2.6,17.1,SEC_SWM_KOTA,Superfast Express,19.4
60.7,175.0,5.1,250,10,4,0.79,2,0,0.0,0.0,2.2,3.2,SEC_BRC_MMCT,Superfast Express,178.8
109.9,21.7,2.3,65,22,0,0.45,0,0,0.0,0.0,2.5,61.0,SEC_SWM_KOTA,Express,13.5
40.8,88.2,0.3,75,22,5,0.1,0,1,0.0,0.0,1.2,68.9,SEC_BTE_GGC,Rajdhani Express,133.3
89.1,68.8,10.2,170,14,5,0.19,2,0,0.0,6.3,1.7,40.3,SEC_KOTA_RATL,Express,51.3
107.6,56.6,11.1,42,10,3,0.49,1,0,0.1,0.0,2.9,0.7,SEC_GGC_SWM,Superfast Express,34.0
92.1,50.4,5.5,42,11,2,0.48,0,0,0.0,0.0,1.8,0.1,SEC_GGC_SWM,Mail Express,31.9
0.0,22.2,12.8,42,8,4,0.7,2,1,0.0,3.7,2.3,17.9,SEC_GGC_SWM,Express,26.6
110.3,110.7,11.1,95,3,5,0.16,0,0,0.9,0.0,3.2,22.3,SEC_NDLS_MTJ,Superfast Express,63.7
38.8,162.5,2.5,165,12,6,0.44,2,1,0.1,0.0,1.1,8.4,SEC_RATL_BRC,Mail Express,261.7
112.8,157.0,0.1,250,16,0,0.34,1,0,0.0,0.0,7.2,10.7,SEC_BRC_MMCT,Rajdhani Express,76.7
84.4,215.3,2.2,170,18,3,0.65,0,0,0.0,0.0,4.9,0.9,SEC_KOTA_RATL,Rajdhani Express,150.8
44.4,41.5,17.0,95,17,3,0.65,2,0,0.6,0.0,2.1,24.1,SEC_NDLS_MTJ,Express,59.6
82.1,80.9,3.2,65,20,0,0.67,3,0,0.0,0.0,1.4,3.3,SEC_SWM_KOTA,Express,66.7
91.0,14.7,10.1,25,17,6,0.58,0,0,0.6,0.0,3.1,21.7,SEC_MTJ_BTE,Rajdhani Express,15.3
0.0,15.8,21.9,25,16,6,0.42,1,0,0.0,0.4,3.1,7.9,SEC_MTJ_BTE,Superfast Express,14.6
85.1,22.4,4.4,25,19,5,0.56,0,0,0.6,0.0,3.0,35.1,SEC_MTJ_BTE,Mail Express,19.8
64.7,28.3,0.9,42,21,3,0.75,1,0,0.0,0.0,7.5,20.5,SEC_GGC_SWM,Rajdhani Express,23.6
101.2,40.9,15.9,65,14,5,0.31,1,0,0.0,4.5,1.6,73.9,SEC_SWM_KOTA,Mail Express,25.9
38.0,79.6,7.4,75,2,1,0.49,0,1,0.0,0.0,1.6,14.0,SEC_BTE_GGC,Express,132.2
94.7,257.1,3.6,170,16,6,0.14,0,0,0.0,0.0,1.5,17.3,SEC_KOTA_RATL,Mail Express,163.3
105.1,73.6,0.4,165,12,4,0.33,0,0,0.0,0.0,5.8,12.7,SEC_RATL_BRC,Rajdhani Express,38.7
89.9,74.8,0.1,65,19,6,0.71,3,0,0.0,0.0,7.7,3.8,SEC_SWM_KOTA,Rajdhani Express,54.5
31.9,102.2,2.9,165,0,1,0.42,2,1,0.0,0.0,3.1,5.8,SEC_RATL_BRC,Rajdhani Express,198.1
29.5,155.7,11.7,170,4,2,0.27,3,1,0.1,0.0,2.4,22.4,SEC_KOTA_RATL,Mail Express,322.9
68.3,33.1,5.4,42,17,3,0.75,0,0,0.6,0.0,2.5,25.2,SEC_GGC_SWM,Express,30.1
39.1,15.0,11.8,42,22,6,0.36,0,1,0.0,0.0,2.4,35.1,SEC_GGC_SWM,Express,26.5
88.6,41.6,1.6,75,4,1,0.15,2,0,0.0,0.0,3.0,10.0,SEC_BTE_GGC,Superfast Express,25.7
115.8,47.7,14.3,65,3,0,0.31,1,0,0.1,0.0,1.0,5.6,SEC_SWM_KOTA,Superfast Express,28.8
35.5,71.5,6.0,95,17,2,0.57,0,1,0.0,0.0,3.6,23.8,SEC_NDLS_MTJ,Superfast Express,125.3
42.6,11.5,21.0,25,10,1,0.8,1,0,0.0,0.0,1.1,13.6,SEC_MTJ_BTE,Express,15.7
31.9,6.2,1.7,42,9,1,0.48,1,1,0.6,0.0,1.1,13.4,SEC_GGC_SWM,Superfast Express,13.0
93.1,16.2,29.1,165,7,1,0.3,0,0,0.0,0.0,2.5,2.5,SEC_RATL_BRC,Express,12.0
97.9,206.7,2.2,170,4,3,0.11,1,0,0.0,0.0,6.2,24.8,SEC_KOTA_RATL,Rajdhani Express,123.8
83.1,19.3,0.6,25,0,3,0.41,0,0,0.0,0.0,1.6,30.7,SEC_MTJ_BTE,Mail Express,14.9
45.7,11.8,0.2,42,1,3,0.18,0,1,0.0,0.0,1.8,20.7,SEC_GGC_SWM,Mail Express,18.9
105.3,309.9,19.8,250,6,1,0.14,0,0,0.9,0.0,1.0,5.1,SEC_BRC_MMCT,Mail Express,183.2
23.9,124.5,8.6,165,2,1,0.38,2,1,0.0,0.0,6.1,1.2,SEC_RATL_BRC,Rajdhani Express,303.8
94.4,19.5,0.9,25,6,0,0.28,1,0,0.0,0.0,4.9,12.4,SEC_MTJ_BTE,Superfast Express,13.8
59.0,111.2,0.9,250,23,2,0.39,2,0,0.0,0.0,1.5,31.0,SEC_BRC_MMCT,Express,110.4
99.3,184.1,10.0,165,6,0,0.34,1,0,0.0,7.6,4.4,17.2,SEC_RATL_BRC,Superfast Express,118.2
92.5,118.8,0.5,170,8,4,0.44,0,0,0.0,0.0,2.6,2.8,SEC_KOTA_RATL,Mail Express,73.5
76.6,5.2,5.7,25,0,0,0.42,0,0,0.3,0.0,1.7,1.6,SEC_MTJ_BTE,Mail Express,3.0
25.6,169.9,2.7,165,12,6,0.4,3,1,0.0,0.0,1.7,17.4,SEC_RATL_BRC,Mail Express,406.9
58.3,22.4,16.5,25,11,2,0.71,3,0,0.0,0.4,2.5,44.8,SEC_MTJ_BTE,Express,28.8
34.6,14.8,6.2,25,20,2,0.71,0,1,0.0,0.0,1.6,27.2,SEC_MTJ_BTE,Mail Express,31.1
45.8,19.3,15.6,42,20,5,0.78,0,0,0.0,0.0,5.0,3.7,SEC_GGC_SWM,Rajdhani Express,24.6
44.7,100.7,29.5,165,0,2,0.39,2,0,0.1,0.0,1.6,14.0,SEC_RATL_BRC,Mail Express,137.5
84.8,93.6,8.6,170,4,6,0.46,0,0,0.0,0.0,4.1,6.5,SEC_KOTA_RATL,Rajdhani Express,64.5
86.2,20.2,1.8,42,18,0,0.68,0,0,0.1,0.0,4.5,29.3,SEC_GGC_SWM,Superfast Express,15.3
116.4,45.0,10.6,75,4,5,0.45,1,0,0.0,0.0,3.0,2.3,SEC_BTE_GGC,Superfast Express,22.9
117.6,94.0,15.0,250,1,4,0.26,0,0,0.0,0.0,7.4,34.6,SEC_BRC_MMCT,Rajdhani Express,39.8
69.8,28.2,0.5,42,11,4,0.85,0,0,0.0,0.0,3.0,59.7,SEC_GGC_SWM,Express,21.7
95.9,129.3,28.2,165,13,1,0.27,1,0,0.0,0.0,4.0,11.9,SEC_RATL_BRC,Superfast Express,81.0
96.7,105.8,7.8,75,23,6,0.26,0,0,0.0,0.0,3.0,0.5,SEC_BTE_GGC,Superfast Express,65.4
88.1,67.5,2.9,75,3,6,0.45,0,0,0.0,0.0,2.4,14.5,SEC_BTE_GGC,Express,43.0
30.3,14.8,2.8,75,15,1,0.13,4,1,0.0,0.0,5.0,11.1,SEC_BTE_GGC,Rajdhani Express,34.4
98.1,63.7,12.5,65,20,2,0.41,1,0,0.0,0.0,2.4,25.9,SEC_SWM_KOTA,Mail Express,41.6
20.0,57.6,25.4,65,0,6,0.15,0,1,0.0,0.0,1.7,2.2,SEC_SWM_KOTA,Express,47.9
31.7,27.5,3.5,95,0,3,0.29,0,1,0.0,0.0,1.8,5.4,SEC_NDLS_MTJ,Express,55.1
89.5,21.0,0.5,95,13,0,0.27,1,0,0.0,0.0,4.1,11.4,SEC_NDLS_MTJ,Superfast Express,11.6
95.2,204.1,4.4,165,5,0,0.48,0,0,0.0,0.0,3.0,20.5,SEC_RATL_BRC,Superfast Express,129.0
79.6,23.3,6.3,95,7,0,0.29,0,0,0.9,0.0,1.9,33.5,SEC_NDLS_MTJ,Express,16.9
106.3,153.0,2.4,165,3,3,0.48,0,0,0.0,0.0,2.2,20.8,SEC_RATL_BRC,Rajdhani Express,88.2
96.9,279.2,29.0,250,17,3,0.42,0,0,0.0,0.0,1.4,2.0,SEC_BRC_MMCT,Mail Express,172.5
60.3,30.8,21.5,75,9,3,0.78,0,0,0.0,11.0,2.7,18.9,SEC_BTE_GGC,Rajdhani Express,42.4
98.2,212.2,1.6,250,4,2,0.22,0,0,0.3,0.0,1.8,6.0,SEC_BRC_MMCT,Express,129.8
104.9,159.5,21.6,170,15,3,0.18,1,0,0.1,0.0,7.4,0.6,SEC_KOTA_RATL,Rajdhani Express,86.2
53.3,4.0,16.3,42,7,4,0.13,2,0,0.0,0.0,4.9,7.3,SEC_GGC_SWM,Superfast Express,5.6
39.5,105.2,13.6,75,7,5,0.21,2,0,0.0,0.0,2.1,2.3,SEC_BTE_GGC,Superfast Express,159.9
57.2,19.1,32.4,25,22,3,0.37,2,0,0.0,0.6,6.0,0.1,SEC_MTJ_BTE,Rajdhani Express,20.3
111.6,92.1,18.5,65,7,1,0.46,0,0,0.1,0.0,3.8,24.0,SEC_SWM_KOTA,Rajdhani Express,49.9
101.0,59.2,16.8,65,23,5,0.44,1,0,0.1,5.0,4.6,5.6,SEC_SWM_KOTA,Superfast Express,38.0
118.6,13.4,18.8,65,22,3,0.17,0,0,0.3,2.1,1.2,40.3,SEC_SWM_KOTA,Express,6.4
101.6,70.2,15.0,65,10,3,0.56,0,0,0.0,0.0,1.1,8.2,SEC_SWM_KOTA,Superfast Express,44.0
107.5,186.1,35.0,170,18,5,0.45,0,0,0.0,0.0,1.1,7.2,SEC_KOTA_RATL,Superfast Express,100.7
73.0,59.7,4.8,95,20,0,0.8,0,0,0.0,0.0,1.8,8.4,SEC_NDLS_MTJ,Mail Express,49.7
95.2,8.3,6.5,42,0,1,0.11,1,0,0.1,0.0,2.3,5.2,SEC_GGC_SWM,Superfast Express,5.0
96.8,53.8,11.2,95,5,3,0.37,0,0,0.0,0.0,3.7,10.6,SEC_NDLS_MTJ,Superfast Express,29.5
33.0,127.2,0.9,170,18,3,0.8,1,1,0.1,0.0,2.1,3.7,SEC_KOTA_RATL,Rajdhani Express,238.9
71.4,89.3,11.4,250,6,5,0.16,2,0,0.0,0.0,1.6,8.7,SEC_BRC_MMCT,Express,71.4
90.1,112.4,4.8,165,6,3,0.47,0,0,0.6,0.0,2.1,19.4,SEC_RATL_BRC,Mail Express,76.3
98.9,35.6,2.7,65,3,5,0.23,0,0,0.6,0.0,1.2,2.1,SEC_SWM_KOTA,Mail Express,21.5
42.6,59.9,11.0,65,10,1,0.55,0,1,0.0,0.0,2.4,18.4,SEC_SWM_KOTA,Express,89.1
29.9,75.5,4.1,65,15,6,0.19,0,1,0.3,0.0,1.5,11.8,SEC_SWM_KOTA,Express,157.9
107.3,259.3,1.0,250,21,6,0.35,0,0,0.0,0.0,1.6,18.2,SEC_BRC_MMCT,Rajdhani Express,148.1
68.7,182.8,4.2,170,2,6,0.45,2,0,0.6,0.0,2.8,4.0,SEC_KOTA_RATL,Express,164.6
46.3,28.2,1.1,170,20,0,0.51,2,0,0.1,0.0,2.0,10.7,SEC_KOTA_RATL,Mail Express,32.5
83.5,59.9,11.2,75,7,3,0.24,0,0,0.0,0.0,4.9,0.9,SEC_BTE_GGC,Rajdhani Express,38.4
55.6,13.3,2.7,25,17,5,0.76,1,0,0.0,0.0,6.4,2.0,SEC_MTJ_BTE,Rajdhani Express,15.9
115.1,72.9,18.1,65,11,2,0.35,0,0,0.0,0.0,2.1,6.1,SEC_SWM_KOTA,Superfast Express,41.3
37.6,183.1,3.1,250,17,0,0.84,0,0,0.0,0.0,1.5,14.4,SEC_BRC_MMCT,Mail Express,293.8
43.1,28.4,3.0,75,16,1,0.15,2,0,0.0,0.0,1.6,43.5,SEC_BTE_GGC,Mail Express,38.5
52.9,91.8,2.7,75,0,1,0.15,2,0,0.0,0.0,1.0,5.8,SEC_BTE_GGC,Superfast Express,106.6
33.6,169.0,3.4,170,18,6,0.54,3,1,0.1,0.0,3.6,16.2,SEC_KOTA_RATL,Superfast Express,308.5
67.4,96.1,2.5,95,17,1,0.68,2,0,0.0,0.0,1.6,10.4,SEC_NDLS_MTJ,Express,93.7
46.8,77.0,1.6,75,5,0,0.29,2,0,0.1,0.0,2.8,4.3,SEC_BTE_GGC,Express,100.0
93.7,35.4,2.2,75,22,1,0.22,0,0,0.0,0.0,4.7,6.4,SEC_BTE_GGC,Superfast Express,22.3
93.8,56.9,1.8,165,8,0,0.5,0,0,0.0,0.0,3.5,6.1,SEC_RATL_BRC,Superfast Express,36.3
51.9,123.6,10.8,165,12,4,0.22,4,0,0.6,0.0,2.8,9.3,SEC_RATL_BRC,Express,142.2
92.7,141.9,4.1,165,14,2,0.29,0,0,0.1,0.0,2.4,0.8,SEC_RATL_BRC,Mail Express,87.3
91.6,20.4,1.3,75,0,0,0.17,0,0,0.9,0.0,1.3,2.4,SEC_BTE_GGC,Express,11.0
76.6,80.5,2.5,65,6,5,0.15,4,0,0.0,0.0,3.0,5.4,SEC_SWM_KOTA,Express,62.0
90.1,16.2,3.6,25,13,1,0.38,0,0,0.3,0.0,4.1,23.1,SEC_MTJ_BTE,Rajdhani Express,13.0
94.5,67.5,2.2,75,5,6,0.13,0,0,0.0,0.0,1.6,29.7,SEC_BTE_GGC,Mail Express,42.0
35.2,16.5,6.0,42,5,5,0.12,0,1,0.1,0.0,1.9,0.6,SEC_GGC_SWM,Mail Express,35.9
44.7,135.4,11.1,165,18,1,0.37,2,0,0.3,0.0,2.6,30.4,SEC_RATL_BRC,Mail Express,178.3
56.8,47.9,1.1,42,2,1,0.11,3,0,0.0,0.0,1.4,12.9,SEC_GGC_SWM,Express,48.5
35.2,60.6,0.3,65,12,0,0.34,1,1,0.0,0.0,3.1,3.5,SEC_SWM_KOTA,Superfast Express,106.8
61.2,40.4,12.7,75,14,1,0.42,3,0,0.0,0.0,3.0,49.8,SEC_BTE_GGC,Superfast Express,39.6
107.6,25.6,7.7,65,0,5,0.13,1,0,0.3,0.0,2.2,9.1,SEC_SWM_KOTA,Express,15.3
30.8,23.8,2.3,25,16,0,0.44,2,1,0.0,0.0,3.0,10.1,SEC_MTJ_BTE,Express,53.8
85.8,140.9,6.9,250,21,3,0.79,0,0,0.0,0.0,2.6,0.9,SEC_BRC_MMCT,Superfast Express,96.1
117.9,29.0,4.1,65,17,5,0.59,0,0,0.0,0.0,2.4,1.6,SEC_SWM_KOTA,Rajdhani Express,12.9
39.2,127.1,11.2,250,2,6,0.29,1,1,0.0,0.0,1.8,7.7,SEC_BRC_MMCT,Superfast Express,202.9
103.6,73.6,5.2,170,1,3,0.21,0,0,0.0,0.0,1.4,3.7,SEC_KOTA_RATL,Express,39.4
105.0,46.0,10.9,65,20,3,0.65,0,0,0.0,0.0,3.5,4.5,SEC_SWM_KOTA,Rajdhani Express,24.6
86.2,91.3,1.4,165,22,5,0.45,0,0,0.1,0.0,2.7,12.5,SEC_RATL_BRC,Superfast Express,59.1
105.6,309.5,8.5,250,7,4,0.13,0,0,0.1,0.0,1.5,47.3,SEC_BRC_MMCT,Express,176.1
92.8,5.5,7.1,25,23,4,0.2,0,0,0.3,0.0,5.9,4.6,SEC_MTJ_BTE,Rajdhani Express,4.6
93.0,188.3,4.6,170,21,3,0.4,0,0,0.1,0.0,3.3,3.1,SEC_KOTA_RATL,Superfast Express,118.0
91.8,221.8,9.1,165,1,5,0.43,0,0,0.9,0.0,1.6,11.5,SEC_RATL_BRC,Mail Express,151.5
82.7,17.7,16.3,25,23,5,0.44,0,0,0.0,0.0,1.8,2.9,SEC_MTJ_BTE,Express,13.0
43.5,69.8,10.7,65,20,4,0.38,0,1,0.0,0.0,2.2,29.6,SEC_SWM_KOTA,Express,104.5
54.7,62.0,9.1,170,21,6,0.83,1,0,0.1,0.0,2.6,4.8,SEC_KOTA_RATL,Mail Express,67.1
114.5,63.4,4.9,65,2,0,0.26,1,0,0.0,0.0,2.7,5.8,SEC_SWM_KOTA,Express,30.6
78.9,24.2,5.5,25,7,4,0.46,1,0,0.9,0.0,2.3,17.6,SEC_MTJ_BTE,Mail Express,26.9
40.1,225.7,28.5,250,18,3,0.6,1,1,0.0,0.0,2.7,11.4,SEC_BRC_MMCT,Superfast Express,342.4
103.7,83.8,0.0,65,22,3,0.17,1,0,0.1,0.0,4.0,3.1,SEC_SWM_KOTA,Rajdhani Express,46.6
21.5,114.1,0.7,165,1,4,0.37,1,1,0.0,0.0,2.0,0.5,SEC_RATL_BRC,Mail Express,281.0
104.0,21.9,2.6,25,18,0,0.39,0,0,0.0,0.0,5.5,8.4,SEC_MTJ_BTE,Rajdhani Express,10.8
73.5,14.9,9.5,25,11,4,0.74,0,0,0.0,0.0,3.5,3.0,SEC_MTJ_BTE,Superfast Express,16.7
103.5,77.2,3.9,165,22,5,0.27,1,0,0.0,0.0,2.8,15.7,SEC_RATL_BRC,Mail Express,40.0
66.7,39.6,28.8,95,20,6,0.76,3,0,0.1,0.0,2.3,27.5,SEC_NDLS_MTJ,Express,43.2
112.9,246.8,6.9,250,18,6,0.47,0,0,0.0,0.0,1.3,8.4,SEC_BRC_MMCT,Mail Express,129.3
45.9,102.8,0.5,95,20,5,0.47,2,0,0.0,0.0,2.4,7.3,SEC_NDLS_MTJ,Mail Express,134.8
0.0,80.1,23.3,165,6,4,0.38,1,0,0.1,7.0,5.3,31.8,SEC_RATL_BRC,Rajdhani Express,65.5
42.0,57.2,11.6,75,20,2,0.74,2,0,0.0,0.0,5.3,13.1,SEC_BTE_GGC,Rajdhani Express,81.9
85.0,5.4,2.4,25,13,6,0.33,0,0,0.0,0.0,2.2,7.2,SEC_MTJ_BTE,Express,4.9
71.7,45.6,6.2,95,8,2,0.78,0,0,0.0,0.0,1.9,75.5,SEC_NDLS_MTJ,Mail Express,38.7
99.2,229.4,1.6,170,7,2,0.21,0,0,0.0,0.0,1.7,9.6,SEC_KOTA_RATL,Express,140.1
78.6,41.8,9.9,250,10,3,0.83,4,0,0.0,0.0,1.7,0.0,SEC_BRC_MMCT,Rajdhani Express,31.4
108.3,20.8,0.2,65,6,4,0.14,1,0,0.1,0.0,4.4,7.1,SEC_SWM_KOTA,Superfast Express,12.6
36.4,181.0,0.7,170,11,6,0.74,0,0,0.1,0.0,2.2,22.5,SEC_KOTA_RATL,Mail Express,303.1
92.7,76.7,8.1,75,2,2,0.47,0,0,0.0,0.0,1.3,16.6,SEC_BTE_GGC,Mail Express,50.3
50.7,122.1,13.2,170,10,6,0.83,0,0,0.6,0.0,1.4,4.6,SEC_KOTA_RATL,Superfast Express,149.9
90.4,76.5,11.9,65,23,0,0.23,0,0,0.9,0.0,6.3,8.6,SEC_SWM_KOTA,Rajdhani Express,53.0
31.1,203.6,14.1,165,19,3,0.58,0,1,0.1,41.1,1.9,39.7,SEC_RATL_BRC,Express,443.2
98.3,84.9,3.8,75,6,2,0.34,1,0,0.0,0.0,1.5,15.6,SEC_BTE_GGC,Mail Express,50.8
101.7,317.9,1.6,250,10,6,0.49,1,0,0.0,0.0,2.6,5.0,SEC_BRC_MMCT,Express,191.6
109.5,348.5,1.3,250,5,1,0.33,0,0,0.0,0.0,1.9,23.0,SEC_BRC_MMCT,Express,194.5
106.7,111.8,27.7,170,3,1,0.26,0,0,0.3,0.0,4.8,51.4,SEC_KOTA_RATL,Rajdhani Express,58.6
63.5,75.7,16.5,65,17,4,0.81,1,0,0.6,0.0,2.2,20.2,SEC_SWM_KOTA,Express,80.0
97.5,24.7,19.8,75,19,5,0.63,0,0,0.0,0.0,2.3,6.6,SEC_BTE_GGC,Mail Express,17.7
95.6,24.1,2.8,25,2,0,0.29,1,0,0.3,0.0,4.1,9.0,SEC_MTJ_BTE,Superfast Express,16.6
97.9,147.3,14.0,165,4,5,0.23,1,0,0.0,0.0,1.6,7.2,SEC_RATL_BRC,Express,86.1
27.2,186.1,3.8,170,12,1,0.11,0,1,0.0,0.0,1.3,7.5,SEC_KOTA_RATL,Express,414.5
105.2,56.8,2.8,165,23,6,0.46,0,0,0.0,0.0,3.8,13.3,SEC_RATL_BRC,Rajdhani Express,27.6
0.0,86.4,29.2,65,10,1,0.52,0,0,0.1,5.5,4.3,4.0,SEC_SWM_KOTA,Rajdhani Express,68.2
98.3,209.9,6.2,250,7,4,0.25,0,0,0.0,0.0,4.2,2.9,SEC_BRC_MMCT,Rajdhani Express,124.1
32.7,23.6,1.0,75,0,3,0.5,0,1,0.3,0.0,2.7,3.1,SEC_BTE_GGC,Express,48.1
104.5,43.6,25.2,42,7,1,0.36,1,0,0.6,0.8,3.8,4.9,SEC_GGC_SWM,Superfast Express,30.1
105.9,32.3,0.2,250,4,0,0.25,0,0,0.1,0.0,4.6,13.1,SEC_BRC_MMCT,Superfast Express,17.9
84.1,58.2,1.5,65,0,6,0.38,4,0,0.1,0.0,4.4,12.8,SEC_SWM_KOTA,Superfast Express,43.9
32.0,305.0,0.3,250,13,4,0.44,1,1,0.0,0.0,1.8,9.3,SEC_BRC_MMCT,Mail Express,574.1
84.1,44.2,8.4,42,5,6,0.13,0,0,0.0,0.0,1.1,22.2,SEC_GGC_SWM,Mail Express,28.4
93.1,145.0,3.6,165,23,2,0.15,1,0,0.9,0.0,2.7,3.6,SEC_RATL_BRC,Mail Express,96.7
96.5,101.4,9.8,170,13,2,0.43,1,0,0.1,0.0,1.6,15.1,SEC_KOTA_RATL,Express,65.5
82.6,225.4,1.5,170,10,4,0.38,2,0,0.0,0.0,2.3,48.7,SEC_KOTA_RATL,Superfast Express,167.1
96.8,135.1,20.4,170,22,1,0.39,1,0,0.0,0.0,7.5,24.4,SEC_KOTA_RATL,Rajdhani Express,78.3
38.1,100.8,7.4,170,17,4,0.43,4,1,0.3,0.0,4.5,15.2,SEC_KOTA_RATL,Superfast Express,164.8
116.6,72.6,27.7,75,16,5,0.37,1,0,0.0,11.6,6.0,12.8,SEC_BTE_GGC,Rajdhani Express,43.3
47.0,25.8,12.4,250,3,6,0.4,1,1,0.3,0.0,2.0,2.0,SEC_BRC_MMCT,Express,36.1
93.9,35.9,4.9,42,22,5,0.19,1,0,0.0,0.0,1.2,18.5,SEC_GGC_SWM,Express,25.7
90.9,12.8,12.0,42,8,4,0.57,0,0,0.0,0.0,1.2,33.2,SEC_GGC_SWM,Mail Express,6.9
93.0,48.0,18.1,95,19,3,0.48,1,0,0.0,0.0,1.2,6.3,SEC_NDLS_MTJ,Mail Express,33.2
100.5,239.6,18.6,250,2,1,0.36,0,0,0.0,0.0,1.2,4.3,SEC_BRC_MMCT,Mail Express,144.4
62.6,43.9,10.3,95,17,5,0.52,2,0,0.0,8.8,2.2,4.0,SEC_NDLS_MTJ,Mail Express,48.7
92.0,92.2,3.8,95,15,6,0.42,0,0,0.1,0.0,2.3,15.8,SEC_NDLS_MTJ,Express,58.4
62.9,89.0,27.5,75,21,2,0.82,2,0,0.0,0.0,4.7,12.5,SEC_BTE_GGC,Rajdhani Express,91.0
43.1,4.0,2.6,25,18,2,0.71,2,1,0.0,0.0,1.4,12.8,SEC_MTJ_BTE,Express,6.4
61.6,72.7,0.5,95,13,5,0.14,3,0,0.0,0.0,1.6,5.3,SEC_NDLS_MTJ,Mail Express,67.6
33.7,25.1,2.6,75,6,5,0.13,1,1,0.0,0.0,1.3,7.5,SEC_BTE_GGC,Mail Express,49.6
36.1,193.1,1.6,250,17,5,0.71,0,1,0.1,0.0,2.9,11.3,SEC_BRC_MMCT,Express,326.9
111.0,45.8,6.1,65,7,4,0.42,0,0,0.0,0.0,1.9,5.0,SEC_SWM_KOTA,Express,25.6
65.5,160.0,1.5,165,17,5,0.79,2,0,0.0,0.0,1.6,26.8,SEC_RATL_BRC,Superfast Express,153.2
55.2,229.5,10.6,170,19,0,0.79,2,0,0.0,0.6,3.0,9.7,SEC_KOTA_RATL,Rajdhani Express,256.0
39.9,181.6,1.3,170,2,4,0.35,0,1,0.0,0.0,2.2,8.2,SEC_KOTA_RATL,Rajdhani Express,277.6
94.7,10.1,4.7,25,23,1,0.21,0,0,0.1,0.0,3.0,7.0,SEC_MTJ_BTE,Mail Express,7.1
104.0,18.6,1.3,42,19,6,0.42,1,0,0.0,0.0,3.6,0.1,SEC_GGC_SWM,Superfast Express,8.3
98.9,46.9,10.2,75,0,5,0.2,0,0,0.1,0.0,3.9,3.5,SEC_BTE_GGC,Superfast Express,27.7
31.6,201.6,3.8,250,10,0,0.61,1,1,0.3,0.0,1.6,22.5,SEC_BRC_MMCT,Rajdhani Express,392.2
83.7,28.0,4.3,25,18,5,0.41,0,0,0.0,0.0,2.1,2.8,SEC_MTJ_BTE,Mail Express,20.8
38.6,35.5,17.5,165,12,5,0.15,0,1,0.1,0.0,2.3,11.0,SEC_RATL_BRC,Mail Express,57.9
84.5,73.4,1.9,250,10,1,0.46,3,0,0.0,0.0,4.2,12.3,SEC_BRC_MMCT,Superfast Express,53.4
75.0,20.2,1.7,25,11,1,0.6,1,0,0.0,0.0,2.6,2.9,SEC_MTJ_BTE,Express,18.4
87.0,158.0,0.5,165,15,0,0.39,0,0,0.0,0.0,2.5,11.2,SEC_RATL_BRC,Express,107.4
83.7,15.3,21.4,75,12,1,0.48,0,0,0.1,0.0,1.8,8.1,SEC_BTE_GGC,Express,10.2
92.0,46.4,21.4,42,20,5,0.63,1,0,0.0,0.0,1.9,7.7,SEC_GGC_SWM,Express,33.7
85.0,14.5,1.0,25,14,6,0.38,0,0,0.3,0.0,1.5,8.1,SEC_MTJ_BTE,Express,9.1
42.0,18.2,14.3,25,0,4,0.43,3,0,0.0,0.0,1.8,7.6,SEC_MTJ_BTE,Express,27.6
104.7,53.6,11.2,95,21,2,0.51,0,0,0.6,0.0,6.4,45.0,SEC_NDLS_MTJ,Rajdhani Express,33.9
90.9,15.7,4.2,25,0,4,0.27,1,0,0.9,0.0,4.5,1.5,SEC_MTJ_BTE,Superfast Express,12.2
39.1,99.2,16.8,95,10,3,0.64,4,0,0.6,0.0,3.3,3.7,SEC_NDLS_MTJ,Rajdhani Express,162.9
80.4,61.5,10.6,65,18,4,0.84,2,0,0.6,0.0,5.2,10.6,SEC_SWM_KOTA,Rajdhani Express,52.0
88.2,151.3,27.4,170,5,1,0.31,1,0,0.0,0.0,1.4,6.0,SEC_KOTA_RATL,Rajdhani Express,104.8
0.0,368.2,13.0,250,17,1,0.74,2,0,0.1,16.2,1.5,52.1,SEC_BRC_MMCT,Superfast Express,289.0
72.5,148.4,8.1,170,21,1,0.43,2,0,0.0,0.0,7.1,4.5,SEC_KOTA_RATL,Rajdhani Express,124.8
88.6,150.1,11.0,170,14,5,0.2,1,0,0.0,0.0,2.4,73.4,SEC_KOTA_RATL,Superfast Express,101.5
86.2,21.2,4.3,75,14,0,0.12,1,0,0.0,0.0,3.6,15.8,SEC_BTE_GGC,Superfast Express,10.9
94.5,52.2,2.1,95,9,2,0.5,0,0,0.1,0.0,6.4,3.3,SEC_NDLS_MTJ,Rajdhani Express,30.2
100.1,5.1,0.7,25,21,1,0.58,1,0,0.3,0.0,1.3,19.1,SEC_MTJ_BTE,Express,6.1
117.3,27.3,6.9,75,15,1,0.35,0,0,0.0,0.0,4.8,1.6,SEC_BTE_GGC,Rajdhani Express,11.0
24.5,33.1,6.6,75,14,5,0.42,0,1,0.0,0.0,1.1,6.9,SEC_BTE_GGC,Express,81.7
37.5,209.5,0.0,165,3,5,0.14,0,1,0.0,0.0,2.1,17.7,SEC_RATL_BRC,Mail Express,337.2
79.1,9.6,9.7,25,7,2,0.38,0,0,0.6,0.0,2.4,10.7,SEC_MTJ_BTE,Express,7.8
84.9,59.2,7.3,75,15,1,0.1,1,0,0.0,0.0,3.6,15.6,SEC_BTE_GGC,Superfast Express,41.4
82.8,44.0,2.9,165,11,0,0.66,0,0,0.9,0.0,3.3,2.1,SEC_RATL_BRC,Rajdhani Express,32.4
88.7,253.9,2.7,250,16,0,0.11,2,0,0.0,0.0,7.4,0.3,SEC_BRC_MMCT,Rajdhani Express,166.5
55.6,59.9,26.1,170,17,5,0.46,4,0,0.0,0.0,1.3,13.8,SEC_KOTA_RATL,Mail Express,66.7
73.4,44.1,10.1,42,10,1,0.85,1,0,0.0,0.0,2.3,33.2,SEC_GGC_SWM,Express,40.0
44.6,100.9,16.4,250,9,5,0.47,4,0,0.3,0.0,4.6,2.9,SEC_BRC_MMCT,Superfast Express,135.1
96.1,51.2,0.3,165,13,3,0.14,0,0,0.0,0.0,2.2,25.4,SEC_RATL_BRC,Mail Express,31.0
53.4,21.7,2.9,25,0,3,0.26,2,0,0.6,0.0,2.5,5.5,SEC_MTJ_BTE,Mail Express,30.4
44.7,9.0,19.5,25,17,3,0.42,3,0,0.0,0.0,2.8,0.3,SEC_MTJ_BTE,Express,8.0
97.7,88.4,10.4,165,15,6,0.36,1,0,0.1,0.8,2.4,5.8,SEC_RATL_BRC,Express,53.4
98.0,54.4,9.4,65,16,6,0.27,1,0,0.0,0.0,1.5,21.5,SEC_SWM_KOTA,Rajdhani Express,30.9
36.7,16.8,2.8,95,2,2,0.2,3,1,0.6,0.0,4.0,32.4,SEC_NDLS_MTJ,Superfast Express,31.7
91.7,69.5,3.2,75,23,0,0.47,1,0,0.1,0.0,2.6,7.9,SEC_BTE_GGC,Express,43.4
112.4,53.9,5.4,95,9,3,0.7,0,0,0.0,0.0,2.3,32.6,SEC_NDLS_MTJ,Rajdhani Express,25.8
93.2,53.3,6.7,42,17,0,0.67,0,0,0.0,0.0,1.6,11.3,SEC_GGC_SWM,Express,35.9
89.8,68.2,1.1,165,16,2,0.45,1,0,0.0,0.0,3.5,25.0,SEC_RATL_BRC,Superfast Express,46.3
105.5,75.7,1.3,95,3,3,0.41,0,0,0.1,0.0,3.0,1.6,SEC_NDLS_MTJ,Superfast Express,44.1
26.2,39.7,19.8,75,22,2,0.44,2,1,0.1,0.0,4.7,12.4,SEC_BTE_GGC,Superfast Express,91.9
88.3,15.2,4.8,25,15,1,0.37,1,0,0.0,0.0,2.3,19.5,SEC_MTJ_BTE,Superfast Express,8.2
89.9,29.8,3.1,95,12,1,0.11,0,0,0.0,0.0,3.4,4.6,SEC_NDLS_MTJ,Rajdhani Express,16.1
26.7,14.2,0.9,25,0,1,0.23,3,1,0.0,0.0,1.9,4.9,SEC_MTJ_BTE,Express,38.3
105.4,145.2,27.2,170,12,6,0.49,0,0,0.0,0.2,4.1,1.9,SEC_KOTA_RATL,Superfast Express,79.5
92.2,24.2,6.2,42,12,0,0.32,0,0,0.0,0.0,2.4,5.8,SEC_GGC_SWM,Express,15.2
0.0,46.8,14.0,75,19,1,0.8,1,0,0.0,4.7,2.0,27.0,SEC_BTE_GGC,Superfast Express,47.5
57.1,57.1,0.8,65,21,4,0.46,2,0,0.0,0.0,1.9,13.8,SEC_SWM_KOTA,Mail Express,58.9
114.1,47.3,11.2,65,20,5,0.57,1,0,0.0,0.0,3.3,3.3,SEC_SWM_KOTA,Superfast Express,21.8
96.4,10.7,0.0,65,22,0,0.13,1,0,0.0,0.0,2.8,1.0,SEC_SWM_KOTA,Mail Express,6.4
97.7,181.4,30.2,165,12,2,0.25,1,0,0.0,0.0,1.0,3.5,SEC_RATL_BRC,Mail Express,113.1
78.9,31.4,21.5,42,8,4,0.84,1,0,0.0,0.0,2.4,1.9,SEC_GGC_SWM,Mail Express,27.0
26.5,43.0,19.1,95,1,5,0.3,1,1,0.0,0.4,2.6,13.7,SEC_NDLS_MTJ,Mail Express,104.6
96.6,165.5,3.1,250,21,5,0.52,1,0,0.0,0.0,2.5,12.8,SEC_BRC_MMCT,Superfast Express,102.7
46.7,33.2,4.1,42,20,0,0.76,1,0,0.9,0.0,3.1,3.5,SEC_GGC_SWM,Rajdhani Express,51.7
97.2,15.4,3.3,25,15,0,0.11,0,0,0.0,0.0,4.3,30.6,SEC_MTJ_BTE,Superfast Express,8.9
92.7,45.3,16.3,75,5,5,0.34,1,0,0.0,0.0,1.7,8.5,SEC_BTE_GGC,Express,31.9
53.4,40.0,13.7,65,9,4,0.81,0,0,0.0,29.1,1.8,15.3,SEC_SWM_KOTA,Mail Express,73.9
59.8,66.4,11.2,65,18,2,0.8,1,0,0.0,0.0,2.6,11.1,SEC_SWM_KOTA,Express,69.1
27.3,24.6,0.4,25,12,6,0.39,0,1,0.3,0.0,6.1,38.8,SEC_MTJ_BTE,Rajdhani Express,58.2
49.4,34.0,32.4,42,17,6,0.74,1,0,0.6,0.0,4.9,9.9,SEC_GGC_SWM,Rajdhani Express,44.2
86.6,172.2,1.2,250,4,4,0.19,2,0,0.0,0.0,2.1,6.1,SEC_BRC_MMCT,Superfast Express,121.4
94.4,87.7,11.9,95,15,0,0.49,0,0,0.3,0.0,2.2,6.7,SEC_NDLS_MTJ,Mail Express,58.7
65.3,15.9,15.8,25,1,6,0.19,2,0,0.1,0.0,4.3,1.9,SEC_MTJ_BTE,Superfast Express,16.1
100.7,123.6,0.9,165,2,6,0.26,0,0,0.6,0.0,2.5,8.1,SEC_RATL_BRC,Superfast Express,74.9
0.0,13.2,25.4,25,13,4,0.38,1,0,0.0,12.5,4.9,7.9,SEC_MTJ_BTE,Superfast Express,23.5
25.6,216.2,2.0,170,23,1,0.42,0,1,0.0,0.0,1.9,29.1,SEC_KOTA_RATL,Mail Express,517.4
123.0,178.8,9.6,250,21,4,0.61,0,0,0.0,0.0,7.7,10.2,SEC_BRC_MMCT,Rajdhani Express,82.4
47.6,32.9,8.0,42,23,2,0.2,2,0,0.0,0.0,2.1,15.3,SEC_GGC_SWM,Superfast Express,42.2
73.7,128.1,13.8,95,4,2,0.3,2,0,0.0,0.0,3.4,1.8,SEC_NDLS_MTJ,Rajdhani Express,106.8
87.2,41.6,6.5,65,11,3,0.8,0,0,0.0,0.0,1.2,17.5,SEC_SWM_KOTA,Superfast Express,32.7
110.3,55.1,37.0,42,12,3,0.47,0,0,0.0,0.0,5.3,0.3,SEC_GGC_SWM,Rajdhani Express,30.2
83.4,93.8,0.5,75,16,0,0.35,0,0,0.0,0.0,2.3,5.8,SEC_BTE_GGC,Express,66.4
44.8,22.9,9.2,42,20,1,0.74,1,0,0.0,0.0,4.7,4.4,SEC_GGC_SWM,Superfast Express,29.7
55.4,197.7,5.2,170,0,6,0.33,3,0,0.0,0.0,2.4,14.4,SEC_KOTA_RATL,Mail Express,217.6
120.3,147.4,3.2,250,7,4,0.42,0,0,0.0,0.0,2.1,2.4,SEC_BRC_MMCT,Rajdhani Express,70.2
99.2,32.1,10.2,65,4,4,0.41,0,0,0.9,4.9,1.9,13.9,SEC_SWM_KOTA,Superfast Express,25.9
117.3,138.2,15.8,170,3,5,0.34,0,0,0.1,0.0,6.8,42.3,SEC_KOTA_RATL,Rajdhani Express,64.2
67.8,20.4,0.8,25,16,4,0.36,3,0,0.0,0.0,2.8,40.7,SEC_MTJ_BTE,Mail Express,19.8
108.3,103.6,4.0,95,23,2,0.4,1,0,0.1,0.0,4.1,4.5,SEC_NDLS_MTJ,Superfast Express,56.9
95.0,155.5,21.1,170,4,0,0.21,0,0,0.0,0.0,4.0,2.0,SEC_KOTA_RATL,Rajdhani Express,96.9
104.2,49.0,6.5,42,12,0,0.2,1,0,0.0,0.0,5.3,17.2,SEC_GGC_SWM,Rajdhani Express,29.2
76.6,88.0,6.6,95,18,0,0.81,1,0,0.6,0.0,2.8,5.8,SEC_NDLS_MTJ,Mail Express,78.0
39.2,29.1,4.3,42,18,4,0.63,0,1,0.0,0.0,1.7,6.4,SEC_GGC_SWM,Rajdhani Express,49.7
50.5,5.6,29.1,25,20,6,0.51,2,0,0.0,0.0,3.2,23.3,SEC_MTJ_BTE,Rajdhani Express,4.1
26.9,328.3,19.1,250,9,5,0.78,2,1,0.1,0.0,1.5,6.4,SEC_BRC_MMCT,Mail Express,749.2
24.9,193.0,1.3,165,23,1,0.4,0,1,0.0,0.0,2.4,4.0,SEC_RATL_BRC,Mail Express,469.2
0.0,249.7,12.9,250,11,5,0.83,1,0,0.0,26.9,2.9,2.5,SEC_BRC_MMCT,Express,209.6
100.4,117.8,2.9,250,4,3,0.5,1,0,0.0,0.0,2.0,5.6,SEC_BRC_MMCT,Mail Express,70.5
48.8,117.6,4.6,170,4,2,0.49,3,0,0.9,0.0,2.1,0.6,SEC_KOTA_RATL,Superfast Express,150.9
23.2,87.5,3.5,75,8,1,0.79,0,1,0.0,0.0,2.9,6.2,SEC_BTE_GGC,Mail Express,221.3
29.3,92.4,1.8,170,13,6,0.34,0,1,0.1,0.0,6.9,10.6,SEC_KOTA_RATL,Rajdhani Express,189.8
106.3,50.4,1.3,65,1,3,0.17,0,0,0.0,0.0,4.2,1.0,SEC_SWM_KOTA,Superfast Express,26.2
94.9,136.1,1.2,165,12,1,0.18,0,0,0.1,0.0,4.1,1.1,SEC_RATL_BRC,Superfast Express,85.4
74.2,128.2,3.7,170,12,3,0.13,4,0,0.0,0.0,4.2,22.0,SEC_KOTA_RATL,Superfast Express,101.9
84.5,179.1,0.9,165,23,3,0.36,2,0,0.0,0.0,2.6,6.0,SEC_RATL_BRC,Mail Express,126.7
101.7,266.6,4.1,250,14,2,0.12,0,0,0.3,0.0,2.9,49.4,SEC_BRC_MMCT,Mail Express,157.1
68.8,41.0,3.7,170,21,3,0.55,2,0,0.0,0.0,2.1,4.9,SEC_KOTA_RATL,Express,35.8
94.7,71.4,6.5,75,7,1,0.37,0,0,0.0,0.0,3.4,9.3,SEC_BTE_GGC,Superfast Express,45.1
97.1,18.6,2.4,42,23,5,0.47,1,0,0.0,0.0,1.1,20.4,SEC_GGC_SWM,Superfast Express,10.6
93.2,34.8,8.2,170,17,6,0.37,0,0,0.0,0.0,2.0,25.3,SEC_KOTA_RATL,Mail Express,21.3
52.9,106.2,0.1,165,20,2,0.36,3,0,0.0,0.0,1.8,15.7,SEC_RATL_BRC,Express,120.3
41.8,12.7,13.4,42,4,3,0.22,1,1,0.1,0.0,1.9,6.8,SEC_GGC_SWM,Mail Express,25.2
45.8,14.0,16.7,25,9,6,0.71,0,0,0.3,0.0,2.0,25.3,SEC_MTJ_BTE,Mail Express,20.0
115.1,178.6,5.1,165,6,1,0.46,0,0,0.0,0.0,3.0,19.4,SEC_RATL_BRC,Rajdhani Express,93.1
80.2,215.7,1.9,170,21,3,0.56,0,0,0.9,0.0,3.2,0.0,SEC_KOTA_RATL,Superfast Express,168.5
99.8,210.0,6.4,165,14,0,0.29,0,0,0.1,0.0,2.9,11.3,SEC_RATL_BRC,Superfast Express,126.0
77.8,21.5,0.1,42,18,5,0.65,2,0,0.0,0.0,2.4,0.4,SEC_GGC_SWM,Mail Express,19.3
83.1,80.2,19.0,75,23,5,0.12,0,0,0.0,0.0,2.8,19.0,SEC_BTE_GGC,Express,55.7
64.5,57.5,2.8,75,18,6,0.76,0,0,0.9,0.0,2.0,19.6,SEC_BTE_GGC,Mail Express,57.0
91.8,31.8,1.8,42,13,2,0.22,0,0,0.1,0.0,1.2,15.5,SEC_GGC_SWM,Superfast Express,20.4
103.7,52.0,0.1,250,23,1,0.21,0,0,0.0,0.0,2.8,18.8,SEC_BRC_MMCT,Superfast Express,29.7
35.0,150.8,11.6,250,19,6,0.61,0,1,0.1,0.0,1.6,77.1,SEC_BRC_MMCT,Express,265.5
107.5,75.0,7.7,95,2,0,0.41,0,0,0.0,0.0,3.5,5.8,SEC_NDLS_MTJ,Rajdhani Express,40.1
98.0,31.0,15.3,95,1,2,0.45,1,0,0.0,0.0,1.1,10.0,SEC_NDLS_MTJ,Rajdhani Express,17.0
45.2,28.7,43.2,25,11,1,0.71,2,0,0.0,0.0,1.8,10.3,SEC_MTJ_BTE,Express,46.1
53.1,63.3,1.7,75,9,6,0.61,3,0,0.0,0.0,2.9,8.5,SEC_BTE_GGC,Superfast Express,74.9
92.9,4.0,6.0,25,19,2,0.37,0,0,0.3,0.0,1.2,22.6,SEC_MTJ_BTE,Express,3.8
103.2,274.0,23.8,250,10,5,0.6,0,0,0.1,13.2,1.6,31.6,SEC_BRC_MMCT,Mail Express,173.1
49.2,50.5,9.9,75,9,0,0.71,4,1,0.0,0.0,2.3,13.2,SEC_BTE_GGC,Express,70.9
106.6,62.4,15.6,75,5,3,0.4,0,0,0.3,0.0,1.4,22.5,SEC_BTE_GGC,Superfast Express,36.8
71.8,17.8,14.4,25,5,4,0.39,1,0,0.0,0.0,2.7,1.7,SEC_MTJ_BTE,Mail Express,13.3
113.8,316.0,3.1,250,22,6,0.46,0,0,0.0,0.0,2.5,54.2,SEC_BRC_MMCT,Express,164.7
78.1,40.9,3.2,42,21,1,0.63,2,0,0.1,0.0,2.5,33.7,SEC_GGC_SWM,Rajdhani Express,33.6
127.4,283.9,8.3,250,1,1,0.46,1,0,0.0,0.0,1.6,14.2,SEC_BRC_MMCT,Rajdhani Express,135.5
87.6,174.6,19.6,165,12,3,0.15,0,0,0.0,0.0,2.9,0.8,SEC_RATL_BRC,Mail Express,117.1
47.7,33.3,0.1,75,18,5,0.7,1,1,0.0,0.0,2.5,49.4,SEC_BTE_GGC,Rajdhani Express,49.6
20.3,249.3,2.3,170,18,4,0.44,0,1,0.0,0.0,1.5,5.8,SEC_KOTA_RATL,Mail Express,601.8
25.2,64.0,3.0,75,0,3,0.48,0,1,0.0,0.0,2.6,19.8,SEC_BTE_GGC,Mail Express,162.4
0.0,90.8,14.1,170,2,2,0.14,0,0,0.0,1.1,1.8,4.1,SEC_KOTA_RATL,Express,69.6
76.7,9.9,1.4,25,4,4,0.44,1,0,0.0,0.0,2.7,4.2,SEC_MTJ_BTE,Superfast Express,10.1
100.5,74.5,2.4,65,4,0,0.37,0,0,0.0,0.0,2.3,6.7,SEC_SWM_KOTA,Mail Express,46.8
88.6,30.4,31.0,42,9,5,0.66,1,0,0.1,2.6,2.1,11.3,SEC_GGC_SWM,Express,24.0
85.0,17.6,7.5,25,19,6,0.63,0,0,0.0,0.0,2.4,1.5,SEC_MTJ_BTE,Express,14.4
127.7,309.4,1.4,250,19,4,0.48,0,0,0.0,0.0,7.7,10.9,SEC_BRC_MMCT,Rajdhani Express,136.4
104.5,112.5,3.7,165,11,6,0.48,1,0,0.0,0.0,2.6,5.6,SEC_RATL_BRC,Superfast Express,63.3
117.5,15.9,0.8,65,16,2,0.23,0,0,0.1,0.0,1.3,9.6,SEC_SWM_KOTA,Superfast Express,9.2
96.6,78.4,0.7,95,10,1,0.69,1,0,0.0,0.0,2.7,13.5,SEC_NDLS_MTJ,Mail Express,49.1
106.0,90.7,4.2,95,22,2,0.36,0,0,0.1,0.0,3.9,10.7,SEC_NDLS_MTJ,Superfast Express,50.4
55.9,51.0,6.7,65,13,2,0.11,2,0,0.0,0.0,2.4,45.1,SEC_SWM_KOTA,Mail Express,55.3
96.8,46.4,0.3,95,23,6,0.3,1,0,0.0,0.0,2.5,2.8,SEC_NDLS_MTJ,Express,27.5
64.8,213.9,6.5,250,10,4,0.61,2,0,0.0,0.0,6.8,0.8,SEC_BRC_MMCT,Rajdhani Express,196.0
22.5,87.5,5.8,95,19,0,0.48,0,1,0.0,0.0,2.4,36.7,SEC_NDLS_MTJ,Superfast Express,214.3
87.5,44.6,8.9,95,12,1,0.25,1,0,0.0,0.0,1.9,12.6,SEC_NDLS_MTJ,Express,29.9
84.8,210.7,6.6,250,12,0,0.4,2,0,0.0,0.0,2.6,28.9,SEC_BRC_MMCT,Mail Express,149.0
55.0,29.1,2.9,65,10,2,0.53,4,0,0.0,0.0,1.3,40.6,SEC_SWM_KOTA,Mail Express,35.9
40.3,65.2,1.5,165,22,2,0.23,2,0,0.1,0.0,2.6,12.5,SEC_RATL_BRC,Mail Express,94.1
45.0,59.6,5.2,75,23,2,0.27,3,0,0.0,0.0,1.2,6.6,SEC_BTE_GGC,Express,80.8
59.4,37.5,5.6,42,9,2,0.66,3,0,0.1,0.0,2.8,10.6,SEC_GGC_SWM,Mail Express,41.4
82.3,23.2,2.6,25,21,0,0.62,0,0,0.0,0.0,1.4,29.8,SEC_MTJ_BTE,Mail Express,18.1
92.8,137.9,22.3,170,0,6,0.37,0,0,0.0,0.0,3.7,23.9,SEC_KOTA_RATL,Rajdhani Express,86.8
109.7,63.7,9.0,75,7,0,0.29,1,0,0.0,0.0,2.3,2.8,SEC_BTE_GGC,Rajdhani Express,31.2
92.7,58.7,5.0,75,2,1,0.47,0,0,0.0,0.0,1.9,11.8,SEC_BTE_GGC,Express,37.2
104.4,48.3,12.4,42,2,0,0.42,1,0,0.3,0.0,1.7,13.1,SEC_GGC_SWM,Rajdhani Express,34.3
83.5,13.8,11.5,95,19,0,0.53,1,0,0.0,4.2,1.4,3.4,SEC_NDLS_MTJ,Express,14.0
50.8,53.1,13.5,75,20,6,0.81,1,0,0.3,0.0,1.2,1.5,SEC_BTE_GGC,Mail Express,67.7
69.4,171.6,15.3,170,19,0,0.78,0,0,0.0,1.5,1.6,26.1,SEC_KOTA_RATL,Rajdhani Express,148.5
101.5,59.0,2.7,95,6,5,0.19,1,0,0.0,0.0,1.3,14.3,SEC_NDLS_MTJ,Superfast Express,33.6
103.1,21.8,11.8,25,2,5,0.17,0,0,0.0,0.0,1.7,69.9,SEC_MTJ_BTE,Superfast Express,11.8
93.3,15.7,12.1,25,13,6,0.15,1,0,0.1,0.0,4.0,2.7,SEC_MTJ_BTE,Rajdhani Express,11.2
83.3,35.6,12.8,42,1,5,0.48,2,0,0.3,0.0,2.6,14.1,SEC_GGC_SWM,Superfast Express,28.3
55.3,20.3,12.9,25,10,5,0.65,3,0,0.6,0.0,2.9,24.5,SEC_MTJ_BTE,Mail Express,30.5
88.8,26.6,2.2,42,6,5,0.1,0,0,0.3,0.0,1.4,13.1,SEC_GGC_SWM,Mail Express,16.9
103.5,202.0,8.1,250,15,2,0.43,1,0,0.0,0.0,1.4,16.4,SEC_BRC_MMCT,Superfast Express,118.6
77.1,98.7,1.9,95,5,4,0.25,2,0,0.1,0.0,2.7,1.5,SEC_NDLS_MTJ,Mail Express,79.8
97.5,84.8,4.4,95,5,1,0.28,1,0,0.3,0.0,8.0,7.4,SEC_NDLS_MTJ,Rajdhani Express,50.1
79.2,17.0,8.7,65,17,4,0.52,2,0,0.1,0.0,4.8,0.3,SEC_SWM_KOTA,Superfast Express,13.6
41.5,44.9,20.4,42,22,6,0.2,0,1,0.0,0.0,3.3,1.8,SEC_GGC_SWM,Rajdhani Express,70.3
81.9,13.4,25.9,25,5,6,0.4,0,0,0.0,0.0,4.4,24.4,SEC_MTJ_BTE,Superfast Express,8.3
93.7,133.9,8.4,170,5,3,0.47,0,0,0.1,0.0,4.8,16.5,SEC_KOTA_RATL,Superfast Express,82.0
100.6,23.8,0.3,65,16,5,0.11,0,0,0.1,0.0,2.8,8.9,SEC_SWM_KOTA,Mail Express,13.7
116.0,57.2,4.7,65,13,2,0.47,0,0,0.0,0.0,2.1,7.3,SEC_SWM_KOTA,Superfast Express,31.7
88.7,237.9,9.2,170,16,0,0.37,0,0,0.6,0.0,2.8,3.2,SEC_KOTA_RATL,Superfast Express,168.1
18.1,50.9,0.7,65,5,0,0.3,2,1,0.3,0.0,2.1,29.0,SEC_SWM_KOTA,Express,45.7
84.6,45.4,5.8,95,15,2,0.13,0,0,0.0,0.0,3.0,1.3,SEC_NDLS_MTJ,Rajdhani Express,29.3
59.1,52.0,5.0,95,2,5,0.48,3,0,0.0,0.0,2.1,2.6,SEC_NDLS_MTJ,Mail Express,53.5
97.7,161.1,7.9,250,23,5,0.2,1,0,0.0,0.0,7.6,13.7,SEC_BRC_MMCT,Rajdhani Express,92.3
81.9,26.3,7.7,25,18,6,0.63,0,0,0.6,0.0,2.1,1.4,SEC_MTJ_BTE,Express,22.3
104.3,119.1,13.6,170,18,2,0.45,1,0,0.0,0.0,5.5,11.5,SEC_KOTA_RATL,Rajdhani Express,68.2
46.3,77.5,1.5,170,11,5,0.48,2,0,0.3,0.0,2.8,7.0,SEC_KOTA_RATL,Mail Express,101.2
41.5,163.3,19.4,250,15,2,0.28,3,0,0.0,0.0,1.6,27.4,SEC_BRC_MMCT,Express,236.6
54.9,269.0,5.9,250,17,5,0.72,1,0,0.1,0.0,1.4,14.4,SEC_BRC_MMCT,Express,300.3
91.7,47.8,1.4,42,18,1,0.46,1,0,0.0,0.0,2.7,12.6,SEC_GGC_SWM,Superfast Express,31.2
98.8,78.2,0.3,95,13,3,0.35,1,0,0.3,0.0,1.4,24.8,SEC_NDLS_MTJ,Express,52.4
93.5,195.3,1.5,250,12,3,0.47,0,0,0.0,0.0,1.1,21.7,SEC_BRC_MMCT,Express,128.0
40.3,226.6,13.0,250,4,1,0.49,0,1,0.0,0.0,2.2,0.5,SEC_BRC_MMCT,Mail Express,345.3
79.1,93.0,2.2,165,0,6,0.17,1,0,0.0,0.0,2.1,7.3,SEC_RATL_BRC,Mail Express,71.7
89.9,38.0,25.7,75,12,6,0.33,0,0,0.3,0.0,2.3,47.0,SEC_BTE_GGC,Express,26.6
57.7,86.4,2.3,75,11,0,0.71,1,0,0.6,0.0,2.4,11.9,SEC_BTE_GGC,Mail Express,96.9
91.4,128.9,24.6,165,4,4,0.28,0,0,0.3,0.0,4.6,1.3,SEC_RATL_BRC,Superfast Express,82.6
35.0,97.5,3.5,75,3,0,0.15,1,1,0.0,0.0,1.2,17.8,SEC_BTE_GGC,Superfast Express,174.3
48.6,162.4,12.3,165,4,2,0.46,3,0,0.0,0.0,2.5,3.6,SEC_RATL_BRC,Mail Express,203.2
76.9,81.0,0.8,170,0,3,0.47,2,0,0.0,0.0,3.8,11.2,SEC_KOTA_RATL,Superfast Express,63.0
37.1,196.5,4.4,165,9,6,0.75,0,0,0.1,0.0,2.0,4.4,SEC_RATL_BRC,Superfast Express,324.1
118.2,55.0,7.9,65,6,3,0.14,1,0,0.1,0.0,1.2,12.7,SEC_SWM_KOTA,Superfast Express,26.4
101.4,279.7,6.1,250,13,6,0.31,0,0,0.6,0.0,2.2,18.9,SEC_BRC_MMCT,Mail Express,167.0
95.8,78.7,7.7,75,21,0,0.65,0,0,0.0,0.0,1.2,17.5,SEC_BTE_GGC,Mail Express,50.1
92.1,142.0,0.3,170,2,2,0.34,1,0,0.0,0.0,7.2,1.8,SEC_KOTA_RATL,Rajdhani Express,90.5
105.4,214.2,2.5,250,4,1,0.23,0,0,0.0,0.0,2.8,55.3,SEC_BRC_MMCT,Express,119.6
46.7,322.9,2.4,250,13,3,0.34,3,0,0.0,0.0,1.3,12.4,SEC_BRC_MMCT,Superfast Express,419.2
63.3,42.5,6.5,95,20,1,0.77,0,0,0.0,0.0,1.8,10.3,SEC_NDLS_MTJ,Express,38.9
66.5,161.3,8.2,170,21,4,0.35,2,0,0.1,0.0,3.0,1.0,SEC_KOTA_RATL,Express,150.2
102.1,45.7,8.8,165,19,1,0.64,1,0,0.0,0.0,3.8,4.1,SEC_RATL_BRC,Rajdhani Express,21.8
76.8,40.0,10.3,65,23,2,0.39,2,0,0.0,0.0,2.8,5.1,SEC_SWM_KOTA,Express,30.9
81.4,30.5,2.3,75,18,3,0.79,0,0,0.0,0.0,2.0,6.9,SEC_BTE_GGC,Express,21.0
41.8,7.4,13.5,25,14,2,0.1,0,1,0.0,0.0,7.2,13.4,SEC_MTJ_BTE,Rajdhani Express,9.5
82.6,189.2,2.1,165,6,2,0.18,2,0,0.0,0.0,3.3,60.1,SEC_RATL_BRC,Superfast Express,135.5
45.7,40.4,4.1,42,20,3,0.51,1,1,0.1,0.0,2.9,20.7,SEC_GGC_SWM,Express,60.7
99.5,55.1,13.5,65,18,6,0.41,1,0,0.9,0.0,2.2,12.4,SEC_SWM_KOTA,Express,37.2
92.6,116.5,34.4,170,4,2,0.24,0,0,0.0,0.0,3.2,8.5,SEC_KOTA_RATL,Superfast Express,72.7
66.0,48.1,2.7,42,7,3,0.21,3,0,0.0,0.0,2.9,6.1,SEC_GGC_SWM,Superfast Express,43.0
84.8,259.8,7.4,250,10,4,0.85,1,0,0.0,0.0,6.6,14.9,SEC_BRC_MMCT,Rajdhani Express,184.4
82.7,25.3,7.2,25,4,4,0.44,0,0,0.0,0.0,2.2,7.7,SEC_MTJ_BTE,Mail Express,18.0
96.3,218.0,1.3,170,16,3,0.42,1,0,0.6,0.0,1.5,6.5,SEC_KOTA_RATL,Rajdhani Express,142.7
85.7,324.7,6.7,250,2,3,0.17,0,0,0.0,0.0,2.5,5.8,SEC_BRC_MMCT,Express,227.6
102.5,97.3,5.3,165,8,5,0.43,1,0,0.0,0.0,3.4,7.0,SEC_RATL_BRC,Superfast Express,54.0
111.4,78.3,1.8,75,1,3,0.21,0,0,0.6,0.0,2.8,20.8,SEC_BTE_GGC,Express,44.0
60.3,25.4,5.1,42,20,0,0.43,3,0,0.0,0.0,1.3,20.1,SEC_GGC_SWM,Superfast Express,27.3
47.0,79.1,7.9,170,19,3,0.85,1,0,0.1,0.0,2.2,8.4,SEC_KOTA_RATL,Express,102.5
99.1,7.3,6.6,75,10,3,0.49,0,0,0.0,0.0,2.8,3.8,SEC_BTE_GGC,Express,6.9
83.5,206.4,0.1,170,20,1,0.84,1,0,0.0,0.0,1.7,2.1,SEC_KOTA_RATL,Superfast Express,153.0
76.4,16.4,16.6,25,23,0,0.29,0,0,0.0,0.0,2.6,48.0,SEC_MTJ_BTE,Express,9.0
99.8,32.1,3.2,42,7,6,0.11,0,0,0.0,0.0,2.2,18.9,SEC_GGC_SWM,Express,16.5
95.6,177.3,9.4,165,22,6,0.27,1,0,0.1,0.0,2.1,21.7,SEC_RATL_BRC,Mail Express,112.6
61.3,80.0,24.2,95,8,1,0.37,4,0,0.0,0.0,2.0,9.9,SEC_NDLS_MTJ,Express,80.5
91.0,78.9,0.6,75,0,0,0.44,0,0,0.0,0.0,1.4,20.0,SEC_BTE_GGC,Express,54.9
52.5,165.8,1.1,165,11,3,0.74,1,0,0.0,0.0,5.1,0.6,SEC_RATL_BRC,Rajdhani Express,187.9
86.1,37.9,7.2,75,20,3,0.55,4,0,0.0,0.0,1.4,4.1,SEC_BTE_GGC,Mail Express,32.0
47.5,78.0,1.0,75,10,0,0.62,4,0,0.0,0.0,2.8,3.9,SEC_BTE_GGC,Mail Express,104.7
99.0,48.5,1.7,65,8,1,0.4,0,0,0.0,0.0,1.1,1.6,SEC_SWM_KOTA,Mail Express,31.2
39.0,280.6,18.3,250,5,4,0.13,2,1,0.0,6.0,2.4,1.4,SEC_BRC_MMCT,Express,447.1
88.0,30.4,14.8,75,0,0,0.3,1,0,0.0,0.0,1.2,0.8,SEC_BTE_GGC,Express,18.1
97.8,94.1,2.2,95,17,3,0.43,1,0,0.1,0.0,1.6,8.1,SEC_NDLS_MTJ,Express,60.3
40.3,164.5,14.3,170,10,6,0.45,3,1,0.0,1.4,2.5,7.5,SEC_KOTA_RATL,Superfast Express,255.7
108.9,130.0,2.6,165,20,3,0.37,0,0,0.0,0.0,1.6,8.5,SEC_RATL_BRC,Rajdhani Express,72.0
78.4,160.7,4.3,170,5,2,0.45,2,0,0.0,0.0,1.0,8.1,SEC_KOTA_RATL,Mail Express,127.3
0.0,54.4,13.8,95,10,4,0.83,1,0,0.0,2.5,2.6,18.4,SEC_NDLS_MTJ,Express,46.4
108.0,48.7,5.6,95,23,5,0.12,0,0,0.6,0.0,8.0,41.9,SEC_NDLS_MTJ,Rajdhani Express,27.7
90.0,46.8,2.4,75,2,0,0.46,1,0,0.1,0.0,2.1,9.1,SEC_BTE_GGC,Mail Express,28.6
44.7,42.2,4.9,75,3,4,0.4,0,1,0.0,0.0,4.0,2.0,SEC_BTE_GGC,Superfast Express,58.3
56.4,11.9,0.9,75,2,6,0.26,4,0,0.1,0.0,3.5,9.2,SEC_BTE_GGC,Superfast Express,10.8
26.8,66.7,1.9,170,10,0,0.43,2,1,0.0,0.0,2.2,67.2,SEC_KOTA_RATL,Express,155.8
31.6,175.3,12.4,165,2,3,0.46,1,1,0.1,0.0,2.7,0.4,SEC_RATL_BRC,Express,340.6
41.4,236.5,1.4,165,16,3,0.13,1,1,0.0,0.0,4.0,31.6,SEC_RATL_BRC,Rajdhani Express,342.5
94.9,143.9,11.9,165,17,6,0.6,0,0,0.0,0.0,3.0,30.9,SEC_RATL_BRC,Superfast Express,90.3
97.5,4.7,6.5,25,14,1,0.32,0,0,0.0,0.0,3.1,14.5,SEC_MTJ_BTE,Superfast Express,3.7
90.3,22.4,1.2,25,7,1,0.36,0,0,0.0,0.0,1.4,17.5,SEC_MTJ_BTE,Express,14.3
96.5,107.7,3.9,95,1,5,0.23,1,0,0.1,0.0,4.5,14.2,SEC_NDLS_MTJ,Rajdhani Express,65.5
95.4,26.9,10.4,42,1,0,0.29,1,0,0.0,16.1,2.1,12.5,SEC_GGC_SWM,Mail Express,32.7
99.1,41.5,7.8,42,4,6,0.48,0,0,0.0,0.0,3.5,54.2,SEC_GGC_SWM,Superfast Express,24.6
0.0,13.4,13.2,75,10,3,0.79,1,0,0.3,14.0,1.8,15.3,SEC_BTE_GGC,Express,20.0
27.3,148.8,3.4,165,16,6,0.38,0,1,0.1,0.0,7.6,14.5,SEC_RATL_BRC,Rajdhani Express,328.8
0.0,61.2,11.1,65,0,5,0.16,1,0,0.0,8.5,2.4,21.8,SEC_SWM_KOTA,Mail Express,48.6
16.9,124.3,20.5,165,1,1,0.36,1,1,0.1,0.0,2.0,37.4,SEC_RATL_BRC,Rajdhani Express,102.4
97.6,133.8,3.7,95,7,4,0.23,0,0,0.0,0.0,3.0,5.9,SEC_NDLS_MTJ,Superfast Express,79.7
31.6,60.1,14.6,250,11,5,0.83,1,1,0.0,0.0,1.7,21.8,SEC_BRC_MMCT,Rajdhani Express,122.9
95.6,18.0,0.4,25,16,6,0.27,0,0,0.0,0.0,1.9,3.1,SEC_MTJ_BTE,Express,12.1
38.5,71.9,3.8,75,6,1,0.38,0,1,0.6,0.0,2.8,0.2,SEC_BTE_GGC,Mail Express,122.8
68.5,74.7,8.2,95,8,4,0.77,0,0,0.0,0.0,2.5,0.1,SEC_NDLS_MTJ,Express,65.6
38.5,213.6,16.4,170,5,6,0.29,1,1,0.0,0.0,2.9,1.2,SEC_KOTA_RATL,Mail Express,334.1
97.9,10.4,1.9,42,10,1,0.64,1,0,0.1,0.0,1.5,7.6,SEC_GGC_SWM,Express,7.6
43.4,127.5,1.9,170,12,0,0.15,0,1,0.3,0.0,3.0,12.6,SEC_KOTA_RATL,Express,181.4
103.3,72.0,12.9,65,0,3,0.4,0,0,0.0,0.0,1.7,3.1,SEC_SWM_KOTA,Mail Express,42.5
31.3,120.9,11.4,165,5,0,0.37,0,1,0.1,12.1,4.6,3.0,SEC_RATL_BRC,Superfast Express,250.8
88.5,138.0,2.2,95,3,5,0.39,1,0,0.3,0.0,1.3,19.5,SEC_NDLS_MTJ,Mail Express,102.3
39.5,8.3,8.1,42,18,5,0.38,0,1,0.0,0.0,4.5,5.7,SEC_GGC_SWM,Superfast Express,12.6
27.2,70.5,9.9,65,18,6,0.49,1,1,0.1,0.0,4.4,17.4,SEC_SWM_KOTA,Superfast Express,162.3
94.0,76.5,1.1,65,14,0,0.39,0,0,0.0,0.0,1.9,22.6,SEC_SWM_KOTA,Express,48.6
95.8,42.8,20.2,42,6,4,0.47,1,0,0.0,0.0,3.0,3.5,SEC_GGC_SWM,Express,26.1
88.3,53.6,6.3,95,0,1,0.34,1,0,0.6,0.0,1.0,9.2,SEC_NDLS_MTJ,Express,38.3
96.3,51.1,10.6,75,6,3,0.36,0,0,0.6,0.0,1.6,30.1,SEC_BTE_GGC,Express,33.7
44.1,55.1,4.2,165,14,3,0.15,3,0,0.0,0.0,1.2,6.3,SEC_RATL_BRC,Express,76.1
99.1,107.8,0.1,75,15,4,0.18,0,0,0.1,0.0,1.7,8.7,SEC_BTE_GGC,Mail Express,66.2
118.1,100.9,3.9,65,2,4,0.4,0,0,0.1,0.0,4.6,2.3,SEC_SWM_KOTA,Superfast Express,49.9
90.6,29.2,2.4,25,0,4,0.32,0,0,0.0,0.0,7.8,10.8,SEC_MTJ_BTE,Rajdhani Express,16.9
54.3,81.0,13.4,95,8,0,0.53,2,0,0.0,0.0,4.9,3.4,SEC_NDLS_MTJ,Rajdhani Express,88.0
60.4,74.8,4.0,65,12,5,0.42,2,0,0.3,0.0,2.3,16.0,SEC_SWM_KOTA,Mail Express,76.5
97.2,70.0,14.0,75,1,2,0.38,0,0,0.0,0.0,4.2,2.5,SEC_BTE_GGC,Rajdhani Express,44.3
88.1,23.6,4.9,42,13,5,0.39,1,0,0.1,0.0,4.3,14.3,SEC_GGC_SWM,Superfast Express,17.7
117.0,148.2,8.7,170,8,3,0.53,1,0,0.0,0.0,2.6,17.4,SEC_KOTA_RATL,Rajdhani Express,79.1
95.1,54.7,0.1,95,1,0,0.4,0,0,0.0,0.0,2.3,8.8,SEC_NDLS_MTJ,Express,33.0
81.1,31.0,15.6,65,8,3,0.78,1,0,0.1,0.0,4.3,15.8,SEC_SWM_KOTA,Superfast Express,22.0
95.6,35.4,24.2,42,20,5,0.66,1,0,0.6,21.5,5.5,18.7,SEC_GGC_SWM,Rajdhani Express,50.1
73.3,50.4,10.4,95,5,0,0.28,2,0,0.3,0.0,2.0,9.9,SEC_NDLS_MTJ,Mail Express,41.4
87.8,31.9,19.0,25,23,1,0.45,0,0,0.0,0.0,2.4,16.8,SEC_MTJ_BTE,Rajdhani Express,22.9
91.2,32.1,3.3,250,8,0,0.77,0,0,0.0,0.0,2.8,19.4,SEC_BRC_MMCT,Express,19.1
117.9,105.9,7.0,250,23,5,0.46,0,0,0.3,0.0,2.2,22.3,SEC_BRC_MMCT,Rajdhani Express,54.0
32.6,106.6,5.2,75,2,3,0.31,0,1,0.0,0.0,1.4,22.0,SEC_BTE_GGC,Superfast Express,202.4
106.7,133.9,31.7,165,1,3,0.32,0,0,0.0,0.0,1.1,25.4,SEC_RATL_BRC,Rajdhani Express,73.2
86.9,222.5,29.8,165,13,1,0.41,0,0,0.1,0.0,2.4,8.8,SEC_RATL_BRC,Mail Express,155.6
100.8,39.6,20.2,95,21,0,0.62,1,0,0.3,0.0,4.5,1.5,SEC_NDLS_MTJ,Rajdhani Express,23.0
103.7,8.2,10.0,65,23,3,0.2,1,0,0.3,0.0,2.1,6.2,SEC_SWM_KOTA,Express,3.0
99.3,26.0,9.1,42,0,5,0.34,0,0,0.0,0.0,2.5,22.5,SEC_GGC_SWM,Express,15.7
53.7,62.7,12.8,65,7,5,0.41,3,0,0.3,0.0,4.9,26.3,SEC_SWM_KOTA,Superfast Express,73.2
40.0,138.5,6.6,250,20,0,0.78,0,1,0.0,0.0,6.6,4.4,SEC_BRC_MMCT,Rajdhani Express,208.4
75.4,214.5,2.4,165,7,5,0.35,3,0,0.3,0.0,1.1,1.6,SEC_RATL_BRC,Mail Express,177.8
75.7,62.5,6.3,95,11,0,0.56,2,0,0.6,0.0,2.6,1.1,SEC_NDLS_MTJ,Express,51.5
93.6,33.4,7.0,170,15,4,0.19,1,0,0.0,0.0,2.7,15.1,SEC_KOTA_RATL,Mail Express,18.9
82.4,15.8,10.2,75,21,2,0.41,0,0,0.6,21.4,2.8,11.5,SEC_BTE_GGC,Express,33.7
101.3,22.5,17.4,75,23,5,0.22,0,0,0.0,0.0,3.0,41.6,SEC_BTE_GGC,Express,12.8
92.8,119.7,1.6,170,5,4,0.37,0,0,0.0,0.0,2.7,16.5,SEC_KOTA_RATL,Mail Express,73.3
98.5,219.0,4.6,165,14,2,0.13,0,0,0.3,0.0,2.4,0.5,SEC_RATL_BRC,Express,135.9
90.0,47.1,0.6,65,21,6,0.49,0,0,0.0,0.0,3.9,10.4,SEC_SWM_KOTA,Superfast Express,29.2
50.6,100.8,5.1,250,11,3,0.74,0,0,0.0,0.0,3.0,4.3,SEC_BRC_MMCT,Mail Express,117.4
84.3,12.3,3.7,25,4,2,0.38,0,0,0.0,0.0,2.8,15.1,SEC_MTJ_BTE,Express,10.1
34.0,201.3,11.9,170,14,6,0.15,3,0,0.1,0.0,2.6,18.8,SEC_KOTA_RATL,Mail Express,356.2
68.1,102.7,2.2,75,10,4,0.74,0,0,0.0,0.0,2.7,2.2,SEC_BTE_GGC,Rajdhani Express,90.7
59.8,49.4,35.4,75,17,5,0.53,2,0,0.0,0.0,2.2,5.1,SEC_BTE_GGC,Express,49.2
103.2,65.2,10.7,75,6,6,0.24,0,0,0.1,2.4,1.6,38.8,SEC_BTE_GGC,Superfast Express,39.2
105.9,41.9,10.5,165,13,0,0.3,0,0,0.0,0.0,6.3,17.0,SEC_RATL_BRC,Rajdhani Express,22.4
75.4,49.8,13.3,95,18,0,0.43,2,0,0.0,0.0,2.8,17.3,SEC_NDLS_MTJ,Rajdhani Express,40.4
120.1,64.4,3.4,65,23,1,0.42,1,0,0.0,0.0,3.5,17.4,SEC_SWM_KOTA,Superfast Express,33.6
92.8,99.3,2.0,170,3,2,0.17,0,0,0.6,0.0,1.3,2.3,SEC_KOTA_RATL,Mail Express,66.0
91.3,59.6,6.6,170,16,5,0.26,0,0,0.3,0.0,2.3,0.8,SEC_KOTA_RATL,Mail Express,40.1
34.9,158.8,38.8,165,18,2,0.47,2,1,0.0,0.0,3.5,7.6,SEC_RATL_BRC,Superfast Express,278.8
108.5,56.6,1.6,165,7,5,0.23,1,0,0.0,0.0,4.7,24.0,SEC_RATL_BRC,Rajdhani Express,29.1
108.7,176.9,4.8,250,22,6,0.14,0,0,0.0,0.0,2.6,17.8,SEC_BRC_MMCT,Superfast Express,99.4
44.0,30.4,1.3,42,16,6,0.27,2,0,0.3,0.0,5.4,49.7,SEC_GGC_SWM,Rajdhani Express,37.6
86.8,4.0,2.5,25,4,0,0.33,1,0,0.1,0.0,2.3,22.2,SEC_MTJ_BTE,Mail Express,3.2
105.7,67.9,0.9,65,12,2,0.37,0,0,0.1,0.0,1.0,0.7,SEC_SWM_KOTA,Superfast Express,39.5
87.6,19.8,7.0,42,6,0,0.36,0,0,0.0,0.0,3.3,7.4,SEC_GGC_SWM,Rajdhani Express,12.2
69.5,27.9,1.6,95,9,0,0.78,0,0,0.3,0.0,6.5,18.6,SEC_NDLS_MTJ,Rajdhani Express,22.4
92.6,15.2,3.5,42,21,0,0.69,1,0,0.3,0.0,1.6,15.6,SEC_GGC_SWM,Superfast Express,12.2
88.1,17.5,21.7,25,14,0,0.5,1,0,0.0,0.0,1.6,10.2,SEC_MTJ_BTE,Express,14.8
81.4,144.1,0.9,165,21,3,0.56,1,0,0.0,0.0,2.7,8.0,SEC_RATL_BRC,Express,108.3
97.5,79.6,2.5,95,10,3,0.42,0,0,0.1,0.0,1.1,23.0,SEC_NDLS_MTJ,Express,47.9
30.1,110.0,14.0,170,9,3,0.56,0,1,0.0,0.0,2.2,2.2,SEC_KOTA_RATL,Superfast Express,224.0
53.0,311.1,15.8,250,21,3,0.42,4,0,0.1,0.0,3.2,36.7,SEC_BRC_MMCT,Rajdhani Express,360.3
99.9,51.2,41.2,95,10,2,0.68,1,0,0.0,0.0,2.4,36.3,SEC_NDLS_MTJ,Mail Express,30.5
55.9,68.0,2.1,95,22,3,0.18,2,0,0.0,0.0,2.0,0.6,SEC_NDLS_MTJ,Express,72.0
83.4,119.3,0.2,165,13,5,0.33,1,0,0.0,0.0,5.4,31.6,SEC_RATL_BRC,Rajdhani Express,82.1
96.8,121.2,16.3,170,0,3,0.46,1,0,0.0,12.7,2.0,23.8,SEC_KOTA_RATL,Mail Express,88.7
71.0,44.2,4.1,95,2,3,0.24,2,0,0.1,0.0,1.1,6.5,SEC_NDLS_MTJ,Mail Express,34.2
127.5,34.9,2.1,65,2,1,0.44,0,0,0.0,0.0,6.8,12.7,SEC_SWM_KOTA,Rajdhani Express,15.2
24.0,15.3,2.8,25,12,5,0.44,3,1,0.1,0.0,2.2,12.7,SEC_MTJ_BTE,Mail Express,43.5
92.1,159.9,4.6,170,19,3,0.66,0,0,0.0,0.0,2.1,5.2,SEC_KOTA_RATL,Superfast Express,105.4
89.5,50.6,0.6,95,9,4,0.66,0,0,0.0,0.0,1.8,18.6,SEC_NDLS_MTJ,Express,31.9
68.7,113.0,1.9,250,19,3,0.59,4,0,0.0,0.0,4.4,7.2,SEC_BRC_MMCT,Superfast Express,97.3
44.4,7.2,5.1,25,21,1,0.36,2,0,0.3,0.0,3.9,8.7,SEC_MTJ_BTE,Rajdhani Express,11.2
42.2,38.3,4.2,95,2,4,0.37,0,1,0.1,0.0,1.9,30.6,SEC_NDLS_MTJ,Mail Express,61.5
83.6,91.4,5.4,75,8,5,0.69,0,0,0.0,0.0,2.9,5.6,SEC_BTE_GGC,Mail Express,69.5
42.0,148.9,8.0,165,8,4,0.41,1,1,0.0,0.0,4.9,12.4,SEC_RATL_BRC,Rajdhani Express,217.0
47.9,13.6,8.3,25,5,3,0.41,2,1,0.0,0.0,1.8,8.4,SEC_MTJ_BTE,Mail Express,21.1
115.2,45.2,3.0,65,1,2,0.21,0,0,0.0,0.0,3.9,3.9,SEC_SWM_KOTA,Superfast Express,15.3
64.7,72.1,16.7,170,3,5,0.17,2,0,0.3,0.0,1.2,14.0,SEC_KOTA_RATL,Mail Express,65.5
88.7,54.3,18.4,75,6,3,0.37,1,0,0.0,18.1,7.5,7.2,SEC_BTE_GGC,Rajdhani Express,52.7
98.2,227.7,1.8,250,0,3,0.41,0,0,0.0,0.0,1.0,5.7,SEC_BRC_MMCT,Superfast Express,140.3
27.2,89.0,7.0,75,1,2,0.44,0,1,0.0,0.0,2.3,12.0,SEC_BTE_GGC,Mail Express,203.1
32.3,48.0,3.1,75,10,6,0.57,0,1,0.0,0.0,1.2,11.6,SEC_BTE_GGC,Superfast Express,94.3
29.5,238.4,27.8,250,22,3,0.13,0,1,0.1,0.0,4.5,20.5,SEC_BRC_MMCT,Superfast Express,485.9
101.5,14.8,1.3,25,5,1,0.15,0,0,0.0,0.0,5.3,15.9,SEC_MTJ_BTE,Rajdhani Express,8.4
60.0,48.3,9.1,75,14,3,0.36,3,0,0.0,0.0,5.2,7.0,SEC_BTE_GGC,Rajdhani Express,47.8
86.2,52.0,5.0,170,0,5,0.15,0,0,0.3,0.0,1.0,22.1,SEC_KOTA_RATL,Mail Express,33.7
116.3,197.5,3.2,170,13,3,0.44,0,0,0.0,0.0,5.4,16.1,SEC_KOTA_RATL,Rajdhani Express,98.0
40.5,20.2,6.4,95,13,4,0.33,1,1,0.3,0.0,1.0,21.3,SEC_NDLS_MTJ,Express,33.5
0.0,30.4,17.6,165,2,0,0.3,1,0,0.6,0.6,3.3,2.7,SEC_RATL_BRC,Rajdhani Express,24.1
100.5,9.2,6.3,65,15,3,0.13,1,0,0.6,0.0,2.6,5.0,SEC_SWM_KOTA,Express,3.9
0.0,34.2,15.9,42,3,0,0.28,0,0,0.0,3.9,1.4,30.6,SEC_GGC_SWM,Superfast Express,32.8
34.4,50.7,29.2,75,18,1,0.55,0,1,0.1,0.0,5.5,5.7,SEC_BTE_GGC,Rajdhani Express,91.7
22.4,17.8,8.8,42,21,4,0.83,0,1,0.0,0.0,2.4,26.8,SEC_GGC_SWM,Mail Express,49.8
63.9,155.5,0.5,170,15,0,0.43,3,0,0.3,0.0,2.8,9.9,SEC_KOTA_RATL,Express,147.3
75.5,94.2,9.9,75,3,4,0.47,2,0,0.0,0.0,2.8,21.8,SEC_BTE_GGC,Mail Express,78.7
103.6,93.2,4.5,95,6,1,0.43,0,0,0.0,0.0,3.4,2.5,SEC_NDLS_MTJ,Superfast Express,52.7
98.1,105.8,3.1,65,23,5,0.43,1,0,0.1,0.0,2.8,8.7,SEC_SWM_KOTA,Superfast Express,68.1
37.7,77.6,27.4,165,11,0,0.65,2,0,0.1,0.0,2.3,9.1,SEC_RATL_BRC,Rajdhani Express,122.6
50.5,47.0,11.0,95,16,5,0.35,3,0,0.1,0.0,7.9,1.2,SEC_NDLS_MTJ,Rajdhani Express,51.1
121.1,95.3,23.5,65,9,6,0.56,0,0,0.0,0.0,1.7,19.8,SEC_SWM_KOTA,Rajdhani Express,47.8
16.8,42.5,7.6,75,7,6,0.44,2,1,0.1,0.0,1.6,14.3,SEC_BTE_GGC,Express,44.5
21.8,153.3,4.8,250,6,5,0.17,0,1,0.0,0.0,2.6,27.8,SEC_BRC_MMCT,Superfast Express,374.6
41.1,307.4,0.2,250,15,1,0.12,0,1,0.0,0.0,2.4,3.5,SEC_BRC_MMCT,Mail Express,454.9
51.6,7.7,1.7,25,12,4,0.32,2,0,0.9,0.0,3.5,16.4,SEC_MTJ_BTE,Superfast Express,10.2
57.1,11.6,1.4,25,21,1,0.37,4,0,0.0,0.0,2.0,48.9,SEC_MTJ_BTE,Superfast Express,13.3
106.4,62.3,3.9,75,15,4,0.24,1,0,0.0,0.0,2.6,16.1,SEC_BTE_GGC,Rajdhani Express,34.7
0.0,9.7,11.6,25,7,5,0.44,0,0,0.0,15.2,3.2,42.2,SEC_MTJ_BTE,Superfast Express,23.7
77.4,78.2,3.2,165,7,6,0.48,2,0,0.1,0.0,2.6,5.6,SEC_RATL_BRC,Express,59.9
45.8,78.9,12.3,65,1,6,0.47,0,1,0.1,0.0,2.7,6.1,SEC_SWM_KOTA,Mail Express,112.0
42.3,189.4,7.1,165,10,6,0.54,0,1,0.0,0.0,7.6,2.4,SEC_RATL_BRC,Rajdhani Express,269.6
104.6,137.8,22.3,165,6,5,0.4,0,0,0.1,0.0,3.4,9.1,SEC_RATL_BRC,Rajdhani Express,78.7
90.7,105.4,11.0,170,14,4,0.26,0,0,0.0,0.0,1.6,2.8,SEC_KOTA_RATL,Mail Express,67.4
98.4,46.9,14.9,42,15,4,0.27,1,0,0.0,14.5,3.2,20.8,SEC_GGC_SWM,Superfast Express,43.5
0.0,87.8,14.5,165,7,4,0.13,1,0,0.3,2.3,2.9,15.5,SEC_RATL_BRC,Superfast Express,70.3
62.7,56.2,3.6,65,2,3,0.11,2,0,0.0,0.0,2.1,13.1,SEC_SWM_KOTA,Mail Express,55.8
88.5,45.6,21.3,95,2,4,0.5,1,0,0.0,0.0,1.5,7.5,SEC_NDLS_MTJ,Mail Express,34.1
22.1,14.2,1.6,25,20,0,0.54,1,1,0.0,0.0,3.6,1.9,SEC_MTJ_BTE,Superfast Express,38.2
106.6,18.8,9.1,170,12,2,0.17,1,0,0.1,0.0,1.3,24.4,SEC_KOTA_RATL,Express,9.2
95.0,152.3,24.3,250,9,6,0.37,0,0,0.0,15.3,2.1,8.3,SEC_BRC_MMCT,Express,112.3
97.8,168.5,19.2,170,15,4,0.44,1,0,0.0,0.0,2.4,21.9,SEC_KOTA_RATL,Express,103.3
63.9,127.1,25.7,250,22,4,0.22,3,0,0.0,7.1,2.9,10.8,SEC_BRC_MMCT,Mail Express,123.5
89.2,88.6,9.6,75,10,0,0.35,0,0,0.0,0.0,1.2,0.9,SEC_BTE_GGC,Mail Express,58.0
93.7,293.2,4.2,250,17,4,0.42,1,0,0.6,0.0,2.7,45.1,SEC_BRC_MMCT,Express,190.6
53.6,21.1,10.4,25,20,2,0.42,4,0,0.0,0.0,2.9,7.9,SEC_MTJ_BTE,Express,26.0
103.2,59.7,1.5,65,19,4,0.53,0,0,0.3,0.0,2.3,2.2,SEC_SWM_KOTA,Express,38.2
57.4,39.6,0.1,42,10,1,0.83,0,0,0.9,0.0,2.9,11.2,SEC_GGC_SWM,Express,46.4
90.8,60.2,8.4,42,9,1,0.5,1,0,0.1,0.0,2.2,7.0,SEC_GGC_SWM,Express,40.4
37.0,137.3,4.7,170,8,2,0.42,0,1,0.3,0.0,2.1,27.6,SEC_KOTA_RATL,Mail Express,230.0
103.0,150.1,4.5,165,19,6,0.35,1,0,0.0,0.0,4.0,11.3,SEC_RATL_BRC,Superfast Express,85.6
43.7,28.4,3.7,75,6,5,0.14,1,1,0.0,0.0,2.0,1.8,SEC_BTE_GGC,Express,42.2
82.0,215.8,5.5,170,6,6,0.43,1,0,0.9,0.0,2.2,8.7,SEC_KOTA_RATL,Express,166.3
116.3,182.5,2.2,250,3,5,0.28,0,0,0.3,0.0,2.5,74.2,SEC_BRC_MMCT,Superfast Express,92.9
0.0,4.0,10.5,65,6,4,0.27,2,0,0.6,2.8,2.8,35.4,SEC_SWM_KOTA,Superfast Express,3.0
65.0,146.1,14.2,170,20,6,0.77,1,0,0.1,0.0,3.7,68.6,SEC_KOTA_RATL,Superfast Express,139.0
103.9,199.4,10.8,250,7,3,0.24,0,0,0.0,7.3,1.8,24.8,SEC_BRC_MMCT,Express,120.9
117.3,207.1,11.9,250,18,3,0.59,0,0,0.0,0.0,2.5,29.3,SEC_BRC_MMCT,Express,109.2
48.8,169.9,5.1,170,8,4,0.36,2,0,0.0,0.0,3.6,32.3,SEC_KOTA_RATL,Superfast Express,202.8
84.0,24.0,4.6,25,3,3,0.2,0,0,0.0,0.0,1.9,46.2,SEC_MTJ_BTE,Express,19.7
46.0,148.6,6.1,165,2,1,0.25,2,0,0.0,0.0,6.2,15.6,SEC_RATL_BRC,Rajdhani Express,187.2
17.9,18.9,2.8,65,14,4,0.2,0,1,0.0,0.0,2.6,11.5,SEC_SWM_KOTA,Mail Express,20.5
104.1,58.9,7.5,65,6,2,0.37,0,0,0.0,0.0,1.6,9.2,SEC_SWM_KOTA,Mail Express,30.8
49.6,21.8,2.5,95,20,3,0.42,2,0,0.0,0.0,1.3,10.7,SEC_NDLS_MTJ,Mail Express,26.9
88.6,10.4,3.3,25,13,3,0.47,0,0,0.0,0.0,1.9,2.8,SEC_MTJ_BTE,Mail Express,8.5
94.4,122.7,1.8,170,4,1,0.44,1,0,0.0,0.0,3.1,20.3,SEC_KOTA_RATL,Rajdhani Express,81.6
85.3,27.4,0.6,25,1,0,0.18,0,0,0.0,0.0,1.9,31.6,SEC_MTJ_BTE,Express,18.5
82.1,9.7,4.0,25,3,4,0.48,0,0,0.3,0.0,2.8,5.9,SEC_MTJ_BTE,Express,10.4
108.9,52.1,27.1,65,3,5,0.36,0,0,0.0,0.0,1.8,19.3,SEC_SWM_KOTA,Superfast Express,30.6
100.1,134.0,2.8,165,1,5,0.16,0,0,0.0,0.0,2.5,7.0,SEC_RATL_BRC,Superfast Express,75.9
53.3,119.0,22.0,95,3,2,0.47,3,0,0.0,0.0,2.8,1.4,SEC_NDLS_MTJ,Rajdhani Express,139.4
86.5,55.3,9.1,65,13,1,0.12,0,0,0.0,0.0,1.8,6.2,SEC_SWM_KOTA,Express,35.6
103.3,26.1,2.9,42,19,4,0.5,1,0,0.6,0.0,1.0,6.5,SEC_GGC_SWM,Superfast Express,21.8
68.1,88.8,7.0,65,7,1,0.24,3,0,0.0,0.0,1.5,42.2,SEC_SWM_KOTA,Express,80.5
44.1,28.7,3.5,95,7,1,0.29,2,1,0.0,0.0,1.6,19.9,SEC_NDLS_MTJ,Express,45.1
46.3,200.3,4.9,165,17,4,0.67,3,0,0.0,0.0,4.5,8.3,SEC_RATL_BRC,Superfast Express,265.6
75.9,18.5,1.2,95,2,4,0.14,2,0,0.0,0.0,1.1,0.7,SEC_NDLS_MTJ,Superfast Express,16.5
99.1,42.0,3.6,65,3,0,0.36,0,0,0.0,0.0,1.9,0.7,SEC_SWM_KOTA,Mail Express,24.9
34.6,11.3,7.8,42,7,1,0.42,0,1,0.3,0.0,1.3,4.4,SEC_GGC_SWM,Mail Express,26.2
116.9,180.9,1.5,250,5,1,0.36,0,0,0.0,0.0,2.4,17.3,SEC_BRC_MMCT,Superfast Express,92.7
101.5,47.5,19.0,65,0,1,0.4,1,0,0.1,0.0,4.9,15.0,SEC_SWM_KOTA,Rajdhani Express,25.9
31.3,33.8,11.2,65,18,6,0.62,1,1,0.1,26.3,1.5,19.3,SEC_SWM_KOTA,Mail Express,96.5
32.5,101.0,7.3,165,6,1,0.41,1,1,0.0,0.0,2.3,11.0,SEC_RATL_BRC,Mail Express,195.6
91.4,30.3,0.2,25,13,5,0.19,0,0,0.1,0.0,2.3,1.1,SEC_MTJ_BTE,Rajdhani Express,21.8
108.2,58.4,0.6,250,4,5,0.35,1,0,0.9,0.0,1.1,24.1,SEC_BRC_MMCT,Mail Express,31.7
36.0,158.7,33.3,165,0,4,0.39,3,1,0.0,0.0,2.1,5.7,SEC_RATL_BRC,Mail Express,271.6
84.0,82.2,1.2,65,21,3,0.71,0,0,0.3,0.0,1.7,1.5,SEC_SWM_KOTA,Superfast Express,63.9
88.1,115.7,3.9,165,10,0,0.7,0,0,0.3,0.0,2.1,3.9,SEC_RATL_BRC,Express,83.3
92.3,178.6,9.0,250,14,4,0.22,1,0,0.0,0.0,2.7,43.0,SEC_BRC_MMCT,Mail Express,115.3
50.4,13.6,0.0,42,4,5,0.21,1,1,0.0,0.0,2.7,41.7,SEC_GGC_SWM,Express,16.0
64.6,18.9,18.0,25,5,6,0.31,2,0,0.1,0.0,2.0,21.9,SEC_MTJ_BTE,Mail Express,15.7
100.6,92.6,5.9,165,6,2,0.15,0,0,0.0,0.0,3.7,2.5,SEC_RATL_BRC,Superfast Express,51.0
64.2,149.6,4.9,170,8,1,0.74,2,0,0.0,0.0,2.0,42.8,SEC_KOTA_RATL,Mail Express,145.1
111.8,74.6,7.1,65,12,4,0.35,1,0,0.1,0.0,1.3,11.9,SEC_SWM_KOTA,Superfast Express,43.2
116.7,290.3,4.1,250,21,4,0.7,0,0,0.0,0.0,5.0,14.5,SEC_BRC_MMCT,Rajdhani Express,149.6
26.0,11.4,0.3,42,14,5,0.45,0,1,0.0,0.0,1.7,1.5,SEC_GGC_SWM,Rajdhani Express,29.0
38.5,70.9,4.7,95,18,2,0.84,1,0,0.0,0.0,2.5,10.3,SEC_NDLS_MTJ,Mail Express,113.7
45.0,199.6,1.6,170,0,3,0.48,3,1,0.0,0.0,2.4,0.2,SEC_KOTA_RATL,Mail Express,278.9
85.5,213.4,49.0,165,13,0,0.17,0,0,0.1,0.0,1.8,7.4,SEC_RATL_BRC,Mail Express,151.2
100.6,131.5,0.8,165,11,1,0.64,1,0,0.0,0.0,2.3,4.0,SEC_RATL_BRC,Express,76.8
94.5,68.4,7.0,65,8,3,0.42,0,0,0.6,0.0,1.4,75.7,SEC_SWM_KOTA,Express,46.1
96.1,102.7,22.9,75,7,6,0.41,0,0,0.6,0.0,1.8,0.3,SEC_BTE_GGC,Superfast Express,69.1
39.8,38.7,23.6,42,12,2,0.34,1,1,0.6,0.0,7.5,16.2,SEC_GGC_SWM,Rajdhani Express,61.8
41.8,80.6,3.2,95,2,5,0.16,1,1,0.0,0.0,3.1,17.3,SEC_NDLS_MTJ,Superfast Express,118.6
61.2,39.6,13.7,75,19,5,0.64,3,0,0.1,0.0,2.0,2.4,SEC_BTE_GGC,Rajdhani Express,41.6
96.5,132.7,7.8,95,2,4,0.39,1,0,0.1,0.0,1.3,5.8,SEC_NDLS_MTJ,Express,88.0
103.0,63.1,4.2,65,4,2,0.46,1,0,0.3,0.0,1.1,5.4,SEC_SWM_KOTA,Mail Express,43.7
29.7,72.8,2.4,75,8,6,0.68,2,1,0.0,0.0,1.4,5.7,SEC_BTE_GGC,Mail Express,160.6
30.0,76.5,6.4,75,13,2,0.45,0,1,0.3,0.0,1.7,18.1,SEC_BTE_GGC,Superfast Express,158.3
94.0,50.7,1.9,75,7,6,0.17,1,0,0.3,0.0,1.3,4.6,SEC_BTE_GGC,Rajdhani Express,34.1
91.2,7.6,7.0,25,18,5,0.37,0,0,0.1,0.0,7.4,4.2,SEC_MTJ_BTE,Rajdhani Express,8.5
95.6,51.4,7.0,75,17,3,0.54,1,0,0.0,0.0,2.5,8.1,SEC_BTE_GGC,Express,32.7
104.9,244.5,4.8,165,7,0,0.17,0,0,0.0,0.0,4.2,21.2,SEC_RATL_BRC,Superfast Express,137.4
96.4,35.9,25.9,42,2,6,0.4,1,0,0.1,0.0,4.6,8.9,SEC_GGC_SWM,Rajdhani Express,23.5
97.6,25.5,6.4,25,5,4,0.15,1,0,0.6,0.0,2.6,27.1,SEC_MTJ_BTE,Express,18.9
67.8,15.6,15.5,25,17,6,0.74,1,0,0.0,0.0,2.5,9.1,SEC_MTJ_BTE,Mail Express,15.0
59.6,107.6,2.0,170,4,4,0.12,2,0,0.0,0.0,1.8,7.0,SEC_KOTA_RATL,Superfast Express,106.4
59.2,85.3,9.5,75,0,2,0.43,2,0,0.0,0.0,4.7,43.2,SEC_BTE_GGC,Superfast Express,90.2
19.1,100.7,0.3,75,16,6,0.31,0,1,0.0,0.0,2.1,2.5,SEC_BTE_GGC,Express,83.5
115.7,19.2,5.2,95,12,1,0.35,0,0,0.9,0.0,1.9,12.7,SEC_NDLS_MTJ,Rajdhani Express,9.2
44.4,47.8,5.1,75,15,1,0.31,1,1,0.9,0.0,5.4,9.3,SEC_BTE_GGC,Rajdhani Express,67.3
58.5,4.0,11.4,75,19,6,0.75,4,0,0.0,0.0,3.3,3.6,SEC_BTE_GGC,Superfast Express,4.8
88.5,169.2,7.9,170,14,1,0.49,1,0,0.0,0.0,2.9,17.6,SEC_KOTA_RATL,Express,115.5
109.5,153.9,2.4,250,22,0,0.17,0,0,0.1,0.0,3.8,0.1,SEC_BRC_MMCT,Superfast Express,81.1
94.6,14.4,3.9,42,20,4,0.47,1,0,0.0,0.0,3.5,0.7,SEC_GGC_SWM,Superfast Express,11.9
104.4,8.1,11.2,95,12,1,0.36,0,0,0.3,0.0,4.1,22.6,SEC_NDLS_MTJ,Rajdhani Express,3.0
73.8,66.0,6.4,95,14,4,0.16,2,0,0.0,0.0,2.8,51.1,SEC_NDLS_MTJ,Express,49.5
104.6,66.9,3.6,250,17,4,0.39,1,0,0.0,0.0,2.4,34.6,SEC_BRC_MMCT,Mail Express,37.5
85.4,137.4,8.6,165,20,4,0.58,1,0,0.1,0.0,1.7,22.4,SEC_RATL_BRC,Mail Express,98.6
60.9,140.6,1.2,170,8,4,0.73,3,0,0.0,0.0,2.2,6.5,SEC_KOTA_RATL,Mail Express,143.5
106.0,235.5,15.0,165,16,6,0.43,1,0,0.0,0.0,1.2,11.4,SEC_RATL_BRC,Superfast Express,138.8
48.4,131.1,10.2,250,1,1,0.11,2,0,0.3,0.0,2.1,12.3,SEC_BRC_MMCT,Superfast Express,163.6
35.3,31.3,4.3,25,9,0,0.78,2,1,0.3,0.0,2.4,1.5,SEC_MTJ_BTE,Express,71.0
95.8,156.8,3.4,165,12,2,0.31,1,0,0.3,0.0,1.7,5.1,SEC_RATL_BRC,Mail Express,101.6
0.0,134.4,18.7,170,10,3,0.7,2,0,0.0,33.2,7.6,25.6,SEC_KOTA_RATL,Rajdhani Express,136.4
24.2,16.6,1.5,42,6,3,0.22,2,1,0.0,0.0,3.4,2.0,SEC_GGC_SWM,Rajdhani Express,42.8
97.4,83.0,1.1,75,18,6,0.6,1,0,0.0,0.0,2.3,18.2,SEC_BTE_GGC,Mail Express,54.2
97.1,112.0,0.1,75,12,1,0.44,0,0,0.0,0.0,2.0,10.0,SEC_BTE_GGC,Express,67.9
93.2,78.8,6.5,75,7,3,0.43,0,0,0.1,0.0,3.3,1.7,SEC_BTE_GGC,Rajdhani Express,49.6
90.8,44.6,33.3,65,12,3,0.33,1,0,0.3,0.0,2.7,6.8,SEC_SWM_KOTA,Mail Express,30.1
65.7,218.6,12.7,250,6,3,0.27,2,0,0.1,0.0,1.3,39.5,SEC_BRC_MMCT,Express,205.3
99.4,37.3,14.3,75,1,1,0.44,0,0,0.1,0.0,2.4,20.7,SEC_BTE_GGC,Mail Express,22.3
95.8,56.0,4.2,75,9,2,0.56,1,0,0.0,0.0,2.2,7.7,SEC_BTE_GGC,Rajdhani Express,36.8
39.9,107.0,11.3,95,14,3,0.22,0,1,0.6,0.0,2.6,1.8,SEC_NDLS_MTJ,Express,170.1
57.0,92.9,44.7,165,19,2,0.85,0,0,0.1,0.0,1.4,39.0,SEC_RATL_BRC,Rajdhani Express,98.1
89.3,95.5,6.8,170,1,6,0.35,0,0,0.0,0.0,2.5,16.8,SEC_KOTA_RATL,Mail Express,65.9
61.7,85.7,12.1,250,11,2,0.79,1,0,0.0,0.0,5.8,9.3,SEC_BRC_MMCT,Rajdhani Express,79.1
41.3,17.2,1.4,42,16,1,0.46,0,1,0.0,0.0,2.6,19.7,SEC_GGC_SWM,Express,29.9
102.4,12.7,1.2,95,4,5,0.16,1,0,0.0,0.0,1.9,2.1,SEC_NDLS_MTJ,Rajdhani Express,4.8
91.8,60.6,3.6,65,0,4,0.36,2,0,0.0,0.0,4.0,13.2,SEC_SWM_KOTA,Rajdhani Express,41.7
93.2,51.2,1.5,42,0,3,0.16,0,0,0.0,0.0,2.5,28.2,SEC_GGC_SWM,Express,33.0
25.3,87.1,9.6,165,19,3,0.84,0,1,0.1,0.0,1.8,4.0,SEC_RATL_BRC,Express,216.2
99.3,102.9,18.7,170,9,2,0.67,1,0,0.3,0.0,2.3,8.3,SEC_KOTA_RATL,Express,65.7
34.0,42.3,13.1,95,14,6,0.23,1,1,0.3,0.0,1.2,9.5,SEC_NDLS_MTJ,Rajdhani Express,79.9
108.2,261.4,6.4,250,16,0,0.24,0,0,0.1,0.0,2.1,9.0,SEC_BRC_MMCT,Mail Express,142.6
32.3,22.9,19.6,25,12,2,0.28,0,1,0.3,0.0,4.8,20.2,SEC_MTJ_BTE,Superfast Express,49.1
92.3,181.7,0.3,250,4,1,0.49,2,0,0.0,0.0,2.1,33.5,SEC_BRC_MMCT,Express,119.7
39.5,24.2,54.4,42,19,3,0.35,2,0,0.0,0.0,6.5,8.9,SEC_GGC_SWM,Rajdhani Express,35.2
113.5,51.0,1.9,65,7,0,0.45,1,0,0.0,0.0,3.0,10.2,SEC_SWM_KOTA,Mail Express,23.6
75.2,71.0,10.4,95,0,1,0.28,3,0,0.1,0.0,1.9,16.7,SEC_NDLS_MTJ,Express,59.6
35.4,32.5,4.0,42,18,1,0.36,2,1,0.3,0.0,2.1,6.7,SEC_GGC_SWM,Mail Express,62.4
96.1,182.4,5.0,165,13,4,0.17,1,0,0.6,0.0,3.9,6.4,SEC_RATL_BRC,Superfast Express,120.0
111.7,83.9,1.8,65,0,0,0.2,1,0,0.6,0.0,3.6,38.2,SEC_SWM_KOTA,Superfast Express,51.1
103.5,99.2,14.4,75,8,5,0.64,0,0,0.0,0.0,1.8,6.0,SEC_BTE_GGC,Rajdhani Express,59.5
31.6,185.7,8.6,250,7,3,0.5,3,1,0.0,0.0,3.1,13.1,SEC_BRC_MMCT,Rajdhani Express,361.8
54.6,74.9,3.2,75,3,0,0.19,2,0,0.3,0.0,1.6,7.0,SEC_BTE_GGC,Mail Express,83.8
35.6,85.5,7.1,250,19,5,0.37,0,1,0.0,0.0,2.9,14.8,SEC_BRC_MMCT,Express,149.6
49.4,106.4,10.7,170,8,4,0.81,0,0,0.0,0.0,2.6,40.2,SEC_KOTA_RATL,Mail Express,129.1
99.9,134.5,30.4,170,16,1,0.14,1,0,0.3,24.5,1.4,20.3,SEC_KOTA_RATL,Express,106.0
32.6,30.7,1.8,65,7,6,0.17,1,1,0.1,0.0,1.4,0.7,SEC_SWM_KOTA,Superfast Express,62.2
75.3,39.7,13.3,95,15,2,0.44,4,0,0.3,0.8,2.0,22.8,SEC_NDLS_MTJ,Mail Express,34.6
26.5,173.6,11.4,170,15,5,0.19,0,1,0.0,0.0,1.4,21.4,SEC_KOTA_RATL,Express,396.0
48.7,189.9,5.2,165,18,2,0.76,0,0,0.0,0.0,5.7,7.0,SEC_RATL_BRC,Rajdhani Express,229.5
129.1,91.6,2.2,65,4,4,0.31,0,0,0.3,0.0,7.3,20.1,SEC_SWM_KOTA,Rajdhani Express,40.0
27.4,59.3,1.9,42,7,3,0.46,2,1,0.0,0.0,3.4,30.4,SEC_GGC_SWM,Superfast Express,141.0
95.7,69.1,4.3,75,22,4,0.17,1,0,0.0,0.0,4.2,17.5,SEC_BTE_GGC,Rajdhani Express,38.9
35.1,10.5,15.7,170,23,3,0.14,0,1,0.0,0.0,1.7,14.0,SEC_KOTA_RATL,Mail Express,20.0
41.8,199.4,1.6,165,9,0,0.63,4,0,0.0,0.0,2.5,36.2,SEC_RATL_BRC,Express,296.5
103.2,55.6,16.1,42,19,3,0.59,1,0,0.0,0.0,4.9,26.6,SEC_GGC_SWM,Superfast Express,31.7
38.9,22.6,10.8,25,1,3,0.5,2,0,0.0,0.0,2.9,27.9,SEC_MTJ_BTE,Express,36.8
91.9,179.1,2.6,165,4,3,0.46,0,0,0.0,0.0,2.5,3.6,SEC_RATL_BRC,Mail Express,119.9
23.9,163.1,42.7,250,10,2,0.56,1,1,0.3,13.9,6.0,6.1,SEC_BRC_MMCT,Rajdhani Express,409.0
80.5,22.3,13.9,25,7,3,0.24,0,0,0.0,0.0,1.3,12.1,SEC_MTJ_BTE,Express,19.3
67.9,130.8,7.9,250,18,1,0.76,0,0,0.1,0.0,2.7,4.4,SEC_BRC_MMCT,Mail Express,114.9
99.7,80.5,17.7,165,7,2,0.32,0,0,0.0,15.5,2.7,3.4,SEC_RATL_BRC,Mail Express,61.4
102.7,8.8,6.4,42,10,1,0.59,0,0,0.0,0.0,4.1,0.9,SEC_GGC_SWM,Superfast Express,4.1
93.7,147.9,19.6,170,2,0,0.37,1,0,0.0,1.0,2.8,0.1,SEC_KOTA_RATL,Mail Express,95.1
31.2,4.0,4.4,25,23,0,0.31,2,1,0.0,0.0,1.5,67.4,SEC_MTJ_BTE,Rajdhani Express,9.2
64.4,75.0,16.2,75,15,0,0.19,3,0,0.0,9.0,1.7,32.1,SEC_BTE_GGC,Mail Express,79.2
88.9,85.6,23.9,75,0,3,0.21,1,0,0.1,17.4,3.5,0.3,SEC_BTE_GGC,Rajdhani Express,74.8
87.8,59.6,3.8,75,4,2,0.12,0,0,0.1,0.0,5.4,8.3,SEC_BTE_GGC,Rajdhani Express,33.1
90.1,250.7,9.3,170,21,4,0.63,0,0,0.0,0.0,1.6,6.1,SEC_KOTA_RATL,Express,169.0
48.2,22.4,17.3,25,5,2,0.3,3,0,0.1,0.0,5.1,5.1,SEC_MTJ_BTE,Rajdhani Express,26.2
0.0,189.1,15.3,170,1,4,0.18,1,0,0.0,20.2,6.2,10.6,SEC_KOTA_RATL,Rajdhani Express,163.1
73.5,19.9,10.3,25,19,0,0.77,2,0,0.9,0.0,1.0,0.3,SEC_MTJ_BTE,Rajdhani Express,26.7
94.3,10.2,11.4,42,12,6,0.44,1,0,0.3,0.0,1.5,19.9,SEC_GGC_SWM,Superfast Express,8.1
110.8,268.3,7.8,250,8,4,0.53,0,0,0.0,0.0,2.5,14.2,SEC_BRC_MMCT,Rajdhani Express,144.5
35.1,19.0,19.3,65,19,2,0.58,1,1,0.3,0.0,6.3,8.3,SEC_SWM_KOTA,Rajdhani Express,35.6
107.0,35.4,2.1,75,14,4,0.11,0,0,0.1,0.0,2.0,5.2,SEC_BTE_GGC,Rajdhani Express,19.2
107.7,28.5,1.4,65,20,6,0.63,1,0,0.3,0.0,1.6,2.8,SEC_SWM_KOTA,Superfast Express,17.4
80.1,4.0,0.3,25,19,1,0.54,0,0,0.0,0.0,1.4,5.9,SEC_MTJ_BTE,Mail Express,3.0
101.3,81.1,5.7,65,12,6,0.36,0,0,0.0,0.0,3.1,18.8,SEC_SWM_KOTA,Rajdhani Express,51.4
33.1,39.7,12.6,170,22,3,0.39,2,1,0.0,0.0,1.8,2.9,SEC_KOTA_RATL,Superfast Express,73.9
105.5,141.5,2.8,250,16,2,0.26,1,0,0.0,0.0,2.4,30.3,SEC_BRC_MMCT,Express,78.3
94.1,74.5,25.0,65,13,6,0.15,1,0,0.0,0.0,2.0,13.8,SEC_SWM_KOTA,Mail Express,45.4
70.1,17.6,15.0,42,21,2,0.8,0,0,0.1,0.0,1.5,17.1,SEC_GGC_SWM,Express,17.3
82.0,35.6,30.4,42,14,1,0.29,1,0,0.1,11.3,3.1,21.8,SEC_GGC_SWM,Superfast Express,36.3
108.0,23.8,16.0,75,2,0,0.21,1,0,0.3,0.0,2.5,48.8,SEC_BTE_GGC,Rajdhani Express,13.8
0.0,31.1,16.7,25,3,3,0.44,3,0,0.3,26.3,1.4,3.1,SEC_MTJ_BTE,Superfast Express,61.1
59.2,70.4,17.8,75,23,0,0.32,2,0,0.1,2.9,2.9,15.8,SEC_BTE_GGC,Superfast Express,76.4
104.4,17.9,7.0,65,22,2,0.22,0,0,0.0,0.0,2.7,33.4,SEC_SWM_KOTA,Express,9.7
96.6,27.7,2.3,42,13,3,0.5,1,0,0.3,0.0,1.2,2.7,SEC_GGC_SWM,Mail Express,21.1
90.7,17.6,1.6,25,22,1,0.4,0,0,0.0,0.0,1.5,13.1,SEC_MTJ_BTE,Express,9.4
120.5,118.5,5.7,250,11,1,0.38,0,0,0.6,0.0,6.0,4.8,SEC_BRC_MMCT,Rajdhani Express,54.1
28.6,164.9,6.2,165,11,0,0.81,3,1,0.3,0.0,2.0,7.6,SEC_RATL_BRC,Superfast Express,364.8
76.0,68.3,1.6,95,8,3,0.75,0,0,0.3,0.0,1.7,3.9,SEC_NDLS_MTJ,Rajdhani Express,55.2
87.9,23.8,4.9,75,14,5,0.32,0,0,0.0,0.0,1.8,3.3,SEC_BTE_GGC,Mail Express,19.1
88.2,214.6,2.4,165,14,1,0.41,0,0,0.0,0.0,2.1,7.0,SEC_RATL_BRC,Express,147.0
59.6,26.1,5.4,170,21,2,0.74,1,0,0.0,0.0,1.6,2.6,SEC_KOTA_RATL,Mail Express,27.2
87.1,32.3,11.5,75,5,2,0.43,1,0,0.0,0.0,7.5,20.1,SEC_BTE_GGC,Rajdhani Express,22.1
108.9,148.1,4.4,165,15,2,0.22,0,0,0.6,0.0,3.4,1.9,SEC_RATL_BRC,Rajdhani Express,79.7
57.0,64.9,10.7,75,4,1,0.1,2,0,0.0,0.0,7.5,4.2,SEC_BTE_GGC,Rajdhani Express,61.5
61.1,115.8,20.5,250,6,5,0.15,4,0,0.1,0.0,2.5,7.6,SEC_BRC_MMCT,Express,111.0
89.0,63.3,0.7,75,1,6,0.22,0,0,0.0,0.0,2.7,5.0,SEC_BTE_GGC,Mail Express,43.2
94.5,110.4,5.0,95,22,2,0.41,0,0,0.1,0.0,1.9,4.4,SEC_NDLS_MTJ,Express,71.1
94.7,156.3,13.1,170,0,0,0.43,0,0,0.0,0.0,2.9,5.1,SEC_KOTA_RATL,Express,97.1
114.5,275.4,14.5,250,6,1,0.4,1,0,0.6,0.0,3.6,7.6,SEC_BRC_MMCT,Superfast Express,149.2
69.3,192.7,0.5,170,16,3,0.35,2,0,0.0,0.0,2.7,30.2,SEC_KOTA_RATL,Express,163.2
95.0,43.4,38.5,42,23,6,0.24,0,0,0.0,0.0,1.3,1.8,SEC_GGC_SWM,Mail Express,25.7
92.6,33.8,4.0,95,23,4,0.29,1,0,0.0,0.0,2.0,4.0,SEC_NDLS_MTJ,Mail Express,22.0
54.4,31.5,4.4,65,1,2,0.4,2,0,0.0,0.0,2.1,5.8,SEC_SWM_KOTA,Mail Express,33.4
114.3,172.5,12.6,170,13,4,0.24,1,0,0.0,12.1,1.8,0.4,SEC_KOTA_RATL,Rajdhani Express,102.6
75.8,23.0,1.6,25,13,3,0.15,0,0,0.6,0.0,1.4,2.1,SEC_MTJ_BTE,Mail Express,20.8
38.9,16.6,5.7,42,18,1,0.46,0,1,0.0,0.0,2.3,3.2,SEC_GGC_SWM,Express,28.1
100.7,279.8,8.2,250,9,5,0.64,1,0,0.3,0.0,2.6,0.6,SEC_BRC_MMCT,Express,172.1
40.8,100.7,30.5,95,21,4,0.85,0,0,0.0,0.0,2.3,31.0,SEC_NDLS_MTJ,Superfast Express,151.5
104.6,31.2,25.5,65,8,0,0.69,1,0,0.0,6.1,2.6,11.2,SEC_SWM_KOTA,Mail Express,22.4
114.1,21.3,12.9,42,7,6,0.45,1,0,0.0,0.0,2.9,63.9,SEC_GGC_SWM,Rajdhani Express,8.9
117.2,194.3,3.6,250,12,0,0.16,0,0,0.1,0.0,1.6,17.4,SEC_BRC_MMCT,Superfast Express,100.2
107.2,84.4,8.3,165,2,6,0.14,1,0,0.0,0.0,3.7,1.1,SEC_RATL_BRC,Rajdhani Express,43.0
76.4,74.1,2.7,65,0,4,0.22,4,0,0.0,0.0,1.4,38.3,SEC_SWM_KOTA,Mail Express,58.1
130.0,23.4,15.9,65,15,4,0.13,1,0,0.0,26.1,2.3,8.3,SEC_SWM_KOTA,Rajdhani Express,33.2
90.9,4.0,16.3,42,3,6,0.38,1,0,0.0,0.0,1.5,10.7,SEC_GGC_SWM,Express,3.0
55.2,47.3,3.3,42,17,5,0.78,1,0,0.0,0.0,2.7,11.4,SEC_GGC_SWM,Mail Express,59.6
96.3,46.9,2.7,170,17,5,0.58,0,0,0.6,0.0,3.4,35.5,SEC_KOTA_RATL,Superfast Express,24.8
65.4,60.3,2.6,42,21,3,0.73,2,0,0.3,0.0,4.1,18.6,SEC_GGC_SWM,Rajdhani Express,66.0
88.9,4.4,5.5,25,20,1,0.48,0,0,0.1,0.0,1.8,25.6,SEC_MTJ_BTE,Express,3.0
126.5,305.4,9.5,250,3,1,0.47,1,0,0.1,0.0,4.3,2.6,SEC_BRC_MMCT,Rajdhani Express,147.7
27.2,84.6,2.6,65,21,2,0.47,1,1,0.0,0.0,4.1,22.9,SEC_SWM_KOTA,Superfast Express,195.4
93.8,7.7,9.8,65,5,3,0.37,0,0,0.0,0.0,1.9,68.8,SEC_SWM_KOTA,Mail Express,5.8
38.3,26.1,2.5,42,11,0,0.38,2,0,0.6,0.0,2.8,1.8,SEC_GGC_SWM,Superfast Express,43.6
103.4,48.6,8.2,65,17,5,0.65,1,0,0.0,0.0,1.4,27.5,SEC_SWM_KOTA,Express,30.5
78.9,12.6,2.3,25,4,6,0.48,0,0,0.0,0.0,5.1,24.1,SEC_MTJ_BTE,Rajdhani Express,11.5
87.5,4.0,2.2,25,7,0,0.44,1,0,0.0,0.0,5.5,14.0,SEC_MTJ_BTE,Rajdhani Express,3.4
97.7,53.4,8.9,65,3,6,0.29,1,0,0.0,0.0,1.8,2.1,SEC_SWM_KOTA,Superfast Express,30.8
108.3,113.3,17.7,250,3,4,0.4,0,0,0.1,0.0,2.0,21.4,SEC_BRC_MMCT,Express,60.3
56.1,177.4,13.3,250,15,5,0.15,2,0,0.0,0.0,6.2,1.3,SEC_BRC_MMCT,Rajdhani Express,182.5
107.5,13.7,11.2,65,11,6,0.56,1,0,0.0,0.0,6.0,20.7,SEC_SWM_KOTA,Rajdhani Express,8.1
58.1,16.6,0.5,25,5,3,0.49,2,0,0.1,0.0,1.8,1.8,SEC_MTJ_BTE,Express,20.6
96.3,28.9,0.8,42,23,0,0.34,1,0,0.0,0.0,1.4,14.8,SEC_GGC_SWM,Express,16.7
29.6,8.8,17.7,25,5,1,0.24,0,1,0.6,0.0,4.5,9.8,SEC_MTJ_BTE,Rajdhani Express,17.5
101.0,152.5,8.7,170,16,6,0.41,1,0,0.0,0.0,2.1,22.2,SEC_KOTA_RATL,Superfast Express,88.2
93.6,4.7,3.0,42,20,2,0.42,1,0,0.3,0.0,1.4,3.5,SEC_GGC_SWM,Mail Express,3.2
0.0,110.3,10.6,95,12,6,0.18,1,0,0.0,3.9,2.0,15.0,SEC_NDLS_MTJ,Express,91.0
111.6,197.5,1.9,165,16,6,0.25,1,0,0.0,0.0,4.5,25.2,SEC_RATL_BRC,Rajdhani Express,105.2
108.8,75.6,14.2,165,5,1,0.45,0,0,0.1,0.0,1.8,0.5,SEC_RATL_BRC,Superfast Express,41.3
113.3,202.9,17.6,250,23,1,0.16,0,0,0.1,0.0,5.8,12.4,SEC_BRC_MMCT,Rajdhani Express,103.1
88.5,75.1,4.5,250,12,2,0.34,2,0,0.0,0.0,3.0,5.8,SEC_BRC_MMCT,Mail Express,49.2
38.2,118.6,0.8,170,1,0,0.48,1,1,0.6,0.0,2.8,22.0,SEC_KOTA_RATL,Superfast Express,194.4
40.4,224.7,0.6,250,0,4,0.18,2,0,0.0,0.0,3.0,37.7,SEC_BRC_MMCT,Superfast Express,330.7
44.9,152.6,4.7,170,21,2,0.72,2,0,0.0,0.0,6.7,4.1,SEC_KOTA_RATL,Rajdhani Express,202.7
77.3,141.9,6.8,170,23,6,0.23,2,0,0.0,0.0,2.8,2.2,SEC_KOTA_RATL,Mail Express,112.8
88.7,126.0,2.9,95,14,0,0.17,1,0,0.0,0.0,1.3,1.4,SEC_NDLS_MTJ,Express,85.6
63.5,88.8,4.9,75,19,4,0.83,0,0,0.1,0.0,4.6,2.4,SEC_BTE_GGC,Rajdhani Express,86.0
78.9,26.5,22.5,25,15,3,0.3,0,0,0.1,0.0,2.1,22.5,SEC_MTJ_BTE,Superfast Express,23.8
71.1,50.5,24.2,170,19,6,0.84,0,0,0.0,0.0,5.5,6.2,SEC_KOTA_RATL,Rajdhani Express,37.9
93.0,111.6,19.9,95,7,2,0.33,0,0,0.0,28.7,1.6,2.9,SEC_NDLS_MTJ,Express,101.0
54.1,150.7,1.4,165,1,6,0.41,3,0,0.1,0.0,2.0,1.2,SEC_RATL_BRC,Express,168.2
39.8,11.0,16.8,25,9,5,0.6,1,1,0.1,0.0,3.2,31.6,SEC_MTJ_BTE,Rajdhani Express,28.1
35.0,28.0,6.9,75,12,1,0.28,1,1,0.0,0.0,2.4,15.7,SEC_BTE_GGC,Express,55.1
105.8,88.7,8.5,65,13,0,0.28,0,0,0.0,0.0,2.9,3.0,SEC_SWM_KOTA,Express,49.4
91.2,191.8,11.0,170,15,2,0.36,0,0,0.0,0.0,7.5,35.7,SEC_KOTA_RATL,Rajdhani Express,120.3
105.8,81.7,5.3,65,0,0,0.15,1,0,0.0,0.0,3.0,4.4,SEC_SWM_KOTA,Mail Express,46.1
34.2,51.6,3.1,65,5,5,0.49,0,1,0.1,0.0,1.1,22.0,SEC_SWM_KOTA,Express,96.2
38.3,9.5,1.0,25,16,4,0.5,1,1,0.0,0.0,2.0,9.7,SEC_MTJ_BTE,Superfast Express,16.1
71.7,16.6,1.4,25,3,0,0.38,1,0,0.1,0.0,2.0,7.0,SEC_MTJ_BTE,Express,13.9
46.7,59.8,7.4,65,10,0,0.47,2,0,0.1,0.0,1.6,6.1,SEC_SWM_KOTA,Express,80.7
96.4,62.0,21.6,75,18,6,0.63,1,0,0.3,12.0,1.0,16.8,SEC_BTE_GGC,Superfast Express,56.0
84.0,26.7,8.7,25,1,2,0.18,1,0,0.1,0.0,2.7,5.3,SEC_MTJ_BTE,Superfast Express,17.9
106.8,89.4,6.9,65,22,4,0.15,1,0,0.0,0.0,5.7,2.0,SEC_SWM_KOTA,Rajdhani Express,45.2
99.3,88.7,4.2,65,3,3,0.3,0,0,0.1,0.0,2.4,2.0,SEC_SWM_KOTA,Express,54.2
104.2,109.1,0.7,95,13,0,0.47,0,0,0.6,0.0,1.0,8.7,SEC_NDLS_MTJ,Express,66.0
56.3,221.4,13.6,170,23,0,0.36,2,0,0.0,0.0,2.6,13.1,SEC_KOTA_RATL,Express,239.9
89.6,101.2,0.9,75,3,4,0.32,0,0,0.0,0.0,7.2,3.6,SEC_BTE_GGC,Rajdhani Express,64.0
77.6,93.8,1.8,95,15,0,0.21,3,0,0.0,0.0,6.8,2.6,SEC_NDLS_MTJ,Rajdhani Express,69.2
59.1,326.6,7.0,250,12,4,0.37,2,0,0.1,0.0,2.2,4.7,SEC_BRC_MMCT,Express,334.6
41.6,24.3,5.2,25,5,4,0.31,2,1,0.9,0.0,2.1,0.3,SEC_MTJ_BTE,Express,48.2
105.1,61.0,7.7,42,10,1,0.66,0,0,0.3,0.0,1.5,0.9,SEC_GGC_SWM,Rajdhani Express,42.2
98.9,80.4,1.6,75,20,6,0.5,1,0,0.0,0.0,4.9,2.3,SEC_BTE_GGC,Rajdhani Express,48.3
0.0,23.7,21.1,95,6,5,0.39,1,0,0.3,3.5,2.1,28.5,SEC_NDLS_MTJ,Mail Express,23.9
108.9,29.3,4.0,75,23,6,0.42,0,0,0.0,0.0,4.2,6.2,SEC_BTE_GGC,Superfast Express,16.8
27.3,17.6,2.6,42,0,5,0.39,3,1,0.1,0.0,2.4,2.7,SEC_GGC_SWM,Mail Express,46.0
107.9,19.8,8.0,65,15,4,0.39,0,0,0.0,0.0,3.7,12.6,SEC_SWM_KOTA,Superfast Express,12.0
97.1,45.3,13.1,42,13,1,0.48,0,0,0.0,0.0,3.1,5.2,SEC_GGC_SWM,Rajdhani Express,26.0
81.1,69.2,12.7,165,16,2,0.49,0,0,0.1,7.3,2.9,14.3,SEC_RATL_BRC,Superfast Express,57.0
35.4,168.9,8.4,170,12,4,0.41,2,0,0.0,0.0,1.3,5.4,SEC_KOTA_RATL,Superfast Express,289.1
32.6,23.5,8.7,165,8,1,0.49,0,1,0.1,0.0,1.1,15.5,SEC_RATL_BRC,Express,47.1
76.2,30.5,2.6,25,8,5,0.67,0,0,0.3,0.0,1.9,14.3,SEC_MTJ_BTE,Mail Express,28.8
122.3,208.5,7.1,250,3,3,0.21,0,0,0.1,0.0,4.8,5.8,SEC_BRC_MMCT,Rajdhani Express,100.5
32.6,37.8,31.6,42,22,1,0.37,1,1,0.0,0.0,1.8,12.1,SEC_GGC_SWM,Express,76.7
75.8,60.4,3.8,75,21,1,0.79,2,0,0.1,0.0,7.7,22.2,SEC_BTE_GGC,Rajdhani Express,47.3
95.8,26.5,25.4,75,7,1,0.25,0,0,0.6,0.0,4.5,9.5,SEC_BTE_GGC,Rajdhani Express,15.3
96.7,110.1,2.6,95,21,3,0.6,0,0,0.0,0.0,5.3,13.0,SEC_NDLS_MTJ,Rajdhani Express,65.1
28.3,80.2,0.2,75,8,0,0.7,0,1,0.0,0.0,3.3,34.2,SEC_BTE_GGC,Superfast Express,175.2
94.7,50.6,9.7,95,22,0,0.4,0,0,0.0,0.0,4.7,10.3,SEC_NDLS_MTJ,Superfast Express,30.1
89.9,122.5,2.5,95,3,2,0.19,0,0,0.1,0.0,2.0,14.8,SEC_NDLS_MTJ,Mail Express,79.4
32.4,30.3,5.2,42,4,1,0.39,2,1,0.1,0.0,2.2,4.5,SEC_GGC_SWM,Mail Express,62.8
86.0,20.9,10.2,25,10,3,0.51,0,0,0.0,0.0,1.5,24.8,SEC_MTJ_BTE,Express,17.6
38.7,179.7,0.2,165,14,5,0.36,3,1,0.0,0.0,1.6,5.0,SEC_RATL_BRC,Express,286.7
101.7,22.3,29.2,42,6,3,0.48,0,0,0.0,4.0,2.3,16.7,SEC_GGC_SWM,Superfast Express,16.0
96.3,240.9,6.1,170,21,6,0.42,0,0,0.9,0.0,4.4,7.4,SEC_KOTA_RATL,Superfast Express,156.6
88.0,27.6,0.2,42,15,2,0.39,1,0,0.1,0.0,2.1,27.4,SEC_GGC_SWM,Mail Express,19.7
100.6,144.2,7.7,165,8,0,0.51,0,0,0.0,0.0,1.6,40.2,SEC_RATL_BRC,Rajdhani Express,89.5
95.0,115.1,7.8,165,5,0,0.33,1,0,0.1,0.0,2.8,40.5,SEC_RATL_BRC,Mail Express,71.1
81.2,128.4,3.1,95,16,2,0.17,0,0,0.0,0.0,2.5,2.7,SEC_NDLS_MTJ,Mail Express,93.9
93.4,32.5,3.2,42,3,2,0.16,0,0,0.0,0.0,2.1,69.3,SEC_GGC_SWM,Mail Express,18.5
91.6,29.9,6.3,75,8,1,0.36,0,0,0.0,0.0,2.4,19.1,SEC_BTE_GGC,Express,15.8
93.7,86.5,16.5,165,15,6,0.3,1,0,0.1,0.0,6.8,25.9,SEC_RATL_BRC,Rajdhani Express,52.2
0.0,24.9,10.2,25,11,2,0.79,0,0,0.0,1.5,3.0,8.9,SEC_MTJ_BTE,Mail Express,26.6
83.5,41.0,1.3,42,6,5,0.32,0,0,0.1,0.0,2.2,21.0,SEC_GGC_SWM,Mail Express,29.8
53.6,76.2,7.2,65,12,2,0.24,2,0,0.0,0.0,1.3,24.6,SEC_SWM_KOTA,Mail Express,87.4
100.6,79.3,1.9,75,7,3,0.29,1,0,0.9,0.0,2.7,8.2,SEC_BTE_GGC,Mail Express,47.9
91.0,58.3,2.8,75,7,5,0.36,0,0,0.1,0.0,1.9,20.2,SEC_BTE_GGC,Rajdhani Express,39.1
107.6,344.0,0.9,250,7,4,0.3,0,0,0.0,0.0,2.5,4.7,SEC_BRC_MMCT,Mail Express,193.6
69.0,55.5,3.7,75,8,5,0.77,1,0,0.3,0.0,7.1,2.3,SEC_BTE_GGC,Rajdhani Express,46.9
97.0,78.5,1.0,170,22,0,0.42,0,0,0.1,0.0,2.8,1.2,SEC_KOTA_RATL,Express,46.4
38.0,9.8,11.0,65,23,3,0.42,0,1,0.0,0.0,2.8,18.6,SEC_SWM_KOTA,Express,14.7
48.4,32.5,3.4,95,18,0,0.75,0,1,0.0,0.0,3.2,10.0,SEC_NDLS_MTJ,Rajdhani Express,47.7
84.2,55.6,7.3,42,8,6,0.43,0,0,0.0,0.0,1.2,43.2,SEC_GGC_SWM,Express,41.5
92.1,50.0,4.8,42,20,3,0.38,1,0,0.0,0.0,5.0,0.4,SEC_GGC_SWM,Superfast Express,29.8
75.0,69.9,1.9,95,0,2,0.39,3,0,0.0,0.0,4.2,3.1,SEC_NDLS_MTJ,Superfast Express,54.1
87.7,81.0,5.9,165,0,3,0.2,0,0,0.0,0.0,1.5,20.6,SEC_RATL_BRC,Express,52.1
42.0,36.0,12.1,42,3,5,0.28,0,1,0.0,0.0,1.1,4.0,SEC_GGC_SWM,Superfast Express,57.1
31.7,15.4,10.3,65,8,5,0.53,0,1,0.0,0.0,1.0,1.9,SEC_SWM_KOTA,Mail Express,34.9
99.7,62.3,23.1,65,20,3,0.4,0,0,0.0,0.0,1.5,40.2,SEC_SWM_KOTA,Superfast Express,39.6
89.2,50.1,16.0,170,12,3,0.25,1,0,0.1,0.0,2.7,6.9,SEC_KOTA_RATL,Rajdhani Express,29.8
46.6,23.5,32.2,42,10,0,0.69,1,1,0.1,0.0,5.0,2.3,SEC_GGC_SWM,Superfast Express,36.4
90.5,104.3,7.6,170,15,6,0.11,1,0,0.0,0.0,1.2,40.4,SEC_KOTA_RATL,Express,66.7
90.7,39.7,10.0,42,15,1,0.11,1,0,0.1,0.0,2.3,0.3,SEC_GGC_SWM,Express,20.4
109.3,161.4,3.8,165,22,0,0.15,1,0,0.0,0.0,3.3,0.3,SEC_RATL_BRC,Rajdhani Express,86.0
72.2,19.6,0.8,25,7,3,0.45,2,0,0.1,0.0,1.4,15.6,SEC_MTJ_BTE,Superfast Express,17.8
107.3,67.9,9.2,95,14,3,0.34,0,0,0.1,0.0,4.8,4.4,SEC_NDLS_MTJ,Superfast Express,33.4
56.7,16.5,0.1,25,21,4,0.84,2,0,0.0,0.0,4.8,0.9,SEC_MTJ_BTE,Rajdhani Express,22.5
24.3,100.4,2.4,250,7,5,0.39,0,1,0.3,0.0,2.2,13.8,SEC_BRC_MMCT,Superfast Express,245.9
100.1,18.8,2.3,42,11,0,0.53,1,0,0.0,0.0,4.4,5.0,SEC_GGC_SWM,Superfast Express,12.5
67.7,93.7,5.0,95,0,4,0.15,3,0,0.6,0.0,1.7,7.5,SEC_NDLS_MTJ,Express,84.9
45.0,15.9,6.2,165,8,5,0.84,0,1,0.1,0.0,3.9,5.2,SEC_RATL_BRC,Rajdhani Express,26.2
115.2,333.6,2.9,250,2,2,0.47,1,0,0.0,0.0,2.9,8.4,SEC_BRC_MMCT,Superfast Express,174.5
56.4,26.2,8.5,42,2,6,0.42,3,0,0.0,0.0,3.7,3.9,SEC_GGC_SWM,Rajdhani Express,25.9
105.0,62.2,3.8,65,1,3,0.43,0,0,0.6,0.0,2.1,3.8,SEC_SWM_KOTA,Superfast Express,38.3
85.8,64.7,12.9,65,21,6,0.53,3,0,0.1,0.0,4.2,50.0,SEC_SWM_KOTA,Superfast Express,47.6
95.7,118.8,29.2,95,6,6,0.42,1,0,0.0,0.0,2.8,64.7,SEC_NDLS_MTJ,Mail Express,77.0
98.1,130.1,26.2,165,3,0,0.33,0,0,0.6,2.7,1.7,2.5,SEC_RATL_BRC,Express,83.9
88.0,49.2,4.7,42,0,3,0.23,1,0,0.1,0.0,2.6,19.7,SEC_GGC_SWM,Express,33.4
99.1,164.3,5.0,170,14,4,0.41,0,0,0.0,0.0,1.2,32.3,SEC_KOTA_RATL,Express,100.4
54.2,55.3,12.0,75,23,0,0.32,3,0,0.3,18.6,4.7,20.8,SEC_BTE_GGC,Rajdhani Express,77.7
91.4,27.5,0.9,95,6,1,0.43,1,0,0.0,0.0,1.7,8.0,SEC_NDLS_MTJ,Express,19.3
104.0,48.3,15.9,75,23,0,0.22,0,0,0.0,0.0,4.3,2.5,SEC_BTE_GGC,Superfast Express,26.0
91.1,61.7,0.6,75,6,1,0.12,0,0,0.0,0.0,3.4,44.3,SEC_BTE_GGC,Superfast Express,38.6
101.7,53.5,1.7,75,14,0,0.14,0,0,0.0,0.0,1.8,18.2,SEC_BTE_GGC,Express,28.8
48.5,137.0,5.7,250,19,1,0.73,1,1,0.0,0.0,3.2,0.0,SEC_BRC_MMCT,Superfast Express,173.4
94.0,61.4,17.3,95,23,5,0.24,1,0,0.3,0.0,7.4,10.2,SEC_NDLS_MTJ,Rajdhani Express,38.3
93.9,19.6,8.3,42,20,6,0.45,1,0,0.0,0.0,2.0,0.1,SEC_GGC_SWM,Express,13.5
110.6,41.9,13.0,65,4,5,0.12,1,0,0.0,0.0,2.1,6.1,SEC_SWM_KOTA,Mail Express,19.0
97.5,29.8,27.8,25,15,3,0.31,1,0,0.1,0.0,3.9,23.2,SEC_MTJ_BTE,Superfast Express,21.2
0.0,93.8,29.7,95,11,0,0.75,3,0,0.1,38.8,4.9,1.6,SEC_NDLS_MTJ,Superfast Express,118.1
107.4,71.7,11.1,75,3,0,0.4,0,0,0.0,29.8,2.5,7.0,SEC_BTE_GGC,Mail Express,67.9
70.2,61.0,15.7,75,2,1,0.31,4,0,0.0,0.0,3.6,3.1,SEC_BTE_GGC,Superfast Express,53.4
35.7,228.6,22.0,165,13,1,0.41,1,1,0.0,11.9,1.6,17.2,SEC_RATL_BRC,Rajdhani Express,406.7
34.6,77.5,5.6,75,22,4,0.32,2,1,0.0,0.0,1.7,9.2,SEC_BTE_GGC,Express,139.8
92.5,67.2,5.7,170,5,6,0.12,1,0,0.0,0.0,2.6,15.4,SEC_KOTA_RATL,Mail Express,40.8
94.4,33.0,13.4,42,13,1,0.15,0,0,0.1,0.0,2.6,13.6,SEC_GGC_SWM,Mail Express,19.2
42.5,79.7,12.2,250,10,2,0.71,0,0,0.3,3.1,2.7,6.5,SEC_BRC_MMCT,Express,112.9
59.4,25.1,17.0,42,6,3,0.27,3,0,0.1,0.0,5.2,44.2,SEC_GGC_SWM,Rajdhani Express,25.4
30.0,37.1,3.3,65,17,3,0.48,0,1,0.6,0.0,2.2,21.9,SEC_SWM_KOTA,Mail Express,83.8
38.9,14.1,5.8,25,22,1,0.4,0,1,0.0,0.0,6.2,20.9,SEC_MTJ_BTE,Rajdhani Express,25.2
100.1,34.3,8.2,95,23,5,0.4,1,0,0.6,0.0,3.8,7.6,SEC_NDLS_MTJ,Superfast Express,18.4
70.3,18.9,20.0,25,12,5,0.48,2,0,0.0,0.0,1.0,2.6,SEC_MTJ_BTE,Mail Express,22.7
88.1,61.5,0.9,75,16,1,0.12,0,0,0.3,0.0,3.8,8.6,SEC_BTE_GGC,Rajdhani Express,42.3
105.8,31.1,6.5,42,7,0,0.16,0,0,0.6,0.0,3.9,0.8,SEC_GGC_SWM,Superfast Express,18.2
99.0,4.6,7.4,25,17,4,0.69,1,0,0.6,0.0,1.6,0.3,SEC_MTJ_BTE,Superfast Express,6.7
80.1,17.5,7.5,25,16,4,0.36,0,0,0.0,0.0,1.6,8.4,SEC_MTJ_BTE,Express,13.7
81.3,11.3,2.4,25,8,2,0.63,0,0,0.0,0.0,2.2,29.0,SEC_MTJ_BTE,Express,9.4
93.3,107.2,3.2,75,1,3,0.41,0,0,0.0,0.0,2.1,7.2,SEC_BTE_GGC,Superfast Express,69.6
52.9,244.8,2.3,250,4,6,0.14,2,0,0.0,0.0,2.5,3.1,SEC_BRC_MMCT,Superfast Express,272.6
81.4,6.9,5.1,42,16,1,0.36,0,0,0.0,0.0,3.8,39.6,SEC_GGC_SWM,Rajdhani Express,6.6
117.0,276.0,2.4,250,13,5,0.26,0,0,0.1,0.0,7.5,18.8,SEC_BRC_MMCT,Rajdhani Express,136.4
81.6,12.5,5.9,25,14,1,0.14,1,0,0.0,0.0,1.8,7.5,SEC_MTJ_BTE,Express,7.3
95.8,28.8,5.8,65,0,0,0.42,0,0,0.0,0.0,1.2,7.3,SEC_SWM_KOTA,Express,21.0
91.4,88.4,22.8,95,21,5,0.6,1,0,0.0,0.0,3.8,14.2,SEC_NDLS_MTJ,Rajdhani Express,62.8
94.4,84.0,5.3,95,2,2,0.16,1,0,0.1,0.0,7.0,3.1,SEC_NDLS_MTJ,Rajdhani Express,46.9
119.0,42.3,0.0,75,2,5,0.14,1,0,0.3,0.0,7.3,46.9,SEC_BTE_GGC,Rajdhani Express,19.5
93.4,33.7,19.7,42,3,3,0.22,1,0,0.0,1.3,2.8,8.6,SEC_GGC_SWM,Mail Express,21.5
39.2,26.0,14.8,170,20,5,0.79,0,0,0.6,0.0,2.4,4.2,SEC_KOTA_RATL,Rajdhani Express,36.6
49.4,54.2,3.0,95,11,2,0.43,2,0,0.0,0.0,3.8,10.7,SEC_NDLS_MTJ,Superfast Express,65.3
29.2,76.0,11.6,165,16,5,0.21,1,1,0.0,0.0,7.7,4.6,SEC_RATL_BRC,Rajdhani Express,151.9
41.1,48.6,3.9,65,8,1,0.8,3,0,0.1,0.0,2.3,8.9,SEC_SWM_KOTA,Express,75.0
25.6,15.9,5.1,25,19,5,0.77,2,1,0.1,0.0,4.3,3.0,SEC_MTJ_BTE,Superfast Express,45.4
38.2,185.0,19.5,250,15,4,0.25,1,1,0.6,0.0,1.9,6.7,SEC_BRC_MMCT,Express,297.1
26.7,9.1,11.2,25,5,6,0.33,1,1,0.0,5.4,1.9,11.7,SEC_MTJ_BTE,Superfast Express,26.6
98.0,70.9,15.9,65,10,3,0.7,1,0,0.3,3.4,5.3,0.5,SEC_SWM_KOTA,Rajdhani Express,48.3
107.2,253.3,2.3,250,16,3,0.17,0,0,0.1,0.0,4.3,22.9,SEC_BRC_MMCT,Rajdhani Express,140.5
52.3,159.6,4.7,250,1,4,0.19,2,0,0.0,0.0,6.3,10.4,SEC_BRC_MMCT,Rajdhani Express,179.0
65.0,43.1,23.4,95,21,2,0.77,0,0,0.0,0.0,3.6,27.1,SEC_NDLS_MTJ,Rajdhani Express,39.9
92.0,22.8,11.5,42,11,5,0.5,0,0,0.0,0.0,2.3,6.4,SEC_GGC_SWM,Mail Express,11.0
74.1,176.7,1.1,170,11,5,0.59,2,0,0.0,0.0,4.9,0.9,SEC_KOTA_RATL,Rajdhani Express,145.4
45.3,41.6,1.3,65,12,3,0.28,2,1,0.0,0.0,1.4,35.4,SEC_SWM_KOTA,Superfast Express,63.1
88.9,29.2,1.2,25,13,1,0.18,1,0,0.0,0.0,2.5,5.9,SEC_MTJ_BTE,Superfast Express,25.0
83.5,67.0,2.1,65,10,2,0.73,0,0,0.3,0.0,1.6,8.3,SEC_SWM_KOTA,Superfast Express,50.0
59.8,71.1,3.0,95,9,6,0.73,0,0,0.1,0.0,3.0,31.3,SEC_NDLS_MTJ,Express,71.3
95.4,73.1,4.3,75,23,0,0.1,1,0,0.1,0.0,3.0,5.5,SEC_BTE_GGC,Mail Express,45.3
96.2,83.9,0.6,95,1,3,0.24,0,0,0.1,0.0,2.6,50.9,SEC_NDLS_MTJ,Mail Express,51.8
104.1,34.1,21.8,42,13,4,0.44,0,0,0.0,0.0,4.6,11.3,SEC_GGC_SWM,Superfast Express,19.8
73.8,157.1,9.0,250,0,6,0.37,2,0,0.0,0.0,1.3,15.6,SEC_BRC_MMCT,Express,129.7
0.0,90.5,22.7,75,2,0,0.47,3,0,0.0,2.6,4.1,10.2,SEC_BTE_GGC,Superfast Express,75.2
121.7,67.1,2.2,65,3,6,0.25,0,0,0.6,0.0,2.0,19.5,SEC_SWM_KOTA,Rajdhani Express,38.5
60.2,53.5,1.6,165,16,0,0.27,4,0,0.0,0.0,1.6,23.2,SEC_RATL_BRC,Express,55.4
89.2,115.0,15.5,95,20,5,0.35,0,0,0.0,0.0,2.0,41.1,SEC_NDLS_MTJ,Express,77.7
107.6,24.5,16.2,65,17,3,0.6,1,0,0.3,0.0,2.1,31.8,SEC_SWM_KOTA,Superfast Express,16.7
31.1,20.3,15.9,250,16,1,0.15,2,1,0.0,0.0,2.3,11.3,SEC_BRC_MMCT,Superfast Express,46.7
97.1,216.5,6.6,165,16,5,0.36,0,0,0.6,0.0,1.6,42.4,SEC_RATL_BRC,Superfast Express,139.1
22.8,6.4,2.4,25,8,1,0.45,2,1,0.0,0.0,2.8,62.9,SEC_MTJ_BTE,Mail Express,14.1
95.8,62.3,12.5,75,4,5,0.13,0,0,0.0,0.0,4.6,21.3,SEC_BTE_GGC,Rajdhani Express,33.9
28.5,175.9,15.8,165,23,1,0.17,2,1,0.0,0.0,1.3,4.2,SEC_RATL_BRC,Express,380.5
93.3,29.2,19.3,65,9,1,0.39,0,0,0.3,0.0,2.2,7.9,SEC_SWM_KOTA,Mail Express,19.0
96.3,101.9,3.5,95,13,6,0.34,1,0,0.1,0.0,4.2,10.8,SEC_NDLS_MTJ,Superfast Express,62.7
96.3,59.0,4.6,75,23,5,0.19,0,0,0.1,0.0,1.6,9.7,SEC_BTE_GGC,Express,34.7
61.0,199.9,13.3,165,3,2,0.24,2,0,0.0,0.0,4.6,3.7,SEC_RATL_BRC,Superfast Express,196.9
122.2,96.3,1.0,65,14,6,0.33,1,0,0.1,0.0,2.6,8.2,SEC_SWM_KOTA,Rajdhani Express,47.2
44.2,49.5,7.4,95,9,5,0.84,0,0,0.0,0.0,2.0,14.4,SEC_NDLS_MTJ,Mail Express,67.5
78.2,87.6,4.4,165,11,6,0.82,1,0,0.0,0.0,3.6,4.4,SEC_RATL_BRC,Superfast Express,66.2
39.4,157.4,15.9,170,1,1,0.34,3,0,0.0,0.0,2.6,13.1,SEC_KOTA_RATL,Express,240.9
58.1,70.3,0.1,165,23,5,0.21,2,0,0.0,0.0,4.3,4.6,SEC_RATL_BRC,Superfast Express,69.1
88.4,178.0,5.1,170,17,5,0.41,0,0,0.3,0.0,2.7,45.5,SEC_KOTA_RATL,Express,123.9
75.3,106.4,4.4,75,6,6,0.28,2,0,0.3,0.0,1.5,22.2,SEC_BTE_GGC,Express,90.9
31.3,85.5,11.7,95,15,3,0.2,1,1,0.0,0.0,3.6,13.0,SEC_NDLS_MTJ,Rajdhani Express,167.0
107.5,88.1,3.0,65,8,6,0.64,0,0,0.0,0.0,1.3,22.5,SEC_SWM_KOTA,Mail Express,48.5
99.4,64.6,2.5,65,7,5,0.25,0,0,0.1,0.0,5.8,9.5,SEC_SWM_KOTA,Rajdhani Express,33.9
29.4,24.6,6.8,25,7,4,0.26,0,1,0.0,0.0,2.5,5.7,SEC_MTJ_BTE,Express,56.8
103.6,45.0,15.1,75,10,5,0.48,0,0,0.0,0.0,2.6,8.8,SEC_BTE_GGC,Express,21.4
45.1,108.3,4.1,75,19,6,0.36,2,0,0.0,0.0,2.7,4.1,SEC_BTE_GGC,Mail Express,147.1
42.8,26.5,12.5,95,1,2,0.21,0,1,0.0,0.0,1.0,5.8,SEC_NDLS_MTJ,Express,43.9
82.3,99.8,5.9,95,7,1,0.17,0,0,0.0,0.0,1.5,4.1,SEC_NDLS_MTJ,Express,74.9
91.0,26.3,2.7,42,11,1,0.38,0,0,0.0,0.0,2.3,11.1,SEC_GGC_SWM,Superfast Express,16.5
103.8,76.0,13.8,65,22,0,0.43,0,0,0.3,0.0,2.4,7.9,SEC_SWM_KOTA,Express,43.1
37.2,69.7,18.5,165,4,6,0.17,0,1,0.0,0.0,2.5,19.4,SEC_RATL_BRC,Superfast Express,117.1
91.3,15.5,6.0,25,3,5,0.26,1,0,0.0,0.0,4.6,13.4,SEC_MTJ_BTE,Rajdhani Express,9.3
104.7,325.9,22.9,250,23,6,0.44,0,0,0.0,0.0,1.7,23.0,SEC_BRC_MMCT,Mail Express,190.2
45.0,28.6,16.6,25,19,1,0.7,1,1,0.9,0.0,2.9,12.4,SEC_MTJ_BTE,Rajdhani Express,54.0
58.1,28.3,0.5,42,20,5,0.63,2,0,0.0,0.0,7.7,3.1,SEC_GGC_SWM,Rajdhani Express,31.5
97.5,9.7,12.4,42,6,1,0.12,0,0,0.0,8.4,2.9,0.1,SEC_GGC_SWM,Mail Express,13.7
63.0,124.8,7.4,165,7,0,0.26,3,0,0.1,0.0,1.3,9.0,SEC_RATL_BRC,Express,123.9
102.1,121.7,4.3,165,23,0,0.45,1,0,0.0,0.0,4.6,3.9,SEC_RATL_BRC,Rajdhani Express,67.1
0.0,12.8,12.7,25,10,3,0.46,3,0,0.0,18.2,2.0,7.5,SEC_MTJ_BTE,Mail Express,31.7
58.6,22.3,7.7,25,16,6,0.24,2,0,0.0,0.0,1.6,5.8,SEC_MTJ_BTE,Mail Express,25.7
96.7,114.7,7.8,165,0,1,0.16,1,0,0.0,0.0,5.3,12.1,SEC_RATL_BRC,Rajdhani Express,67.9
95.3,43.3,0.9,42,0,4,0.48,0,0,0.0,0.0,1.7,6.3,SEC_GGC_SWM,Rajdhani Express,25.6
46.2,12.3,23.2,25,13,0,0.16,2,0,0.6,29.8,1.6,0.0,SEC_MTJ_BTE,Express,47.6
100.1,41.1,6.1,75,7,5,0.17,1,0,0.0,0.0,5.8,1.0,SEC_BTE_GGC,Rajdhani Express,21.6
94.5,9.9,3.8,165,15,5,0.23,1,0,0.0,0.0,1.2,7.8,SEC_RATL_BRC,Express,4.7
104.2,83.4,4.3,250,23,2,0.49,1,0,0.3,0.0,2.1,3.2,SEC_BRC_MMCT,Express,48.3
88.0,26.3,6.1,25,0,4,0.43,0,0,0.0,0.0,3.0,3.2,SEC_MTJ_BTE,Mail Express,20.7
93.8,59.7,1.1,42,11,4,0.56,0,0,0.0,0.0,2.8,13.4,SEC_GGC_SWM,Mail Express,45.6
91.0,52.6,10.2,170,1,0,0.25,0,0,0.0,0.0,4.6,8.6,SEC_KOTA_RATL,Superfast Express,33.8
39.6,101.2,1.9,65,3,6,0.39,3,1,0.0,0.0,2.3,6.9,SEC_SWM_KOTA,Rajdhani Express,164.5
49.7,54.5,9.6,65,17,2,0.83,3,1,0.0,0.0,7.4,8.5,SEC_SWM_KOTA,Rajdhani Express,70.6
101.7,44.2,2.3,42,12,4,0.23,0,0,0.0,0.0,4.7,11.0,SEC_GGC_SWM,Superfast Express,23.5
103.6,46.8,1.9,250,0,4,0.47,0,0,0.3,0.0,2.2,12.0,SEC_BRC_MMCT,Express,25.8
15.0,67.5,68.9,75,6,1,0.32,3,1,0.0,0.0,1.1,19.8,SEC_BTE_GGC,Mail Express,62.3
99.6,42.9,5.3,75,19,4,0.53,0,0,0.3,0.0,1.6,5.5,SEC_BTE_GGC,Superfast Express,24.3
94.1,100.9,2.6,75,7,3,0.49,0,0,0.0,0.0,6.2,6.3,SEC_BTE_GGC,Rajdhani Express,58.9
109.0,52.6,2.3,65,10,3,0.48,0,0,0.0,0.0,2.9,2.4,SEC_SWM_KOTA,Express,24.1
31.4,24.2,5.9,25,8,0,0.71,1,1,0.0,0.0,3.6,17.1,SEC_MTJ_BTE,Rajdhani Express,54.6
96.4,59.5,4.4,65,16,4,0.13,1,0,0.0,0.0,3.7,3.1,SEC_SWM_KOTA,Superfast Express,34.3
114.4,203.3,7.3,165,11,5,0.37,0,0,0.1,0.0,5.2,0.0,SEC_RATL_BRC,Rajdhani Express,104.6
98.7,130.0,5.0,95,7,3,0.24,0,0,0.0,0.0,1.2,1.5,SEC_NDLS_MTJ,Express,78.6
72.1,157.6,4.9,165,13,6,0.36,2,0,0.1,0.0,1.8,4.6,SEC_RATL_BRC,Mail Express,133.5
104.6,62.9,2.3,95,3,5,0.45,1,0,0.3,0.0,6.6,18.7,SEC_NDLS_MTJ,Rajdhani Express,35.4
83.1,50.2,1.6,75,0,0,0.38,1,0,0.0,0.0,2.0,17.6,SEC_BTE_GGC,Mail Express,35.5
28.6,21.2,25.4,42,16,1,0.31,2,1,0.3,0.0,2.1,16.8,SEC_GGC_SWM,Rajdhani Express,50.0
88.1,117.0,5.7,170,12,4,0.3,1,0,0.3,0.0,1.8,3.8,SEC_KOTA_RATL,Mail Express,79.9
42.2,18.2,5.0,25,12,1,0.12,3,1,0.0,0.0,4.4,15.2,SEC_MTJ_BTE,Rajdhani Express,27.0
130.0,158.2,1.2,250,10,5,0.38,1,0,0.1,0.0,6.6,16.9,SEC_BRC_MMCT,Rajdhani Express,69.2
101.1,31.4,27.8,42,5,6,0.24,0,0,0.0,0.0,5.4,11.6,SEC_GGC_SWM,Rajdhani Express,18.8
73.0,30.6,4.6,42,10,2,0.71,0,0,0.0,0.0,1.9,2.7,SEC_GGC_SWM,Express,27.4
92.8,44.4,18.8,95,16,4,0.38,0,0,0.3,0.0,2.1,25.5,SEC_NDLS_MTJ,Mail Express,27.3
50.5,22.8,1.4,75,18,0,0.55,0,1,0.0,0.0,2.4,13.8,SEC_BTE_GGC,Mail Express,32.9
99.7,348.9,1.3,250,13,6,0.49,1,0,0.0,0.0,2.7,2.3,SEC_BRC_MMCT,Mail Express,214.0
99.7,108.3,5.4,75,16,6,0.19,1,0,0.3,0.0,1.1,2.1,SEC_BTE_GGC,Superfast Express,67.6
49.5,60.9,0.2,65,23,0,0.12,4,0,0.0,0.0,1.2,1.6,SEC_SWM_KOTA,Express,72.0
92.0,24.1,21.8,25,9,4,0.42,0,0,0.0,0.0,3.0,19.5,SEC_MTJ_BTE,Superfast Express,16.4
37.2,127.7,4.3,95,6,2,0.2,1,1,0.1,0.0,2.1,19.1,SEC_NDLS_MTJ,Mail Express,208.0
113.5,77.8,0.1,65,15,6,0.2,1,0,0.0,0.0,4.5,6.8,SEC_SWM_KOTA,Superfast Express,36.8
0.0,87.9,14.9,75,1,1,0.4,1,1,0.3,14.4,2.1,9.2,SEC_BTE_GGC,Mail Express,92.7
34.2,20.7,8.1,42,19,5,0.7,0,1,0.0,0.0,1.6,28.0,SEC_GGC_SWM,Express,38.9
86.4,20.3,22.3,25,3,5,0.35,0,0,0.1,0.0,1.7,0.3,SEC_MTJ_BTE,Rajdhani Express,15.4
91.8,134.2,39.7,170,22,5,0.34,1,0,0.6,0.0,1.5,4.6,SEC_KOTA_RATL,Mail Express,88.6
103.5,84.4,1.4,95,16,2,0.16,0,0,0.0,0.0,2.9,14.0,SEC_NDLS_MTJ,Rajdhani Express,50.5
91.7,7.9,9.1,25,9,4,0.55,1,0,0.0,0.0,2.5,34.7,SEC_MTJ_BTE,Express,6.1
80.1,41.3,2.7,75,22,3,0.17,3,0,0.0,0.0,7.5,7.1,SEC_BTE_GGC,Rajdhani Express,33.6
95.0,51.3,0.2,65,12,6,0.27,0,0,0.6,0.0,3.4,0.2,SEC_SWM_KOTA,Superfast Express,34.6
50.9,199.2,3.8,165,21,2,0.71,0,0,0.3,0.0,2.4,7.4,SEC_RATL_BRC,Mail Express,239.2
110.6,276.1,11.0,250,16,2,0.41,0,0,0.0,0.0,4.1,18.8,SEC_BRC_MMCT,Rajdhani Express,147.4
39.8,57.9,20.2,75,18,3,0.53,1,1,0.0,0.0,1.1,15.0,SEC_BTE_GGC,Express,95.6
28.1,53.1,9.9,42,10,4,0.38,1,1,0.0,0.0,1.3,4.7,SEC_GGC_SWM,Superfast Express,122.8
34.9,15.8,22.8,25,0,6,0.24,4,1,0.6,19.5,1.1,54.8,SEC_MTJ_BTE,Express,56.1
76.2,50.0,13.7,65,5,1,0.24,3,0,0.1,4.5,2.3,11.6,SEC_SWM_KOTA,Superfast Express,46.2
88.3,9.2,2.4,25,7,2,0.27,0,0,0.1,0.0,2.0,20.8,SEC_MTJ_BTE,Superfast Express,10.8
90.4,100.0,31.1,75,12,4,0.31,1,0,0.0,48.4,1.1,10.4,SEC_BTE_GGC,Mail Express,116.0
21.5,68.6,2.9,95,19,5,0.72,0,1,0.6,0.0,2.7,12.1,SEC_NDLS_MTJ,Mail Express,173.1
85.2,95.5,0.8,95,4,3,0.15,1,0,0.0,0.0,1.0,8.5,SEC_NDLS_MTJ,Mail Express,68.9
27.6,4.0,3.2,25,13,0,0.1,2,1,0.0,0.0,1.1,0.7,SEC_MTJ_BTE,Mail Express,9.2
27.0,74.9,31.0,250,23,1,0.38,1,1,0.6,0.0,2.3,2.8,SEC_BRC_MMCT,Superfast Express,174.5
50.6,82.9,0.1,65,16,4,0.4,2,1,0.1,0.0,1.9,8.8,SEC_SWM_KOTA,Superfast Express,108.9
66.6,41.8,26.4,42,21,5,0.38,2,0,0.3,0.0,2.6,8.0,SEC_GGC_SWM,Express,42.0
97.2,145.0,4.9,170,16,1,0.33,1,0,0.0,0.0,3.8,10.8,SEC_KOTA_RATL,Superfast Express,89.5
40.2,107.0,0.9,95,0,2,0.35,2,1,0.3,0.0,2.4,1.2,SEC_NDLS_MTJ,Express,169.3
42.2,87.2,14.9,165,4,5,0.17,2,0,0.6,22.4,4.6,26.2,SEC_RATL_BRC,Rajdhani Express,144.7
87.1,161.4,4.1,165,0,4,0.21,1,0,0.1,0.0,2.4,9.4,SEC_RATL_BRC,Express,112.0
76.8,38.3,12.5,75,18,6,0.78,0,0,0.3,0.0,3.0,3.1,SEC_BTE_GGC,Mail Express,29.7
112.0,101.2,3.2,170,13,5,0.24,0,0,0.0,0.0,2.7,70.4,SEC_KOTA_RATL,Superfast Express,51.8
118.5,43.6,15.8,65,17,3,0.45,0,0,0.1,0.0,1.8,1.3,SEC_SWM_KOTA,Rajdhani Express,21.5
27.7,204.6,9.5,165,13,5,0.44,1,1,0.0,0.0,2.3,19.0,SEC_RATL_BRC,Express,448.4
49.8,7.4,30.4,25,0,4,0.37,3,0,0.0,0.0,3.9,4.4,SEC_MTJ_BTE,Superfast Express,9.4
36.4,73.7,4.3,250,3,5,0.15,0,1,0.0,0.0,2.5,7.8,SEC_BRC_MMCT,Mail Express,124.2
100.5,73.0,0.6,75,16,2,0.42,0,0,0.1,0.0,4.6,14.6,SEC_BTE_GGC,Superfast Express,40.1
65.8,224.9,2.0,170,8,6,0.68,2,0,0.0,0.0,5.8,12.1,SEC_KOTA_RATL,Rajdhani Express,214.1
81.2,27.6,4.1,42,12,4,0.32,3,0,0.0,0.0,2.7,0.1,SEC_GGC_SWM,Express,21.8
41.5,86.6,7.9,75,18,6,0.62,2,1,0.0,0.0,4.8,9.9,SEC_BTE_GGC,Superfast Express,134.1
104.8,92.9,3.0,65,20,0,0.69,0,0,0.1,0.0,2.6,8.1,SEC_SWM_KOTA,Express,54.6
108.6,101.6,3.1,95,15,6,0.32,1,0,0.3,0.0,4.4,11.0,SEC_NDLS_MTJ,Superfast Express,54.0
50.6,51.7,3.3,42,0,5,0.13,2,0,0.0,0.0,3.2,10.0,SEC_GGC_SWM,Rajdhani Express,59.8
103.0,136.5,10.3,165,12,0,0.14,0,0,0.3,26.9,2.6,8.1,SEC_RATL_BRC,Mail Express,106.8
42.2,31.4,9.8,95,12,4,0.14,3,0,0.9,0.0,7.3,22.7,SEC_NDLS_MTJ,Rajdhani Express,40.2
103.8,17.9,9.6,42,2,5,0.36,1,0,0.0,0.0,5.9,45.5,SEC_GGC_SWM,Rajdhani Express,10.5
77.3,14.3,0.3,42,0,0,0.45,3,0,0.3,0.0,1.0,13.3,SEC_GGC_SWM,Express,16.2
42.3,17.0,2.0,25,16,0,0.45,2,0,0.0,0.0,1.9,11.4,SEC_MTJ_BTE,Mail Express,25.6
68.5,74.9,4.4,65,9,5,0.8,1,0,0.0,0.0,6.4,21.4,SEC_SWM_KOTA,Rajdhani Express,65.0
82.5,26.3,5.5,25,1,3,0.17,1,0,0.0,0.0,1.7,3.4,SEC_MTJ_BTE,Express,16.6
41.5,153.1,0.0,165,20,4,0.7,1,1,0.3,0.0,4.9,21.1,SEC_RATL_BRC,Superfast Express,227.2
61.0,12.6,7.2,42,20,3,0.37,4,0,0.0,0.0,2.4,17.5,SEC_GGC_SWM,Mail Express,13.9
81.1,83.3,0.3,75,23,2,0.3,2,0,0.0,0.0,4.4,2.6,SEC_BTE_GGC,Rajdhani Express,62.2
73.2,10.1,3.7,42,8,0,0.82,1,0,0.1,0.0,2.3,9.1,SEC_GGC_SWM,Express,9.7
39.0,154.2,0.5,250,14,4,0.18,0,1,0.0,0.0,1.9,23.0,SEC_BRC_MMCT,Mail Express,242.3
0.0,47.0,19.2,65,5,0,0.37,0,1,0.0,3.7,2.7,4.1,SEC_SWM_KOTA,Mail Express,40.9
52.5,80.3,7.4,250,23,3,0.35,3,0,0.0,0.0,3.1,6.8,SEC_BRC_MMCT,Superfast Express,92.6
99.1,169.0,0.3,165,19,1,0.37,1,0,0.3,0.0,4.2,2.0,SEC_RATL_BRC,Superfast Express,103.1
93.4,194.7,20.0,170,17,6,0.69,1,0,0.0,0.0,1.2,15.2,SEC_KOTA_RATL,Rajdhani Express,130.7
41.3,15.9,12.6,25,23,5,0.5,0,1,0.3,2.2,1.0,4.4,SEC_MTJ_BTE,Mail Express,34.1
0.0,235.6,24.5,250,1,1,0.36,0,1,0.0,44.3,2.0,53.8,SEC_BRC_MMCT,Mail Express,219.7
55.0,17.5,4.8,25,0,3,0.13,0,1,0.6,0.0,1.9,9.4,SEC_MTJ_BTE,Express,25.5
127.5,60.4,2.6,65,6,1,0.2,1,0,0.3,0.0,1.1,6.6,SEC_SWM_KOTA,Rajdhani Express,27.0
73.7,55.7,0.4,42,7,0,0.14,3,0,0.3,0.0,2.3,20.6,SEC_GGC_SWM,Mail Express,48.4
54.8,74.2,27.6,75,11,5,0.81,2,0,0.9,0.0,2.6,21.5,SEC_BTE_GGC,Express,90.6
56.9,73.8,0.7,75,11,3,0.53,2,0,0.1,0.0,3.8,9.4,SEC_BTE_GGC,Superfast Express,79.6
78.9,7.3,18.5,25,17,0,0.66,0,0,0.0,0.0,1.3,5.2,SEC_MTJ_BTE,Mail Express,6.1
121.2,152.2,0.4,250,6,6,0.36,1,0,0.0,0.0,1.3,12.0,SEC_BRC_MMCT,Rajdhani Express,76.4
42.1,55.1,8.4,75,2,4,0.36,1,1,0.3,0.0,4.3,12.8,SEC_BTE_GGC,Rajdhani Express,78.6
96.9,99.8,7.0,75,12,0,0.45,0,0,0.0,0.0,1.4,85.7,SEC_BTE_GGC,Rajdhani Express,65.1
55.0,50.4,6.5,42,7,6,0.19,3,0,0.0,0.0,2.6,12.4,SEC_GGC_SWM,Mail Express,55.7
97.7,192.5,21.0,170,14,3,0.48,1,0,0.0,13.6,1.3,4.3,SEC_KOTA_RATL,Superfast Express,136.9
84.7,241.6,4.9,170,3,1,0.33,1,0,0.1,0.0,2.7,11.8,SEC_KOTA_RATL,Mail Express,173.7
38.2,25.5,6.4,42,2,5,0.4,2,0,0.0,0.0,1.6,8.9,SEC_GGC_SWM,Mail Express,42.3
37.1,61.8,17.7,65,8,4,0.58,0,1,0.0,0.0,2.7,9.2,SEC_SWM_KOTA,Express,103.6
36.0,107.7,10.5,95,18,2,0.7,1,1,0.3,4.4,3.9,10.5,SEC_NDLS_MTJ,Superfast Express,195.4
40.8,82.5,12.7,95,12,2,0.3,3,1,0.3,0.0,2.9,2.9,SEC_NDLS_MTJ,Superfast Express,132.3
89.5,120.7,11.9,95,13,2,0.46,1,0,0.1,0.0,1.3,46.9,SEC_NDLS_MTJ,Rajdhani Express,84.6
124.7,42.8,1.0,65,7,3,0.19,1,0,0.0,0.0,4.1,28.5,SEC_SWM_KOTA,Rajdhani Express,16.5
91.7,9.8,38.6,42,3,3,0.32,0,0,0.0,0.0,1.1,1.1,SEC_GGC_SWM,Express,6.4
130.0,147.6,5.8,250,4,3,0.46,1,0,0.1,0.0,1.5,27.0,SEC_BRC_MMCT,Rajdhani Express,73.1
78.5,142.6,15.7,250,5,0,0.41,2,0,0.0,0.0,3.9,21.8,SEC_BRC_MMCT,Superfast Express,109.1
88.7,18.0,9.5,95,20,0,0.45,0,0,0.0,0.0,4.8,3.5,SEC_NDLS_MTJ,Superfast Express,10.4
102.1,122.1,4.5,250,3,5,0.26,0,0,0.0,0.0,4.4,50.3,SEC_BRC_MMCT,Superfast Express,65.8
91.4,30.8,3.0,42,16,3,0.33,0,0,0.1,0.0,2.7,5.4,SEC_GGC_SWM,Express,22.0
96.0,49.1,4.0,75,23,6,0.14,0,0,0.0,0.0,2.4,1.5,SEC_BTE_GGC,Express,26.6
93.4,139.6,6.2,250,7,6,0.29,0,0,0.6,0.0,2.7,6.4,SEC_BRC_MMCT,Mail Express,91.0
38.4,108.4,2.5,165,17,1,0.46,0,1,0.0,0.0,3.1,44.8,SEC_RATL_BRC,Superfast Express,173.5
59.6,19.3,11.5,25,17,5,0.62,2,0,0.1,0.0,1.2,6.8,SEC_MTJ_BTE,Superfast Express,24.4
91.0,191.8,3.3,170,0,2,0.17,1,0,0.0,0.0,2.2,34.3,SEC_KOTA_RATL,Mail Express,125.4
105.7,63.1,13.6,42,23,0,0.33,1,0,0.0,0.0,2.9,24.9,SEC_GGC_SWM,Mail Express,35.9
89.2,244.7,2.2,250,12,5,0.24,1,0,0.0,0.0,1.3,5.2,SEC_BRC_MMCT,Mail Express,166.0
80.2,11.3,19.8,25,15,5,0.18,1,0,0.0,0.0,2.3,3.7,SEC_MTJ_BTE,Mail Express,7.3
90.4,83.4,8.7,95,15,1,0.48,1,0,0.6,0.0,2.3,10.9,SEC_NDLS_MTJ,Mail Express,61.3
98.8,246.2,8.3,165,0,2,0.25,0,0,0.0,0.0,1.6,3.2,SEC_RATL_BRC,Superfast Express,150.2
84.4,6.7,4.1,95,17,1,0.58,2,0,0.0,0.0,1.1,7.4,SEC_NDLS_MTJ,Mail Express,5.5
91.1,10.8,3.5,25,5,1,0.32,0,0,0.3,0.0,4.4,12.5,SEC_MTJ_BTE,Superfast Express,7.4
98.8,165.1,7.2,170,21,1,0.55,0,0,0.0,0.0,2.6,0.4,SEC_KOTA_RATL,Express,100.7
81.8,11.6,4.8,25,21,6,0.62,0,0,0.0,0.0,1.9,6.0,SEC_MTJ_BTE,Mail Express,8.3
111.9,157.4,16.6,170,10,4,0.36,0,0,0.0,0.0,2.4,2.5,SEC_KOTA_RATL,Rajdhani Express,83.4
58.8,306.9,0.2,250,21,2,0.83,0,0,0.0,0.0,1.3,10.7,SEC_BRC_MMCT,Rajdhani Express,317.9
89.7,35.0,1.0,165,23,0,0.22,0,0,0.0,0.0,1.1,6.6,SEC_RATL_BRC,Superfast Express,20.7
79.2,53.0,2.5,75,18,1,0.54,2,0,0.0,0.0,1.3,10.3,SEC_BTE_GGC,Rajdhani Express,40.9
88.8,167.7,6.1,170,14,6,0.41,1,0,0.0,0.0,1.1,9.5,SEC_KOTA_RATL,Mail Express,114.6
97.2,96.2,7.1,95,7,3,0.32,0,0,0.1,0.0,1.2,6.5,SEC_NDLS_MTJ,Express,59.3
105.2,22.7,5.4,65,5,1,0.32,0,0,0.0,0.0,3.3,19.5,SEC_SWM_KOTA,Rajdhani Express,12.2
91.8,135.0,1.8,95,1,4,0.17,0,0,0.1,0.0,1.2,42.0,SEC_NDLS_MTJ,Express,90.4
60.7,44.5,5.1,42,23,4,0.3,2,0,0.0,0.0,1.5,3.3,SEC_GGC_SWM,Mail Express,47.0
102.8,91.1,19.0,65,20,1,0.64,0,0,0.0,0.0,1.4,4.2,SEC_SWM_KOTA,Express,56.5
77.6,101.4,17.0,65,23,4,0.13,3,0,0.1,0.0,1.5,3.2,SEC_SWM_KOTA,Express,80.8
99.6,17.6,14.3,25,9,2,0.61,0,0,0.0,0.0,5.6,4.3,SEC_MTJ_BTE,Rajdhani Express,15.9
94.5,243.6,18.2,250,1,5,0.27,0,0,0.1,0.0,1.5,6.0,SEC_BRC_MMCT,Mail Express,157.0
43.0,30.3,4.0,250,11,1,0.76,0,0,0.0,0.0,4.2,17.9,SEC_BRC_MMCT,Rajdhani Express,40.2
27.5,49.3,10.5,42,14,3,0.29,0,1,0.0,0.0,2.3,5.6,SEC_GGC_SWM,Mail Express,115.3
115.6,277.3,14.6,250,17,6,0.5,1,0,0.0,0.0,1.5,36.2,SEC_BRC_MMCT,Superfast Express,148.4
108.2,69.6,11.8,75,19,3,0.52,0,0,0.0,10.8,3.2,2.1,SEC_BTE_GGC,Rajdhani Express,50.6
36.5,82.2,18.6,65,2,4,0.36,2,0,0.0,14.2,1.5,29.8,SEC_SWM_KOTA,Mail Express,152.7
53.6,17.8,10.8,25,15,4,0.33,2,0,0.1,0.0,1.8,35.2,SEC_MTJ_BTE,Mail Express,22.1
68.9,164.8,3.6,250,17,1,0.75,0,0,0.0,0.0,1.7,4.6,SEC_BRC_MMCT,Mail Express,144.2
70.7,115.1,5.2,165,22,6,0.32,3,0,0.0,0.0,2.5,23.4,SEC_RATL_BRC,Mail Express,99.8
31.4,62.8,21.2,75,10,4,0.72,2,1,0.9,0.0,1.0,36.7,SEC_BTE_GGC,Superfast Express,136.3
26.2,15.8,8.8,42,23,0,0.46,1,1,0.0,0.0,2.8,13.5,SEC_GGC_SWM,Mail Express,39.3
98.0,103.9,0.6,170,12,5,0.23,0,0,0.9,0.0,1.6,17.4,SEC_KOTA_RATL,Rajdhani Express,67.7
56.4,42.3,1.5,75,11,0,0.74,1,0,0.1,0.0,3.5,4.2,SEC_BTE_GGC,Superfast Express,47.6
44.2,21.7,3.6,65,21,6,0.84,0,0,0.6,0.0,4.0,28.3,SEC_SWM_KOTA,Rajdhani Express,28.9
94.1,159.9,6.1,170,12,5,0.32,0,0,0.1,0.0,1.0,14.1,SEC_KOTA_RATL,Mail Express,104.4
32.3,139.1,29.5,170,18,0,0.68,0,1,0.1,0.0,1.5,7.3,SEC_KOTA_RATL,Mail Express,266.9
91.7,79.7,5.5,95,5,2,0.31,0,0,0.1,0.0,4.7,10.3,SEC_NDLS_MTJ,Rajdhani Express,45.7
99.7,61.0,13.9,75,11,2,0.36,0,0,0.0,0.0,2.3,19.4,SEC_BTE_GGC,Express,34.2
30.7,27.2,2.0,65,16,3,0.3,3,1,0.0,0.0,3.0,30.9,SEC_SWM_KOTA,Superfast Express,56.3
97.5,174.9,38.3,250,6,1,0.21,1,0,0.0,0.0,1.2,9.0,SEC_BRC_MMCT,Mail Express,107.7
73.5,208.8,10.5,170,5,5,0.35,2,0,0.0,0.0,1.8,16.8,SEC_KOTA_RATL,Express,171.8
60.1,33.9,4.0,42,21,4,0.73,1,0,0.0,0.0,4.6,0.1,SEC_GGC_SWM,Superfast Express,37.1
98.6,20.9,0.4,65,7,6,0.18,1,0,0.1,0.0,2.5,9.4,SEC_SWM_KOTA,Mail Express,11.3
99.9,30.3,1.4,42,10,3,0.6,1,0,0.0,0.0,7.7,45.0,SEC_GGC_SWM,Rajdhani Express,18.6
69.4,66.0,9.8,75,2,5,0.17,2,0,0.1,0.0,2.0,20.5,SEC_BTE_GGC,Express,57.8
98.5,127.9,11.9,170,17,6,0.42,1,0,0.0,0.0,3.3,8.4,SEC_KOTA_RATL,Superfast Express,79.6
90.2,144.3,1.8,170,5,2,0.23,0,0,0.0,0.0,2.8,10.7,SEC_KOTA_RATL,Mail Express,93.9
38.4,211.3,5.9,165,18,1,0.49,0,1,0.6,0.0,2.9,1.4,SEC_RATL_BRC,Superfast Express,339.0
85.2,125.9,18.3,165,22,1,0.35,1,0,0.0,5.0,1.5,17.5,SEC_RATL_BRC,Superfast Express,92.0
94.6,173.2,5.7,170,3,1,0.25,0,0,0.3,0.0,1.4,2.4,SEC_KOTA_RATL,Express,110.9
78.6,25.8,6.5,25,11,2,0.49,0,0,0.0,0.0,2.6,0.2,SEC_MTJ_BTE,Mail Express,21.6
92.6,91.4,2.4,95,16,2,0.3,0,0,0.0,0.0,1.8,28.0,SEC_NDLS_MTJ,Mail Express,60.4
101.0,194.1,19.0,165,0,4,0.44,1,0,0.1,0.0,2.3,16.7,SEC_RATL_BRC,Express,116.8
29.8,167.7,12.1,170,21,2,0.54,0,1,0.0,0.0,2.4,11.9,SEC_KOTA_RATL,Mail Express,347.8
102.3,55.1,1.2,65,0,1,0.14,0,0,0.0,0.0,2.0,19.9,SEC_SWM_KOTA,Superfast Express,28.7
115.4,29.9,3.4,65,21,4,0.67,0,0,0.0,0.0,3.0,1.4,SEC_SWM_KOTA,Rajdhani Express,16.4
0.0,4.0,10.9,25,15,4,0.45,3,0,0.0,7.2,6.9,16.8,SEC_MTJ_BTE,Rajdhani Express,11.3
34.7,237.7,12.3,250,1,1,0.5,0,1,0.0,0.0,2.3,14.6,SEC_BRC_MMCT,Superfast Express,415.3
97.6,239.6,1.2,170,8,6,0.47,1,0,0.0,0.0,3.6,30.5,SEC_KOTA_RATL,Superfast Express,146.1
0.0,45.7,16.1,95,11,1,0.71,1,0,0.6,38.6,5.4,33.7,SEC_NDLS_MTJ,Rajdhani Express,76.2
91.2,125.7,1.5,165,2,2,0.2,0,0,0.9,0.0,1.5,13.2,SEC_RATL_BRC,Express,86.0
32.6,90.9,7.0,65,3,2,0.33,0,1,0.0,0.0,1.6,4.5,SEC_SWM_KOTA,Mail Express,173.6
106.3,204.2,1.1,170,3,1,0.39,1,0,0.1,0.0,2.8,9.1,SEC_KOTA_RATL,Superfast Express,118.1
54.4,40.8,8.1,75,19,1,0.79,2,0,0.0,0.0,3.0,2.7,SEC_BTE_GGC,Express,45.0
32.1,149.8,1.5,165,23,6,0.47,0,1,0.0,0.0,2.8,1.3,SEC_RATL_BRC,Mail Express,284.9
53.5,12.9,22.5,25,13,3,0.15,2,0,0.6,11.6,2.3,2.1,SEC_MTJ_BTE,Superfast Express,25.3
93.8,51.6,9.9,170,0,4,0.16,0,0,0.0,0.0,6.4,3.4,SEC_KOTA_RATL,Rajdhani Express,29.2
110.4,100.0,3.3,65,22,6,0.28,0,0,0.1,0.0,4.3,4.3,SEC_SWM_KOTA,Superfast Express,53.8
34.4,30.7,1.1,25,2,0,0.3,0,1,0.1,0.0,2.0,6.2,SEC_MTJ_BTE,Express,56.4
82.5,137.9,0.8,170,14,3,0.47,2,0,0.0,0.0,4.3,11.6,SEC_KOTA_RATL,Superfast Express,99.5
25.3,6.4,10.0,25,17,0,0.45,0,1,0.3,0.0,1.1,1.1,SEC_MTJ_BTE,Mail Express,13.6
88.9,87.8,7.6,75,0,2,0.24,1,0,0.1,0.0,2.0,19.6,SEC_BTE_GGC,Mail Express,61.1
64.0,128.6,3.4,170,7,6,0.46,2,0,0.9,0.0,3.9,1.4,SEC_KOTA_RATL,Superfast Express,122.2
95.1,183.8,5.5,170,5,1,0.16,1,0,0.3,0.0,1.5,20.6,SEC_KOTA_RATL,Mail Express,118.7
32.0,124.4,4.5,170,13,0,0.22,2,1,0.1,0.0,2.7,0.2,SEC_KOTA_RATL,Mail Express,240.3
88.1,56.5,4.8,170,14,4,0.24,1,0,0.1,0.0,1.6,29.6,SEC_KOTA_RATL,Mail Express,37.9
37.1,179.3,2.2,250,9,6,0.43,2,1,0.0,0.0,1.5,7.2,SEC_BRC_MMCT,Express,299.7
100.7,48.6,7.6,75,15,5,0.36,0,0,0.0,0.0,2.2,2.8,SEC_BTE_GGC,Superfast Express,27.8
82.7,29.8,0.4,170,23,5,0.41,2,0,0.0,0.0,1.6,44.7,SEC_KOTA_RATL,Express,19.2
103.9,51.3,18.7,65,23,4,0.47,1,0,0.1,0.0,1.5,2.6,SEC_SWM_KOTA,Express,31.9
67.5,211.8,70.1,165,10,6,0.36,3,0,0.0,0.0,2.8,4.7,SEC_RATL_BRC,Express,189.7
89.3,55.9,12.3,65,16,1,0.4,0,0,0.3,0.0,2.5,32.3,SEC_SWM_KOTA,Superfast Express,39.3
118.4,62.3,8.1,65,2,6,0.33,1,0,0.0,0.0,2.9,26.0,SEC_SWM_KOTA,Rajdhani Express,31.4
33.0,224.4,0.2,165,0,1,0.34,0,1,0.0,0.0,1.7,26.8,SEC_RATL_BRC,Express,415.9
118.3,9.7,2.7,95,1,1,0.12,1,0,0.0,0.0,4.8,49.5,SEC_NDLS_MTJ,Rajdhani Express,5.2
98.7,45.2,8.7,65,20,1,0.52,0,0,0.0,0.0,1.6,8.6,SEC_SWM_KOTA,Express,26.7
90.8,37.3,42.8,42,7,1,0.25,1,0,0.6,0.0,3.6,4.6,SEC_GGC_SWM,Rajdhani Express,23.3
78.1,14.7,2.2,25,10,0,0.39,1,0,0.0,0.0,1.6,72.4,SEC_MTJ_BTE,Express,11.6
40.8,60.4,21.9,42,10,2,0.67,1,1,0.3,7.7,3.6,29.0,SEC_GGC_SWM,Rajdhani Express,107.9
118.6,213.0,17.6,250,16,1,0.24,1,0,0.0,0.0,6.0,31.4,SEC_BRC_MMCT,Rajdhani Express,102.5
40.7,170.2,11.1,165,21,0,0.66,3,1,0.0,0.0,4.0,2.8,SEC_RATL_BRC,Superfast Express,262.1
91.3,79.4,28.4,65,9,6,0.67,1,0,0.0,0.0,1.0,5.4,SEC_SWM_KOTA,Express,57.2
76.7,29.4,13.0,165,18,4,0.67,2,0,0.0,0.0,2.0,7.1,SEC_RATL_BRC,Mail Express,20.0
114.5,292.7,9.3,250,15,6,0.23,1,0,0.0,0.0,3.9,28.4,SEC_BRC_MMCT,Superfast Express,150.3
46.7,20.2,15.5,42,14,5,0.44,2,0,0.0,0.0,3.0,5.8,SEC_GGC_SWM,Mail Express,25.0
105.2,305.7,11.0,250,20,3,0.57,1,0,0.0,7.8,1.6,20.2,SEC_BRC_MMCT,Express,185.5
41.8,46.1,6.0,75,4,2,0.23,0,1,0.0,0.0,3.0,6.8,SEC_BTE_GGC,Rajdhani Express,71.6
58.0,78.3,1.5,75,9,1,0.58,3,0,0.1,0.0,2.4,8.2,SEC_BTE_GGC,Express,85.1
85.3,24.5,9.8,25,5,5,0.34,1,0,0.0,0.0,2.7,12.8,SEC_MTJ_BTE,Superfast Express,19.9
83.1,8.0,3.9,25,6,6,0.42,0,0,0.0,0.0,1.2,15.5,SEC_MTJ_BTE,Superfast Express,6.2
82.2,16.2,7.1,25,6,4,0.33,1,0,0.0,0.0,2.1,12.2,SEC_MTJ_BTE,Superfast Express,12.7
43.1,65.1,18.0,75,20,2,0.6,2,0,0.1,0.0,7.3,5.0,SEC_BTE_GGC,Rajdhani Express,87.8
84.4,7.8,23.4,25,12,5,0.29,1,0,0.0,0.0,5.8,20.7,SEC_MTJ_BTE,Rajdhani Express,5.5
34.4,114.3,1.3,95,16,1,0.46,2,1,0.0,0.0,4.8,11.1,SEC_NDLS_MTJ,Rajdhani Express,204.1
93.7,101.3,0.5,165,15,1,0.28,0,0,0.3,0.0,2.0,4.9,SEC_RATL_BRC,Express,64.3
36.3,14.1,21.0,42,11,0,0.76,1,1,0.0,0.0,1.4,14.0,SEC_GGC_SWM,Mail Express,30.7
86.8,53.5,4.9,75,12,4,0.14,0,0,0.0,0.0,2.9,3.8,SEC_BTE_GGC,Mail Express,32.7
82.1,9.7,2.0,25,5,6,0.38,1,0,0.1,0.0,2.1,28.0,SEC_MTJ_BTE,Mail Express,5.3
89.5,61.5,12.0,75,15,3,0.37,1,0,0.0,15.4,1.5,2.4,SEC_BTE_GGC,Express,59.1
90.5,95.2,1.5,170,23,2,0.18,1,0,0.0,0.0,2.0,11.2,SEC_KOTA_RATL,Express,64.6
91.8,67.1,4.4,65,4,3,0.27,1,0,0.0,0.0,2.0,7.4,SEC_SWM_KOTA,Mail Express,42.7
46.1,51.1,2.5,75,10,1,0.83,2,0,0.0,0.0,4.0,14.1,SEC_BTE_GGC,Rajdhani Express,66.7
58.1,32.2,17.9,25,12,5,0.37,2,0,0.0,0.0,2.3,18.6,SEC_MTJ_BTE,Mail Express,37.7
111.0,26.6,10.4,42,12,0,0.18,0,0,0.1,0.0,4.4,9.2,SEC_GGC_SWM,Rajdhani Express,15.6
82.0,65.2,36.6,75,3,5,0.15,1,0,0.0,0.0,2.3,25.7,SEC_BTE_GGC,Mail Express,48.3
104.9,92.0,14.2,250,2,3,0.19,1,0,0.3,6.3,5.0,21.0,SEC_BRC_MMCT,Superfast Express,55.0
117.9,29.3,3.3,42,14,6,0.39,0,0,0.0,0.0,3.8,2.1,SEC_GGC_SWM,Superfast Express,16.7
21.5,14.7,0.5,42,0,2,0.16,0,1,0.0,0.0,3.8,42.5,SEC_GGC_SWM,Superfast Express,37.0
104.8,72.4,5.7,75,4,4,0.16,0,0,0.0,0.0,2.9,5.5,SEC_BTE_GGC,Superfast Express,41.3
93.8,5.3,0.6,42,5,0,0.37,1,0,0.0,0.0,2.9,9.4,SEC_GGC_SWM,Mail Express,5.0
38.2,143.1,1.5,165,21,6,0.81,1,1,0.0,0.0,2.8,2.1,SEC_RATL_BRC,Express,238.9
85.8,30.1,14.2,25,7,4,0.41,0,0,0.1,1.3,2.7,11.9,SEC_MTJ_BTE,Express,24.7
93.4,53.3,9.9,75,5,2,0.18,1,0,0.1,0.0,3.6,22.2,SEC_BTE_GGC,Superfast Express,30.5
90.0,43.8,7.0,170,18,6,0.43,0,0,0.0,0.0,3.8,9.5,SEC_KOTA_RATL,Superfast Express,26.4
55.5,37.9,5.6,42,17,2,0.76,1,0,0.9,0.0,1.9,2.4,SEC_GGC_SWM,Express,50.6
112.2,55.8,0.1,65,3,3,0.47,1,0,0.0,0.0,1.2,1.4,SEC_SWM_KOTA,Mail Express,30.5
110.3,162.5,13.6,250,7,1,0.27,0,0,0.0,0.0,2.9,31.4,SEC_BRC_MMCT,Mail Express,85.5
98.1,231.7,3.3,165,7,0,0.33,0,0,0.1,0.0,2.9,3.8,SEC_RATL_BRC,Express,142.2
51.2,57.2,2.7,170,8,4,0.78,0,0,0.0,0.0,2.9,23.8,SEC_KOTA_RATL,Express,65.3
115.5,296.3,20.2,250,5,3,0.31,1,0,0.1,0.0,6.8,0.1,SEC_BRC_MMCT,Rajdhani Express,147.4
36.6,236.5,9.0,250,5,4,0.21,0,1,0.3,0.0,3.4,12.6,SEC_BRC_MMCT,Rajdhani Express,390.3
44.3,102.9,1.6,75,2,1,0.15,2,0,0.3,0.0,1.1,46.6,SEC_BTE_GGC,Mail Express,141.0
103.0,75.1,15.9,95,7,5,0.39,0,0,0.0,0.0,2.1,15.5,SEC_NDLS_MTJ,Express,43.3
97.9,263.7,4.6,250,23,0,0.14,1,0,0.6,0.0,2.0,25.6,SEC_BRC_MMCT,Mail Express,163.0
63.7,29.2,6.7,42,22,6,0.29,2,0,0.3,0.0,2.8,3.9,SEC_GGC_SWM,Mail Express,29.5
97.4,80.6,11.3,170,18,4,0.46,0,0,0.0,0.0,3.9,9.1,SEC_KOTA_RATL,Superfast Express,47.9
81.6,58.9,1.2,42,4,0,0.24,2,0,0.6,0.0,1.4,4.3,SEC_GGC_SWM,Superfast Express,52.1
47.1,4.7,3.4,25,11,3,0.47,3,0,0.0,0.0,4.6,2.8,SEC_MTJ_BTE,Superfast Express,6.4
24.9,49.6,1.6,95,5,0,0.36,1,1,0.0,0.0,1.4,5.7,SEC_NDLS_MTJ,Superfast Express,125.9
99.5,36.8,7.7,95,17,3,0.58,1,0,0.1,0.0,2.8,18.5,SEC_NDLS_MTJ,Express,21.7
102.0,178.3,0.3,250,11,5,0.39,0,0,0.0,0.0,2.6,4.9,SEC_BRC_MMCT,Mail Express,102.5
104.5,42.0,17.8,42,21,4,0.39,1,0,0.0,0.0,1.5,43.3,SEC_GGC_SWM,Express,29.6
110.1,159.8,4.4,170,7,5,0.21,0,0,0.1,0.0,2.5,44.7,SEC_KOTA_RATL,Superfast Express,84.9
94.3,176.0,9.9,165,1,1,0.31,1,0,0.0,0.0,3.1,27.2,SEC_RATL_BRC,Rajdhani Express,111.1
35.0,83.1,6.2,95,9,1,0.65,0,1,0.1,0.0,1.3,14.7,SEC_NDLS_MTJ,Express,153.5
100.9,150.6,15.0,165,18,6,0.49,0,0,0.1,0.0,3.7,3.2,SEC_RATL_BRC,Rajdhani Express,88.0
85.6,114.5,3.2,170,14,0,0.5,1,0,0.0,0.0,4.2,43.6,SEC_KOTA_RATL,Rajdhani Express,80.3
116.0,67.7,3.5,170,6,6,0.45,1,0,0.3,0.0,4.0,9.1,SEC_KOTA_RATL,Superfast Express,32.6
97.0,8.5,7.7,25,4,5,0.2,0,0,0.0,0.0,5.8,9.9,SEC_MTJ_BTE,Rajdhani Express,5.5
89.4,60.6,3.1,75,21,0,0.62,1,0,0.6,0.0,2.1,7.4,SEC_BTE_GGC,Express,43.8
82.9,15.2,0.4,25,6,3,0.42,0,0,0.1,0.0,1.1,0.8,SEC_MTJ_BTE,Express,13.2
101.9,60.5,2.1,65,1,4,0.3,0,0,0.0,0.0,1.9,11.7,SEC_SWM_KOTA,Superfast Express,34.3
57.6,32.2,11.1,42,18,3,0.83,1,0,0.0,0.0,4.6,20.9,SEC_GGC_SWM,Rajdhani Express,34.6
35.8,244.3,33.3,250,6,5,0.26,2,0,0.0,0.0,1.9,1.0,SEC_BRC_MMCT,Rajdhani Express,411.4
102.6,280.7,4.7,250,19,0,0.55,0,0,0.3,0.0,6.8,16.9,SEC_BRC_MMCT,Rajdhani Express,163.7
62.3,77.1,2.4,75,1,5,0.38,2,0,0.0,0.0,2.6,21.0,SEC_BTE_GGC,Mail Express,76.5
61.9,70.4,1.9,75,3,1,0.24,2,0,0.0,0.0,4.3,23.0,SEC_BTE_GGC,Superfast Express,66.0
55.7,80.4,0.3,75,21,5,0.48,4,0,0.0,0.0,4.3,6.8,SEC_BTE_GGC,Rajdhani Express,91.0
46.6,132.3,13.9,250,14,6,0.26,3,0,0.9,10.3,1.4,20.1,SEC_BRC_MMCT,Mail Express,185.3
91.9,24.9,7.2,75,3,4,0.43,0,0,0.0,0.0,3.8,0.6,SEC_BTE_GGC,Rajdhani Express,12.9
30.9,12.6,3.2,25,3,3,0.18,3,1,0.1,0.0,4.0,22.1,SEC_MTJ_BTE,Rajdhani Express,27.8
103.0,151.5,27.7,165,4,1,0.16,0,0,0.3,0.0,1.0,5.8,SEC_RATL_BRC,Rajdhani Express,87.7
51.1,24.5,3.3,95,19,5,0.77,1,0,0.1,0.0,1.0,6.6,SEC_NDLS_MTJ,Rajdhani Express,28.4
53.0,18.6,13.0,95,4,5,0.12,2,0,0.9,0.0,1.2,23.4,SEC_NDLS_MTJ,Mail Express,19.5
47.4,51.8,1.2,170,7,1,0.13,3,0,0.0,0.0,2.3,10.8,SEC_KOTA_RATL,Mail Express,65.7
114.2,15.5,4.5,42,9,4,0.38,0,0,0.0,0.0,2.3,17.2,SEC_GGC_SWM,Rajdhani Express,9.2
35.6,33.3,43.7,42,12,2,0.13,1,1,0.1,31.8,1.9,13.4,SEC_GGC_SWM,Mail Express,91.7
119.5,40.7,5.3,42,21,1,0.37,1,0,0.1,0.0,3.9,21.1,SEC_GGC_SWM,Rajdhani Express,19.7
100.6,202.8,0.3,250,16,0,0.11,0,0,0.0,0.0,1.4,1.3,SEC_BRC_MMCT,Express,123.6
98.3,77.0,0.6,75,5,0,0.17,0,0,0.3,0.0,2.3,19.9,SEC_BTE_GGC,Express,46.7
78.2,11.4,4.4,25,0,6,0.28,1,0,0.0,0.0,1.7,5.1,SEC_MTJ_BTE,Express,6.6
96.2,104.2,4.8,165,10,6,0.54,0,0,0.0,0.0,3.0,14.8,SEC_RATL_BRC,Superfast Express,64.7
51.7,47.5,1.4,95,4,1,0.23,2,0,0.9,0.0,1.3,29.6,SEC_NDLS_MTJ,Express,60.9
26.0,16.9,7.4,65,4,0,0.37,4,1,0.0,0.0,2.9,2.0,SEC_SWM_KOTA,Mail Express,43.6
103.8,28.5,4.1,42,11,5,0.61,1,0,0.0,0.0,2.4,15.2,SEC_GGC_SWM,Express,16.8
54.4,134.2,0.8,165,23,5,0.44,4,0,0.0,0.0,1.8,32.9,SEC_RATL_BRC,Rajdhani Express,153.8
92.7,100.7,3.4,95,22,5,0.36,0,0,0.0,0.0,2.0,28.5,SEC_NDLS_MTJ,Superfast Express,63.7
0.0,170.8,18.7,170,22,4,0.46,1,0,0.0,9.5,4.2,66.8,SEC_KOTA_RATL,Superfast Express,142.0
23.5,114.0,16.4,250,3,1,0.17,0,1,0.0,0.0,3.1,4.8,SEC_BRC_MMCT,Rajdhani Express,277.8
125.8,96.6,6.6,250,4,2,0.22,1,0,0.0,0.0,3.2,6.6,SEC_BRC_MMCT,Rajdhani Express,43.4
90.4,30.5,5.9,42,11,4,0.65,0,0,0.0,0.0,2.9,13.8,SEC_GGC_SWM,Mail Express,23.1
85.3,142.5,0.0,170,12,2,0.22,0,0,0.0,0.0,2.8,3.9,SEC_KOTA_RATL,Express,98.4
87.1,61.1,10.1,75,0,2,0.38,1,0,0.3,0.0,4.5,0.3,SEC_BTE_GGC,Superfast Express,39.8
90.6,13.7,16.0,25,0,1,0.35,0,0,0.1,0.0,1.0,38.8,SEC_MTJ_BTE,Superfast Express,7.6
0.0,44.3,25.9,250,13,0,0.41,2,0,0.3,11.6,7.6,1.9,SEC_BRC_MMCT,Rajdhani Express,41.6
98.2,215.5,14.8,170,15,1,0.37,1,0,0.0,0.0,2.7,57.5,SEC_KOTA_RATL,Superfast Express,134.6
113.3,231.6,1.6,250,1,1,0.34,1,0,0.0,0.0,2.9,14.8,SEC_BRC_MMCT,Express,119.6
73.6,45.7,0.9,95,23,5,0.13,2,0,0.0,0.0,2.2,1.9,SEC_NDLS_MTJ,Mail Express,37.1
0.0,5.9,15.0,25,13,6,0.25,1,0,0.1,24.7,1.6,5.3,SEC_MTJ_BTE,Mail Express,33.1
27.2,75.6,0.8,95,7,1,0.33,1,1,0.3,0.0,1.3,73.1,SEC_NDLS_MTJ,Mail Express,173.1
51.6,44.0,8.0,75,16,5,0.35,2,0,0.0,0.0,1.6,25.0,SEC_BTE_GGC,Express,51.8
79.6,4.0,3.2,25,10,2,0.46,0,0,0.6,0.0,2.7,2.8,SEC_MTJ_BTE,Express,3.0
102.6,109.9,15.9,75,7,5,0.48,1,0,0.0,0.0,2.0,6.6,SEC_BTE_GGC,Rajdhani Express,70.3
101.1,31.3,2.6,65,7,0,0.37,1,0,0.6,0.0,1.7,22.6,SEC_SWM_KOTA,Rajdhani Express,22.0
44.2,23.8,23.5,25,19,2,0.69,3,0,0.1,0.0,6.7,2.4,SEC_MTJ_BTE,Rajdhani Express,36.0
32.2,98.5,12.0,165,18,6,0.46,1,1,0.3,0.0,2.2,8.6,SEC_RATL_BRC,Mail Express,190.4
106.4,134.1,5.7,250,13,6,0.26,0,0,0.1,0.0,1.7,1.1,SEC_BRC_MMCT,Express,71.6
102.2,62.2,15.6,65,11,3,0.67,1,0,0.0,0.0,6.1,34.1,SEC_SWM_KOTA,Rajdhani Express,35.8
88.5,41.7,5.6,170,9,3,0.5,0,0,0.1,0.0,1.2,32.8,SEC_KOTA_RATL,Express,27.5
62.6,50.5,15.6,75,8,3,0.76,1,0,0.0,0.0,4.0,0.3,SEC_BTE_GGC,Superfast Express,47.0
36.9,25.6,2.1,25,8,3,0.76,0,1,0.1,0.0,2.0,2.5,SEC_MTJ_BTE,Superfast Express,51.6
80.1,139.4,7.5,165,3,0,0.47,2,0,0.0,0.0,3.8,11.3,SEC_RATL_BRC,Rajdhani Express,106.4
99.2,93.0,17.1,95,16,0,0.18,1,0,0.0,0.0,5.0,18.3,SEC_NDLS_MTJ,Rajdhani Express,54.6
97.5,111.7,13.3,95,0,6,0.13,0,0,0.6,0.0,3.3,0.7,SEC_NDLS_MTJ,Superfast Express,71.1
66.1,21.1,6.8,165,3,3,0.17,2,0,0.3,0.0,3.2,10.1,SEC_RATL_BRC,Superfast Express,17.4
51.3,71.3,8.1,165,2,3,0.38,2,0,0.3,0.0,1.2,46.7,SEC_RATL_BRC,Express,83.7
51.0,52.8,3.1,75,16,0,0.45,1,1,0.6,0.0,1.1,13.0,SEC_BTE_GGC,Mail Express,76.2
36.6,87.2,1.6,95,23,5,0.32,1,1,0.1,0.0,3.0,11.9,SEC_NDLS_MTJ,Rajdhani Express,147.9
36.2,55.2,34.7,170,3,1,0.21,0,1,0.9,0.0,1.4,5.9,SEC_KOTA_RATL,Mail Express,100.5
62.8,79.0,17.5,95,10,5,0.79,0,0,0.3,0.0,6.2,7.3,SEC_NDLS_MTJ,Rajdhani Express,76.3
60.7,68.3,12.2,95,2,1,0.34,2,0,0.1,0.0,1.7,2.6,SEC_NDLS_MTJ,Mail Express,67.4
95.8,72.1,3.4,95,14,0,0.19,0,0,0.0,0.0,2.6,7.0,SEC_NDLS_MTJ,Mail Express,43.6
113.5,18.4,4.0,42,14,5,0.15,0,0,0.1,0.0,1.3,38.2,SEC_GGC_SWM,Rajdhani Express,9.1
104.1,28.2,11.1,42,2,0,0.18,1,0,0.0,7.0,1.9,6.4,SEC_GGC_SWM,Express,22.9
0.0,34.0,27.8,65,16,2,0.48,3,0,0.6,8.7,2.6,18.8,SEC_SWM_KOTA,Express,35.3
87.9,232.2,13.3,250,6,6,0.35,0,0,0.0,7.7,2.0,1.6,SEC_BRC_MMCT,Express,166.8
84.9,108.1,4.0,165,3,5,0.44,1,0,0.0,0.0,4.9,15.8,SEC_RATL_BRC,Superfast Express,71.9
36.0,16.5,11.5,42,0,4,0.36,4,1,0.1,0.0,1.6,24.9,SEC_GGC_SWM,Rajdhani Express,33.0
53.9,228.0,22.5,165,11,4,0.8,0,0,0.0,0.0,2.0,13.3,SEC_RATL_BRC,Superfast Express,256.2
30.9,18.8,9.8,170,13,5,0.43,0,1,0.6,0.0,2.0,5.7,SEC_KOTA_RATL,Mail Express,42.5
91.3,178.2,1.7,165,15,0,0.42,0,0,0.0,0.0,1.4,8.9,SEC_RATL_BRC,Express,118.3
58.8,32.2,3.6,42,17,0,0.79,0,0,0.0,0.0,3.1,2.7,SEC_GGC_SWM,Rajdhani Express,32.0
50.4,182.6,1.1,170,21,6,0.6,0,1,0.0,0.0,1.9,0.1,SEC_KOTA_RATL,Superfast Express,225.5
49.1,31.3,6.6,42,5,6,0.33,0,1,0.0,0.0,1.7,29.0,SEC_GGC_SWM,Mail Express,44.5
98.8,251.3,12.0,250,13,3,0.26,1,0,0.1,0.0,2.0,7.1,SEC_BRC_MMCT,Express,153.1
40.1,232.6,0.7,165,2,2,0.47,0,1,0.3,0.0,3.1,8.3,SEC_RATL_BRC,Superfast Express,354.7
87.3,15.1,10.0,25,4,5,0.39,0,0,0.3,0.0,3.4,17.8,SEC_MTJ_BTE,Superfast Express,9.1
124.3,156.0,13.7,250,1,0,0.29,0,0,0.3,0.0,5.5,3.3,SEC_BRC_MMCT,Rajdhani Express,72.0
44.8,58.9,0.3,65,13,3,0.44,0,1,0.0,0.0,1.3,3.2,SEC_SWM_KOTA,Mail Express,88.1
0.0,22.0,13.3,25,10,5,0.69,1,0,0.0,11.6,1.7,1.1,SEC_MTJ_BTE,Express,36.1
100.2,56.7,5.8,95,3,0,0.28,0,0,0.1,0.0,7.8,24.2,SEC_NDLS_MTJ,Rajdhani Express,31.4
35.5,250.7,4.8,250,21,3,0.43,1,1,0.0,0.0,1.9,26.0,SEC_BRC_MMCT,Mail Express,430.5
72.1,18.6,26.1,25,1,0,0.36,1,0,0.1,0.0,1.8,13.9,SEC_MTJ_BTE,Express,15.4
43.1,77.9,11.7,65,17,6,0.62,2,1,0.0,0.0,1.1,3.0,SEC_SWM_KOTA,Superfast Express,120.0
65.1,11.0,2.9,25,18,0,0.57,2,0,0.0,0.0,1.7,11.1,SEC_MTJ_BTE,Express,12.1
102.9,185.9,6.1,170,21,5,0.49,0,0,0.0,0.0,1.1,37.0,SEC_KOTA_RATL,Superfast Express,110.0
62.3,9.6,1.4,25,5,0,0.44,2,0,0.0,0.0,2.6,39.6,SEC_MTJ_BTE,Express,8.0
45.2,58.0,1.9,65,18,2,0.83,0,0,0.0,0.0,3.7,80.9,SEC_SWM_KOTA,Rajdhani Express,79.1
95.0,58.5,3.2,250,19,4,0.45,0,0,0.3,0.0,2.9,36.2,SEC_BRC_MMCT,Mail Express,36.5
102.1,93.1,18.3,250,20,0,0.37,0,0,0.6,0.0,1.1,0.0,SEC_BRC_MMCT,Superfast Express,53.1
84.0,14.5,9.0,42,18,3,0.75,0,0,0.0,0.0,1.3,13.7,SEC_GGC_SWM,Mail Express,5.3
81.1,19.7,2.4,25,12,4,0.21,0,0,0.0,0.0,2.8,26.2,SEC_MTJ_BTE,Mail Express,13.0
99.4,18.1,1.2,65,13,3,0.1,1,0,0.3,0.0,6.4,64.9,SEC_SWM_KOTA,Rajdhani Express,9.1
85.1,12.6,5.6,25,6,3,0.45,0,0,0.0,0.0,2.2,4.4,SEC_MTJ_BTE,Superfast Express,10.8
116.2,65.8,43.5,65,15,3,0.17,1,0,0.1,0.0,5.3,15.2,SEC_SWM_KOTA,Rajdhani Express,32.3
109.2,85.2,2.8,65,7,6,0.38,0,0,0.0,0.0,2.1,20.8,SEC_SWM_KOTA,Superfast Express,46.3
48.3,73.4,2.8,75,13,1,0.47,2,0,0.0,0.0,1.3,0.1,SEC_BTE_GGC,Express,96.8
52.2,31.9,0.2,42,18,4,0.77,1,0,0.6,0.0,2.7,5.4,SEC_GGC_SWM,Express,40.6
87.9,26.3,2.4,25,0,0,0.32,1,0,0.0,0.0,1.3,26.3,SEC_MTJ_BTE,Mail Express,20.0
76.7,74.5,15.2,65,13,6,0.15,3,0,0.0,0.0,3.0,38.1,SEC_SWM_KOTA,Superfast Express,55.6
86.7,22.2,0.9,75,6,3,0.11,1,0,0.0,0.0,1.4,30.9,SEC_BTE_GGC,Rajdhani Express,13.4
40.4,80.7,0.1,95,17,6,0.74,3,1,0.0,0.0,2.6,2.7,SEC_NDLS_MTJ,Mail Express,132.8
105.7,57.4,0.5,75,2,3,0.45,0,0,0.1,0.0,6.7,5.2,SEC_BTE_GGC,Rajdhani Express,32.5
46.3,131.4,5.1,95,21,5,0.46,2,0,0.0,0.0,4.7,3.9,SEC_NDLS_MTJ,Superfast Express,173.0
96.0,96.9,3.8,95,3,6,0.34,0,0,0.0,0.0,1.4,11.0,SEC_NDLS_MTJ,Express,57.8
88.9,15.2,3.4,25,11,5,0.42,1,0,0.1,0.0,3.7,44.7,SEC_MTJ_BTE,Superfast Express,9.4
40.9,371.1,5.8,250,3,0,0.2,2,0,0.6,0.0,4.6,0.5,SEC_BRC_MMCT,Superfast Express,549.1
0.0,263.2,16.6,250,23,6,0.36,0,1,0.0,17.8,2.4,2.9,SEC_BRC_MMCT,Rajdhani Express,212.4
83.0,20.5,7.6,65,2,4,0.4,2,0,0.1,0.0,1.6,58.5,SEC_SWM_KOTA,Rajdhani Express,13.5
92.5,48.0,10.4,165,9,4,0.44,0,0,0.1,0.0,1.0,17.3,SEC_RATL_BRC,Express,30.2
28.5,70.8,17.3,75,3,3,0.13,0,1,0.1,0.0,3.8,1.0,SEC_BTE_GGC,Superfast Express,152.1
45.2,204.0,6.8,170,18,3,0.72,0,1,0.6,0.0,1.8,30.1,SEC_KOTA_RATL,Superfast Express,286.0
56.4,151.8,8.8,170,0,4,0.36,2,0,0.0,0.0,1.9,37.8,SEC_KOTA_RATL,Mail Express,162.8
90.0,15.2,21.2,75,0,2,0.38,1,0,0.6,0.0,1.2,11.4,SEC_BTE_GGC,Rajdhani Express,8.9
98.4,57.2,9.1,95,15,2,0.47,0,0,0.0,0.0,2.8,1.6,SEC_NDLS_MTJ,Mail Express,33.5
119.6,265.4,22.4,250,5,6,0.41,0,0,0.6,0.0,5.4,5.5,SEC_BRC_MMCT,Rajdhani Express,135.3
101.2,58.5,23.2,42,18,0,0.57,1,0,0.0,0.0,1.1,11.2,SEC_GGC_SWM,Mail Express,37.7
109.7,51.9,0.9,65,2,6,0.38,0,0,0.0,0.0,2.4,9.6,SEC_SWM_KOTA,Mail Express,30.7
47.0,21.4,13.1,25,16,3,0.13,2,0,0.1,0.0,1.4,2.7,SEC_MTJ_BTE,Superfast Express,26.1
87.5,30.2,1.7,65,19,5,0.75,0,0,0.0,0.0,2.9,13.5,SEC_SWM_KOTA,Superfast Express,17.0
100.4,188.8,0.9,165,14,5,0.37,1,0,0.1,0.0,2.2,26.4,SEC_RATL_BRC,Superfast Express,112.4
62.2,150.8,6.8,165,21,5,0.7,2,0,0.1,0.0,2.8,5.9,SEC_RATL_BRC,Mail Express,151.0
78.9,114.7,0.3,95,1,4,0.44,3,0,0.0,0.0,1.6,17.1,SEC_NDLS_MTJ,Express,92.1
105.3,114.4,2.7,170,22,0,0.28,0,0,0.6,0.0,2.4,4.5,SEC_KOTA_RATL,Superfast Express,65.2
80.9,93.1,2.5,65,18,3,0.74,1,0,0.6,0.0,4.6,23.8,SEC_SWM_KOTA,Rajdhani Express,80.7
77.2,17.3,11.1,25,13,0,0.24,0,0,0.6,0.0,3.0,1.3,SEC_MTJ_BTE,Express,16.9
28.7,317.4,21.2,250,5,3,0.39,1,1,0.0,0.0,2.3,11.2,SEC_BRC_MMCT,Superfast Express,673.1
40.9,10.0,2.0,65,10,5,0.85,0,1,0.1,0.0,4.3,6.8,SEC_SWM_KOTA,Superfast Express,15.5
69.0,56.9,35.4,165,3,6,0.22,2,0,0.0,0.0,2.0,5.6,SEC_RATL_BRC,Express,48.5
94.9,124.9,1.4,250,5,2,0.35,1,0,0.0,0.0,2.8,1.2,SEC_BRC_MMCT,Mail Express,77.3
89.7,48.1,27.0,95,22,5,0.25,1,0,0.9,0.0,2.6,6.2,SEC_NDLS_MTJ,Mail Express,33.3
108.5,73.5,1.3,65,12,4,0.28,0,0,0.0,0.0,1.3,0.4,SEC_SWM_KOTA,Mail Express,40.9
102.1,27.0,22.2,42,19,3,0.6,0,0,0.6,4.0,1.2,5.9,SEC_GGC_SWM,Express,23.5
98.8,90.6,8.6,95,14,4,0.3,0,0,0.0,0.0,2.7,6.1,SEC_NDLS_MTJ,Express,55.2
35.0,53.7,4.7,65,2,3,0.14,0,1,0.0,0.0,1.4,23.8,SEC_SWM_KOTA,Superfast Express,96.3
50.7,44.1,9.6,95,17,2,0.75,2,0,0.1,0.0,3.0,12.5,SEC_NDLS_MTJ,Superfast Express,49.3
99.9,6.7,8.5,25,4,1,0.33,0,0,0.0,0.0,2.1,4.3,SEC_MTJ_BTE,Mail Express,6.7
68.7,52.0,20.9,170,20,3,0.62,2,0,0.0,0.0,1.2,21.6,SEC_KOTA_RATL,Superfast Express,45.1
106.9,63.4,14.4,65,0,4,0.22,0,0,0.0,0.0,3.4,16.5,SEC_SWM_KOTA,Superfast Express,33.7
56.2,42.4,10.7,42,17,3,0.73,0,0,0.0,0.0,2.9,26.7,SEC_GGC_SWM,Express,48.2
83.5,21.6,10.3,42,13,1,0.19,0,0,0.0,0.0,2.6,46.8,SEC_GGC_SWM,Rajdhani Express,15.3
51.8,58.5,9.4,65,15,1,0.15,2,0,0.0,0.0,2.8,13.7,SEC_SWM_KOTA,Mail Express,69.5
108.3,53.1,22.9,250,13,0,0.35,1,0,0.6,0.0,7.7,3.2,SEC_BRC_MMCT,Rajdhani Express,24.1
34.0,14.7,3.2,25,9,0,0.78,1,1,0.1,0.0,1.4,3.9,SEC_MTJ_BTE,Rajdhani Express,35.3
69.8,32.3,1.1,42,18,6,0.83,0,0,0.0,0.0,6.6,5.4,SEC_GGC_SWM,Rajdhani Express,28.7
101.0,35.9,4.9,42,21,6,0.57,0,0,0.3,0.0,2.5,15.2,SEC_GGC_SWM,Express,19.8
51.4,69.9,0.5,75,22,3,0.31,2,0,0.0,0.0,2.5,35.9,SEC_BTE_GGC,Superfast Express,82.1
88.5,20.1,1.5,25,6,3,0.41,1,0,0.0,0.0,2.4,12.9,SEC_MTJ_BTE,Superfast Express,18.0
52.3,213.5,10.5,165,10,1,0.45,3,0,0.3,0.0,6.7,11.5,SEC_RATL_BRC,Rajdhani Express,246.2
84.0,35.3,13.0,42,8,2,0.73,1,0,0.0,0.0,3.6,21.0,SEC_GGC_SWM,Rajdhani Express,26.3
101.0,12.0,12.1,25,10,6,0.56,1,0,0.9,18.4,2.7,4.7,SEC_MTJ_BTE,Mail Express,29.1
109.4,78.3,9.6,95,11,2,0.52,0,0,0.3,0.0,1.5,8.5,SEC_NDLS_MTJ,Superfast Express,40.4
81.3,50.3,4.3,65,4,2,0.36,2,0,0.0,0.0,1.9,3.1,SEC_SWM_KOTA,Mail Express,39.5
101.1,16.0,10.0,25,13,2,0.14,0,0,0.0,0.0,2.9,17.2,SEC_MTJ_BTE,Rajdhani Express,9.1
0.0,71.7,31.9,95,22,2,0.46,0,0,0.0,7.1,4.3,46.9,SEC_NDLS_MTJ,Superfast Express,60.3
101.5,49.6,0.5,65,18,3,0.48,1,0,0.0,0.0,2.3,9.0,SEC_SWM_KOTA,Rajdhani Express,31.4
98.1,181.8,6.6,165,15,6,0.39,1,0,0.1,0.0,5.0,12.8,SEC_RATL_BRC,Rajdhani Express,110.8
129.3,293.3,12.5,250,16,1,0.28,0,0,0.0,0.0,1.1,2.0,SEC_BRC_MMCT,Rajdhani Express,139.9
28.6,60.5,11.1,65,17,4,0.42,1,1,0.0,0.0,6.2,24.4,SEC_SWM_KOTA,Rajdhani Express,130.9
76.7,51.8,13.1,95,14,6,0.36,2,0,0.0,0.0,2.7,10.8,SEC_NDLS_MTJ,Mail Express,38.5
47.9,76.4,10.5,75,8,0,0.36,3,0,0.1,21.3,3.7,5.0,SEC_BTE_GGC,Rajdhani Express,122.2
99.9,7.5,24.6,250,13,4,0.19,1,0,0.6,0.0,1.2,29.6,SEC_BRC_MMCT,Express,6.0
68.7,18.8,8.5,25,10,4,0.83,1,0,0.1,0.0,3.7,2.9,SEC_MTJ_BTE,Superfast Express,22.5
81.6,98.2,11.1,75,20,3,0.59,0,0,0.0,0.0,1.0,2.1,SEC_BTE_GGC,Mail Express,72.7
103.8,82.0,4.0,65,19,5,0.55,0,0,0.3,0.0,2.0,2.4,SEC_SWM_KOTA,Mail Express,47.1
60.0,16.6,5.0,42,22,4,0.17,2,0,0.0,0.0,1.9,2.3,SEC_GGC_SWM,Mail Express,13.2
101.8,98.3,1.3,250,16,3,0.41,1,0,0.1,0.0,1.6,6.8,SEC_BRC_MMCT,Express,57.2
114.9,69.3,4.9,65,10,2,0.45,1,0,0.3,0.0,4.7,18.0,SEC_SWM_KOTA,Rajdhani Express,37.0
42.7,34.0,2.9,65,21,0,0.71,0,0,0.6,0.0,2.7,13.3,SEC_SWM_KOTA,Express,52.2
94.8,4.9,2.2,25,19,1,0.48,0,0,0.6,0.0,6.7,5.5,SEC_MTJ_BTE,Rajdhani Express,3.0
0.0,97.4,10.3,75,21,6,0.79,1,0,0.0,6.7,4.1,12.6,SEC_BTE_GGC,Rajdhani Express,84.7
108.3,105.3,10.5,250,7,5,0.39,0,0,0.3,0.0,1.6,21.1,SEC_BRC_MMCT,Express,59.7
90.2,109.7,13.3,165,11,0,0.61,1,0,0.1,0.0,2.2,29.8,SEC_RATL_BRC,Rajdhani Express,76.0
80.2,13.3,6.5,25,2,3,0.42,1,0,0.0,0.0,1.4,17.4,SEC_MTJ_BTE,Mail Express,8.5
98.2,110.5,19.2,95,19,4,0.65,0,0,0.3,0.0,2.4,4.6,SEC_NDLS_MTJ,Superfast Express,72.4
102.8,167.4,40.9,165,13,2,0.14,0,0,0.0,0.0,3.3,8.2,SEC_RATL_BRC,Superfast Express,97.5
79.6,32.1,0.9,42,22,5,0.49,3,0,0.9,0.0,1.1,25.8,SEC_GGC_SWM,Mail Express,34.3
46.0,24.1,0.4,75,16,4,0.2,1,1,0.0,0.0,7.8,21.6,SEC_BTE_GGC,Rajdhani Express,34.8
35.4,53.0,10.4,65,11,4,0.84,0,1,0.9,0.0,1.1,9.0,SEC_SWM_KOTA,Express,103.9
94.6,131.5,3.8,95,15,0,0.36,0,0,0.0,0.0,2.1,28.4,SEC_NDLS_MTJ,Mail Express,84.7
36.9,67.5,1.9,95,19,5,0.5,0,1,0.0,0.0,3.2,53.9,SEC_NDLS_MTJ,Rajdhani Express,114.3
61.0,19.3,1.1,65,9,4,0.75,0,0,0.9,0.0,1.9,15.9,SEC_SWM_KOTA,Superfast Express,19.5
0.0,73.5,18.1,65,1,2,0.16,1,0,0.1,1.5,3.7,16.9,SEC_SWM_KOTA,Superfast Express,55.9
78.8,38.8,8.5,165,21,6,0.71,0,0,0.6,0.0,2.2,4.6,SEC_RATL_BRC,Mail Express,26.2
27.7,83.9,2.2,65,13,3,0.23,2,1,0.0,0.0,1.3,13.7,SEC_SWM_KOTA,Mail Express,191.0
96.4,156.7,8.8,165,10,6,0.36,0,0,0.0,0.0,2.2,48.1,SEC_RATL_BRC,Rajdhani Express,99.5
69.5,160.3,8.7,165,5,0,0.35,4,0,0.1,0.0,2.5,11.3,SEC_RATL_BRC,Express,141.7
98.0,99.3,5.0,65,13,6,0.43,0,0,0.1,0.0,1.9,2.8,SEC_SWM_KOTA,Express,64.0
95.7,105.3,20.9,170,14,2,0.3,0,0,0.0,0.0,2.1,5.0,SEC_KOTA_RATL,Mail Express,65.8
67.1,33.2,8.2,95,9,6,0.82,1,0,0.0,0.0,1.2,7.6,SEC_NDLS_MTJ,Mail Express,27.1
43.4,129.5,0.9,170,6,6,0.39,3,0,0.0,0.0,4.4,3.9,SEC_KOTA_RATL,Superfast Express,177.5
62.9,45.8,16.3,95,4,1,0.42,4,0,0.0,0.0,1.3,8.3,SEC_NDLS_MTJ,Mail Express,41.3
89.5,209.9,0.5,170,12,3,0.27,0,0,0.3,0.0,2.7,49.3,SEC_KOTA_RATL,Express,142.6
102.9,48.3,15.3,75,13,2,0.41,0,0,0.0,0.0,3.1,21.8,SEC_BTE_GGC,Superfast Express,27.2
57.5,30.6,5.3,65,3,3,0.26,2,0,0.0,0.0,7.1,4.3,SEC_SWM_KOTA,Rajdhani Express,25.3
58.1,88.8,2.3,170,7,0,0.28,3,0,0.0,0.0,2.3,18.4,SEC_KOTA_RATL,Express,92.8
0.0,24.2,10.4,95,5,6,0.3,2,0,0.6,106.4,1.5,16.6,SEC_NDLS_MTJ,Mail Express,123.1
43.5,74.9,2.3,75,5,1,0.35,0,1,0.0,0.0,4.3,2.4,SEC_BTE_GGC,Rajdhani Express,108.6
113.9,47.6,7.6,65,14,3,0.32,0,0,0.1,0.0,2.9,10.5,SEC_SWM_KOTA,Superfast Express,23.0
74.8,147.2,10.5,250,9,3,0.46,2,0,0.0,0.0,1.4,2.4,SEC_BRC_MMCT,Mail Express,115.9
96.4,45.6,0.7,75,19,0,0.52,1,0,0.6,0.0,2.1,6.8,SEC_BTE_GGC,Express,31.6
112.3,114.4,21.2,165,3,0,0.36,0,0,0.0,0.0,6.7,6.1,SEC_RATL_BRC,Rajdhani Express,55.2
37.4,28.9,6.5,75,22,0,0.22,1,1,0.0,0.0,1.9,3.8,SEC_BTE_GGC,Express,53.4
52.9,14.4,2.9,25,16,6,0.27,3,0,0.3,0.0,2.1,3.2,SEC_MTJ_BTE,Express,16.8
109.5,92.3,0.1,65,1,0,0.46,0,0,0.0,0.0,1.4,25.3,SEC_SWM_KOTA,Mail Express,53.0
96.0,71.2,3.4,95,15,4,0.42,0,0,0.0,0.0,1.3,23.4,SEC_NDLS_MTJ,Rajdhani Express,41.8
87.3,56.2,14.2,165,22,3,0.38,1,0,0.0,0.0,1.6,12.4,SEC_RATL_BRC,Mail Express,38.4
73.3,33.2,9.8,75,2,1,0.23,3,0,0.0,0.0,4.6,0.5,SEC_BTE_GGC,Superfast Express,26.2
37.9,154.7,3.6,170,0,6,0.37,0,1,0.6,0.0,1.1,3.8,SEC_KOTA_RATL,Mail Express,254.7
107.6,63.2,16.5,65,4,5,0.49,0,0,0.0,0.0,2.9,2.0,SEC_SWM_KOTA,Mail Express,34.7
90.2,76.9,1.8,165,5,5,0.23,3,0,0.0,0.0,2.0,1.2,SEC_RATL_BRC,Express,49.8
114.3,67.8,12.8,165,4,5,0.42,1,0,0.1,0.0,7.9,19.4,SEC_RATL_BRC,Rajdhani Express,34.0
54.0,26.5,7.3,25,1,1,0.19,4,0,0.0,0.0,4.5,2.7,SEC_MTJ_BTE,Superfast Express,27.7
97.4,82.0,0.2,65,23,6,0.48,1,0,0.1,0.0,4.4,47.0,SEC_SWM_KOTA,Superfast Express,50.9
31.6,172.6,11.1,250,7,3,0.14,2,1,0.0,0.0,2.6,1.0,SEC_BRC_MMCT,Express,331.9
45.4,156.5,11.3,170,17,0,0.75,3,0,0.3,11.1,2.0,7.3,SEC_KOTA_RATL,Mail Express,226.4
99.9,90.0,17.4,250,20,1,0.63,0,0,0.3,0.0,1.7,6.3,SEC_BRC_MMCT,Express,51.5
68.4,250.8,0.3,170,16,1,0.42,3,0,0.0,0.0,2.0,16.6,SEC_KOTA_RATL,Express,226.4
63.9,38.9,3.7,65,3,5,0.43,2,0,0.1,0.0,3.1,28.8,SEC_SWM_KOTA,Superfast Express,36.7
41.1,50.8,3.8,42,8,2,0.74,2,1,0.6,0.0,2.0,2.8,SEC_GGC_SWM,Express,90.1
39.1,73.1,6.7,65,1,5,0.13,3,1,0.1,0.0,3.4,4.8,SEC_SWM_KOTA,Rajdhani Express,117.0
105.3,120.2,9.7,165,9,5,0.63,1,0,0.0,0.0,2.9,21.6,SEC_RATL_BRC,Express,67.9
47.9,24.2,3.6,170,20,3,0.78,0,0,0.0,0.0,2.1,1.6,SEC_KOTA_RATL,Express,31.9
95.5,66.7,7.6,170,6,6,0.11,0,0,0.3,0.0,4.2,10.5,SEC_KOTA_RATL,Superfast Express,37.9
87.1,6.8,1.3,25,4,1,0.29,1,0,0.9,0.0,3.0,20.7,SEC_MTJ_BTE,Rajdhani Express,5.3
90.4,82.8,7.9,75,9,6,0.63,0,0,0.0,0.0,2.9,7.6,SEC_BTE_GGC,Mail Express,56.4
30.9,89.4,38.7,250,14,3,0.37,0,1,0.0,0.0,5.7,18.5,SEC_BRC_MMCT,Rajdhani Express,175.1
27.6,211.0,17.5,165,7,5,0.18,0,1,0.9,0.0,2.6,18.5,SEC_RATL_BRC,Superfast Express,470.5
36.0,76.0,3.4,65,15,1,0.16,0,1,0.6,0.0,1.6,54.9,SEC_SWM_KOTA,Superfast Express,134.1
113.9,68.0,4.5,95,17,4,0.68,1,0,0.0,0.0,4.5,3.4,SEC_NDLS_MTJ,Superfast Express,33.9
100.5,159.1,4.7,165,2,3,0.15,1,0,0.1,0.0,1.5,14.1,SEC_RATL_BRC,Superfast Express,93.9
95.0,178.2,3.0,170,20,4,0.66,0,0,0.0,0.0,2.7,9.9,SEC_KOTA_RATL,Rajdhani Express,113.3
93.4,79.6,5.5,95,19,6,0.7,0,0,0.0,0.0,6.3,25.5,SEC_NDLS_MTJ,Rajdhani Express,45.4
86.4,159.2,8.4,165,1,2,0.14,0,0,0.0,0.0,2.7,7.6,SEC_RATL_BRC,Superfast Express,112.9
38.7,98.5,0.3,170,1,3,0.12,0,1,0.0,0.0,2.2,17.7,SEC_KOTA_RATL,Superfast Express,159.2
89.5,56.3,7.4,42,23,4,0.33,0,0,0.0,0.0,1.7,4.7,SEC_GGC_SWM,Express,40.2
35.3,32.3,6.9,75,19,1,0.43,0,1,0.0,0.0,2.0,8.5,SEC_BTE_GGC,Express,62.0
84.5,78.2,5.0,170,9,0,0.43,0,0,0.6,0.0,3.9,29.1,SEC_KOTA_RATL,Superfast Express,54.9
80.8,87.5,7.6,95,16,0,0.19,2,0,0.1,0.0,5.9,11.7,SEC_NDLS_MTJ,Rajdhani Express,63.1
91.6,69.1,8.4,165,15,4,0.34,0,0,0.6,0.0,2.6,52.9,SEC_RATL_BRC,Mail Express,47.2
96.8,61.1,8.8,65,13,2,0.13,0,0,0.1,0.0,4.6,12.7,SEC_SWM_KOTA,Rajdhani Express,34.5
41.0,26.0,4.0,75,8,2,0.73,1,0,0.0,0.0,2.6,18.0,SEC_BTE_GGC,Express,40.0
35.7,160.0,3.5,170,8,3,0.81,0,1,0.0,0.0,2.6,17.3,SEC_KOTA_RATL,Express,274.3
95.2,82.8,4.0,95,17,2,0.41,0,0,0.0,0.0,2.8,7.0,SEC_NDLS_MTJ,Superfast Express,50.9
19.8,22.5,0.3,25,19,4,0.73,0,1,0.0,0.0,2.7,17.0,SEC_MTJ_BTE,Mail Express,26.6
92.8,16.0,6.8,42,22,6,0.27,1,0,0.0,0.0,1.2,40.6,SEC_GGC_SWM,Mail Express,9.1
81.6,18.9,18.2,25,20,5,0.35,0,0,0.6,0.0,5.0,7.8,SEC_MTJ_BTE,Rajdhani Express,16.3
97.8,56.6,3.5,170,20,4,0.56,0,0,0.0,0.0,4.5,20.4,SEC_KOTA_RATL,Superfast Express,34.4
96.8,33.0,25.2,25,17,3,0.55,1,0,0.0,0.0,3.4,8.5,SEC_MTJ_BTE,Superfast Express,22.4
104.0,27.7,6.7,65,19,4,0.43,1,0,0.9,0.0,2.0,10.8,SEC_SWM_KOTA,Mail Express,20.0
85.0,112.8,13.3,165,22,4,0.29,0,0,0.3,0.0,3.1,16.3,SEC_RATL_BRC,Superfast Express,77.2
43.9,112.0,1.4,95,10,3,0.83,0,0,0.0,0.0,2.1,13.6,SEC_NDLS_MTJ,Express,156.3
106.6,26.2,17.5,75,3,2,0.14,0,0,0.3,0.0,2.7,18.0,SEC_BTE_GGC,Mail Express,15.8
29.6,74.6,10.0,250,8,3,0.6,0,1,0.0,0.0,3.2,7.8,SEC_BRC_MMCT,Superfast Express,155.8
100.7,8.9,6.4,42,2,6,0.4,0,0,0.6,0.0,6.3,5.7,SEC_GGC_SWM,Rajdhani Express,6.1
46.3,224.3,3.2,165,5,2,0.32,4,0,0.0,0.0,2.7,48.5,SEC_RATL_BRC,Express,291.0
93.7,12.5,11.9,75,17,5,0.67,1,0,0.3,0.0,3.1,29.5,SEC_BTE_GGC,Superfast Express,7.6
49.1,45.8,3.4,42,5,4,0.15,2,0,0.1,0.0,2.5,23.2,SEC_GGC_SWM,Mail Express,57.8
68.8,21.7,24.1,42,18,6,0.79,1,0,0.1,0.0,1.2,33.7,SEC_GGC_SWM,Superfast Express,24.3
86.8,25.8,5.7,25,3,5,0.12,0,0,0.3,0.0,1.9,0.3,SEC_MTJ_BTE,Superfast Express,14.9
106.1,255.2,4.8,250,12,6,0.4,0,0,0.0,0.0,3.6,42.1,SEC_BRC_MMCT,Rajdhani Express,144.0
110.8,9.5,18.2,75,5,4,0.15,1,0,0.0,0.0,3.8,26.7,SEC_BTE_GGC,Superfast Express,3.5
59.2,122.9,2.4,95,5,1,0.2,2,0,0.0,0.0,3.4,5.0,SEC_NDLS_MTJ,Superfast Express,122.7
93.3,21.2,4.8,25,3,0,0.21,1,0,0.0,0.0,1.3,13.5,SEC_MTJ_BTE,Rajdhani Express,13.2
105.7,82.2,24.8,75,5,0,0.45,0,0,0.6,0.0,1.2,85.3,SEC_BTE_GGC,Superfast Express,52.0
95.9,41.1,15.9,95,22,4,0.15,1,0,0.0,0.0,1.0,2.9,SEC_NDLS_MTJ,Rajdhani Express,25.4
65.2,106.1,19.1,165,13,3,0.4,2,0,0.0,0.0,2.1,16.1,SEC_RATL_BRC,Mail Express,97.5
0.0,16.6,17.9,25,0,4,0.3,0,0,0.0,3.6,5.2,27.6,SEC_MTJ_BTE,Rajdhani Express,14.3
91.7,203.0,8.1,250,3,0,0.47,0,0,0.0,0.0,2.4,5.9,SEC_BRC_MMCT,Mail Express,129.5
80.1,25.2,13.9,25,6,2,0.1,1,0,0.0,18.9,1.1,22.4,SEC_MTJ_BTE,Express,37.7
96.6,193.1,3.8,165,9,0,0.59,0,0,0.3,0.0,5.0,12.5,SEC_RATL_BRC,Rajdhani Express,118.2
67.0,30.7,4.2,42,10,5,0.79,1,0,0.0,0.0,1.6,7.2,SEC_GGC_SWM,Express,30.9
123.7,14.5,23.5,42,18,4,0.62,0,0,0.0,0.0,1.0,6.1,SEC_GGC_SWM,Rajdhani Express,4.7
0.0,73.6,16.6,95,8,3,0.7,2,0,0.3,28.4,2.9,14.5,SEC_NDLS_MTJ,Mail Express,90.1
61.3,21.5,17.4,75,10,2,0.8,0,0,0.0,3.3,1.7,10.6,SEC_BTE_GGC,Superfast Express,25.3
48.1,226.2,12.4,165,21,6,0.73,1,0,0.0,7.8,2.2,4.3,SEC_RATL_BRC,Express,296.3
95.1,11.0,19.9,25,0,1,0.15,0,0,0.3,3.7,5.7,3.1,SEC_MTJ_BTE,Rajdhani Express,8.5
94.4,41.6,8.7,95,12,1,0.3,1,0,0.0,0.0,2.6,23.2,SEC_NDLS_MTJ,Mail Express,26.9
59.6,90.0,7.9,95,8,2,0.8,1,0,0.0,0.0,1.5,10.6,SEC_NDLS_MTJ,Express,92.4
88.6,233.9,13.7,165,2,2,0.4,1,0,0.6,0.0,1.1,13.6,SEC_RATL_BRC,Mail Express,167.8
0.0,51.7,12.7,95,13,3,0.39,0,0,0.6,29.6,7.1,17.4,SEC_NDLS_MTJ,Rajdhani Express,69.3
64.9,101.8,6.7,165,8,0,0.4,2,0,0.1,0.0,2.9,39.0,SEC_RATL_BRC,Mail Express,93.8
106.6,19.7,20.4,25,20,3,0.57,1,0,0.0,3.6,7.7,7.6,SEC_MTJ_BTE,Rajdhani Express,19.5
98.8,86.8,6.9,170,2,5,0.2,0,0,0.0,0.0,1.1,1.8,SEC_KOTA_RATL,Express,46.6
72.4,17.5,1.7,25,9,0,0.38,0,0,0.3,0.0,1.3,7.2,SEC_MTJ_BTE,Superfast Express,12.9
103.9,240.7,6.4,250,3,3,0.23,0,0,0.0,0.0,2.4,21.1,SEC_BRC_MMCT,Express,137.1
75.8,52.9,2.7,65,1,4,0.29,4,0,0.0,0.0,1.9,20.5,SEC_SWM_KOTA,Mail Express,40.0
52.8,43.1,10.9,95,17,6,0.52,2,0,0.0,0.0,2.5,10.2,SEC_NDLS_MTJ,Express,49.4
30.1,20.8,0.7,42,13,4,0.16,0,1,0.0,0.0,2.4,31.2,SEC_GGC_SWM,Mail Express,49.0
36.1,15.2,8.5,42,17,1,0.81,0,0,0.1,0.0,2.7,5.4,SEC_GGC_SWM,Express,23.1
93.8,105.2,8.7,165,5,3,0.41,0,0,0.0,0.0,1.7,2.0,SEC_RATL_BRC,Mail Express,67.4
0.0,200.2,23.9,250,16,1,0.38,1,0,0.0,10.6,5.7,17.9,SEC_BRC_MMCT,Rajdhani Express,151.3
91.0,67.0,17.1,165,15,4,0.41,0,0,0.0,0.0,4.9,2.1,SEC_RATL_BRC,Rajdhani Express,41.0
130.0,175.2,1.5,250,11,0,0.68,0,0,0.0,0.0,6.9,21.6,SEC_BRC_MMCT,Rajdhani Express,76.9
69.8,242.3,8.6,170,5,2,0.43,3,0,0.0,0.0,1.2,15.5,SEC_KOTA_RATL,Mail Express,217.9
0.0,18.7,10.8,250,18,3,0.43,2,1,0.1,13.6,7.0,2.3,SEC_BRC_MMCT,Rajdhani Express,33.0
31.3,188.1,6.5,165,22,4,0.23,0,1,0.1,0.0,3.8,22.9,SEC_RATL_BRC,Rajdhani Express,365.9
98.3,38.6,4.2,42,0,0,0.48,0,0,0.0,0.0,2.9,5.7,SEC_GGC_SWM,Superfast Express,23.9
37.0,67.1,9.8,75,22,6,0.24,0,1,0.0,0.0,1.4,3.5,SEC_BTE_GGC,Mail Express,114.5
34.4,132.1,14.9,170,20,4,0.6,0,1,0.0,2.8,2.3,13.4,SEC_KOTA_RATL,Mail Express,239.5
103.0,82.4,0.3,75,0,2,0.44,1,0,0.3,0.0,2.9,25.5,SEC_BTE_GGC,Mail Express,51.0
57.3,7.2,17.7,25,18,2,0.71,0,0,0.0,0.0,6.7,14.6,SEC_MTJ_BTE,Rajdhani Express,9.1
23.1,60.4,26.0,75,14,2,0.27,1,1,0.3,30.6,3.4,0.9,SEC_BTE_GGC,Rajdhani Express,179.1
96.2,191.5,0.5,170,3,3,0.43,0,0,0.0,0.0,1.8,13.9,SEC_KOTA_RATL,Express,120.7
42.0,180.5,1.3,250,9,5,0.71,2,0,0.1,0.0,1.1,4.4,SEC_BRC_MMCT,Mail Express,264.5
78.8,26.2,6.3,25,15,2,0.11,1,0,0.0,0.0,1.9,34.3,SEC_MTJ_BTE,Superfast Express,19.8
95.6,198.9,14.9,165,2,0,0.34,1,0,0.1,0.0,3.4,6.3,SEC_RATL_BRC,Superfast Express,127.0
82.0,72.5,12.4,75,2,4,0.24,0,0,0.0,0.0,1.9,15.4,SEC_BTE_GGC,Express,54.5
105.8,115.5,11.3,165,13,2,0.18,1,0,0.6,0.0,1.4,15.8,SEC_RATL_BRC,Superfast Express,70.2
0.0,37.4,18.9,75,4,4,0.29,2,0,0.0,12.7,1.7,7.1,SEC_BTE_GGC,Superfast Express,40.0
0.0,196.3,10.6,250,16,4,0.3,1,0,0.0,30.4,1.9,42.5,SEC_BRC_MMCT,Express,169.8
84.8,16.4,16.3,25,1,6,0.23,0,0,0.6,0.0,2.8,8.0,SEC_MTJ_BTE,Mail Express,13.3
38.1,55.4,4.2,65,8,1,0.77,2,0,0.0,0.0,2.4,7.4,SEC_SWM_KOTA,Express,92.6
80.7,19.8,16.0,25,21,2,0.45,1,0,0.1,0.0,1.8,49.6,SEC_MTJ_BTE,Express,16.9
97.2,159.2,4.2,170,1,2,0.13,0,0,0.1,0.0,1.2,13.1,SEC_KOTA_RATL,Mail Express,98.4
35.6,166.8,18.6,165,0,6,0.41,1,1,0.9,0.0,1.6,29.0,SEC_RATL_BRC,Superfast Express,293.6
104.8,52.6,28.4,75,11,3,0.55,0,0,0.1,0.0,2.9,1.4,SEC_BTE_GGC,Superfast Express,27.8
85.1,70.7,2.0,95,23,0,0.5,0,0,0.0,0.0,4.8,10.7,SEC_NDLS_MTJ,Rajdhani Express,48.4
84.3,24.1,1.8,25,7,5,0.23,1,0,0.0,0.0,1.5,13.3,SEC_MTJ_BTE,Mail Express,20.0
51.2,101.3,4.5,170,8,0,0.38,2,0,0.0,0.0,1.8,8.4,SEC_KOTA_RATL,Mail Express,121.6
111.0,75.8,3.8,250,6,6,0.25,0,0,0.0,0.0,4.7,47.9,SEC_BRC_MMCT,Superfast Express,36.2
105.2,42.0,11.4,75,15,1,0.28,0,0,0.0,0.0,2.8,2.7,SEC_BTE_GGC,Express,24.6
100.0,104.3,39.3,75,23,6,0.49,0,0,0.1,0.0,2.0,3.0,SEC_BTE_GGC,Express,66.2
123.1,69.0,4.2,65,1,0,0.35,0,0,0.0,0.0,5.7,11.7,SEC_SWM_KOTA,Rajdhani Express,33.2
74.1,221.5,0.5,250,5,5,0.47,3,0,0.0,0.0,4.5,9.2,SEC_BRC_MMCT,Superfast Express,177.1
97.2,34.1,3.8,65,7,0,0.36,1,0,0.0,0.0,2.3,14.4,SEC_SWM_KOTA,Mail Express,22.2
93.0,33.5,12.9,75,2,3,0.25,1,0,0.1,0.0,1.6,36.0,SEC_BTE_GGC,Mail Express,20.5
89.4,64.4,8.7,170,15,0,0.2,0,0,0.0,0.0,1.8,7.6,SEC_KOTA_RATL,Rajdhani Express,41.1
38.2,25.3,3.9,95,17,5,0.72,2,0,0.0,0.0,1.7,13.0,SEC_NDLS_MTJ,Express,39.8
70.0,33.3,15.7,95,3,4,0.42,2,0,0.3,0.0,7.1,5.8,SEC_NDLS_MTJ,Rajdhani Express,27.9
41.9,142.0,15.2,170,19,1,0.81,0,0,0.0,0.0,1.4,24.5,SEC_KOTA_RATL,Rajdhani Express,207.4
117.1,235.2,0.5,250,21,0,0.47,0,0,0.0,0.0,7.1,1.4,SEC_BRC_MMCT,Rajdhani Express,113.3
100.3,151.9,18.4,170,13,0,0.49,0,0,0.0,0.0,3.8,12.6,SEC_KOTA_RATL,Superfast Express,88.4
93.8,123.4,13.7,95,7,6,0.42,0,0,0.0,0.0,2.7,9.4,SEC_NDLS_MTJ,Express,75.4
55.2,143.9,4.2,250,18,1,0.48,2,0,0.0,0.0,4.0,10.4,SEC_BRC_MMCT,Rajdhani Express,154.5
94.3,9.7,18.4,42,1,3,0.35,1,0,0.0,0.0,5.1,41.4,SEC_GGC_SWM,Rajdhani Express,3.1
47.2,9.1,7.8,25,18,2,0.73,0,0,0.0,0.0,2.6,9.6,SEC_MTJ_BTE,Mail Express,14.2
83.3,118.2,3.0,95,15,2,0.23,2,0,0.0,0.0,1.1,34.0,SEC_NDLS_MTJ,Rajdhani Express,84.5
92.3,5.3,1.4,25,17,5,0.67,1,0,0.1,0.0,1.4,19.9,SEC_MTJ_BTE,Express,4.0
93.4,86.5,1.4,170,7,6,0.14,0,0,0.6,0.0,2.5,7.5,SEC_KOTA_RATL,Express,58.2
91.9,81.4,24.0,75,13,4,0.22,0,0,0.0,0.0,2.8,1.3,SEC_BTE_GGC,Mail Express,50.5
73.0,33.5,18.4,42,11,1,0.72,0,0,0.0,0.0,2.5,9.8,SEC_GGC_SWM,Mail Express,29.7
102.2,32.2,0.3,65,15,6,0.5,0,0,0.0,0.0,1.8,1.0,SEC_SWM_KOTA,Express,15.6
83.5,19.6,0.2,25,23,0,0.15,0,0,0.0,0.0,2.8,0.4,SEC_MTJ_BTE,Mail Express,13.0
69.9,62.3,0.9,75,6,6,0.12,2,0,0.0,0.0,2.7,23.3,SEC_BTE_GGC,Mail Express,48.6
113.2,42.0,9.7,65,6,6,0.36,0,0,0.1,0.0,1.1,8.4,SEC_SWM_KOTA,Rajdhani Express,21.3
20.3,6.2,63.1,25,8,2,0.53,1,1,0.0,0.0,2.1,26.2,SEC_MTJ_BTE,Rajdhani Express,18.4
93.2,101.2,11.0,95,11,6,0.54,1,0,0.0,16.7,3.1,2.5,SEC_NDLS_MTJ,Superfast Express,82.7
99.6,205.6,11.2,165,21,1,0.45,0,0,0.1,0.0,4.8,5.4,SEC_RATL_BRC,Superfast Express,121.0
79.9,11.5,2.0,25,9,1,0.5,1,0,0.9,0.0,2.9,8.2,SEC_MTJ_BTE,Mail Express,15.0
73.6,188.0,1.5,170,8,4,0.85,0,0,0.6,0.0,1.1,31.9,SEC_KOTA_RATL,Mail Express,161.9
97.6,44.8,5.5,42,4,3,0.24,0,0,0.3,0.0,1.3,10.5,SEC_GGC_SWM,Express,30.8
29.1,68.2,15.7,95,8,4,0.64,3,1,0.3,2.7,1.9,0.9,SEC_NDLS_MTJ,Mail Express,155.8
89.8,170.6,33.3,165,23,3,0.3,0,0,0.1,38.5,7.2,3.1,SEC_RATL_BRC,Rajdhani Express,148.4
106.9,220.5,3.7,250,18,4,0.65,1,0,0.1,0.0,4.3,14.4,SEC_BRC_MMCT,Superfast Express,125.5
92.1,16.3,7.8,42,9,4,0.59,0,0,0.0,0.0,1.5,11.4,SEC_GGC_SWM,Express,12.0
34.7,22.0,11.5,42,5,2,0.12,0,1,0.0,0.0,1.3,6.3,SEC_GGC_SWM,Express,42.6
92.2,51.5,14.7,42,20,6,0.45,0,0,0.0,0.0,2.4,16.3,SEC_GGC_SWM,Mail Express,32.3
99.8,23.6,39.2,65,4,4,0.13,0,0,0.0,0.0,1.3,4.4,SEC_SWM_KOTA,Mail Express,14.0
56.4,132.8,5.7,95,10,0,0.46,2,0,0.0,0.0,1.5,7.6,SEC_NDLS_MTJ,Express,147.0
55.3,200.3,1.5,250,8,5,0.76,1,0,0.0,0.0,2.3,32.6,SEC_BRC_MMCT,Mail Express,220.9
36.7,52.3,10.3,95,11,3,0.6,0,1,0.1,0.0,1.5,34.0,SEC_NDLS_MTJ,Mail Express,91.2
68.3,64.8,1.2,170,2,2,0.15,3,0,0.0,0.0,1.1,27.2,SEC_KOTA_RATL,Express,56.4
120.3,91.5,11.7,165,6,4,0.48,1,0,0.0,0.0,1.8,42.8,SEC_RATL_BRC,Superfast Express,48.9
107.8,60.4,17.1,75,19,0,0.56,0,0,0.9,0.0,1.7,13.2,SEC_BTE_GGC,Rajdhani Express,36.0
32.4,195.5,4.5,170,3,0,0.14,2,1,0.0,0.0,1.9,12.8,SEC_KOTA_RATL,Express,372.6
101.7,165.6,7.2,250,23,0,0.38,1,0,0.0,0.0,1.5,2.2,SEC_BRC_MMCT,Express,97.4
61.6,13.1,8.4,25,3,0,0.5,4,0,0.1,0.0,3.9,12.5,SEC_MTJ_BTE,Superfast Express,15.2
85.2,4.6,11.6,25,16,3,0.29,0,0,0.0,0.0,3.0,3.6,SEC_MTJ_BTE,Mail Express,3.0
84.1,15.9,4.4,25,4,2,0.32,0,0,0.0,0.0,3.9,6.3,SEC_MTJ_BTE,Rajdhani Express,12.9
50.2,31.5,8.3,65,21,3,0.76,1,0,0.1,0.0,2.0,2.2,SEC_SWM_KOTA,Mail Express,36.3
100.4,130.5,2.5,95,5,5,0.19,0,0,0.0,0.0,3.3,11.7,SEC_NDLS_MTJ,Superfast Express,76.0
24.4,77.0,5.3,95,22,4,0.24,1,1,0.6,0.0,2.0,0.9,SEC_NDLS_MTJ,Mail Express,192.8
25.0,131.7,1.0,170,10,6,0.6,0,1,0.0,0.0,4.6,3.9,SEC_KOTA_RATL,Superfast Express,316.8
62.0,73.5,0.4,65,21,1,0.77,0,0,0.0,0.0,1.3,18.2,SEC_SWM_KOTA,Rajdhani Express,76.0
113.3,80.1,7.3,95,21,1,0.47,0,0,0.1,0.0,6.2,13.4,SEC_NDLS_MTJ,Rajdhani Express,37.3
19.7,51.0,9.0,75,10,6,0.83,1,1,0.0,0.0,2.9,19.6,SEC_BTE_GGC,Mail Express,45.7
94.3,55.3,6.3,170,0,1,0.18,0,0,0.1,0.0,2.9,6.0,SEC_KOTA_RATL,Rajdhani Express,31.1
77.7,143.4,4.6,165,2,2,0.18,3,0,0.3,0.0,4.9,17.6,SEC_RATL_BRC,Rajdhani Express,109.7
40.2,10.1,3.2,25,6,6,0.38,4,0,0.1,0.0,2.6,1.6,SEC_MTJ_BTE,Express,14.3
52.7,68.4,3.1,75,20,5,0.71,1,0,0.0,0.0,1.5,12.9,SEC_BTE_GGC,Express,81.5
45.4,78.1,0.4,65,20,4,0.84,0,1,0.3,0.0,2.1,28.3,SEC_SWM_KOTA,Mail Express,113.4
112.7,219.4,15.3,170,14,2,0.47,1,0,0.6,0.0,1.4,9.3,SEC_KOTA_RATL,Rajdhani Express,125.2
47.9,60.0,1.7,95,3,6,0.46,1,1,0.0,0.0,2.5,31.8,SEC_NDLS_MTJ,Mail Express,79.8
116.4,162.4,1.0,250,4,3,0.44,1,0,0.1,0.0,3.3,17.0,SEC_BRC_MMCT,Superfast Express,83.4
24.5,74.2,9.6,95,22,5,0.18,2,1,0.1,0.0,1.3,20.9,SEC_NDLS_MTJ,Express,184.5
64.8,113.3,12.0,170,7,5,0.38,2,0,0.0,0.0,2.7,31.1,SEC_KOTA_RATL,Rajdhani Express,103.5
0.0,8.7,10.6,25,0,3,0.12,2,0,0.1,8.6,5.4,1.8,SEC_MTJ_BTE,Rajdhani Express,13.3
120.9,18.0,5.3,65,9,6,0.6,1,0,0.3,0.0,1.8,2.0,SEC_SWM_KOTA,Superfast Express,10.5
85.8,78.9,24.5,95,22,4,0.32,0,0,0.3,0.0,4.3,42.7,SEC_NDLS_MTJ,Superfast Express,52.5
43.4,18.2,0.8,25,8,2,0.58,1,1,0.0,0.0,7.1,2.8,SEC_MTJ_BTE,Rajdhani Express,33.1
21.7,97.9,4.0,75,6,3,0.14,1,1,0.0,0.0,3.0,9.9,SEC_BTE_GGC,Rajdhani Express,238.8
89.6,28.3,3.2,95,2,0,0.29,1,0,0.6,0.0,2.8,1.5,SEC_NDLS_MTJ,Express,19.7
117.0,61.6,0.1,65,7,5,0.11,0,0,0.0,0.0,5.1,43.9,SEC_SWM_KOTA,Rajdhani Express,30.7
98.0,213.0,2.6,170,17,2,0.37,0,0,0.1,0.0,2.2,1.0,SEC_KOTA_RATL,Superfast Express,128.1
92.1,170.1,5.1,170,11,5,0.51,1,0,0.0,0.0,4.9,27.3,SEC_KOTA_RATL,Superfast Express,110.3
68.8,206.8,39.6,170,1,2,0.2,2,0,0.3,0.0,3.0,4.3,SEC_KOTA_RATL,Superfast Express,180.5
64.8,85.0,6.9,165,1,0,0.46,2,0,0.1,0.0,3.5,1.7,SEC_RATL_BRC,Rajdhani Express,78.3
48.4,86.7,0.4,165,18,4,0.47,2,0,0.1,0.0,2.9,23.2,SEC_RATL_BRC,Mail Express,105.1
109.3,103.3,2.2,95,12,4,0.17,1,0,0.1,0.0,1.4,2.9,SEC_NDLS_MTJ,Rajdhani Express,57.8
38.8,95.3,2.8,165,2,4,0.49,1,1,0.0,0.0,3.8,28.8,SEC_RATL_BRC,Rajdhani Express,151.7
94.1,116.8,5.3,165,15,2,0.34,1,0,0.0,0.0,2.7,16.5,SEC_RATL_BRC,Mail Express,73.7
93.4,103.0,2.4,95,15,4,0.48,1,0,0.0,0.0,1.7,2.7,SEC_NDLS_MTJ,Superfast Express,68.0
36.8,79.6,8.0,65,22,1,0.21,1,1,0.0,0.0,1.7,75.8,SEC_SWM_KOTA,Superfast Express,133.9
90.6,16.8,13.0,42,9,4,0.42,1,0,0.0,0.0,2.8,20.3,SEC_GGC_SWM,Express,9.8
86.8,15.8,3.8,170,0,0,0.36,0,0,0.0,0.0,3.2,5.2,SEC_KOTA_RATL,Superfast Express,11.1
30.0,82.8,1.4,165,14,3,0.42,0,1,0.1,0.0,1.8,32.4,SEC_RATL_BRC,Mail Express,169.3
96.4,73.0,10.7,75,10,0,0.62,1,0,0.0,18.7,1.1,46.7,SEC_BTE_GGC,Express,67.6
84.4,33.3,22.0,42,20,2,0.72,1,0,0.3,14.9,3.4,10.3,SEC_GGC_SWM,Superfast Express,38.4
103.8,37.3,15.4,95,15,1,0.19,1,0,0.0,58.6,3.4,9.0,SEC_NDLS_MTJ,Rajdhani Express,78.2
90.4,182.1,17.5,165,8,1,0.62,1,0,0.0,0.0,2.3,23.2,SEC_RATL_BRC,Express,124.4
43.9,99.3,6.5,165,9,0,0.77,3,0,0.1,0.0,1.0,28.2,SEC_RATL_BRC,Superfast Express,143.4
79.8,62.7,2.7,250,5,4,0.24,2,0,0.0,0.0,2.7,7.0,SEC_BRC_MMCT,Express,41.5
117.8,110.4,4.6,95,21,4,0.65,1,0,0.0,0.0,4.7,25.1,SEC_NDLS_MTJ,Superfast Express,57.1
87.6,20.0,11.4,75,7,2,0.11,0,0,0.0,0.0,2.4,11.5,SEC_BTE_GGC,Superfast Express,10.8
30.1,7.7,4.4,170,2,0,0.36,0,1,0.0,0.0,2.5,0.2,SEC_KOTA_RATL,Rajdhani Express,14.0
23.2,59.2,6.5,95,20,3,0.35,0,1,0.0,0.0,3.7,9.3,SEC_NDLS_MTJ,Rajdhani Express,147.0
51.7,123.4,2.4,95,7,0,0.47,4,0,0.0,0.0,2.0,6.3,SEC_NDLS_MTJ,Express,150.4
96.9,236.0,8.1,165,7,0,0.42,1,0,0.6,0.0,2.2,0.8,SEC_RATL_BRC,Express,153.1
45.2,60.5,20.5,75,2,3,0.48,0,1,0.0,0.0,5.6,20.3,SEC_BTE_GGC,Rajdhani Express,84.5
47.6,224.9,11.7,165,7,6,0.12,3,0,0.0,0.0,1.9,3.5,SEC_RATL_BRC,Mail Express,283.8
44.5,29.0,1.6,75,9,5,0.79,1,0,0.0,0.0,7.7,39.9,SEC_BTE_GGC,Rajdhani Express,36.6
63.7,179.6,1.5,170,10,6,0.75,3,0,0.0,0.0,1.9,27.6,SEC_KOTA_RATL,Mail Express,177.5
59.3,284.2,22.2,250,18,6,0.81,4,0,0.6,3.9,1.2,2.9,SEC_BRC_MMCT,Express,306.5
88.5,64.5,6.8,75,5,4,0.45,0,0,0.0,0.0,1.7,6.7,SEC_BTE_GGC,Rajdhani Express,42.0
64.5,79.6,3.4,165,5,3,0.11,2,0,0.0,0.0,1.9,0.3,SEC_RATL_BRC,Express,72.3
117.8,73.2,0.6,95,7,3,0.47,0,0,0.1,0.0,2.7,5.6,SEC_NDLS_MTJ,Superfast Express,36.2
45.8,57.7,4.6,75,22,1,0.33,0,1,0.6,0.0,6.4,3.0,SEC_BTE_GGC,Rajdhani Express,77.9
71.8,365.9,30.5,250,11,4,0.84,2,0,0.0,52.7,2.3,10.5,SEC_BRC_MMCT,Express,366.9
108.6,75.7,22.1,75,8,3,0.44,1,0,0.6,0.0,7.9,8.0,SEC_BTE_GGC,Rajdhani Express,45.2
120.6,26.0,2.3,250,22,4,0.24,1,0,0.0,0.0,1.7,17.2,SEC_BRC_MMCT,Rajdhani Express,9.1
41.5,15.8,2.7,75,14,0,0.24,1,1,0.0,0.0,3.5,10.6,SEC_BTE_GGC,Rajdhani Express,25.2
83.1,21.0,13.0,25,5,1,0.22,0,0,0.0,0.0,1.6,78.5,SEC_MTJ_BTE,Express,15.8
91.6,10.7,1.0,95,6,3,0.34,1,0,0.0,0.0,4.3,8.9,SEC_NDLS_MTJ,Superfast Express,5.2
69.5,48.0,29.7,75,20,6,0.51,2,0,0.0,3.0,2.9,3.6,SEC_BTE_GGC,Rajdhani Express,44.9
90.7,63.3,1.9,75,11,4,0.7,1,0,0.0,0.0,1.3,60.4,SEC_BTE_GGC,Rajdhani Express,45.0
86.0,22.6,1.2,25,23,0,0.12,1,0,0.6,0.0,1.8,19.5,SEC_MTJ_BTE,Mail Express,20.1
102.8,140.0,2.6,170,13,0,0.13,0,0,0.1,0.0,5.6,31.7,SEC_KOTA_RATL,Rajdhani Express,73.2
62.3,26.3,3.3,25,6,4,0.32,2,0,0.1,0.0,1.6,21.3,SEC_MTJ_BTE,Mail Express,26.7
107.0,53.0,7.3,170,17,4,0.49,1,0,0.0,0.0,2.7,57.9,SEC_KOTA_RATL,Express,29.1
21.7,25.6,14.5,25,18,5,0.68,2,1,0.3,0.0,1.2,16.8,SEC_MTJ_BTE,Express,74.6
74.4,116.8,2.5,250,5,5,0.44,2,0,0.1,0.0,2.5,4.0,SEC_BRC_MMCT,Mail Express,94.0
69.7,23.0,7.4,25,17,4,0.81,1,0,0.0,0.0,1.7,23.6,SEC_MTJ_BTE,Mail Express,26.0
52.0,109.5,0.8,95,10,1,0.75,3,0,0.0,0.0,3.8,6.8,SEC_NDLS_MTJ,Rajdhani Express,131.9
102.4,125.8,29.8,250,2,4,0.47,0,0,0.3,0.0,1.6,1.1,SEC_BRC_MMCT,Superfast Express,74.4
93.8,178.4,21.0,165,16,4,0.23,0,0,0.0,0.0,1.4,1.9,SEC_RATL_BRC,Superfast Express,112.2
34.7,217.4,3.4,250,16,2,0.25,2,1,0.3,0.0,2.9,18.4,SEC_BRC_MMCT,Superfast Express,382.9
95.6,81.1,14.0,170,1,5,0.35,0,0,0.0,0.0,2.8,2.8,SEC_KOTA_RATL,Express,47.9
34.4,20.9,10.5,25,5,5,0.33,0,1,0.6,0.0,1.0,11.7,SEC_MTJ_BTE,Superfast Express,48.6
109.0,344.6,15.9,250,0,0,0.19,0,0,0.1,0.0,4.8,23.5,SEC_BRC_MMCT,Superfast Express,188.9
66.7,45.9,5.9,75,19,2,0.74,0,0,0.3,0.0,4.9,33.7,SEC_BTE_GGC,Superfast Express,45.2
105.4,62.0,16.1,75,4,5,0.35,0,0,0.0,0.0,4.8,40.8,SEC_BTE_GGC,Superfast Express,31.9
76.4,37.4,9.8,75,8,0,0.84,2,0,0.0,0.0,1.1,3.3,SEC_BTE_GGC,Rajdhani Express,31.2
104.9,47.8,1.6,65,15,2,0.47,0,0,0.0,0.0,2.1,5.6,SEC_SWM_KOTA,Express,26.8
83.8,45.4,0.2,42,23,6,0.3,0,0,0.0,0.0,3.8,28.2,SEC_GGC_SWM,Superfast Express,28.6
99.0,11.3,16.2,25,13,2,0.45,1,0,0.0,19.5,3.8,6.9,SEC_MTJ_BTE,Rajdhani Express,26.7
45.6,6.3,10.3,42,21,1,0.61,3,0,0.1,0.0,6.5,16.3,SEC_GGC_SWM,Rajdhani Express,10.2
96.4,76.6,3.0,95,1,5,0.31,0,0,0.1,0.0,4.0,5.9,SEC_NDLS_MTJ,Superfast Express,47.1
42.1,40.9,3.3,42,8,5,0.5,0,1,0.0,0.0,2.4,14.7,SEC_GGC_SWM,Rajdhani Express,66.5
97.1,25.9,16.8,75,4,1,0.18,1,0,0.1,0.9,1.0,16.0,SEC_BTE_GGC,Superfast Express,15.8
48.9,185.7,23.3,250,11,6,0.72,2,0,0.1,10.6,2.6,5.1,SEC_BRC_MMCT,Mail Express,244.7
27.5,74.4,0.8,75,7,2,0.34,1,1,0.0,0.0,3.8,4.1,SEC_BTE_GGC,Rajdhani Express,168.3
86.2,42.1,3.4,42,4,4,0.47,0,0,0.1,0.0,7.5,7.8,SEC_GGC_SWM,Rajdhani Express,29.6
79.6,14.9,17.0,25,10,0,0.55,0,0,0.0,0.0,2.4,1.1,SEC_MTJ_BTE,Mail Express,12.2
62.9,160.5,0.3,165,12,1,0.22,3,0,0.0,0.0,1.0,1.1,SEC_RATL_BRC,Express,154.5
105.3,87.8,2.7,95,11,5,0.47,1,0,0.0,0.0,3.5,19.6,SEC_NDLS_MTJ,Rajdhani Express,50.6
38.1,38.1,2.4,42,14,3,0.33,0,1,0.0,0.0,1.1,89.7,SEC_GGC_SWM,Mail Express,67.4
29.2,24.5,8.3,170,18,0,0.78,1,1,0.0,0.0,1.5,1.4,SEC_KOTA_RATL,Mail Express,57.7
103.9,21.9,0.3,42,2,5,0.41,1,0,0.6,0.0,2.2,2.6,SEC_GGC_SWM,Superfast Express,14.6
91.5,20.4,3.7,95,19,0,0.37,0,0,0.0,0.0,1.0,6.8,SEC_NDLS_MTJ,Superfast Express,12.5
76.2,235.5,12.2,165,15,2,0.47,2,0,0.0,0.0,7.7,12.1,SEC_RATL_BRC,Rajdhani Express,182.8
61.4,135.5,8.1,165,5,4,0.2,2,0,0.0,0.0,3.2,1.4,SEC_RATL_BRC,Rajdhani Express,132.1
98.1,44.3,16.1,42,0,2,0.38,1,0,0.0,0.0,6.0,12.6,SEC_GGC_SWM,Rajdhani Express,27.3
38.7,57.8,4.7,42,2,4,0.19,1,1,0.1,0.0,1.2,3.1,SEC_GGC_SWM,Express,97.1
96.8,133.4,3.9,165,5,1,0.18,0,0,0.1,0.0,1.9,1.7,SEC_RATL_BRC,Mail Express,82.8
84.5,5.2,2.9,25,3,3,0.39,0,0,0.6,0.0,4.7,65.4,SEC_MTJ_BTE,Superfast Express,7.0
57.3,123.9,1.7,250,16,0,0.5,2,0,0.1,0.0,3.1,0.0,SEC_BRC_MMCT,Rajdhani Express,130.8
88.1,111.9,26.5,170,17,2,0.7,0,0,0.0,0.0,1.7,7.0,SEC_KOTA_RATL,Mail Express,75.4
106.2,68.0,10.8,165,14,6,0.13,0,0,0.3,0.0,1.7,6.5,SEC_RATL_BRC,Mail Express,38.1
78.6,131.5,12.2,95,7,5,0.34,2,0,0.0,0.0,2.7,34.3,SEC_NDLS_MTJ,Mail Express,104.6
51.5,19.7,28.5,165,2,4,0.16,2,0,0.3,0.1,3.3,29.7,SEC_RATL_BRC,Superfast Express,19.4
98.3,32.0,0.5,165,11,0,0.47,1,0,0.0,0.0,2.0,6.7,SEC_RATL_BRC,Express,19.0
85.0,55.2,2.2,65,8,2,0.78,1,0,0.3,0.0,2.7,5.4,SEC_SWM_KOTA,Express,41.4
34.0,78.1,0.3,95,13,3,0.29,0,1,0.0,0.0,1.4,17.3,SEC_NDLS_MTJ,Mail Express,148.0
39.6,26.7,5.4,42,19,6,0.82,0,0,0.0,0.0,1.1,7.8,SEC_GGC_SWM,Express,43.0
43.8,18.0,8.4,42,18,3,0.63,2,1,0.0,0.0,4.8,28.2,SEC_GGC_SWM,Superfast Express,30.0
54.0,188.3,3.7,170,9,5,0.51,2,0,0.6,0.0,2.7,17.8,SEC_KOTA_RATL,Rajdhani Express,215.0
83.3,190.0,6.9,165,14,1,0.25,0,0,0.1,0.0,1.5,0.8,SEC_RATL_BRC,Superfast Express,138.4
47.7,41.5,3.2,75,12,1,0.36,2,0,0.0,0.0,3.0,0.7,SEC_BTE_GGC,Superfast Express,53.1
108.7,102.6,2.1,165,2,2,0.21,0,0,0.1,0.0,3.4,58.0,SEC_RATL_BRC,Rajdhani Express,54.9
100.6,80.2,14.1,75,6,6,0.25,0,0,0.0,0.0,1.7,30.5,SEC_BTE_GGC,Express,47.2
86.3,118.8,2.1,165,23,2,0.32,1,0,0.1,0.0,2.3,9.3,SEC_RATL_BRC,Superfast Express,80.6
91.4,162.9,1.1,170,21,1,0.73,2,0,0.0,0.0,1.7,25.9,SEC_KOTA_RATL,Express,109.1
92.1,31.3,0.3,25,17,5,0.59,0,0,0.0,0.0,7.1,23.6,SEC_MTJ_BTE,Rajdhani Express,23.6
109.9,89.5,2.5,250,23,4,0.49,1,0,0.3,0.0,7.5,14.1,SEC_BRC_MMCT,Rajdhani Express,45.7
104.0,96.3,4.4,165,20,1,0.47,0,0,0.1,0.0,3.1,0.8,SEC_RATL_BRC,Superfast Express,54.7
20.5,20.8,13.8,65,21,4,0.83,2,1,0.0,0.0,6.6,6.5,SEC_SWM_KOTA,Rajdhani Express,51.2
37.8,29.5,2.4,165,7,1,0.25,1,1,0.0,0.0,1.3,2.3,SEC_RATL_BRC,Express,47.2
42.5,23.6,11.2,170,4,5,0.47,2,1,0.0,0.0,1.5,1.7,SEC_KOTA_RATL,Superfast Express,38.4
96.8,56.7,7.6,65,5,2,0.45,0,0,0.0,0.0,2.2,7.2,SEC_SWM_KOTA,Mail Express,34.6
98.8,39.1,3.9,95,17,1,0.37,0,0,0.0,0.0,2.4,1.6,SEC_NDLS_MTJ,Express,20.1
102.5,55.4,10.1,42,8,1,0.53,0,0,0.1,0.0,4.0,29.9,SEC_GGC_SWM,Superfast Express,32.7
107.4,33.7,1.7,95,2,0,0.13,1,0,0.1,0.0,1.3,20.7,SEC_NDLS_MTJ,Superfast Express,18.7
88.5,142.4,10.8,170,12,0,0.33,0,0,0.3,10.4,1.1,10.1,SEC_KOTA_RATL,Mail Express,107.8
101.4,165.7,0.0,170,11,6,0.52,1,0,0.0,0.0,1.4,10.4,SEC_KOTA_RATL,Express,100.4
56.3,181.4,1.2,250,22,4,0.11,2,0,0.3,0.0,1.4,30.3,SEC_BRC_MMCT,Mail Express,194.0
63.0,48.7,15.4,65,10,6,0.77,1,0,0.3,0.0,1.3,3.4,SEC_SWM_KOTA,Mail Express,52.6
101.2,135.8,7.6,250,18,5,0.47,1,0,0.0,0.0,2.0,19.1,SEC_BRC_MMCT,Mail Express,81.4
94.3,38.3,10.0,65,6,2,0.21,0,0,0.6,0.0,2.9,6.2,SEC_SWM_KOTA,Express,20.9
72.9,32.4,0.2,42,11,4,0.71,0,0,0.0,0.0,2.6,32.0,SEC_GGC_SWM,Mail Express,27.2
54.1,165.9,1.1,250,12,3,0.29,3,0,0.1,0.0,1.2,73.9,SEC_BRC_MMCT,Express,187.1
41.8,99.6,7.9,165,13,1,0.15,1,1,0.1,0.0,1.8,12.5,SEC_RATL_BRC,Rajdhani Express,149.6
109.8,36.6,4.4,65,2,1,0.43,0,0,0.0,0.0,3.5,3.2,SEC_SWM_KOTA,Superfast Express,15.9
33.8,198.4,12.1,170,11,0,0.43,1,1,0.0,0.0,1.2,5.6,SEC_KOTA_RATL,Express,360.2
46.5,101.8,7.9,95,19,2,0.5,2,0,0.0,0.0,2.0,35.7,SEC_NDLS_MTJ,Express,133.6
36.3,27.8,29.5,25,5,6,0.23,1,1,0.3,0.0,2.1,1.2,SEC_MTJ_BTE,Express,49.2
63.5,11.0,3.1,165,10,6,0.81,2,0,0.0,0.0,3.6,1.6,SEC_RATL_BRC,Superfast Express,8.6
31.7,185.4,14.6,170,12,2,0.14,4,1,0.1,16.6,1.6,34.5,SEC_KOTA_RATL,Mail Express,376.2
33.3,190.7,1.9,250,3,6,0.36,0,1,0.1,0.0,1.7,17.8,SEC_BRC_MMCT,Superfast Express,346.5
93.1,36.5,6.4,42,14,6,0.27,0,0,0.6,0.0,3.0,22.0,SEC_GGC_SWM,Rajdhani Express,21.2
108.7,49.5,2.6,65,7,2,0.5,1,0,0.0,0.0,3.8,1.5,SEC_SWM_KOTA,Superfast Express,26.7
80.4,26.1,3.7,25,5,3,0.3,1,0,0.0,0.0,1.5,9.4,SEC_MTJ_BTE,Express,20.9
80.1,9.9,0.8,25,1,5,0.22,0,0,0.0,0.0,1.8,58.9,SEC_MTJ_BTE,Express,8.2
110.0,11.3,3.8,65,7,6,0.14,0,0,0.0,0.0,4.3,1.9,SEC_SWM_KOTA,Superfast Express,6.0
21.6,98.5,1.7,75,3,2,0.24,2,1,0.3,0.0,2.2,9.1,SEC_BTE_GGC,Mail Express,242.8
74.7,162.5,0.0,170,6,5,0.43,2,0,0.3,0.0,3.0,8.4,SEC_KOTA_RATL,Express,132.8
72.5,6.7,7.7,95,18,3,0.69,2,0,0.1,0.0,2.3,4.3,SEC_NDLS_MTJ,Mail Express,6.0
101.8,18.3,0.2,42,7,0,0.14,1,0,0.6,0.0,2.8,17.5,SEC_GGC_SWM,Mail Express,11.5
49.3,75.5,0.1,95,17,5,0.47,2,0,0.0,0.0,4.0,0.2,SEC_NDLS_MTJ,Rajdhani Express,94.4
82.5,8.3,18.5,25,16,6,0.11,0,0,0.3,0.0,2.8,22.1,SEC_MTJ_BTE,Mail Express,5.3
85.3,112.3,10.3,170,4,0,0.23,1,0,0.0,41.8,3.1,18.7,SEC_KOTA_RATL,Superfast Express,121.1
82.2,4.0,5.7,25,23,4,0.2,1,0,0.0,0.0,1.3,11.8,SEC_MTJ_BTE,Express,3.0
44.7,77.9,4.6,250,17,2,0.79,0,0,0.1,0.0,5.0,16.3,SEC_BRC_MMCT,Rajdhani Express,103.3
109.6,184.3,0.2,170,6,2,0.19,1,0,0.0,0.0,3.0,20.9,SEC_KOTA_RATL,Superfast Express,100.7
105.7,90.0,6.4,65,13,4,0.32,0,0,0.1,0.0,1.4,2.9,SEC_SWM_KOTA,Superfast Express,54.3
103.2,185.3,3.0,250,8,6,0.62,0,0,0.0,0.0,1.3,3.4,SEC_BRC_MMCT,Express,108.1
29.1,137.1,17.7,250,3,3,0.19,0,1,0.9,0.0,2.7,1.3,SEC_BRC_MMCT,Rajdhani Express,284.3
44.9,21.3,0.8,42,20,6,0.82,1,0,0.0,0.0,2.6,23.1,SEC_GGC_SWM,Superfast Express,29.4
93.0,80.3,12.8,95,10,5,0.42,1,0,0.0,35.4,1.6,10.4,SEC_NDLS_MTJ,Mail Express,90.8
89.5,13.6,15.1,75,14,3,0.26,1,0,0.3,0.0,1.0,17.3,SEC_BTE_GGC,Superfast Express,6.4
105.1,243.6,12.1,250,18,3,0.51,0,0,0.1,0.0,4.6,1.5,SEC_BRC_MMCT,Superfast Express,135.1
87.7,44.4,2.9,165,13,1,0.16,0,0,0.0,0.0,1.4,3.6,SEC_RATL_BRC,Express,31.4
91.2,33.9,7.8,42,0,0,0.31,0,0,0.6,0.0,1.8,8.7,SEC_GGC_SWM,Mail Express,25.6
50.1,54.5,0.6,65,20,6,0.76,0,0,0.0,0.0,2.7,26.9,SEC_SWM_KOTA,Rajdhani Express,68.8
79.6,90.0,6.6,95,4,6,0.41,2,0,0.3,0.0,2.6,14.9,SEC_NDLS_MTJ,Express,69.0
101.2,332.5,32.6,250,0,2,0.14,0,0,0.0,0.0,6.8,1.2,SEC_BRC_MMCT,Rajdhani Express,190.5
110.1,86.6,0.2,170,1,0,0.11,1,0,0.3,0.0,2.2,22.8,SEC_KOTA_RATL,Rajdhani Express,46.9
73.1,23.1,10.1,75,21,1,0.59,2,0,0.0,6.0,2.3,27.4,SEC_BTE_GGC,Mail Express,22.4
97.3,70.2,3.2,75,9,1,0.43,0,0,0.0,0.0,4.0,46.5,SEC_BTE_GGC,Rajdhani Express,43.1
88.5,9.1,17.8,170,21,6,0.5,0,0,0.1,0.0,1.1,13.5,SEC_KOTA_RATL,Mail Express,5.1
118.2,31.3,5.8,42,13,0,0.12,0,0,0.0,0.0,2.9,2.6,SEC_GGC_SWM,Rajdhani Express,12.8
0.0,20.0,22.5,65,18,5,0.45,1,1,0.6,11.0,4.8,37.3,SEC_SWM_KOTA,Superfast Express,34.6
81.5,9.8,0.2,25,12,4,0.24,0,0,0.1,0.0,2.8,1.3,SEC_MTJ_BTE,Superfast Express,3.9
75.6,21.4,1.7,25,5,0,0.37,2,0,0.0,0.0,2.8,3.2,SEC_MTJ_BTE,Mail Express,21.6
120.3,32.6,31.9,42,6,3,0.26,1,0,0.0,0.0,7.5,18.8,SEC_GGC_SWM,Rajdhani Express,18.2
34.4,154.1,0.3,170,22,1,0.36,2,0,0.0,0.0,1.9,5.0,SEC_KOTA_RATL,Express,271.3
33.4,46.4,12.8,165,23,0,0.47,1,1,0.1,7.4,4.6,28.5,SEC_RATL_BRC,Superfast Express,92.2
89.3,32.8,21.0,75,7,2,0.34,1,0,0.0,0.0,1.9,15.3,SEC_BTE_GGC,Mail Express,18.9
34.9,62.5,1.3,75,19,2,0.8,0,1,0.0,0.0,2.7,8.1,SEC_BTE_GGC,Express,114.1
42.4,17.6,3.7,42,4,1,0.27,2,1,0.1,0.0,3.2,40.4,SEC_GGC_SWM,Superfast Express,27.8
40.1,49.5,14.0,75,7,5,0.35,3,1,0.0,0.0,2.1,29.5,SEC_BTE_GGC,Mail Express,81.9
0.0,25.3,18.2,42,0,2,0.31,3,0,0.0,9.1,3.0,12.5,SEC_GGC_SWM,Superfast Express,28.9
26.1,114.8,19.0,170,22,5,0.38,2,1,0.0,5.1,2.6,15.4,SEC_KOTA_RATL,Mail Express,281.4
94.7,38.4,2.2,42,7,1,0.25,0,0,0.0,0.0,1.1,7.3,SEC_GGC_SWM,Express,23.8
86.1,16.3,7.0,42,13,0,0.38,0,0,0.0,0.0,2.6,48.8,SEC_GGC_SWM,Mail Express,11.5
49.7,86.9,3.2,170,15,3,0.14,4,0,0.1,0.0,3.8,6.3,SEC_KOTA_RATL,Rajdhani Express,104.6
108.6,17.5,16.7,25,17,3,0.41,0,0,0.3,0.0,6.4,5.5,SEC_MTJ_BTE,Rajdhani Express,12.4
25.4,50.9,9.1,95,12,4,0.1,0,1,0.1,0.0,4.5,55.1,SEC_NDLS_MTJ,Superfast Express,124.0
50.1,293.6,7.6,250,16,6,0.42,2,0,0.0,0.0,3.9,0.5,SEC_BRC_MMCT,Rajdhani Express,354.8
40.8,18.4,16.9,75,12,0,0.44,3,1,0.0,0.0,2.2,13.1,SEC_BTE_GGC,Superfast Express,33.4
82.7,13.7,2.4,25,15,0,0.31,1,0,0.0,0.0,3.5,0.6,SEC_MTJ_BTE,Rajdhani Express,8.9
26.7,88.9,2.3,75,3,2,0.18,4,1,0.6,0.0,2.8,13.3,SEC_BTE_GGC,Mail Express,212.2
108.3,20.4,9.6,42,22,0,0.17,0,0,0.0,0.0,2.7,7.2,SEC_GGC_SWM,Superfast Express,8.9
93.8,88.6,5.4,250,22,6,0.15,0,0,0.0,0.0,1.1,6.5,SEC_BRC_MMCT,Mail Express,55.4
27.6,52.5,14.1,65,12,3,0.16,0,1,0.3,0.0,1.1,19.8,SEC_SWM_KOTA,Express,121.0
39.3,51.5,13.7,42,14,6,0.17,3,1,0.6,0.0,1.7,6.2,SEC_GGC_SWM,Express,91.3
98.7,100.4,2.4,65,4,1,0.13,0,0,0.0,0.0,3.8,3.0,SEC_SWM_KOTA,Superfast Express,56.1
105.8,32.7,8.3,42,4,1,0.17,1,0,0.0,0.0,3.1,30.6,SEC_GGC_SWM,Superfast Express,17.8
66.9,34.7,6.2,95,19,2,0.74,0,0,0.0,0.0,6.1,16.0,SEC_NDLS_MTJ,Rajdhani Express,32.3
59.6,53.2,6.3,65,11,4,0.43,2,0,0.0,0.0,2.5,25.0,SEC_SWM_KOTA,Superfast Express,56.2
0.0,29.7,30.3,75,5,5,0.33,0,1,0.1,6.3,2.8,10.7,SEC_BTE_GGC,Superfast Express,35.2
84.4,251.9,0.4,170,1,3,0.37,0,0,0.3,0.0,1.9,24.3,SEC_KOTA_RATL,Mail Express,183.8
102.7,83.8,1.8,75,6,2,0.48,0,0,0.0,0.0,2.1,1.6,SEC_BTE_GGC,Express,49.9
93.9,58.6,6.6,95,7,6,0.47,1,0,0.0,0.0,2.8,2.2,SEC_NDLS_MTJ,Mail Express,35.3
101.3,164.2,1.3,250,2,6,0.15,1,0,0.0,0.0,4.6,0.5,SEC_BRC_MMCT,Superfast Express,93.4
48.5,24.3,5.3,25,8,3,0.43,1,1,0.3,0.0,7.7,2.0,SEC_MTJ_BTE,Rajdhani Express,38.9
103.3,89.2,2.3,250,3,6,0.37,1,0,0.0,0.0,1.5,4.9,SEC_BRC_MMCT,Express,50.6
37.1,48.3,1.3,42,15,5,0.18,1,1,0.1,0.0,2.6,23.1,SEC_GGC_SWM,Rajdhani Express,86.4
110.7,202.6,3.6,170,17,2,0.48,0,0,0.0,0.0,2.8,17.5,SEC_KOTA_RATL,Superfast Express,106.9
90.6,14.1,7.4,25,4,0,0.45,0,0,0.0,0.0,2.7,23.8,SEC_MTJ_BTE,Express,9.9
31.7,28.7,7.1,25,12,1,0.17,3,1,0.0,0.0,4.4,13.7,SEC_MTJ_BTE,Superfast Express,59.5
110.6,18.2,1.1,165,16,6,0.22,0,0,0.0,0.0,3.6,9.2,SEC_RATL_BRC,Rajdhani Express,9.1
0.0,29.5,14.2,65,7,4,0.3,2,0,0.3,3.7,2.9,8.0,SEC_SWM_KOTA,Mail Express,23.4
98.0,37.0,3.3,250,12,0,0.16,1,0,0.3,0.0,1.0,44.9,SEC_BRC_MMCT,Express,23.8
82.1,149.2,36.0,170,15,0,0.18,0,0,0.3,0.0,1.6,44.9,SEC_KOTA_RATL,Express,111.8
47.3,101.2,3.1,170,8,4,0.82,0,0,0.0,0.0,1.2,60.2,SEC_KOTA_RATL,Express,132.0
85.2,27.1,14.0,25,20,5,0.48,0,0,0.1,0.0,3.8,10.6,SEC_MTJ_BTE,Superfast Express,23.3
90.1,27.1,35.1,25,2,3,0.2,1,0,0.0,0.0,2.8,10.1,SEC_MTJ_BTE,Express,19.4
86.5,66.1,4.0,65,2,4,0.49,2,0,0.0,0.0,5.0,10.1,SEC_SWM_KOTA,Rajdhani Express,44.3
80.9,55.2,4.4,170,13,2,0.18,0,0,0.0,0.0,3.0,22.7,SEC_KOTA_RATL,Express,41.7
62.4,90.4,1.1,95,18,5,0.74,1,0,0.3,0.0,3.9,3.9,SEC_NDLS_MTJ,Rajdhani Express,92.2
46.5,235.0,5.8,165,18,2,0.71,1,0,0.6,0.0,2.8,1.0,SEC_RATL_BRC,Superfast Express,312.2
107.4,235.1,8.6,250,11,6,0.52,1,0,0.0,0.0,2.3,8.8,SEC_BRC_MMCT,Mail Express,134.1
35.6,44.4,2.1,75,15,6,0.23,0,1,0.0,0.0,3.9,13.5,SEC_BTE_GGC,Rajdhani Express,77.6
53.3,87.6,9.3,95,0,2,0.45,2,0,0.6,0.0,3.3,30.4,SEC_NDLS_MTJ,Superfast Express,104.6
86.1,43.2,16.0,75,5,5,0.13,0,0,0.0,0.0,2.2,34.3,SEC_BTE_GGC,Mail Express,27.4
55.0,75.6,12.4,95,19,6,0.71,0,0,0.0,0.0,2.7,9.2,SEC_NDLS_MTJ,Rajdhani Express,82.2
110.0,247.5,11.1,250,4,5,0.32,0,0,0.0,0.0,6.1,1.3,SEC_BRC_MMCT,Rajdhani Express,131.9
91.3,24.0,5.7,25,9,0,0.64,0,0,0.0,0.0,2.8,2.8,SEC_MTJ_BTE,Superfast Express,16.6
46.6,19.8,12.1,42,22,3,0.21,2,0,0.0,0.0,4.3,9.5,SEC_GGC_SWM,Superfast Express,22.7
43.9,166.4,3.0,165,17,4,0.35,2,0,0.0,0.0,1.9,12.0,SEC_RATL_BRC,Mail Express,232.4
102.1,337.7,22.4,250,1,4,0.14,0,0,0.0,0.3,2.1,24.9,SEC_BRC_MMCT,Mail Express,196.1
115.0,122.8,24.6,250,2,1,0.35,1,0,0.1,0.0,4.8,2.7,SEC_BRC_MMCT,Superfast Express,63.5
63.3,132.0,0.2,165,15,1,0.43,2,0,0.3,0.0,2.7,18.4,SEC_RATL_BRC,Mail Express,129.6
54.8,22.5,3.5,25,4,3,0.4,2,0,0.0,0.0,2.3,14.6,SEC_MTJ_BTE,Superfast Express,25.8
83.8,152.4,2.8,165,14,2,0.22,0,0,0.0,0.0,4.3,9.9,SEC_RATL_BRC,Rajdhani Express,104.0
96.9,126.5,0.7,250,11,1,0.36,1,0,0.0,0.0,2.0,54.3,SEC_BRC_MMCT,Mail Express,75.3
98.1,51.2,12.1,42,6,0,0.3,0,0,0.0,0.0,2.3,17.0,SEC_GGC_SWM,Express,31.9
48.4,9.8,12.5,25,10,2,0.78,1,0,0.1,0.0,2.1,23.1,SEC_MTJ_BTE,Mail Express,13.8
116.7,48.1,0.3,42,16,5,0.35,1,0,0.0,0.0,3.2,57.1,SEC_GGC_SWM,Rajdhani Express,24.1
65.2,61.2,4.7,170,7,0,0.27,4,0,0.0,0.0,4.6,2.4,SEC_KOTA_RATL,Superfast Express,50.7
93.2,45.1,7.5,75,5,0,0.19,1,0,0.0,0.0,1.2,13.3,SEC_BTE_GGC,Rajdhani Express,29.6
48.5,16.8,1.6,25,0,6,0.17,3,0,0.9,0.0,1.4,1.7,SEC_MTJ_BTE,Express,24.6
96.0,169.1,1.0,170,12,2,0.22,0,0,0.0,0.0,1.9,9.0,SEC_KOTA_RATL,Mail Express,103.2
101.7,54.6,2.4,65,9,3,0.5,1,0,0.0,0.0,1.6,14.2,SEC_SWM_KOTA,Mail Express,35.1
72.9,82.6,4.3,95,0,1,0.34,3,0,0.0,0.0,6.0,5.1,SEC_NDLS_MTJ,Rajdhani Express,63.7
93.7,123.9,6.5,165,12,2,0.37,0,0,0.9,0.0,1.2,0.6,SEC_RATL_BRC,Mail Express,81.6
55.1,100.3,17.3,65,15,3,0.48,2,0,0.0,0.0,1.8,18.6,SEC_SWM_KOTA,Mail Express,113.8
81.5,58.9,0.4,65,18,3,0.66,4,0,0.0,0.0,2.3,2.6,SEC_SWM_KOTA,Mail Express,51.1
41.5,64.5,20.3,65,13,6,0.33,1,1,0.3,0.0,7.3,1.0,SEC_SWM_KOTA,Rajdhani Express,93.2
93.1,5.6,3.7,42,11,3,0.64,0,0,0.0,0.0,2.3,21.7,SEC_GGC_SWM,Mail Express,4.3
88.0,90.6,7.3,95,10,0,0.49,1,0,0.0,0.0,2.7,12.0,SEC_NDLS_MTJ,Express,64.4
98.5,126.1,4.0,95,7,2,0.47,1,0,0.0,0.0,1.3,55.7,SEC_NDLS_MTJ,Mail Express,81.5
27.3,143.2,4.7,170,15,1,0.33,2,0,0.0,0.0,3.5,22.3,SEC_KOTA_RATL,Superfast Express,312.6
38.9,24.9,14.3,95,8,4,0.8,0,0,0.6,0.0,1.8,2.5,SEC_NDLS_MTJ,Mail Express,40.4
100.6,92.3,4.5,165,14,3,0.13,0,0,0.0,0.0,3.1,2.8,SEC_RATL_BRC,Superfast Express,51.5
34.9,23.5,10.0,25,20,4,0.41,0,1,0.1,0.0,7.5,9.0,SEC_MTJ_BTE,Rajdhani Express,46.4
69.2,127.7,0.1,170,18,5,0.83,2,0,0.9,0.0,2.7,23.9,SEC_KOTA_RATL,Superfast Express,117.2
73.4,128.9,7.0,165,10,1,0.64,3,0,0.0,0.0,3.0,7.1,SEC_RATL_BRC,Superfast Express,108.6
40.6,78.6,5.7,95,18,3,0.76,0,0,0.0,0.0,1.6,6.2,SEC_NDLS_MTJ,Express,117.5
102.4,71.0,19.6,95,11,2,0.47,1,0,0.0,0.0,1.7,3.8,SEC_NDLS_MTJ,Superfast Express,40.9
51.7,17.6,3.8,25,16,1,0.47,2,0,0.6,0.0,3.9,5.5,SEC_MTJ_BTE,Superfast Express,24.5
68.6,58.1,6.4,250,21,1,0.74,1,0,0.0,0.0,2.1,5.3,SEC_BRC_MMCT,Mail Express,50.7
41.0,88.4,0.2,165,7,0,0.16,0,1,0.0,0.0,3.0,11.4,SEC_RATL_BRC,Express,133.5
85.7,42.9,9.3,170,16,4,0.36,0,0,0.0,0.0,2.8,5.6,SEC_KOTA_RATL,Express,26.3
86.8,235.2,11.4,170,11,2,0.48,0,0,0.0,0.0,2.8,5.8,SEC_KOTA_RATL,Mail Express,163.2
91.8,90.9,0.6,165,7,2,0.25,1,0,0.6,0.0,2.9,7.0,SEC_RATL_BRC,Mail Express,56.7
38.8,157.3,0.9,170,9,5,0.74,0,0,0.0,0.0,2.6,18.9,SEC_KOTA_RATL,Express,243.9
57.6,26.5,2.4,42,22,2,0.15,3,0,0.0,0.0,1.7,66.2,SEC_GGC_SWM,Express,32.3
56.1,20.9,7.3,25,19,0,0.49,2,0,0.3,0.0,1.3,50.6,SEC_MTJ_BTE,Express,28.9
32.0,173.1,24.1,165,19,1,0.66,1,1,0.0,0.0,3.8,2.6,SEC_RATL_BRC,Superfast Express,333.3
112.1,60.8,3.2,65,18,3,0.58,1,0,0.0,0.0,2.6,0.5,SEC_SWM_KOTA,Express,33.2
89.5,36.7,7.6,65,18,2,0.82,0,0,0.3,0.0,1.1,10.5,SEC_SWM_KOTA,Superfast Express,26.2
44.5,208.7,17.2,165,0,4,0.36,1,1,0.1,41.4,1.1,18.5,SEC_RATL_BRC,Express,331.6
107.2,70.2,27.1,75,7,0,0.13,0,0,0.0,0.0,2.6,0.7,SEC_BTE_GGC,Superfast Express,36.0
38.9,192.1,9.1,170,4,4,0.43,2,0,0.1,0.0,2.8,0.6,SEC_KOTA_RATL,Mail Express,301.0
85.0,213.4,5.5,250,18,5,0.8,0,0,0.0,0.0,2.4,5.2,SEC_BRC_MMCT,Superfast Express,148.9
43.3,24.2,3.2,65,7,1,0.17,0,1,0.0,0.0,7.2,9.5,SEC_SWM_KOTA,Rajdhani Express,33.0
84.0,13.9,4.6,25,18,3,0.42,0,0,0.0,0.0,4.8,14.2,SEC_MTJ_BTE,Rajdhani Express,7.7
101.9,93.3,2.0,75,22,1,0.21,0,0,0.1,0.0,1.1,55.7,SEC_BTE_GGC,Rajdhani Express,53.3
70.1,14.9,0.0,25,1,3,0.37,2,0,0.0,0.0,1.9,6.4,SEC_MTJ_BTE,Mail Express,15.8
96.5,87.4,37.3,170,16,2,0.33,1,0,0.0,0.0,1.9,0.5,SEC_KOTA_RATL,Express,53.5
37.5,56.1,5.2,42,20,5,0.59,0,1,0.0,0.0,1.3,8.1,SEC_GGC_SWM,Express,99.2
36.1,145.0,17.9,165,10,3,0.36,0,1,0.0,0.0,1.2,17.2,SEC_RATL_BRC,Express,248.1
90.9,80.2,0.1,75,1,1,0.24,0,0,0.1,0.0,1.5,8.5,SEC_BTE_GGC,Superfast Express,55.8
105.7,75.9,10.7,95,9,2,0.53,0,0,0.6,0.0,3.7,12.5,SEC_NDLS_MTJ,Rajdhani Express,44.7
98.5,84.7,3.5,165,12,0,0.37,1,0,0.0,0.0,1.9,28.0,SEC_RATL_BRC,Express,51.0
27.5,43.1,3.6,75,18,0,0.8,0,1,0.0,0.0,2.7,23.3,SEC_BTE_GGC,Superfast Express,101.8
107.5,91.4,5.6,95,23,6,0.46,0,0,0.3,0.0,1.2,14.3,SEC_NDLS_MTJ,Superfast Express,54.7
101.6,140.3,11.5,170,4,6,0.39,0,0,0.0,0.0,6.0,0.2,SEC_KOTA_RATL,Rajdhani Express,76.6
42.4,12.7,2.0,25,23,6,0.45,0,1,0.1,0.0,3.4,4.8,SEC_MTJ_BTE,Superfast Express,22.9
64.1,307.1,0.3,250,12,6,0.41,2,0,0.0,0.0,1.0,61.8,SEC_BRC_MMCT,Express,291.5
0.0,119.1,28.7,170,6,2,0.31,0,0,0.0,35.9,1.4,2.3,SEC_KOTA_RATL,Mail Express,128.6
33.7,166.9,2.1,170,0,4,0.41,0,1,0.0,0.0,1.8,0.1,SEC_KOTA_RATL,Mail Express,304.1
64.0,134.0,8.6,165,18,4,0.49,4,0,0.1,0.0,2.0,9.9,SEC_RATL_BRC,Rajdhani Express,128.9
61.9,38.9,5.9,42,8,5,0.58,2,0,0.1,0.0,5.3,49.2,SEC_GGC_SWM,Rajdhani Express,40.0
94.2,230.5,8.4,170,6,2,0.3,0,0,0.6,0.0,1.5,5.8,SEC_KOTA_RATL,Express,150.0
70.5,73.2,4.1,170,12,1,0.48,3,0,0.6,0.0,2.5,9.7,SEC_KOTA_RATL,Mail Express,65.3
65.6,26.0,0.7,25,7,4,0.27,2,0,0.1,0.0,6.1,5.4,SEC_MTJ_BTE,Rajdhani Express,23.3
32.0,235.6,11.0,170,6,2,0.32,2,1,0.0,0.0,6.1,13.6,SEC_KOTA_RATL,Rajdhani Express,446.9
89.9,68.9,8.8,75,13,1,0.32,1,0,0.1,0.0,1.6,8.6,SEC_BTE_GGC,Superfast Express,45.7
98.6,20.3,34.3,75,7,1,0.21,1,0,0.0,0.0,5.9,7.3,SEC_BTE_GGC,Rajdhani Express,12.8
89.3,83.6,1.1,65,9,1,0.43,0,0,0.1,0.0,2.4,10.6,SEC_SWM_KOTA,Mail Express,57.0
35.8,97.2,32.6,65,6,5,0.36,1,1,0.0,0.0,2.5,0.1,SEC_SWM_KOTA,Mail Express,169.9
49.1,25.3,3.3,25,9,1,0.73,1,0,0.0,0.0,3.6,1.2,SEC_MTJ_BTE,Rajdhani Express,36.8
70.4,249.0,5.5,250,16,5,0.32,3,0,0.1,0.0,2.1,9.1,SEC_BRC_MMCT,Mail Express,215.5
32.0,179.7,3.1,165,1,4,0.31,0,1,0.0,0.0,7.6,45.2,SEC_RATL_BRC,Rajdhani Express,336.1
60.1,95.7,26.1,170,18,6,0.68,3,0,0.9,0.0,1.0,23.3,SEC_KOTA_RATL,Superfast Express,102.4
100.1,29.6,5.8,65,18,0,0.5,0,0,0.0,0.0,2.0,18.2,SEC_SWM_KOTA,Mail Express,17.9
46.1,68.8,7.9,75,20,5,0.84,0,0,0.1,0.0,5.9,38.1,SEC_BTE_GGC,Rajdhani Express,87.4
57.5,249.5,13.0,250,9,0,0.66,2,0,0.9,0.0,2.2,5.1,SEC_BRC_MMCT,Mail Express,270.4
103.7,357.9,1.3,250,6,0,0.19,1,0,0.9,0.0,2.6,29.6,SEC_BRC_MMCT,Express,216.4
80.0,33.5,12.7,65,10,0,0.42,2,0,0.1,0.0,4.3,10.9,SEC_SWM_KOTA,Superfast Express,23.5
98.1,57.3,1.2,75,17,6,0.69,0,0,0.0,0.0,2.6,15.1,SEC_BTE_GGC,Superfast Express,36.7
47.5,126.1,3.3,170,5,1,0.28,3,0,0.0,0.0,2.4,13.6,SEC_KOTA_RATL,Rajdhani Express,157.9
88.5,45.6,22.4,65,12,2,0.41,3,0,0.0,0.0,1.8,12.1,SEC_SWM_KOTA,Mail Express,34.0
31.2,63.5,3.1,75,10,5,0.78,1,1,0.0,0.0,2.9,17.4,SEC_BTE_GGC,Mail Express,126.4
100.8,51.1,7.0,75,6,1,0.13,1,0,0.0,0.0,3.2,1.7,SEC_BTE_GGC,Superfast Express,28.4
96.3,96.7,3.2,75,0,1,0.49,1,0,0.0,0.0,2.8,16.6,SEC_BTE_GGC,Superfast Express,63.6
94.2,91.6,1.8,95,10,3,0.36,0,0,0.0,0.0,3.6,6.0,SEC_NDLS_MTJ,Superfast Express,54.5
46.5,30.4,0.1,25,6,0,0.42,2,0,0.0,0.0,2.7,11.0,SEC_MTJ_BTE,Superfast Express,42.3
64.6,5.5,1.9,42,7,1,0.45,4,0,0.9,0.0,2.9,27.4,SEC_GGC_SWM,Rajdhani Express,6.9
101.8,55.7,8.5,65,14,3,0.47,0,0,0.0,0.0,1.9,25.0,SEC_SWM_KOTA,Mail Express,32.3
31.0,24.9,6.0,25,21,3,0.59,0,1,0.0,0.0,4.9,1.9,SEC_MTJ_BTE,Rajdhani Express,50.9
111.5,306.7,5.1,250,0,3,0.45,0,0,0.3,0.0,2.7,35.1,SEC_BRC_MMCT,Express,167.9
100.2,212.2,1.4,165,15,4,0.23,0,0,0.0,0.0,4.3,10.7,SEC_RATL_BRC,Superfast Express,126.6
97.4,163.6,1.4,170,7,5,0.19,1,0,0.0,0.0,2.3,4.9,SEC_KOTA_RATL,Express,99.6
79.1,88.5,7.9,95,8,5,0.5,4,0,0.3,0.0,4.4,41.1,SEC_NDLS_MTJ,Superfast Express,74.0
90.0,173.2,5.0,170,1,0,0.15,0,0,0.0,0.0,1.3,4.9,SEC_KOTA_RATL,Superfast Express,115.9
21.9,17.2,1.7,75,23,4,0.31,0,1,0.1,0.0,1.1,29.5,SEC_BTE_GGC,Superfast Express,47.3
34.9,67.0,5.5,65,5,1,0.32,2,1,0.0,0.0,2.9,39.9,SEC_SWM_KOTA,Mail Express,121.9
55.2,10.3,0.5,95,8,5,0.77,0,0,0.3,0.0,1.9,2.2,SEC_NDLS_MTJ,Superfast Express,8.2
111.2,59.7,2.3,75,4,4,0.31,1,0,0.0,0.0,4.9,14.5,SEC_BTE_GGC,Rajdhani Express,31.1
0.0,45.3,16.7,65,2,6,0.25,1,0,0.0,1.1,2.5,9.2,SEC_SWM_KOTA,Mail Express,30.4
119.5,80.0,2.1,95,14,5,0.44,0,0,0.0,0.0,1.1,3.6,SEC_NDLS_MTJ,Rajdhani Express,43.6
51.4,46.6,2.3,75,21,6,0.73,0,0,0.0,0.0,2.0,44.7,SEC_BTE_GGC,Superfast Express,53.0
97.7,74.4,12.5,75,1,2,0.27,0,0,0.3,0.0,2.0,0.7,SEC_BTE_GGC,Express,47.2
98.1,57.7,5.7,95,23,3,0.38,1,0,0.0,0.0,1.4,3.9,SEC_NDLS_MTJ,Mail Express,34.6
24.8,39.6,19.5,65,23,6,0.3,2,1,0.0,0.0,1.1,5.0,SEC_SWM_KOTA,Mail Express,100.1
80.1,26.2,17.7,25,20,5,0.61,0,0,0.0,0.0,1.0,26.0,SEC_MTJ_BTE,Mail Express,21.2
96.2,207.7,6.6,250,8,3,0.49,0,0,0.0,0.0,1.7,19.1,SEC_BRC_MMCT,Express,129.4
75.3,14.8,5.8,25,8,0,0.48,1,0,0.0,0.0,3.2,4.0,SEC_MTJ_BTE,Superfast Express,10.6
83.1,103.8,1.5,165,20,4,0.77,2,0,0.1,0.0,1.1,3.0,SEC_RATL_BRC,Express,78.2
0.0,16.9,12.9,42,4,6,0.23,1,0,0.3,12.3,2.5,77.0,SEC_GGC_SWM,Mail Express,21.4
117.0,209.5,1.7,250,10,4,0.6,1,0,0.6,0.0,2.3,4.6,SEC_BRC_MMCT,Superfast Express,110.9
76.7,8.8,7.8,25,4,2,0.19,1,0,0.1,0.0,1.4,36.0,SEC_MTJ_BTE,Superfast Express,6.4
46.6,64.5,18.2,95,12,3,0.34,4,0,0.1,0.0,1.1,2.0,SEC_NDLS_MTJ,Express,82.1
94.8,25.7,0.2,65,16,5,0.47,0,0,0.1,0.0,2.8,33.5,SEC_SWM_KOTA,Express,15.1
34.4,19.9,14.9,75,15,1,0.15,3,1,0.0,14.3,3.1,7.3,SEC_BTE_GGC,Superfast Express,54.0
35.1,51.9,7.2,42,18,6,0.78,1,1,0.1,0.0,1.8,10.2,SEC_GGC_SWM,Mail Express,100.5
91.9,17.1,2.7,25,3,1,0.47,1,0,0.0,0.0,2.9,1.7,SEC_MTJ_BTE,Superfast Express,11.8
101.2,18.0,26.6,25,1,0,0.26,1,0,0.0,0.0,3.1,2.4,SEC_MTJ_BTE,Rajdhani Express,10.9
44.9,146.0,12.7,250,7,5,0.36,1,1,0.0,7.6,8.0,10.0,SEC_BRC_MMCT,Rajdhani Express,202.4
87.2,128.6,5.7,170,23,4,0.25,0,0,0.3,0.0,2.3,42.0,SEC_KOTA_RATL,Mail Express,88.6
31.6,91.9,1.4,95,14,6,0.4,0,1,0.6,0.0,6.2,0.7,SEC_NDLS_MTJ,Rajdhani Express,181.4
73.8,92.1,11.7,95,9,5,0.68,4,0,0.1,0.0,2.5,55.1,SEC_NDLS_MTJ,Mail Express,81.3
38.7,66.1,22.2,95,19,1,0.46,2,0,0.1,0.0,2.3,13.2,SEC_NDLS_MTJ,Superfast Express,104.8
33.2,200.6,34.5,170,18,4,0.51,2,1,0.0,0.0,3.7,2.1,SEC_KOTA_RATL,Rajdhani Express,369.9
68.4,81.6,0.0,65,5,4,0.29,2,0,0.0,0.0,2.5,24.3,SEC_SWM_KOTA,Express,72.1
112.3,78.3,19.3,170,15,0,0.25,0,0,0.0,0.0,6.9,0.1,SEC_KOTA_RATL,Rajdhani Express,39.2
25.7,34.8,3.5,75,4,3,0.36,0,1,0.6,0.0,3.0,7.0,SEC_BTE_GGC,Superfast Express,86.2
89.2,92.5,29.5,165,7,1,0.11,0,0,0.1,0.0,1.0,4.7,SEC_RATL_BRC,Express,60.5
60.8,139.0,22.2,250,5,0,0.47,2,0,0.0,5.7,4.2,3.8,SEC_BRC_MMCT,Superfast Express,142.5
93.5,50.0,4.4,170,4,1,0.45,0,0,0.0,0.0,1.5,5.0,SEC_KOTA_RATL,Express,30.4
89.9,16.8,14.9,25,5,3,0.14,1,0,0.0,0.0,2.6,0.6,SEC_MTJ_BTE,Mail Express,9.8
92.0,103.6,8.4,170,18,5,0.37,0,0,0.0,0.0,3.0,0.9,SEC_KOTA_RATL,Express,64.6
108.6,88.0,0.4,165,6,5,0.15,0,0,0.0,0.0,1.3,52.3,SEC_RATL_BRC,Superfast Express,46.1
100.7,96.6,3.2,95,6,2,0.2,0,0,0.0,0.0,3.4,23.3,SEC_NDLS_MTJ,Superfast Express,54.0
100.9,77.0,17.4,65,14,6,0.4,1,0,0.0,0.0,2.9,9.6,SEC_SWM_KOTA,Express,47.6
24.3,73.3,19.7,95,16,6,0.41,2,1,0.1,0.0,3.0,5.4,SEC_NDLS_MTJ,Express,187.0
104.3,258.1,30.5,250,0,2,0.34,1,0,0.1,0.0,2.7,2.1,SEC_BRC_MMCT,Express,152.9
30.9,195.6,8.2,250,5,0,0.23,3,1,0.3,0.0,5.5,58.7,SEC_BRC_MMCT,Rajdhani Express,384.5
93.3,117.8,7.2,170,16,5,0.11,1,0,0.0,0.0,2.3,11.3,SEC_KOTA_RATL,Mail Express,70.2
119.8,104.1,12.8,170,19,6,0.62,1,0,0.0,0.0,5.5,23.2,SEC_KOTA_RATL,Rajdhani Express,48.9
108.0,134.3,1.2,170,21,3,0.51,1,0,0.3,0.0,3.8,16.4,SEC_KOTA_RATL,Superfast Express,73.4
58.1,119.4,11.5,250,19,5,0.8,4,0,0.0,6.2,2.8,5.2,SEC_BRC_MMCT,Express,132.3
100.2,49.8,4.4,75,13,5,0.11,0,0,0.6,0.0,2.6,32.2,SEC_BTE_GGC,Mail Express,30.2
36.2,43.9,10.1,42,19,5,0.53,2,0,0.1,0.0,4.9,1.4,SEC_GGC_SWM,Superfast Express,76.2
100.0,205.8,0.8,170,7,2,0.21,1,0,0.0,0.0,1.8,21.7,SEC_KOTA_RATL,Mail Express,121.3
36.9,65.4,4.3,75,15,3,0.3,2,0,0.0,0.0,2.5,0.5,SEC_BTE_GGC,Mail Express,106.9
106.1,50.4,6.9,170,5,2,0.17,1,0,0.6,0.0,4.3,0.2,SEC_KOTA_RATL,Superfast Express,26.6
43.3,104.9,10.4,75,13,0,0.5,1,1,0.0,0.0,3.2,4.3,SEC_BTE_GGC,Rajdhani Express,154.7
35.4,152.5,24.2,165,17,0,0.36,1,1,0.3,9.1,1.2,1.2,SEC_RATL_BRC,Express,275.2
100.2,44.6,3.7,75,0,5,0.12,1,0,0.0,0.0,1.5,21.3,SEC_BTE_GGC,Superfast Express,23.2
105.6,209.6,0.5,170,4,4,0.49,0,0,0.0,0.0,4.6,2.3,SEC_KOTA_RATL,Superfast Express,120.2
95.8,12.2,11.5,65,2,2,0.48,0,0,0.0,0.0,3.0,10.0,SEC_SWM_KOTA,Rajdhani Express,11.6
81.2,132.4,11.0,165,1,1,0.49,2,0,0.1,0.0,4.1,5.3,SEC_RATL_BRC,Superfast Express,100.4
44.7,217.9,0.6,170,21,5,0.84,0,0,0.0,0.0,2.1,8.1,SEC_KOTA_RATL,Express,292.9
37.1,117.3,0.9,165,13,1,0.34,0,1,0.1,0.0,4.9,22.4,SEC_RATL_BRC,Superfast Express,189.9
59.8,243.9,1.3,250,20,3,0.74,0,0,0.1,0.0,2.4,7.6,SEC_BRC_MMCT,Superfast Express,248.7
94.8,30.9,15.7,75,21,6,0.38,1,0,0.0,0.0,2.7,29.4,SEC_BTE_GGC,Express,21.1
64.9,50.6,27.5,75,13,3,0.16,2,0,0.0,0.0,5.4,3.9,SEC_BTE_GGC,Rajdhani Express,39.5
36.7,5.8,2.5,25,21,2,0.63,0,1,0.0,0.0,1.2,19.5,SEC_MTJ_BTE,Express,7.6
101.9,27.6,2.5,95,3,1,0.11,1,0,0.0,0.0,1.0,44.6,SEC_NDLS_MTJ,Express,19.5
98.2,55.2,2.4,42,7,5,0.5,1,0,0.0,0.0,1.8,23.9,SEC_GGC_SWM,Rajdhani Express,35.9
33.2,109.5,3.6,95,8,4,0.58,4,1,0.6,0.0,1.5,11.5,SEC_NDLS_MTJ,Rajdhani Express,215.3
91.7,30.0,7.0,42,2,6,0.25,0,0,0.1,0.0,4.9,33.2,SEC_GGC_SWM,Superfast Express,20.0
24.1,4.0,0.6,25,4,0,0.45,0,1,0.0,0.0,4.0,4.9,SEC_MTJ_BTE,Superfast Express,13.3
51.4,16.7,38.7,75,11,5,0.5,3,0,0.3,14.5,7.8,9.8,SEC_BTE_GGC,Rajdhani Express,32.8
45.5,25.5,2.3,65,22,2,0.2,0,1,0.0,0.0,3.3,25.8,SEC_SWM_KOTA,Rajdhani Express,35.1
92.2,29.7,10.8,75,17,3,0.62,0,0,0.1,0.0,2.6,23.5,SEC_BTE_GGC,Mail Express,18.4
77.2,134.1,36.4,250,9,0,0.78,0,0,0.0,0.0,2.3,20.3,SEC_BRC_MMCT,Mail Express,100.9
87.2,15.6,3.1,25,16,2,0.35,0,0,0.0,0.0,2.9,4.2,SEC_MTJ_BTE,Rajdhani Express,10.5
106.0,34.1,9.9,65,12,2,0.24,1,0,0.3,0.0,7.3,17.1,SEC_SWM_KOTA,Rajdhani Express,17.4
45.6,86.5,17.3,65,21,0,0.39,1,1,0.0,0.0,3.2,17.4,SEC_SWM_KOTA,Superfast Express,117.8
89.3,49.8,17.7,95,5,4,0.24,1,0,0.1,0.0,1.9,12.1,SEC_NDLS_MTJ,Mail Express,32.8
102.6,356.9,43.8,250,20,4,0.68,1,0,0.0,0.0,1.4,20.3,SEC_BRC_MMCT,Mail Express,212.7
43.6,156.7,2.9,250,10,4,0.79,0,0,0.1,0.0,3.9,15.0,SEC_BRC_MMCT,Superfast Express,212.7
41.4,61.7,6.5,170,20,3,0.58,2,0,0.1,0.0,2.7,11.9,SEC_KOTA_RATL,Mail Express,86.0
65.6,40.3,0.2,65,23,2,0.48,2,0,0.0,0.0,2.8,0.8,SEC_SWM_KOTA,Mail Express,38.5
44.4,12.7,3.1,25,23,1,0.46,1,1,0.1,0.0,2.4,12.8,SEC_MTJ_BTE,Mail Express,23.4
92.7,39.3,1.1,42,21,1,0.62,1,0,0.0,0.0,2.7,5.9,SEC_GGC_SWM,Express,29.6
91.0,25.7,13.3,25,22,3,0.36,0,0,0.0,37.4,3.1,12.9,SEC_MTJ_BTE,Superfast Express,54.3
38.9,11.7,1.0,75,2,1,0.11,0,1,0.0,0.0,1.5,14.4,SEC_BTE_GGC,Superfast Express,20.2
93.0,87.3,11.2,75,9,5,0.37,0,0,0.1,0.0,5.3,22.9,SEC_BTE_GGC,Rajdhani Express,51.4
98.2,32.6,12.1,25,9,1,0.44,0,0,0.1,0.0,4.0,11.7,SEC_MTJ_BTE,Rajdhani Express,20.1
106.6,76.4,2.0,65,3,2,0.27,0,0,0.0,0.0,3.8,0.3,SEC_SWM_KOTA,Superfast Express,44.4
108.2,263.9,1.3,250,2,3,0.16,1,0,0.0,0.0,4.8,2.1,SEC_BRC_MMCT,Rajdhani Express,141.7
109.9,185.4,39.0,250,13,4,0.2,0,0,0.0,0.0,3.1,31.7,SEC_BRC_MMCT,Superfast Express,96.0
114.1,77.8,9.5,65,20,1,0.59,0,0,0.0,0.0,6.1,7.9,SEC_SWM_KOTA,Rajdhani Express,39.7
114.9,5.7,14.6,42,23,4,0.24,1,0,0.6,0.0,7.9,31.3,SEC_GGC_SWM,Rajdhani Express,3.0
109.1,42.5,4.6,95,7,3,0.31,1,0,0.1,0.0,1.4,4.5,SEC_NDLS_MTJ,Rajdhani Express,22.4
92.6,53.2,2.7,165,0,5,0.45,0,0,0.6,0.0,2.9,3.4,SEC_RATL_BRC,Mail Express,33.8
66.9,58.8,17.0,75,1,0,0.21,2,0,0.0,4.7,6.7,0.9,SEC_BTE_GGC,Rajdhani Express,54.8
81.0,170.5,5.8,170,23,1,0.35,0,0,0.0,0.0,1.2,24.1,SEC_KOTA_RATL,Superfast Express,127.0
102.9,169.1,12.2,170,17,3,0.41,0,0,0.6,0.0,3.0,0.9,SEC_KOTA_RATL,Superfast Express,103.6
35.6,42.2,3.3,42,0,2,0.17,1,1,0.3,0.0,5.8,1.4,SEC_GGC_SWM,Rajdhani Express,75.2
88.9,70.8,7.0,95,5,2,0.38,0,0,0.0,0.0,2.0,20.2,SEC_NDLS_MTJ,Express,45.0
101.6,33.0,18.7,42,17,5,0.56,0,0,0.1,0.0,4.3,33.3,SEC_GGC_SWM,Superfast Express,21.5
77.1,114.5,0.8,95,17,5,0.77,2,0,0.0,0.0,1.7,5.7,SEC_NDLS_MTJ,Express,100.5
69.2,90.5,0.8,75,19,1,0.79,1,0,0.1,0.0,1.5,38.8,SEC_BTE_GGC,Mail Express,84.5
62.9,18.3,10.3,95,14,3,0.42,4,0,0.3,0.0,7.6,69.4,SEC_NDLS_MTJ,Rajdhani Express,19.8
87.0,144.1,2.0,165,14,6,0.26,1,0,0.9,0.0,3.1,22.9,SEC_RATL_BRC,Superfast Express,103.8
96.8,70.8,10.2,165,7,1,0.23,0,0,0.0,0.0,2.2,21.2,SEC_RATL_BRC,Superfast Express,42.3
81.2,29.9,10.5,42,21,6,0.55,1,0,0.0,0.0,2.8,13.5,SEC_GGC_SWM,Mail Express,21.7
100.5,55.0,1.4,42,15,3,0.42,0,0,0.0,0.0,1.2,8.8,SEC_GGC_SWM,Superfast Express,32.1
87.5,15.1,11.0,25,20,0,0.63,1,0,0.1,0.0,1.4,20.6,SEC_MTJ_BTE,Express,13.2
93.6,109.1,2.1,165,12,3,0.23,0,0,0.0,0.0,4.7,2.6,SEC_RATL_BRC,Superfast Express,62.9
30.2,5.0,1.6,25,13,4,0.26,2,0,0.0,0.0,4.2,16.5,SEC_MTJ_BTE,Superfast Express,8.8
117.2,96.8,11.5,65,0,0,0.26,0,0,0.0,0.0,1.6,7.4,SEC_SWM_KOTA,Rajdhani Express,50.8
104.3,46.5,6.6,42,21,4,0.4,0,0,0.0,0.0,1.3,32.7,SEC_GGC_SWM,Superfast Express,29.2
104.5,73.5,8.9,75,7,5,0.47,0,0,0.1,0.0,2.3,0.2,SEC_BTE_GGC,Superfast Express,42.3
50.6,73.0,8.8,75,21,4,0.45,1,1,0.0,0.0,4.3,17.8,SEC_BTE_GGC,Rajdhani Express,95.3
103.6,34.7,6.0,42,5,3,0.37,1,0,0.0,0.0,1.2,26.7,SEC_GGC_SWM,Express,19.2
33.2,31.6,6.6,25,10,5,0.73,0,1,0.0,0.0,2.0,8.5,SEC_MTJ_BTE,Mail Express,66.5
92.9,63.6,7.1,95,15,3,0.29,0,0,0.1,0.0,2.8,3.6,SEC_NDLS_MTJ,Mail Express,41.7
87.4,70.6,15.9,165,20,0,0.4,0,0,0.3,0.0,3.8,2.4,SEC_RATL_BRC,Rajdhani Express,43.8
52.5,100.1,8.6,165,18,1,0.61,2,0,0.0,0.0,1.5,13.9,SEC_RATL_BRC,Express,117.0
22.5,48.3,2.0,95,20,6,0.85,1,1,0.0,0.0,7.6,19.8,SEC_NDLS_MTJ,Rajdhani Express,116.5
93.9,59.5,1.5,65,2,4,0.15,0,0,0.0,0.0,1.9,22.6,SEC_SWM_KOTA,Superfast Express,36.4
94.1,56.5,8.4,75,19,3,0.57,1,0,0.3,0.0,2.1,28.5,SEC_BTE_GGC,Mail Express,35.9
107.4,186.1,1.6,165,14,4,0.12,0,0,0.3,0.0,3.5,5.7,SEC_RATL_BRC,Rajdhani Express,103.6
50.1,15.0,4.2,25,18,3,0.57,2,0,0.9,0.0,2.3,78.1,SEC_MTJ_BTE,Express,24.7
104.5,52.3,4.7,42,11,5,0.46,0,0,0.1,0.0,2.2,17.3,SEC_GGC_SWM,Express,34.2
110.9,261.5,2.1,250,23,5,0.35,0,0,0.1,0.0,3.0,2.5,SEC_BRC_MMCT,Superfast Express,142.8
112.5,126.4,5.2,95,22,3,0.39,1,0,0.1,0.0,2.7,6.5,SEC_NDLS_MTJ,Superfast Express,71.3
71.4,236.0,18.9,165,22,6,0.36,2,0,0.0,0.0,1.7,1.2,SEC_RATL_BRC,Express,203.9
0.0,75.3,13.0,165,5,4,0.39,3,0,0.6,18.9,2.2,2.1,SEC_RATL_BRC,Mail Express,78.9
91.0,162.7,9.0,170,4,2,0.43,0,0,0.1,0.0,7.9,19.2,SEC_KOTA_RATL,Rajdhani Express,102.0
79.5,101.2,1.4,250,9,4,0.82,0,0,0.1,0.0,3.8,21.4,SEC_BRC_MMCT,Superfast Express,75.3
92.8,48.4,7.2,75,10,1,0.38,0,0,0.0,0.0,1.5,7.3,SEC_BTE_GGC,Express,34.5
64.7,61.6,5.9,65,20,5,0.73,4,0,0.0,0.0,2.0,16.5,SEC_SWM_KOTA,Mail Express,63.0
87.4,36.9,2.8,95,23,2,0.38,0,0,0.0,0.0,1.5,8.9,SEC_NDLS_MTJ,Mail Express,26.3
117.0,20.3,0.7,75,14,2,0.1,1,0,0.1,0.0,7.5,29.7,SEC_BTE_GGC,Rajdhani Express,7.4
97.7,101.8,15.1,250,19,3,0.68,1,0,0.0,0.0,3.9,21.1,SEC_BRC_MMCT,Superfast Express,59.7
96.3,160.9,8.6,165,2,6,0.33,1,0,0.6,0.0,3.0,18.6,SEC_RATL_BRC,Express,104.5
30.3,201.9,10.5,250,15,0,0.47,1,1,0.0,0.0,2.7,38.1,SEC_BRC_MMCT,Mail Express,405.5
84.2,53.0,5.3,95,9,5,0.49,1,0,0.3,0.0,2.1,6.0,SEC_NDLS_MTJ,Mail Express,38.5
56.4,116.4,4.8,250,17,2,0.44,2,0,0.0,0.0,1.8,22.3,SEC_BRC_MMCT,Express,124.4
34.6,72.1,2.0,65,8,0,0.56,0,1,0.1,0.0,1.0,0.6,SEC_SWM_KOTA,Mail Express,131.7
39.9,36.6,11.2,42,3,3,0.13,0,1,0.0,0.0,1.4,11.7,SEC_GGC_SWM,Express,59.9
103.7,270.6,7.3,250,9,6,0.49,0,0,0.0,0.0,2.7,12.5,SEC_BRC_MMCT,Superfast Express,156.7
45.3,165.1,14.2,250,6,3,0.13,3,0,0.3,0.0,1.9,16.2,SEC_BRC_MMCT,Express,219.1
90.1,10.5,1.8,25,9,6,0.41,0,0,0.9,0.0,2.7,12.9,SEC_MTJ_BTE,Mail Express,12.0
45.9,61.5,6.3,95,9,2,0.74,1,1,0.0,0.0,1.7,38.2,SEC_NDLS_MTJ,Express,87.0
105.5,27.7,7.4,95,21,5,0.63,1,0,0.0,0.0,4.8,0.1,SEC_NDLS_MTJ,Superfast Express,15.8
91.5,206.5,0.0,165,10,1,0.64,1,0,0.0,0.0,1.6,2.8,SEC_RATL_BRC,Rajdhani Express,144.3
98.0,25.4,5.1,25,5,3,0.19,1,0,0.3,0.0,3.5,14.4,SEC_MTJ_BTE,Rajdhani Express,17.0
88.9,5.1,57.4,75,1,3,0.45,0,0,0.3,0.0,2.8,0.9,SEC_BTE_GGC,Mail Express,5.9
44.8,199.7,3.4,165,17,4,0.49,3,0,0.1,0.0,1.4,8.6,SEC_RATL_BRC,Express,271.1
78.2,99.3,15.1,95,17,1,0.49,2,0,0.0,8.4,1.9,2.2,SEC_NDLS_MTJ,Rajdhani Express,88.4
100.3,25.3,1.3,65,11,4,0.65,0,0,0.0,0.0,2.0,6.0,SEC_SWM_KOTA,Express,15.9
59.8,14.4,11.4,25,0,4,0.26,2,0,0.0,0.0,4.1,6.2,SEC_MTJ_BTE,Superfast Express,14.6
101.8,11.3,6.5,42,10,3,0.57,1,0,0.0,0.0,1.2,1.4,SEC_GGC_SWM,Rajdhani Express,5.9
23.8,20.0,4.9,65,19,4,0.78,0,1,0.0,0.0,3.1,16.3,SEC_SWM_KOTA,Superfast Express,49.6
104.0,106.1,2.5,250,23,0,0.26,0,0,0.3,0.0,1.7,15.3,SEC_BRC_MMCT,Express,59.0
65.3,169.2,5.9,170,7,0,0.13,4,0,0.0,0.0,2.7,15.1,SEC_KOTA_RATL,Mail Express,157.1
31.7,86.4,21.8,75,11,0,0.66,0,1,0.0,0.0,1.4,2.7,SEC_BTE_GGC,Mail Express,173.5
106.3,59.6,1.1,95,6,0,0.21,1,0,0.0,0.0,7.6,2.8,SEC_NDLS_MTJ,Rajdhani Express,29.7
46.9,167.0,19.4,170,21,3,0.67,3,0,0.0,0.0,1.7,14.9,SEC_KOTA_RATL,Mail Express,219.9
89.2,15.5,1.8,25,20,1,0.6,1,0,0.1,0.0,1.2,1.8,SEC_MTJ_BTE,Express,12.8
94.3,54.5,2.3,95,12,2,0.22,1,0,0.3,0.0,2.1,4.2,SEC_NDLS_MTJ,Express,33.7
75.4,12.1,0.9,25,18,1,0.58,1,0,0.6,0.0,1.8,3.2,SEC_MTJ_BTE,Express,12.3
100.6,172.8,0.8,250,13,3,0.23,0,0,0.1,0.0,2.1,14.3,SEC_BRC_MMCT,Express,102.6
30.5,48.1,14.7,95,23,0,0.36,0,1,0.0,0.0,2.0,14.1,SEC_NDLS_MTJ,Mail Express,98.0
86.9,13.8,13.2,25,5,3,0.38,1,0,0.3,0.1,1.2,2.4,SEC_MTJ_BTE,Mail Express,11.9
0.0,65.3,15.6,95,3,5,0.35,1,0,0.3,13.1,7.7,15.7,SEC_NDLS_MTJ,Rajdhani Express,60.2
73.8,55.3,5.1,42,11,5,0.52,4,0,0.0,0.0,1.4,59.8,SEC_GGC_SWM,Mail Express,52.0
0.0,10.0,27.1,25,7,2,0.43,0,0,0.0,19.8,6.1,12.2,SEC_MTJ_BTE,Rajdhani Express,24.5
55.5,56.1,3.3,65,8,1,0.79,0,0,0.6,0.0,1.3,53.7,SEC_SWM_KOTA,Express,68.0
96.1,27.1,10.5,95,15,2,0.32,1,0,0.6,0.0,2.3,2.6,SEC_NDLS_MTJ,Mail Express,15.8
31.3,187.2,14.9,170,17,3,0.44,0,1,0.0,0.0,2.1,2.1,SEC_KOTA_RATL,Mail Express,362.1
102.5,82.8,3.3,170,9,0,0.56,0,0,0.1,0.0,4.5,2.7,SEC_KOTA_RATL,Superfast Express,46.5
97.5,69.6,11.7,165,4,0,0.39,0,0,0.0,0.0,2.1,7.1,SEC_RATL_BRC,Superfast Express,43.4
57.2,146.2,8.1,170,19,4,0.66,2,0,0.0,0.0,2.4,1.8,SEC_KOTA_RATL,Express,157.6
74.5,128.9,12.0,165,4,2,0.25,4,0,0.0,4.1,2.0,5.8,SEC_RATL_BRC,Mail Express,110.3
31.7,150.9,6.8,165,5,6,0.47,1,1,0.3,0.0,4.5,2.1,SEC_RATL_BRC,Superfast Express,289.7
89.4,50.1,5.4,75,19,0,0.67,0,0,0.0,0.0,7.3,9.2,SEC_BTE_GGC,Rajdhani Express,29.1
108.2,142.6,9.3,170,6,5,0.22,0,0,0.0,0.0,1.4,0.5,SEC_KOTA_RATL,Superfast Express,76.4
92.5,73.1,10.9,65,0,2,0.1,0,0,0.1,0.0,1.9,44.6,SEC_SWM_KOTA,Mail Express,46.9
39.6,300.0,12.4,250,15,3,0.36,3,1,0.0,0.0,2.4,14.1,SEC_BRC_MMCT,Express,465.7
109.6,31.4,0.3,65,21,6,0.35,1,0,0.0,0.0,1.9,9.7,SEC_SWM_KOTA,Express,14.9
103.3,103.5,21.0,170,19,1,0.5,0,0,0.3,0.0,1.2,6.1,SEC_KOTA_RATL,Express,60.6
0.0,174.9,28.4,165,5,0,0.16,1,0,0.1,28.4,1.9,11.3,SEC_RATL_BRC,Express,161.9
81.3,48.1,12.8,42,10,0,0.5,3,0,0.0,0.0,3.6,11.5,SEC_GGC_SWM,Superfast Express,39.7
107.1,205.9,15.6,250,4,2,0.14,0,0,0.0,0.0,4.0,30.7,SEC_BRC_MMCT,Rajdhani Express,112.2
66.7,195.0,9.3,170,6,0,0.26,2,0,0.0,0.0,2.7,3.5,SEC_KOTA_RATL,Express,175.0
41.1,30.0,19.2,75,0,5,0.34,2,0,0.0,0.0,6.1,2.0,SEC_BTE_GGC,Rajdhani Express,38.1
44.3,9.2,4.6,42,4,5,0.16,0,1,0.0,0.0,2.0,2.4,SEC_GGC_SWM,Mail Express,10.7
40.1,41.5,1.4,75,2,5,0.17,2,0,0.1,0.0,2.1,40.7,SEC_BTE_GGC,Rajdhani Express,59.2
119.8,87.8,12.7,250,20,1,0.66,1,0,0.0,0.0,2.3,6.6,SEC_BRC_MMCT,Superfast Express,44.7
103.7,373.5,5.9,250,5,3,0.24,1,0,0.0,0.0,2.2,1.3,SEC_BRC_MMCT,Mail Express,219.4
40.0,66.8,6.1,65,19,2,0.54,1,1,0.6,0.0,3.6,21.4,SEC_SWM_KOTA,Superfast Express,111.3
39.9,63.5,4.0,170,17,2,0.5,0,1,0.0,0.0,1.8,12.1,SEC_KOTA_RATL,Express,103.1
0.0,25.2,29.1,75,18,5,0.83,2,0,0.1,38.9,3.6,10.8,SEC_BTE_GGC,Superfast Express,60.4
48.8,74.7,6.4,65,21,6,0.8,2,1,0.1,0.0,1.7,45.1,SEC_SWM_KOTA,Superfast Express,104.2
102.2,210.5,4.4,170,22,6,0.49,0,0,0.0,0.0,4.0,9.3,SEC_KOTA_RATL,Superfast Express,122.6
86.7,124.4,3.5,170,12,0,0.12,1,0,0.0,0.0,4.8,27.1,SEC_KOTA_RATL,Rajdhani Express,83.0
89.1,48.5,14.5,170,11,4,0.46,1,0,0.0,0.0,2.6,5.5,SEC_KOTA_RATL,Mail Express,28.9
32.0,23.0,5.7,25,2,0,0.39,0,1,0.0,0.0,2.6,16.3,SEC_MTJ_BTE,Mail Express,48.1
86.4,36.2,0.3,170,16,6,0.21,0,0,0.0,0.0,4.3,6.6,SEC_KOTA_RATL,Rajdhani Express,18.8
85.9,68.3,5.2,95,9,4,0.4,0,0,0.1,0.0,2.1,8.6,SEC_NDLS_MTJ,Express,50.4
86.8,17.1,12.9,25,14,3,0.16,1,0,0.0,0.0,2.5,6.8,SEC_MTJ_BTE,Express,13.2
92.8,94.4,1.5,65,15,1,0.15,1,0,0.6,0.0,2.7,11.7,SEC_SWM_KOTA,Express,65.5
41.6,191.2,2.9,170,11,6,0.75,0,1,0.0,0.0,1.4,72.8,SEC_KOTA_RATL,Superfast Express,285.1
94.1,82.3,1.4,75,14,6,0.49,0,0,0.0,0.0,3.0,3.9,SEC_BTE_GGC,Express,54.2
91.0,88.2,7.9,65,14,0,0.29,0,0,0.1,0.0,2.3,4.2,SEC_SWM_KOTA,Rajdhani Express,59.2
94.0,126.1,6.7,170,22,6,0.29,0,0,0.0,0.0,2.2,16.8,SEC_KOTA_RATL,Express,78.2
44.1,195.8,4.8,250,8,2,0.76,0,0,0.0,0.0,4.5,3.4,SEC_BRC_MMCT,Superfast Express,267.3
28.6,37.4,1.9,42,10,1,0.51,1,1,0.3,0.0,2.6,5.7,SEC_GGC_SWM,Rajdhani Express,85.2
102.1,186.1,26.8,250,7,1,0.46,1,0,0.0,0.0,3.3,2.4,SEC_BRC_MMCT,Rajdhani Express,107.0
46.6,26.2,22.4,25,13,0,0.17,2,0,0.0,40.7,3.5,14.5,SEC_MTJ_BTE,Superfast Express,68.0
95.0,23.1,10.9,25,7,6,0.12,0,0,0.1,19.9,1.8,16.3,SEC_MTJ_BTE,Superfast Express,37.9
83.4,26.5,1.0,75,1,4,0.44,0,0,0.0,0.0,2.5,10.9,SEC_BTE_GGC,Mail Express,18.3
24.9,341.7,2.8,250,17,0,0.62,3,1,0.6,0.0,1.9,0.9,SEC_BRC_MMCT,Superfast Express,841.7
110.3,161.9,14.2,170,15,4,0.14,1,0,0.3,0.0,2.7,6.5,SEC_KOTA_RATL,Superfast Express,87.2
104.7,136.6,50.2,250,0,2,0.39,1,0,0.0,0.0,1.8,7.9,SEC_BRC_MMCT,Superfast Express,79.8
98.7,128.9,21.1,165,10,5,0.47,1,0,0.0,0.0,5.0,5.0,SEC_RATL_BRC,Superfast Express,78.9
89.9,4.0,2.2,25,5,0,0.11,0,0,0.0,0.0,1.4,13.0,SEC_MTJ_BTE,Express,3.5
95.7,128.6,3.3,250,13,2,0.19,0,0,0.0,0.0,2.4,5.3,SEC_BRC_MMCT,Express,79.6
98.1,8.6,8.8,42,23,1,0.22,1,0,0.0,0.0,2.0,10.8,SEC_GGC_SWM,Express,3.0
108.2,227.2,6.3,250,3,4,0.12,1,0,0.0,0.0,7.5,3.9,SEC_BRC_MMCT,Rajdhani Express,121.0
87.0,29.2,0.3,25,13,5,0.46,0,0,0.1,0.0,1.8,15.7,SEC_MTJ_BTE,Express,19.9
99.4,109.7,0.5,250,9,2,0.48,1,0,0.0,0.0,4.6,35.6,SEC_BRC_MMCT,Superfast Express,64.8
91.0,178.4,1.5,165,2,5,0.29,0,0,0.0,0.0,2.7,9.3,SEC_RATL_BRC,Mail Express,117.0
37.8,231.0,13.2,250,23,3,0.48,0,1,0.0,0.0,2.3,25.1,SEC_BRC_MMCT,Mail Express,373.9
79.2,29.2,8.0,75,18,0,0.35,1,0,0.0,0.0,2.3,17.9,SEC_BTE_GGC,Mail Express,24.3
123.2,56.5,7.2,65,6,6,0.25,0,0,0.9,0.0,4.5,5.8,SEC_SWM_KOTA,Superfast Express,29.3
48.4,96.5,1.3,165,18,4,0.62,2,0,0.6,0.0,4.1,5.7,SEC_RATL_BRC,Superfast Express,123.8
62.4,86.3,4.1,65,20,6,0.51,2,0,0.3,0.0,1.1,2.0,SEC_SWM_KOTA,Mail Express,89.0
67.6,247.4,14.1,165,10,0,0.83,0,0,0.0,0.0,1.5,35.3,SEC_RATL_BRC,Express,225.3
28.5,71.3,7.1,95,3,0,0.19,2,1,0.0,0.0,5.8,13.6,SEC_NDLS_MTJ,Rajdhani Express,150.8
92.0,122.0,0.2,170,7,4,0.2,1,0,0.0,0.0,2.9,2.9,SEC_KOTA_RATL,Mail Express,77.7
33.4,63.8,1.1,95,21,5,0.76,0,0,0.0,0.0,2.3,13.1,SEC_NDLS_MTJ,Superfast Express,117.1
95.3,58.5,18.6,170,3,5,0.13,1,0,0.6,0.0,4.4,2.1,SEC_KOTA_RATL,Superfast Express,36.4
53.8,31.0,25.4,25,21,4,0.79,3,0,0.0,3.1,1.8,4.1,SEC_MTJ_BTE,Mail Express,47.1
107.6,38.3,1.2,65,5,5,0.18,1,0,0.0,0.0,3.0,22.2,SEC_SWM_KOTA,Express,20.6
111.2,73.6,3.4,65,8,5,0.69,0,0,0.0,0.0,1.9,4.4,SEC_SWM_KOTA,Mail Express,39.2
102.5,52.1,4.1,65,18,2,0.36,0,0,0.0,0.0,1.1,0.1,SEC_SWM_KOTA,Mail Express,31.6
115.1,320.4,2.6,250,17,2,0.44,0,0,0.1,0.0,3.6,15.2,SEC_BRC_MMCT,Superfast Express,168.4
101.1,255.1,1.6,250,20,5,0.58,0,0,0.0,0.0,1.2,3.1,SEC_BRC_MMCT,Express,150.0
64.0,76.5,10.3,170,16,5,0.23,2,0,0.0,4.0,1.1,7.0,SEC_KOTA_RATL,Superfast Express,73.6
50.9,27.9,9.3,25,5,1,0.27,3,0,0.0,0.0,3.3,64.1,SEC_MTJ_BTE,Rajdhani Express,33.6
87.7,30.5,1.5,25,23,4,0.28,0,0,0.0,0.0,2.6,0.7,SEC_MTJ_BTE,Mail Express,22.8
73.2,272.5,3.8,250,4,2,0.39,3,0,0.0,0.0,2.0,4.7,SEC_BRC_MMCT,Rajdhani Express,224.4
35.6,42.2,6.5,42,2,3,0.48,2,1,0.1,0.0,2.4,9.2,SEC_GGC_SWM,Mail Express,79.8
89.4,74.4,23.9,95,18,4,0.55,0,0,0.1,6.4,2.9,1.8,SEC_NDLS_MTJ,Express,54.3
93.2,102.5,0.2,65,10,6,0.51,0,0,0.0,0.0,1.8,9.1,SEC_SWM_KOTA,Express,68.9
44.9,15.6,0.2,25,6,3,0.43,2,0,0.0,0.0,1.0,5.7,SEC_MTJ_BTE,Express,24.0
105.0,328.7,8.3,250,16,3,0.32,1,0,0.0,0.0,2.2,12.0,SEC_BRC_MMCT,Superfast Express,187.4
54.3,15.8,20.1,25,5,5,0.12,2,0,0.1,0.0,1.5,1.7,SEC_MTJ_BTE,Rajdhani Express,16.1
104.7,49.2,16.3,42,6,4,0.15,1,0,0.3,0.0,6.4,8.0,SEC_GGC_SWM,Rajdhani Express,29.3
94.1,70.5,24.6,170,17,0,0.4,0,0,0.1,0.0,1.3,33.7,SEC_KOTA_RATL,Mail Express,42.8
88.1,22.4,4.3,25,19,3,0.39,1,0,0.1,0.0,1.6,10.4,SEC_MTJ_BTE,Superfast Express,16.1
50.4,19.4,2.1,25,10,4,0.48,2,0,0.0,0.0,1.6,44.3,SEC_MTJ_BTE,Express,23.3
0.0,83.5,18.7,95,23,6,0.18,1,1,0.0,5.1,2.4,18.6,SEC_NDLS_MTJ,Rajdhani Express,74.7
99.6,55.5,5.6,75,14,3,0.25,0,0,0.0,0.0,3.6,17.9,SEC_BTE_GGC,Rajdhani Express,29.8
95.0,43.0,6.7,95,10,1,0.4,0,0,0.1,0.0,1.1,29.1,SEC_NDLS_MTJ,Express,25.4
45.9,155.4,5.4,165,18,1,0.71,2,0,0.1,0.0,2.7,2.0,SEC_RATL_BRC,Mail Express,205.0
85.8,25.4,13.0,42,2,5,0.3,0,0,0.1,0.0,1.5,0.6,SEC_GGC_SWM,Express,18.3
32.6,50.2,2.6,170,23,3,0.16,1,1,0.6,0.0,2.0,5.5,SEC_KOTA_RATL,Rajdhani Express,100.7
87.2,4.8,2.7,95,6,1,0.18,0,0,0.3,0.0,2.7,12.7,SEC_NDLS_MTJ,Express,3.0
49.3,164.0,8.8,165,23,5,0.24,4,0,0.0,0.0,3.6,1.0,SEC_RATL_BRC,Rajdhani Express,200.7
45.0,26.2,8.0,25,18,1,0.47,2,0,0.0,0.0,3.8,19.1,SEC_MTJ_BTE,Rajdhani Express,36.6
78.0,24.5,5.8,25,7,6,0.19,0,0,0.0,0.0,1.3,18.0,SEC_MTJ_BTE,Rajdhani Express,18.6
42.5,44.0,3.0,75,9,1,0.85,0,1,0.1,0.0,1.2,19.2,SEC_BTE_GGC,Mail Express,70.0
86.6,94.8,20.7,170,3,1,0.25,1,0,0.0,0.0,2.7,14.6,SEC_KOTA_RATL,Express,63.8
50.6,131.3,0.5,165,18,0,0.56,2,0,0.0,0.0,6.6,3.6,SEC_RATL_BRC,Rajdhani Express,150.7
45.8,187.1,3.2,170,16,5,0.17,2,0,0.0,0.0,6.2,45.9,SEC_KOTA_RATL,Rajdhani Express,239.5
68.0,19.2,11.6,25,9,2,0.62,2,0,0.3,0.0,2.6,2.3,SEC_MTJ_BTE,Rajdhani Express,20.3
75.5,65.8,2.1,95,9,1,0.45,3,0,0.0,0.0,3.6,4.9,SEC_NDLS_MTJ,Superfast Express,52.3
93.0,111.8,5.1,250,12,0,0.35,0,0,0.0,0.0,1.3,1.7,SEC_BRC_MMCT,Superfast Express,70.0
91.4,65.6,0.1,170,6,3,0.49,0,0,0.0,0.0,1.4,6.6,SEC_KOTA_RATL,Mail Express,41.0
28.4,91.0,9.2,165,14,0,0.5,4,1,0.0,0.0,4.9,20.6,SEC_RATL_BRC,Superfast Express,197.0
0.0,45.2,27.6,42,16,5,0.43,1,0,0.6,3.2,2.3,3.7,SEC_GGC_SWM,Express,44.7
46.9,105.5,4.2,165,6,2,0.14,2,0,0.0,0.0,1.6,1.8,SEC_RATL_BRC,Superfast Express,135.0
42.8,38.7,0.4,42,22,0,0.34,2,1,0.0,0.0,4.6,8.6,SEC_GGC_SWM,Rajdhani Express,56.0
89.0,144.3,3.8,170,13,0,0.48,0,0,0.0,0.0,1.1,5.6,SEC_KOTA_RATL,Express,98.8
28.3,106.6,1.2,170,14,5,0.18,0,1,0.0,0.0,1.9,2.3,SEC_KOTA_RATL,Express,232.3
113.7,20.4,0.2,42,20,2,0.39,0,0,0.0,0.0,4.2,13.3,SEC_GGC_SWM,Rajdhani Express,8.6
88.7,95.1,3.5,165,7,4,0.4,0,0,0.0,0.0,2.8,0.7,SEC_RATL_BRC,Mail Express,62.8
112.0,137.3,11.6,250,11,2,0.49,0,0,0.3,0.0,3.5,11.2,SEC_BRC_MMCT,Superfast Express,72.5
95.1,15.6,1.9,25,12,2,0.48,1,0,0.0,0.0,3.7,52.0,SEC_MTJ_BTE,Rajdhani Express,12.4
69.5,29.6,18.4,42,21,4,0.5,2,0,0.0,0.0,1.8,30.1,SEC_GGC_SWM,Mail Express,28.3
111.4,53.7,2.3,95,16,1,0.34,0,0,0.0,0.0,4.2,25.4,SEC_NDLS_MTJ,Superfast Express,24.5
107.1,197.6,17.1,250,5,3,0.2,1,0,0.1,0.0,2.3,0.3,SEC_BRC_MMCT,Mail Express,108.0
92.6,51.9,27.1,95,17,4,0.5,0,0,0.0,0.0,2.7,12.3,SEC_NDLS_MTJ,Superfast Express,33.0
84.0,202.6,0.4,165,13,0,0.14,2,0,0.0,0.0,1.9,3.6,SEC_RATL_BRC,Mail Express,142.4
98.4,116.1,4.2,170,9,1,0.64,0,0,0.6,0.0,2.8,4.5,SEC_KOTA_RATL,Superfast Express,74.9
62.0,15.0,1.3,25,8,2,0.76,2,0,0.0,0.0,2.0,6.0,SEC_MTJ_BTE,Mail Express,17.2
82.8,25.7,3.9,25,2,0,0.17,0,0,0.1,0.0,2.2,0.0,SEC_MTJ_BTE,Mail Express,14.8
54.0,8.8,1.3,25,10,5,0.71,0,0,0.0,0.0,1.9,21.0,SEC_MTJ_BTE,Mail Express,10.5
99.0,56.7,10.2,42,17,6,0.7,0,0,0.6,0.0,1.0,4.7,SEC_GGC_SWM,Express,44.7
39.9,86.6,0.5,65,8,0,0.53,3,1,0.3,0.0,1.2,0.9,SEC_SWM_KOTA,Mail Express,141.0
96.5,220.8,3.3,170,1,1,0.33,0,0,0.3,0.0,2.8,9.6,SEC_KOTA_RATL,Rajdhani Express,137.5
30.1,76.6,5.7,95,15,1,0.35,3,1,0.3,0.0,3.9,1.0,SEC_NDLS_MTJ,Superfast Express,159.5
60.8,36.0,27.7,95,4,3,0.1,2,0,0.3,0.3,2.6,7.0,SEC_NDLS_MTJ,Express,33.3
37.6,206.6,2.3,165,13,1,0.35,0,1,0.1,0.0,2.4,3.4,SEC_RATL_BRC,Superfast Express,334.2
50.2,21.1,9.4,25,20,2,0.83,0,0,0.1,0.0,1.0,19.2,SEC_MTJ_BTE,Express,28.2
95.1,21.9,41.0,65,3,4,0.31,1,0,0.0,24.0,1.4,16.1,SEC_SWM_KOTA,Mail Express,38.1
99.4,8.6,2.1,42,6,0,0.3,0,0,0.0,0.0,2.7,26.4,SEC_GGC_SWM,Express,3.8
96.1,73.5,20.6,165,13,3,0.48,1,0,0.0,18.9,2.9,25.5,SEC_RATL_BRC,Rajdhani Express,66.3
50.6,109.8,3.5,165,22,6,0.41,0,1,0.6,0.0,3.0,1.5,SEC_RATL_BRC,Express,136.6
43.2,55.3,4.2,95,5,4,0.3,2,0,0.1,0.0,1.4,4.9,SEC_NDLS_MTJ,Superfast Express,77.9
38.4,37.6,2.9,65,8,6,0.54,1,1,0.1,0.0,2.6,33.5,SEC_SWM_KOTA,Mail Express,65.0
87.2,101.7,5.0,170,3,6,0.42,0,0,0.0,0.0,1.5,5.3,SEC_KOTA_RATL,Express,66.0
30.7,57.6,20.1,42,17,5,0.81,0,1,0.6,0.0,2.8,0.8,SEC_GGC_SWM,Express,127.5
98.7,173.2,4.9,250,15,0,0.27,1,0,0.0,0.0,2.8,3.2,SEC_BRC_MMCT,Superfast Express,104.8
40.1,126.5,0.6,250,6,0,0.49,3,0,0.0,0.0,2.6,25.7,SEC_BRC_MMCT,Express,191.8
91.4,113.9,10.5,165,3,6,0.13,1,0,0.6,0.0,4.2,4.1,SEC_RATL_BRC,Rajdhani Express,73.7
19.5,133.5,6.9,165,23,6,0.35,0,1,0.6,0.0,1.6,4.4,SEC_RATL_BRC,Express,110.8
77.1,29.0,8.4,95,9,1,0.66,2,0,0.0,0.0,4.5,0.2,SEC_NDLS_MTJ,Superfast Express,22.3
76.6,24.5,0.1,25,6,4,0.14,1,0,0.0,0.0,2.1,4.6,SEC_MTJ_BTE,Mail Express,20.3
98.0,45.1,19.5,250,20,5,0.63,0,0,0.0,0.0,2.6,2.5,SEC_BRC_MMCT,Mail Express,24.6
60.9,200.2,12.3,170,23,1,0.2,2,0,0.3,0.0,1.7,0.4,SEC_KOTA_RATL,Superfast Express,201.9
35.6,35.9,2.6,42,9,6,0.4,2,0,0.0,0.0,2.0,0.1,SEC_GGC_SWM,Mail Express,65.5
16.6,129.5,10.5,250,0,6,0.15,0,1,0.0,0.0,3.0,12.7,SEC_BRC_MMCT,Mail Express,94.2
125.9,51.0,3.1,65,7,5,0.49,0,0,0.9,0.0,7.8,5.2,SEC_SWM_KOTA,Rajdhani Express,28.6
59.0,29.5,2.7,95,19,0,0.79,1,0,0.0,0.0,3.5,12.0,SEC_NDLS_MTJ,Rajdhani Express,26.0
103.2,138.3,13.5,170,16,6,0.12,0,0,0.0,0.0,3.7,30.3,SEC_KOTA_RATL,Superfast Express,75.7
97.7,220.0,5.2,165,5,4,0.35,1,0,0.6,0.0,2.0,1.5,SEC_RATL_BRC,Rajdhani Express,142.5
92.8,34.0,4.1,75,4,2,0.47,1,0,0.0,0.0,1.2,4.9,SEC_BTE_GGC,Mail Express,25.1
117.6,58.2,11.3,65,1,2,0.49,1,0,0.1,0.0,1.8,2.5,SEC_SWM_KOTA,Superfast Express,32.3
77.7,11.7,8.2,25,7,0,0.42,0,0,0.1,0.0,1.9,2.1,SEC_MTJ_BTE,Superfast Express,9.3
39.8,84.5,13.8,95,14,3,0.39,1,1,0.6,0.0,1.2,9.9,SEC_NDLS_MTJ,Express,143.7
29.4,31.8,2.4,75,8,6,0.46,0,1,0.1,0.0,1.9,11.7,SEC_BTE_GGC,Rajdhani Express,70.6
72.1,84.3,11.4,65,0,0,0.24,2,0,0.1,0.0,1.9,9.3,SEC_SWM_KOTA,Rajdhani Express,70.4
104.3,190.3,17.3,250,3,4,0.23,1,0,0.1,6.1,2.0,1.4,SEC_BRC_MMCT,Express,116.2
97.0,29.8,5.3,42,8,2,0.67,0,0,0.3,0.0,3.2,21.8,SEC_GGC_SWM,Superfast Express,21.9
104.2,39.8,4.0,42,1,4,0.39,1,0,0.0,0.0,4.7,18.7,SEC_GGC_SWM,Rajdhani Express,23.1
110.0,210.5,3.3,250,3,5,0.49,0,0,0.0,0.0,2.8,4.5,SEC_BRC_MMCT,Express,114.6
0.0,72.2,23.2,75,8,4,0.67,2,1,0.0,6.6,2.3,7.7,SEC_BTE_GGC,Superfast Express,76.2
98.0,224.1,2.7,250,18,5,0.48,0,0,0.0,0.0,3.5,42.3,SEC_BRC_MMCT,Rajdhani Express,135.6
100.3,198.4,13.8,250,23,3,0.46,1,0,0.0,0.0,3.3,30.5,SEC_BRC_MMCT,Superfast Express,114.1
73.6,64.7,12.5,65,6,1,0.11,2,0,0.3,4.1,2.7,50.0,SEC_SWM_KOTA,Mail Express,57.8
40.5,29.3,16.0,75,2,3,0.44,0,1,0.3,0.0,1.7,9.7,SEC_BTE_GGC,Express,50.3
89.6,42.8,6.2,65,5,2,0.27,1,0,0.0,0.0,3.4,13.8,SEC_SWM_KOTA,Superfast Express,26.8
99.0,40.6,10.1,95,22,5,0.45,1,0,0.0,0.0,1.3,24.7,SEC_NDLS_MTJ,Express,25.1
48.4,39.6,4.9,42,13,0,0.4,4,0,0.3,0.0,2.7,7.0,SEC_GGC_SWM,Superfast Express,55.5
93.5,21.7,18.0,25,1,1,0.4,1,0,0.0,0.0,4.6,9.4,SEC_MTJ_BTE,Rajdhani Express,13.9
94.0,45.9,0.1,65,16,3,0.25,0,0,0.3,0.0,2.7,3.5,SEC_SWM_KOTA,Mail Express,28.8
82.4,11.7,2.4,25,6,0,0.16,1,0,0.0,0.0,2.3,21.1,SEC_MTJ_BTE,Mail Express,4.3
62.2,202.0,5.2,250,4,4,0.32,2,0,0.1,0.0,7.5,21.4,SEC_BRC_MMCT,Rajdhani Express,192.4
65.2,131.8,4.3,165,22,5,0.11,2,0,0.3,0.0,1.8,14.3,SEC_RATL_BRC,Mail Express,126.0
36.5,110.1,1.3,75,4,6,0.5,4,1,0.0,0.0,2.9,29.0,SEC_BTE_GGC,Rajdhani Express,193.8
110.2,114.0,9.0,95,19,2,0.61,0,0,0.0,0.0,7.1,11.5,SEC_NDLS_MTJ,Rajdhani Express,57.2
85.6,34.5,21.4,42,13,5,0.48,0,0,0.3,0.0,3.0,1.2,SEC_GGC_SWM,Mail Express,25.1
34.7,94.7,12.9,75,18,2,0.77,0,1,0.9,0.0,5.0,17.1,SEC_BTE_GGC,Rajdhani Express,174.8
77.4,14.9,23.0,42,17,4,0.51,3,0,0.0,0.0,2.0,6.1,SEC_GGC_SWM,Mail Express,12.6
69.2,46.9,9.2,95,10,3,0.44,3,0,0.1,0.0,5.4,4.3,SEC_NDLS_MTJ,Rajdhani Express,39.0
103.2,182.9,10.8,250,0,0,0.24,0,0,0.0,0.0,2.4,8.3,SEC_BRC_MMCT,Express,101.9
47.0,10.5,0.2,25,7,1,0.3,3,1,0.0,0.0,1.7,1.0,SEC_MTJ_BTE,Mail Express,20.3
111.5,96.3,24.2,170,0,6,0.33,1,0,0.1,0.0,2.2,27.8,SEC_KOTA_RATL,Rajdhani Express,52.5
123.9,246.7,26.8,250,19,3,0.64,0,0,0.0,0.0,2.7,2.8,SEC_BRC_MMCT,Superfast Express,118.5
79.3,13.6,1.5,25,1,5,0.27,0,0,0.1,0.0,1.0,11.6,SEC_MTJ_BTE,Superfast Express,10.2
87.4,224.9,7.7,250,5,0,0.22,2,0,0.0,0.0,3.4,13.5,SEC_BRC_MMCT,Superfast Express,152.8
60.6,8.5,2.2,25,17,6,0.79,0,0,0.0,0.0,4.2,11.9,SEC_MTJ_BTE,Superfast Express,10.7
101.9,172.9,1.4,165,23,4,0.3,1,0,0.0,0.0,1.2,20.5,SEC_RATL_BRC,Rajdhani Express,104.0
37.2,202.1,1.0,250,20,3,0.54,3,0,0.0,0.0,6.3,3.8,SEC_BRC_MMCT,Rajdhani Express,322.3
107.1,258.8,19.4,250,5,0,0.14,1,0,0.0,44.0,5.0,17.5,SEC_BRC_MMCT,Superfast Express,184.0
106.7,82.3,18.3,95,10,6,0.36,0,0,0.1,0.0,2.7,22.6,SEC_NDLS_MTJ,Express,49.7
98.4,56.0,6.5,65,3,3,0.43,1,0,0.0,0.0,3.0,10.1,SEC_SWM_KOTA,Mail Express,35.2
39.0,24.6,1.9,25,17,6,0.78,0,1,0.1,0.0,2.3,0.9,SEC_MTJ_BTE,Superfast Express,47.3
58.8,20.3,7.8,25,0,3,0.49,3,0,0.0,0.0,1.9,2.4,SEC_MTJ_BTE,Mail Express,25.5
29.1,92.6,6.6,65,7,3,0.39,4,1,0.1,0.0,3.0,98.8,SEC_SWM_KOTA,Express,198.2
100.1,75.0,9.5,95,7,6,0.47,1,0,0.1,0.0,4.4,63.5,SEC_NDLS_MTJ,Superfast Express,41.2
106.9,79.8,3.4,65,4,1,0.13,0,0,0.0,0.0,2.0,9.7,SEC_SWM_KOTA,Express,43.9
100.4,233.4,1.3,170,2,5,0.14,0,0,0.0,0.0,1.3,25.2,SEC_KOTA_RATL,Superfast Express,141.0
27.7,129.6,44.6,165,4,2,0.2,0,1,0.0,0.0,4.5,34.7,SEC_RATL_BRC,Rajdhani Express,281.9
94.3,32.0,0.6,75,18,2,0.37,0,0,0.0,0.0,2.3,17.7,SEC_BTE_GGC,Superfast Express,18.9
63.7,25.7,1.4,25,23,5,0.34,3,0,0.6,0.0,1.5,46.0,SEC_MTJ_BTE,Superfast Express,32.4
93.7,98.7,12.4,95,9,5,0.63,1,0,0.0,0.0,1.5,12.9,SEC_NDLS_MTJ,Express,67.3
105.9,121.0,5.2,250,5,3,0.23,1,0,0.9,0.0,2.6,21.9,SEC_BRC_MMCT,Mail Express,71.2
68.9,115.6,12.4,95,21,1,0.42,3,0,0.0,0.0,2.4,3.0,SEC_NDLS_MTJ,Superfast Express,105.6
49.6,95.1,6.5,165,10,0,0.83,2,0,0.0,0.0,1.2,26.1,SEC_RATL_BRC,Express,118.6
46.1,31.0,2.1,42,15,3,0.31,3,0,0.1,0.0,1.1,11.1,SEC_GGC_SWM,Superfast Express,43.7
55.9,30.1,3.7,25,19,6,0.84,1,0,0.0,0.0,3.0,3.8,SEC_MTJ_BTE,Mail Express,37.9
92.8,27.3,1.9,65,21,1,0.59,1,0,0.1,0.0,2.5,1.5,SEC_SWM_KOTA,Rajdhani Express,15.1
33.0,77.3,5.4,65,22,2,0.17,1,1,0.6,0.0,1.3,16.1,SEC_SWM_KOTA,Express,150.8
78.9,26.5,5.0,170,12,0,0.49,3,0,0.0,0.0,2.3,1.0,SEC_KOTA_RATL,Rajdhani Express,15.7
105.9,38.1,6.1,75,3,4,0.32,1,0,0.0,0.0,4.0,41.4,SEC_BTE_GGC,Rajdhani Express,18.7
93.0,10.3,0.3,25,17,4,0.46,1,0,0.0,0.0,2.2,1.0,SEC_MTJ_BTE,Express,5.4
99.8,18.0,4.2,25,13,4,0.33,1,0,0.1,0.0,3.0,7.0,SEC_MTJ_BTE,Superfast Express,10.5
78.9,194.2,1.5,165,23,4,0.31,2,0,0.0,0.0,1.5,10.5,SEC_RATL_BRC,Express,148.8
81.6,48.2,5.9,165,15,4,0.12,1,0,0.6,0.0,1.3,0.2,SEC_RATL_BRC,Express,34.6
84.3,160.6,27.5,165,4,1,0.33,0,0,0.1,0.0,1.9,14.3,SEC_RATL_BRC,Mail Express,114.2
97.1,106.5,6.9,250,1,0,0.35,0,0,0.1,0.0,2.5,11.9,SEC_BRC_MMCT,Mail Express,61.8
90.0,20.0,1.1,65,14,2,0.2,2,0,0.0,0.0,2.1,15.1,SEC_SWM_KOTA,Express,13.2
99.6,121.6,5.4,95,14,6,0.45,1,0,0.0,0.0,2.3,38.2,SEC_NDLS_MTJ,Superfast Express,75.7
86.2,8.1,0.0,25,18,0,0.37,1,0,0.0,0.0,3.6,1.4,SEC_MTJ_BTE,Rajdhani Express,4.1
109.5,37.4,18.9,250,19,6,0.58,1,0,0.0,0.0,1.4,3.9,SEC_BRC_MMCT,Express,19.3
32.7,48.8,11.7,75,13,2,0.44,0,1,0.1,0.0,1.3,21.4,SEC_BTE_GGC,Rajdhani Express,98.3
26.8,50.2,0.1,95,12,4,0.42,0,1,0.0,0.0,1.8,26.4,SEC_NDLS_MTJ,Rajdhani Express,119.7
78.4,29.3,6.0,42,19,5,0.83,2,0,0.0,0.0,1.4,4.4,SEC_GGC_SWM,Mail Express,29.1
77.0,72.2,3.4,75,10,1,0.54,3,0,0.0,0.0,1.1,0.9,SEC_BTE_GGC,Superfast Express,59.9
111.8,37.4,1.6,65,16,3,0.48,0,0,0.0,0.0,1.8,9.5,SEC_SWM_KOTA,Express,19.4
93.4,23.4,14.1,65,1,4,0.49,0,0,0.0,0.0,2.3,17.1,SEC_SWM_KOTA,Mail Express,14.7
51.7,43.2,5.0,75,7,4,0.17,2,0,0.0,0.0,2.5,6.2,SEC_BTE_GGC,Rajdhani Express,50.9
65.8,159.2,0.2,165,8,3,0.37,2,0,0.1,0.0,1.2,8.2,SEC_RATL_BRC,Express,147.5
93.3,26.5,4.5,75,22,6,0.27,1,0,0.3,0.0,3.3,24.3,SEC_BTE_GGC,Superfast Express,14.6
112.4,75.1,2.7,95,2,1,0.45,1,0,0.6,0.0,1.8,8.6,SEC_NDLS_MTJ,Superfast Express,45.8
81.6,53.5,14.5,42,21,5,0.48,0,0,0.3,0.0,2.2,11.0,SEC_GGC_SWM,Mail Express,38.8
39.7,55.0,2.0,75,11,2,0.67,0,1,0.0,0.0,7.3,12.3,SEC_BTE_GGC,Rajdhani Express,85.5
90.1,80.1,1.9,95,6,0,0.15,1,0,0.0,0.0,3.4,8.7,SEC_NDLS_MTJ,Superfast Express,52.5
48.7,83.1,10.6,95,0,4,0.12,4,0,0.0,0.0,3.8,46.6,SEC_NDLS_MTJ,Rajdhani Express,97.6
87.3,134.3,25.3,165,9,5,0.64,1,0,0.0,11.9,3.8,15.4,SEC_RATL_BRC,Superfast Express,102.9
46.7,204.6,20.3,165,7,4,0.32,2,0,0.1,0.0,2.2,9.1,SEC_RATL_BRC,Mail Express,265.5
102.5,9.5,3.2,25,0,4,0.19,1,0,0.0,0.0,6.4,22.9,SEC_MTJ_BTE,Rajdhani Express,5.6
98.7,16.0,2.3,25,8,0,0.53,0,0,0.0,0.0,6.9,7.6,SEC_MTJ_BTE,Rajdhani Express,14.6
93.7,93.6,0.6,165,0,4,0.32,0,0,0.0,0.0,7.6,14.5,SEC_RATL_BRC,Rajdhani Express,54.9
26.3,5.3,0.6,25,18,6,0.59,0,1,0.0,0.0,1.3,0.7,SEC_MTJ_BTE,Mail Express,9.9
96.8,38.9,12.8,75,4,5,0.13,0,0,0.0,0.0,2.6,21.1,SEC_BTE_GGC,Superfast Express,23.5
30.2,239.6,6.5,250,14,5,0.36,0,1,0.0,0.0,5.0,0.8,SEC_BRC_MMCT,Superfast Express,477.0
36.4,147.1,9.0,250,12,0,0.4,2,1,0.3,0.0,6.0,28.0,SEC_BRC_MMCT,Rajdhani Express,245.3
88.0,28.5,6.0,170,17,6,0.57,1,0,0.9,0.0,1.0,13.1,SEC_KOTA_RATL,Express,18.8
85.9,10.7,2.5,25,15,2,0.31,1,0,0.0,0.0,2.9,1.7,SEC_MTJ_BTE,Mail Express,7.9
110.0,173.4,17.9,165,1,0,0.11,0,0,0.3,0.0,3.6,7.1,SEC_RATL_BRC,Superfast Express,92.4
38.6,13.5,6.3,95,21,1,0.77,1,0,0.0,0.0,1.9,30.8,SEC_NDLS_MTJ,Express,20.0
92.6,28.1,2.6,42,3,0,0.17,0,0,0.0,0.0,1.1,1.5,SEC_GGC_SWM,Mail Express,15.8
93.2,43.4,4.7,42,2,0,0.21,0,0,0.0,0.0,1.3,9.6,SEC_GGC_SWM,Mail Express,29.9
86.2,23.8,3.2,25,2,5,0.5,1,0,0.0,0.0,1.6,7.9,SEC_MTJ_BTE,Express,18.1
87.7,133.4,2.0,170,10,4,0.36,1,0,0.3,0.0,1.6,13.4,SEC_KOTA_RATL,Express,92.0
88.9,90.8,2.7,75,4,0,0.11,0,0,0.0,0.0,1.5,35.3,SEC_BTE_GGC,Express,60.9
101.0,27.5,4.7,42,21,0,0.4,0,0,0.0,0.0,1.7,18.0,SEC_GGC_SWM,Express,14.3
89.4,19.9,0.9,25,6,2,0.29,1,0,0.0,0.0,2.8,6.2,SEC_MTJ_BTE,Express,16.9
101.3,31.3,1.1,42,13,3,0.28,0,0,0.0,0.0,2.6,6.8,SEC_GGC_SWM,Express,16.4
90.1,31.4,4.0,95,10,3,0.43,0,0,0.0,0.0,1.9,10.2,SEC_NDLS_MTJ,Mail Express,20.3
50.5,16.3,3.7,65,18,5,0.62,4,0,0.0,0.0,2.6,15.4,SEC_SWM_KOTA,Express,15.6
102.0,26.7,4.0,65,13,3,0.35,1,0,0.0,0.0,1.6,4.6,SEC_SWM_KOTA,Mail Express,14.7
56.6,97.0,15.0,75,3,0,0.2,3,0,0.0,0.0,4.1,9.0,SEC_BTE_GGC,Rajdhani Express,102.9
99.6,73.2,2.0,75,20,5,0.7,1,0,0.1,0.0,1.6,21.1,SEC_BTE_GGC,Express,48.8
99.6,69.0,5.2,95,22,6,0.24,0,0,0.0,0.0,4.8,4.5,SEC_NDLS_MTJ,Superfast Express,37.0
90.4,17.2,11.6,25,4,5,0.2,1,0,0.0,17.5,4.5,9.5,SEC_MTJ_BTE,Superfast Express,28.5
68.1,4.0,8.4,42,19,6,0.73,2,0,0.1,0.0,1.2,15.6,SEC_GGC_SWM,Mail Express,5.0
105.2,31.9,3.3,65,4,3,0.2,1,0,0.0,0.0,2.9,20.2,SEC_SWM_KOTA,Rajdhani Express,15.8
0.0,44.1,10.6,75,16,2,0.22,0,0,0.0,0.2,2.4,15.7,SEC_BTE_GGC,Rajdhani Express,32.6
65.8,30.4,1.1,25,8,5,0.7,2,0,0.1,0.0,2.6,1.2,SEC_MTJ_BTE,Mail Express,38.0
101.4,133.6,6.3,170,14,1,0.48,1,0,0.0,0.0,4.1,20.0,SEC_KOTA_RATL,Superfast Express,78.4
100.5,214.6,2.4,170,13,2,0.45,0,0,0.3,0.0,3.1,2.3,SEC_KOTA_RATL,Superfast Express,133.5
39.0,78.6,2.2,75,11,3,0.58,2,0,0.0,0.0,2.5,34.8,SEC_BTE_GGC,Superfast Express,123.4
86.3,77.5,10.6,95,9,0,0.56,4,0,0.0,0.0,2.9,7.8,SEC_NDLS_MTJ,Rajdhani Express,57.2
39.7,84.8,13.5,75,17,1,0.76,0,1,0.1,0.0,1.9,5.1,SEC_BTE_GGC,Rajdhani Express,136.8
45.9,38.9,35.5,170,17,0,0.72,1,0,0.3,2.8,3.7,20.9,SEC_KOTA_RATL,Rajdhani Express,51.3
74.0,46.7,0.1,165,20,1,0.4,2,0,0.1,0.0,1.6,7.5,SEC_RATL_BRC,Rajdhani Express,38.6
27.5,95.5,10.6,170,18,0,0.58,3,1,0.0,6.0,2.9,1.9,SEC_KOTA_RATL,Express,220.6
98.0,80.6,7.1,65,3,0,0.4,0,0,0.0,0.0,2.7,4.3,SEC_SWM_KOTA,Mail Express,48.2
98.7,130.2,2.8,95,19,1,0.47,0,0,0.0,0.0,2.0,0.8,SEC_NDLS_MTJ,Mail Express,80.5
60.3,24.0,4.9,42,8,3,0.38,2,0,0.0,0.0,4.5,5.5,SEC_GGC_SWM,Rajdhani Express,22.4
37.4,101.7,1.1,165,1,0,0.43,0,1,0.1,0.0,5.7,9.0,SEC_RATL_BRC,Rajdhani Express,163.8
30.4,98.4,2.1,75,16,1,0.17,1,1,0.1,0.0,3.0,6.2,SEC_BTE_GGC,Superfast Express,199.6
117.3,312.6,17.3,250,0,0,0.2,0,0,0.6,0.0,4.0,44.8,SEC_BRC_MMCT,Rajdhani Express,159.1
50.0,69.2,2.9,75,4,4,0.18,4,0,0.1,0.0,3.4,62.2,SEC_BTE_GGC,Superfast Express,81.2
68.7,145.8,4.5,165,11,0,0.76,0,0,0.0,0.0,1.5,0.2,SEC_RATL_BRC,Rajdhani Express,126.3
101.6,26.4,4.5,75,20,2,0.67,0,0,0.0,0.0,3.4,80.9,SEC_BTE_GGC,Rajdhani Express,14.5
112.4,102.2,2.3,170,15,5,0.47,1,0,0.0,0.0,4.1,31.7,SEC_KOTA_RATL,Rajdhani Express,51.5
89.8,188.1,8.1,165,10,1,0.43,1,0,0.3,0.0,2.0,14.1,SEC_RATL_BRC,Mail Express,130.5
103.2,37.1,0.0,65,12,5,0.49,0,0,0.0,0.0,2.5,15.7,SEC_SWM_KOTA,Express,20.6
62.5,113.4,3.5,95,20,1,0.84,0,0,0.0,0.0,1.5,13.5,SEC_NDLS_MTJ,Express,113.0
35.1,29.3,10.3,75,13,1,0.21,0,1,0.0,0.0,2.4,9.5,SEC_BTE_GGC,Mail Express,51.6
36.0,58.3,3.6,65,0,0,0.45,3,1,0.6,0.0,2.2,20.1,SEC_SWM_KOTA,Mail Express,109.6
92.2,16.8,15.1,25,7,0,0.37,1,0,0.1,0.0,2.0,13.0,SEC_MTJ_BTE,Express,12.1
43.2,92.1,7.3,170,23,5,0.3,4,0,0.0,0.0,2.6,3.5,SEC_KOTA_RATL,Mail Express,126.6
30.4,39.4,4.2,42,15,6,0.42,0,1,0.1,0.0,1.3,3.6,SEC_GGC_SWM,Express,88.2
97.3,91.5,14.5,75,7,2,0.17,0,0,0.0,0.0,1.0,10.4,SEC_BTE_GGC,Express,55.0
93.1,146.4,12.4,165,15,3,0.15,1,0,0.0,0.0,5.1,2.7,SEC_RATL_BRC,Rajdhani Express,92.5
104.7,77.0,6.5,75,10,6,0.35,0,0,0.0,0.0,2.1,7.0,SEC_BTE_GGC,Superfast Express,41.9
81.7,24.3,16.5,25,14,5,0.24,4,0,0.3,0.0,3.9,25.9,SEC_MTJ_BTE,Superfast Express,25.0
41.5,21.7,20.7,75,14,0,0.46,4,1,0.1,0.0,1.6,3.0,SEC_BTE_GGC,Mail Express,34.2
38.3,37.5,0.2,165,22,6,0.23,4,0,0.0,0.0,2.4,10.9,SEC_RATL_BRC,Mail Express,57.6
37.3,105.7,13.8,165,22,6,0.4,1,1,0.3,24.5,2.3,20.5,SEC_RATL_BRC,Express,200.6
35.4,153.5,3.1,165,4,2,0.15,2,1,0.1,0.0,3.8,58.6,SEC_RATL_BRC,Superfast Express,263.2
87.4,18.2,3.3,25,13,6,0.23,0,0,0.0,0.0,2.9,17.6,SEC_MTJ_BTE,Mail Express,12.2
23.6,285.4,0.8,250,19,2,0.71,0,1,0.1,0.0,1.2,8.8,SEC_BRC_MMCT,Express,693.8
105.7,273.5,21.8,250,2,5,0.22,0,0,0.0,0.0,2.8,16.6,SEC_BRC_MMCT,Mail Express,153.6
67.3,77.4,8.6,75,20,1,0.69,4,0,0.1,0.0,5.0,27.9,SEC_BTE_GGC,Rajdhani Express,76.5
31.3,186.9,16.4,170,1,3,0.26,1,1,0.1,0.0,4.1,1.5,SEC_KOTA_RATL,Rajdhani Express,364.5
78.0,26.6,5.4,25,16,4,0.47,1,0,0.0,0.0,2.0,4.3,SEC_MTJ_BTE,Express,20.5
113.1,272.7,7.9,250,4,1,0.43,0,0,0.0,0.0,1.1,35.4,SEC_BRC_MMCT,Express,148.7
82.2,21.3,2.2,42,8,6,0.61,0,0,0.0,0.0,2.6,4.8,SEC_GGC_SWM,Express,16.5
45.8,29.6,4.7,42,1,2,0.23,0,1,0.0,0.0,3.0,9.3,SEC_GGC_SWM,Express,46.4
99.6,101.5,1.0,165,17,1,0.41,0,0,0.0,0.0,1.5,1.6,SEC_RATL_BRC,Mail Express,60.6
98.0,6.4,13.2,25,2,2,0.32,1,0,0.1,0.0,2.8,14.0,SEC_MTJ_BTE,Superfast Express,3.0
101.1,83.3,15.9,165,19,5,0.47,1,0,0.0,0.0,1.8,15.0,SEC_RATL_BRC,Express,48.5
79.1,226.3,6.5,170,11,2,0.52,3,0,0.0,0.0,1.3,0.6,SEC_KOTA_RATL,Superfast Express,179.5
93.3,23.7,0.5,75,12,5,0.23,0,0,0.0,0.0,2.5,40.8,SEC_BTE_GGC,Rajdhani Express,14.5
35.7,37.2,4.1,65,20,6,0.53,2,1,0.1,0.0,2.6,11.5,SEC_SWM_KOTA,Express,71.5
45.7,12.5,1.1,25,3,5,0.11,0,1,0.0,0.0,4.7,3.0,SEC_MTJ_BTE,Rajdhani Express,21.4
104.6,344.4,1.6,250,17,4,0.4,1,0,0.6,0.0,4.5,10.7,SEC_BRC_MMCT,Superfast Express,201.6
81.5,31.7,11.9,25,14,1,0.46,1,0,0.1,0.0,2.1,3.9,SEC_MTJ_BTE,Superfast Express,28.2
96.2,109.8,9.0,95,7,2,0.25,0,0,0.0,0.0,2.7,6.3,SEC_NDLS_MTJ,Mail Express,67.2
88.4,48.8,0.9,42,21,4,0.7,0,0,0.0,0.0,2.2,1.1,SEC_GGC_SWM,Express,33.2
92.9,88.6,6.5,65,23,0,0.3,1,0,0.3,0.0,2.0,2.4,SEC_SWM_KOTA,Superfast Express,61.0
42.1,56.7,0.0,65,17,0,0.49,4,0,0.9,0.0,2.2,6.3,SEC_SWM_KOTA,Mail Express,91.7
72.6,149.7,15.7,165,8,6,0.65,2,0,0.0,0.0,2.0,5.6,SEC_RATL_BRC,Mail Express,126.6
91.1,90.1,9.3,95,3,6,0.45,1,0,0.1,0.0,2.5,0.8,SEC_NDLS_MTJ,Express,60.2
56.6,18.6,1.5,25,5,0,0.35,3,0,0.0,0.0,2.5,0.9,SEC_MTJ_BTE,Rajdhani Express,20.2
102.4,67.8,0.9,75,9,1,0.66,1,0,0.0,0.0,2.3,28.6,SEC_BTE_GGC,Express,41.9
98.7,60.7,1.6,65,23,1,0.24,0,0,0.3,0.0,1.1,21.8,SEC_SWM_KOTA,Rajdhani Express,35.8
89.8,48.4,2.5,42,3,5,0.24,0,0,0.1,0.0,7.3,14.9,SEC_GGC_SWM,Rajdhani Express,31.4
112.9,243.0,23.5,165,9,4,0.62,1,0,0.9,0.0,6.3,3.7,SEC_RATL_BRC,Rajdhani Express,137.4
90.0,70.8,25.3,165,7,3,0.37,1,0,0.9,0.0,4.4,4.6,SEC_RATL_BRC,Rajdhani Express,44.5
50.1,34.7,12.6,75,22,5,0.31,0,1,0.0,0.0,2.1,8.2,SEC_BTE_GGC,Rajdhani Express,46.2
85.7,110.1,6.0,165,1,1,0.34,3,0,0.0,0.0,7.8,13.2,SEC_RATL_BRC,Rajdhani Express,74.3
112.6,77.6,1.7,75,22,1,0.43,0,0,0.0,0.0,7.4,21.0,SEC_BTE_GGC,Rajdhani Express,41.0
83.8,12.6,0.6,25,17,6,0.4,1,0,0.0,0.0,1.0,3.6,SEC_MTJ_BTE,Mail Express,10.6
87.7,129.7,7.5,95,2,6,0.26,0,0,0.0,0.0,5.1,3.3,SEC_NDLS_MTJ,Rajdhani Express,87.0
57.1,35.2,2.6,65,0,1,0.26,2,0,0.3,0.0,7.4,3.1,SEC_SWM_KOTA,Rajdhani Express,33.6
93.4,95.2,8.0,65,3,1,0.2,0,0,0.3,0.0,1.6,5.0,SEC_SWM_KOTA,Mail Express,61.1
82.9,21.2,38.4,25,23,0,0.22,1,0,0.0,2.9,2.9,9.8,SEC_MTJ_BTE,Mail Express,18.5
107.4,198.7,6.0,250,1,6,0.43,0,0,0.3,0.0,2.4,1.5,SEC_BRC_MMCT,Mail Express,109.3
87.2,24.6,11.8,25,4,6,0.32,1,0,0.1,0.0,1.0,18.9,SEC_MTJ_BTE,Mail Express,16.9
98.5,129.6,9.6,170,23,4,0.28,0,0,0.0,0.0,5.6,0.8,SEC_KOTA_RATL,Rajdhani Express,76.6
52.6,43.9,0.1,65,18,5,0.81,1,0,0.1,0.0,6.8,50.6,SEC_SWM_KOTA,Rajdhani Express,48.9
0.0,92.7,29.0,65,16,2,0.4,2,0,0.0,7.1,2.2,9.5,SEC_SWM_KOTA,Mail Express,72.8
82.0,31.2,13.8,170,20,0,0.75,2,0,0.6,25.2,5.8,39.2,SEC_KOTA_RATL,Rajdhani Express,46.9
71.2,18.4,3.6,25,14,2,0.46,2,0,0.0,0.0,1.9,7.7,SEC_MTJ_BTE,Superfast Express,16.3
39.9,7.2,2.3,42,16,1,0.16,1,1,0.6,0.0,2.0,3.2,SEC_GGC_SWM,Express,7.6
39.8,15.9,7.6,25,15,1,0.4,1,1,0.1,0.0,4.7,6.6,SEC_MTJ_BTE,Rajdhani Express,29.5
69.0,174.3,8.1,250,15,1,0.19,3,0,0.1,0.0,2.5,25.5,SEC_BRC_MMCT,Rajdhani Express,153.9
102.1,141.1,3.2,250,22,1,0.24,1,0,0.3,0.0,4.1,2.0,SEC_BRC_MMCT,Rajdhani Express,81.6
94.8,292.2,24.0,250,13,0,0.45,0,0,0.0,0.0,5.1,8.4,SEC_BRC_MMCT,Rajdhani Express,180.7
63.1,117.9,0.4,165,17,5,0.65,3,0,0.0,0.0,3.4,7.4,SEC_RATL_BRC,Rajdhani Express,118.4
74.6,6.0,12.0,25,4,1,0.47,1,0,0.1,0.0,2.2,21.3,SEC_MTJ_BTE,Mail Express,7.0
94.9,53.8,17.1,42,8,3,0.67,0,0,0.0,0.0,1.1,16.2,SEC_GGC_SWM,Mail Express,39.1
118.1,111.2,15.9,250,17,1,0.66,1,0,0.0,0.0,4.7,1.7,SEC_BRC_MMCT,Rajdhani Express,54.2
108.6,290.2,7.7,250,7,0,0.39,0,0,0.9,0.0,1.4,57.4,SEC_BRC_MMCT,Express,167.7
55.1,200.8,9.2,250,17,6,0.82,2,0,0.3,0.0,2.5,1.3,SEC_BRC_MMCT,Mail Express,223.5
83.3,12.5,6.1,25,5,6,0.14,0,0,0.0,0.0,1.7,21.6,SEC_MTJ_BTE,Rajdhani Express,8.1
103.6,38.0,1.5,65,21,5,0.62,1,0,0.1,0.0,2.9,15.4,SEC_SWM_KOTA,Rajdhani Express,20.8
88.8,213.1,9.7,170,14,6,0.36,1,0,0.9,0.0,1.3,5.5,SEC_KOTA_RATL,Express,150.7
93.0,14.6,15.5,95,5,5,0.48,1,0,0.0,0.0,7.0,24.3,SEC_NDLS_MTJ,Rajdhani Express,9.8
41.2,13.6,2.7,65,6,6,0.32,4,0,0.6,0.0,1.8,1.4,SEC_SWM_KOTA,Express,20.5
52.0,21.7,0.8,75,12,1,0.11,2,0,0.3,0.0,1.3,26.3,SEC_BTE_GGC,Superfast Express,22.8
35.1,31.8,3.6,75,12,4,0.34,2,1,0.0,0.0,1.6,13.8,SEC_BTE_GGC,Rajdhani Express,61.9
80.9,102.9,1.5,95,19,5,0.63,1,0,0.0,0.0,2.1,3.6,SEC_NDLS_MTJ,Mail Express,84.0
0.0,203.4,11.6,165,14,2,0.45,1,0,0.0,10.1,1.8,24.1,SEC_RATL_BRC,Express,170.0
91.6,219.8,23.6,165,0,3,0.24,0,0,0.0,0.0,2.6,25.0,SEC_RATL_BRC,Mail Express,141.8
80.9,328.7,6.5,250,2,3,0.27,2,0,0.0,0.0,1.2,6.1,SEC_BRC_MMCT,Express,246.5
35.9,4.0,0.2,25,18,6,0.7,1,1,0.0,0.0,2.4,0.9,SEC_MTJ_BTE,Superfast Express,7.7
92.2,162.4,1.5,170,2,2,0.19,0,0,0.0,0.0,1.8,13.8,SEC_KOTA_RATL,Superfast Express,106.5
95.6,68.7,6.4,95,13,2,0.34,0,0,0.1,0.0,4.2,25.3,SEC_NDLS_MTJ,Rajdhani Express,39.8
37.8,63.9,0.8,75,2,0,0.23,1,1,0.1,0.0,1.8,18.0,SEC_BTE_GGC,Mail Express,104.6
99.0,112.4,3.6,250,6,1,0.17,1,0,0.0,0.0,3.9,0.8,SEC_BRC_MMCT,Rajdhani Express,64.6
0.0,133.9,10.3,170,20,4,0.57,3,0,0.3,2.1,5.2,1.2,SEC_KOTA_RATL,Rajdhani Express,107.6
38.6,53.2,22.9,65,9,6,0.55,3,0,0.0,5.9,2.4,20.8,SEC_SWM_KOTA,Superfast Express,92.0
109.5,31.3,1.3,42,19,4,0.65,0,0,0.0,0.0,6.3,11.6,SEC_GGC_SWM,Rajdhani Express,19.5
72.5,29.8,5.1,42,9,4,0.57,2,0,0.0,0.0,1.4,14.0,SEC_GGC_SWM,Superfast Express,31.1
123.0,55.9,8.3,65,7,0,0.31,1,0,0.0,0.0,5.5,7.0,SEC_SWM_KOTA,Rajdhani Express,23.8
87.5,80.2,3.2,95,3,5,0.37,1,0,0.1,0.0,1.1,2.9,SEC_NDLS_MTJ,Express,54.7
61.4,203.0,0.4,165,0,2,0.12,2,0,0.3,0.0,7.6,8.5,SEC_RATL_BRC,Rajdhani Express,194.8
114.6,26.9,1.1,42,4,0,0.33,0,0,0.0,0.0,1.9,3.1,SEC_GGC_SWM,Rajdhani Express,11.2
109.1,121.0,11.9,170,12,3,0.19,0,0,0.1,2.2,4.9,0.6,SEC_KOTA_RATL,Rajdhani Express,64.7
101.2,238.5,5.2,170,22,2,0.13,0,0,0.0,0.0,2.1,47.7,SEC_KOTA_RATL,Mail Express,140.9
96.7,136.5,8.1,165,7,5,0.21,0,0,0.1,0.0,2.8,0.9,SEC_RATL_BRC,Superfast Express,79.6
27.4,214.9,2.1,170,9,4,0.42,1,1,0.0,0.0,2.1,30.6,SEC_KOTA_RATL,Superfast Express,478.6
104.0,23.9,30.0,25,0,2,0.23,1,0,0.1,0.0,3.8,0.2,SEC_MTJ_BTE,Rajdhani Express,14.8
101.6,111.9,4.1,95,8,3,0.39,1,0,0.9,0.0,6.6,22.5,SEC_NDLS_MTJ,Rajdhani Express,68.4
90.5,116.9,3.3,165,4,3,0.42,0,0,0.6,0.0,2.0,13.6,SEC_RATL_BRC,Express,81.5
65.7,209.3,15.3,165,10,3,0.81,2,0,0.0,0.0,4.6,5.2,SEC_RATL_BRC,Rajdhani Express,198.6
60.1,24.3,6.0,42,10,5,0.75,2,0,0.0,0.0,1.7,10.2,SEC_GGC_SWM,Express,29.7
51.0,12.1,6.3,25,17,6,0.36,2,0,0.0,0.0,2.5,11.5,SEC_MTJ_BTE,Superfast Express,15.5
82.9,8.6,6.3,25,15,2,0.26,0,0,0.0,0.0,2.6,21.0,SEC_MTJ_BTE,Mail Express,5.8
78.0,13.1,0.2,25,7,4,0.19,0,0,0.0,0.0,2.7,1.0,SEC_MTJ_BTE,Superfast Express,10.3
52.3,102.8,1.8,170,16,0,0.12,4,0,0.0,0.0,1.9,16.5,SEC_KOTA_RATL,Mail Express,117.5
94.5,245.5,17.9,170,8,1,0.64,1,0,0.9,4.7,2.4,38.2,SEC_KOTA_RATL,Express,172.1
88.4,178.6,1.7,165,21,6,0.65,1,0,0.0,0.0,6.2,3.4,SEC_RATL_BRC,Rajdhani Express,122.2
100.7,209.6,8.2,250,7,5,0.39,0,0,0.1,0.0,3.1,3.4,SEC_BRC_MMCT,Superfast Express,127.2
87.6,47.6,8.9,165,4,2,0.19,2,0,0.0,0.0,3.6,5.5,SEC_RATL_BRC,Rajdhani Express,29.4
100.6,67.3,5.9,65,23,6,0.13,1,0,0.1,0.0,2.0,21.2,SEC_SWM_KOTA,Mail Express,41.1
92.9,170.0,17.4,170,13,6,0.12,1,0,0.0,0.0,1.7,24.5,SEC_KOTA_RATL,Express,109.7
33.8,207.7,7.9,250,4,0,0.17,1,1,0.6,0.0,2.4,13.5,SEC_BRC_MMCT,Mail Express,377.6
51.9,148.0,25.3,170,14,0,0.41,3,1,0.3,12.8,1.4,38.9,SEC_KOTA_RATL,Rajdhani Express,194.4
43.2,39.4,17.5,95,6,0,0.22,3,0,0.1,0.0,2.9,0.8,SEC_NDLS_MTJ,Mail Express,48.7
42.8,217.1,0.6,250,11,3,0.76,0,0,0.0,0.0,7.5,40.0,SEC_BRC_MMCT,Rajdhani Express,300.9
102.6,59.9,15.1,65,17,5,0.36,0,0,0.0,0.0,2.8,17.9,SEC_SWM_KOTA,Mail Express,35.9
83.9,40.6,2.6,42,21,5,0.44,1,0,0.0,0.0,1.7,8.7,SEC_GGC_SWM,Mail Express,26.3
36.3,130.1,5.8,95,3,3,0.35,0,1,0.1,0.0,2.3,10.2,SEC_NDLS_MTJ,Superfast Express,220.4
106.1,197.9,7.3,170,7,4,0.31,1,0,0.1,0.0,2.1,14.6,SEC_KOTA_RATL,Express,112.3
64.5,18.4,5.7,95,14,2,0.35,2,0,0.0,0.0,1.5,16.5,SEC_NDLS_MTJ,Superfast Express,16.5
30.4,20.6,4.0,25,16,6,0.21,0,1,0.3,0.0,1.5,1.4,SEC_MTJ_BTE,Express,45.0
70.5,143.9,2.1,170,21,1,0.79,0,0,0.0,0.0,2.8,3.0,SEC_KOTA_RATL,Mail Express,123.4
41.6,117.8,4.8,165,5,4,0.36,0,1,0.0,0.0,6.2,11.3,SEC_RATL_BRC,Rajdhani Express,168.5
0.0,40.0,22.4,75,8,6,0.56,2,0,0.1,9.6,1.6,6.3,SEC_BTE_GGC,Express,42.3
31.8,120.5,10.1,165,4,3,0.32,1,1,0.0,0.0,2.5,5.9,SEC_RATL_BRC,Mail Express,231.6
84.1,63.4,3.6,75,1,3,0.18,2,0,0.0,0.0,1.4,3.4,SEC_BTE_GGC,Express,42.6
96.0,35.7,13.9,165,8,1,0.59,0,0,0.0,0.0,1.4,19.5,SEC_RATL_BRC,Mail Express,21.4
86.6,33.7,29.3,95,20,3,0.64,0,0,0.0,0.0,2.4,6.0,SEC_NDLS_MTJ,Mail Express,22.5
89.2,22.7,18.3,42,15,0,0.12,0,0,0.0,0.0,1.2,12.8,SEC_GGC_SWM,Superfast Express,16.0
89.1,60.0,16.3,42,6,5,0.36,0,0,0.3,0.0,2.1,6.5,SEC_GGC_SWM,Express,43.3
99.8,94.0,17.3,165,13,5,0.46,1,0,0.0,0.0,1.2,34.8,SEC_RATL_BRC,Mail Express,55.1
40.9,66.5,18.4,75,19,1,0.53,0,1,0.0,0.0,1.8,12.3,SEC_BTE_GGC,Express,105.0
39.3,35.7,6.5,42,23,4,0.3,0,1,0.0,0.0,1.8,17.6,SEC_GGC_SWM,Mail Express,61.4
49.0,140.9,19.5,250,13,5,0.46,1,1,0.0,0.0,4.1,8.4,SEC_BRC_MMCT,Rajdhani Express,178.0
83.5,33.1,1.5,95,16,4,0.33,1,0,0.3,0.0,2.5,24.1,SEC_NDLS_MTJ,Express,21.1
0.0,178.0,16.7,165,5,0,0.17,1,0,0.0,2.6,3.8,9.9,SEC_RATL_BRC,Superfast Express,134.6
69.3,74.9,0.3,170,7,2,0.44,2,0,0.0,0.0,2.0,55.2,SEC_KOTA_RATL,Express,65.4
27.3,111.6,0.9,95,0,5,0.35,0,1,0.0,0.0,1.6,6.3,SEC_NDLS_MTJ,Express,248.5
95.1,76.6,11.3,75,6,4,0.3,0,0,0.6,0.0,2.7,7.9,SEC_BTE_GGC,Mail Express,48.9
60.1,175.9,4.8,165,10,4,0.83,0,0,0.9,0.0,1.5,10.7,SEC_RATL_BRC,Rajdhani Express,186.3
98.2,182.5,2.3,250,8,6,0.47,0,0,0.0,0.0,1.1,53.6,SEC_BRC_MMCT,Mail Express,114.0
64.3,74.5,0.6,95,6,5,0.3,2,0,0.0,0.0,1.6,24.4,SEC_NDLS_MTJ,Express,69.0
94.9,205.2,0.9,170,14,0,0.27,0,0,0.0,0.0,2.0,4.9,SEC_KOTA_RATL,Mail Express,128.9
34.3,128.8,1.7,250,15,5,0.33,0,1,0.3,0.0,2.7,13.5,SEC_BRC_MMCT,Mail Express,233.4
97.3,38.0,3.7,170,8,1,0.47,1,0,0.0,0.0,1.7,11.1,SEC_KOTA_RATL,Express,22.9
39.4,134.8,1.7,165,18,5,0.81,1,1,0.0,0.0,7.7,5.5,SEC_RATL_BRC,Rajdhani Express,206.3
109.9,57.3,1.3,95,16,2,0.21,1,0,0.0,0.0,1.4,58.6,SEC_NDLS_MTJ,Superfast Express,31.9
96.5,68.3,26.9,75,15,1,0.15,0,0,0.0,9.0,2.5,14.1,SEC_BTE_GGC,Superfast Express,49.8
98.0,223.1,4.9,165,14,5,0.48,0,0,0.0,0.0,4.9,13.2,SEC_RATL_BRC,Superfast Express,134.9
97.6,43.2,11.1,42,1,5,0.32,0,0,0.0,0.0,4.2,13.3,SEC_GGC_SWM,Superfast Express,21.7
0.0,110.8,21.5,75,20,1,0.77,0,0,0.0,41.8,3.2,26.4,SEC_BTE_GGC,Superfast Express,131.3
37.8,148.4,37.1,250,3,6,0.25,1,1,0.3,0.0,7.8,8.9,SEC_BRC_MMCT,Rajdhani Express,237.5
51.5,13.7,2.7,25,11,5,0.8,0,0,0.1,0.0,1.8,47.8,SEC_MTJ_BTE,Mail Express,15.4
83.1,270.4,11.3,250,19,0,0.75,1,0,0.0,0.0,1.0,8.2,SEC_BRC_MMCT,Mail Express,202.5
92.2,57.9,5.2,250,13,1,0.33,0,0,0.0,0.0,4.4,20.5,SEC_BRC_MMCT,Rajdhani Express,30.7
88.6,95.3,23.0,95,5,4,0.11,0,0,0.6,0.0,2.5,21.5,SEC_NDLS_MTJ,Express,67.0
68.4,56.5,4.5,170,9,2,0.38,4,0,0.0,0.0,5.6,8.2,SEC_KOTA_RATL,Rajdhani Express,42.7
107.6,163.9,2.7,165,1,2,0.48,0,0,0.3,0.0,2.8,4.5,SEC_RATL_BRC,Superfast Express,93.1
106.5,59.5,6.9,75,13,4,0.27,0,0,0.1,0.0,3.3,3.0,SEC_BTE_GGC,Rajdhani Express,32.7
26.2,46.3,1.3,95,18,6,0.69,1,1,0.0,0.0,3.1,8.6,SEC_NDLS_MTJ,Superfast Express,110.7
42.2,40.9,22.9,75,0,1,0.13,1,1,0.3,11.4,2.6,9.2,SEC_BTE_GGC,Superfast Express,75.5
84.7,84.5,12.1,165,3,2,0.33,3,0,0.0,0.0,1.2,19.6,SEC_RATL_BRC,Rajdhani Express,58.4
85.4,49.1,5.2,75,8,3,0.57,0,0,0.1,0.0,2.0,5.3,SEC_BTE_GGC,Mail Express,33.9
87.6,20.4,1.4,25,13,4,0.13,0,0,0.1,0.0,4.9,1.4,SEC_MTJ_BTE,Rajdhani Express,12.4
120.2,77.2,1.0,95,14,3,0.33,0,0,0.1,0.0,7.7,51.3,SEC_NDLS_MTJ,Rajdhani Express,34.2
85.9,85.5,2.3,95,2,3,0.39,1,0,0.0,0.0,4.6,1.2,SEC_NDLS_MTJ,Superfast Express,58.8
79.4,19.0,20.0,42,1,2,0.33,2,0,0.0,0.0,1.8,3.8,SEC_GGC_SWM,Mail Express,14.3
89.2,65.1,8.6,95,9,4,0.57,0,0,0.0,0.0,2.0,31.9,SEC_NDLS_MTJ,Rajdhani Express,45.0
90.4,32.3,5.3,42,5,3,0.45,1,0,0.1,0.0,4.3,8.4,SEC_GGC_SWM,Superfast Express,26.9
106.7,307.7,5.5,250,8,2,0.56,1,0,0.1,0.0,2.4,0.5,SEC_BRC_MMCT,Superfast Express,175.9
63.4,23.9,29.6,165,3,6,0.11,2,0,0.0,13.4,2.6,38.6,SEC_RATL_BRC,Superfast Express,34.5
50.7,356.6,6.0,250,18,2,0.65,2,0,0.0,0.0,4.4,4.8,SEC_BRC_MMCT,Superfast Express,428.2
110.4,289.6,2.7,250,7,4,0.37,1,0,0.1,0.0,1.1,13.9,SEC_BRC_MMCT,Mail Express,158.4
41.5,107.5,28.7,95,18,0,0.72,0,0,0.3,0.0,1.4,11.9,SEC_NDLS_MTJ,Superfast Express,163.4
97.0,173.0,3.3,165,8,0,0.61,0,0,0.1,0.0,1.1,39.6,SEC_RATL_BRC,Express,107.5
91.6,34.6,2.1,75,19,5,0.61,0,0,0.0,0.0,2.2,8.3,SEC_BTE_GGC,Express,23.9
93.3,203.3,0.6,170,22,4,0.44,1,0,0.0,0.0,5.6,15.0,SEC_KOTA_RATL,Rajdhani Express,134.1
101.9,16.0,3.8,42,4,3,0.39,0,0,0.0,0.0,3.3,16.8,SEC_GGC_SWM,Superfast Express,9.6
63.7,92.3,9.9,75,5,4,0.47,2,0,0.0,0.0,1.9,29.3,SEC_BTE_GGC,Mail Express,90.8
35.2,4.0,2.9,25,18,0,0.74,0,1,0.3,0.0,1.8,10.0,SEC_MTJ_BTE,Superfast Express,6.4
97.1,172.1,30.8,165,11,5,0.58,1,0,0.0,1.1,1.8,38.5,SEC_RATL_BRC,Superfast Express,111.7
75.1,64.7,11.0,95,18,6,0.57,2,0,0.0,14.7,2.0,0.8,SEC_NDLS_MTJ,Express,71.2
33.4,162.2,4.8,165,4,6,0.49,0,1,0.0,0.0,1.6,39.5,SEC_RATL_BRC,Rajdhani Express,297.9
43.3,160.5,11.6,165,14,3,0.39,2,1,0.0,1.3,2.8,6.0,SEC_RATL_BRC,Mail Express,230.4
108.4,192.1,4.5,170,14,6,0.16,0,0,0.0,0.0,3.5,59.5,SEC_KOTA_RATL,Superfast Express,104.7
92.8,41.1,13.0,75,11,1,0.7,0,0,0.1,0.0,1.1,9.8,SEC_BTE_GGC,Express,25.2
84.2,117.0,17.2,250,19,5,0.71,1,0,0.1,0.4,1.7,19.0,SEC_BRC_MMCT,Express,81.0
90.8,124.4,1.8,170,14,5,0.3,0,0,0.3,0.0,7.1,47.2,SEC_KOTA_RATL,Rajdhani Express,75.6
98.9,22.9,6.8,95,9,6,0.7,0,0,0.0,0.0,2.5,20.3,SEC_NDLS_MTJ,Mail Express,13.8
82.2,118.9,1.9,95,23,3,0.44,1,0,0.0,0.0,2.6,11.9,SEC_NDLS_MTJ,Mail Express,90.9
84.4,138.6,17.2,170,0,1,0.36,1,0,0.0,0.0,2.0,4.3,SEC_KOTA_RATL,Mail Express,100.9
70.0,82.0,3.4,95,21,5,0.77,0,0,0.0,0.0,3.9,12.0,SEC_NDLS_MTJ,Rajdhani Express,67.1
49.6,10.6,11.8,25,19,0,0.84,3,0,0.0,0.0,1.4,18.2,SEC_MTJ_BTE,Superfast Express,16.4
97.3,64.4,19.7,75,2,2,0.34,0,0,0.3,0.0,2.9,14.9,SEC_BTE_GGC,Superfast Express,40.5
98.2,68.2,7.0,65,19,0,0.56,1,0,0.1,0.0,3.3,11.8,SEC_SWM_KOTA,Superfast Express,43.4
80.3,60.1,7.1,65,17,4,0.76,0,0,0.3,0.0,1.0,0.7,SEC_SWM_KOTA,Express,49.4
29.9,45.0,2.9,95,5,1,0.45,0,1,0.0,0.0,2.8,14.1,SEC_NDLS_MTJ,Superfast Express,95.1
81.1,116.8,1.9,170,7,1,0.29,2,0,0.1,0.0,3.2,21.2,SEC_KOTA_RATL,Superfast Express,84.5
106.4,58.4,13.7,75,5,1,0.4,0,0,0.6,0.2,5.3,8.0,SEC_BTE_GGC,Rajdhani Express,34.1
86.5,106.4,14.1,170,1,1,0.36,0,0,0.0,0.0,2.0,16.7,SEC_KOTA_RATL,Rajdhani Express,69.9
92.7,62.0,20.4,170,11,6,0.52,1,0,0.0,2.6,1.1,7.2,SEC_KOTA_RATL,Express,43.7
32.1,31.4,3.1,95,19,5,0.72,1,1,0.0,0.0,7.3,0.6,SEC_NDLS_MTJ,Rajdhani Express,61.0
65.6,21.6,6.8,42,9,2,0.74,1,0,0.0,0.0,1.6,4.9,SEC_GGC_SWM,Express,19.3
45.4,54.9,1.9,95,12,4,0.33,0,1,0.0,0.0,4.7,24.7,SEC_NDLS_MTJ,Superfast Express,75.2
39.2,44.2,0.3,65,19,1,0.83,0,0,0.0,0.0,3.5,4.1,SEC_SWM_KOTA,Superfast Express,69.8
110.6,32.1,9.3,42,5,2,0.17,0,0,0.0,0.0,2.9,2.9,SEC_GGC_SWM,Superfast Express,15.6
101.5,32.5,1.0,42,5,4,0.17,0,0,0.0,0.0,1.0,35.3,SEC_GGC_SWM,Mail Express,16.2
30.0,84.0,1.5,165,0,6,0.48,0,1,0.0,0.0,1.7,10.0,SEC_RATL_BRC,Superfast Express,171.9
28.4,93.3,2.2,95,18,5,0.73,2,1,0.0,0.0,1.1,1.2,SEC_NDLS_MTJ,Express,210.1
37.6,11.5,19.4,42,4,6,0.36,3,0,0.6,0.0,5.2,0.5,SEC_GGC_SWM,Rajdhani Express,19.4
83.3,64.8,4.0,65,2,1,0.14,0,0,0.6,0.0,2.3,7.9,SEC_SWM_KOTA,Express,45.9
38.1,90.6,0.0,95,10,6,0.78,1,0,0.0,0.0,1.1,1.1,SEC_NDLS_MTJ,Mail Express,148.6
19.6,213.6,4.1,165,19,4,0.78,1,1,0.0,0.0,2.8,5.6,SEC_RATL_BRC,Express,177.3
100.6,107.3,3.5,75,3,1,0.1,1,0,0.0,0.0,5.5,3.1,SEC_BTE_GGC,Rajdhani Express,60.4
51.5,37.0,11.2,42,12,1,0.42,2,0,0.1,12.5,1.9,38.3,SEC_GGC_SWM,Mail Express,59.4
90.5,17.7,9.1,25,14,2,0.32,0,0,0.0,0.0,2.0,18.9,SEC_MTJ_BTE,Mail Express,11.9
94.8,156.8,2.7,170,5,0,0.4,0,0,0.0,0.0,2.1,11.2,SEC_KOTA_RATL,Express,99.6
44.2,42.8,0.2,95,5,4,0.17,3,0,0.3,0.0,1.4,32.3,SEC_NDLS_MTJ,Mail Express,61.7
71.0,11.6,1.4,65,18,1,0.36,2,0,0.1,0.0,4.1,6.3,SEC_SWM_KOTA,Rajdhani Express,7.7
28.7,96.4,13.8,250,19,6,0.51,1,1,0.0,0.0,2.1,2.8,SEC_BRC_MMCT,Express,208.8
66.7,5.4,3.8,25,5,3,0.1,3,0,0.6,0.0,1.6,24.7,SEC_MTJ_BTE,Superfast Express,3.0
68.4,213.1,10.1,250,22,1,0.34,4,0,0.0,3.1,3.2,11.8,SEC_BRC_MMCT,Rajdhani Express,191.3
32.3,25.6,12.5,25,11,1,0.55,1,1,0.6,0.0,2.4,9.6,SEC_MTJ_BTE,Mail Express,59.4
108.7,51.9,1.3,165,13,6,0.31,0,0,0.0,0.0,2.5,24.3,SEC_RATL_BRC,Superfast Express,27.1
27.5,66.7,5.2,65,10,1,0.51,0,1,0.0,0.0,1.7,22.1,SEC_SWM_KOTA,Mail Express,151.7
95.0,98.7,2.6,165,12,0,0.32,1,0,0.0,0.0,2.8,0.2,SEC_RATL_BRC,Express,64.1
31.6,63.4,1.9,75,19,3,0.55,0,1,0.0,0.0,1.6,4.9,SEC_BTE_GGC,Rajdhani Express,123.6
26.2,14.5,4.8,25,7,0,0.31,0,1,0.3,0.0,1.3,15.3,SEC_MTJ_BTE,Mail Express,37.4
90.4,68.7,4.3,95,21,5,0.48,0,0,0.0,0.0,4.0,0.8,SEC_NDLS_MTJ,Superfast Express,45.5
104.1,60.9,12.5,65,4,2,0.2,1,0,0.1,0.0,1.2,4.6,SEC_SWM_KOTA,Express,36.9
103.8,55.7,9.6,95,5,5,0.4,0,0,0.6,0.0,1.3,12.1,SEC_NDLS_MTJ,Superfast Express,33.9
63.7,8.0,7.2,25,11,5,0.43,2,0,0.1,0.0,5.4,3.8,SEC_MTJ_BTE,Rajdhani Express,8.4
57.6,31.8,19.9,42,11,0,0.82,1,0,0.0,0.0,2.8,7.9,SEC_GGC_SWM,Express,35.7
38.4,163.6,1.9,170,8,1,0.38,2,0,0.3,0.0,3.6,5.3,SEC_KOTA_RATL,Rajdhani Express,256.3
108.0,58.5,8.5,75,18,5,0.7,1,0,0.0,0.0,3.7,2.8,SEC_BTE_GGC,Rajdhani Express,32.5
83.4,31.2,2.1,25,7,5,0.41,1,0,0.0,0.0,1.6,10.7,SEC_MTJ_BTE,Express,24.0
40.3,79.8,4.4,95,15,4,0.26,0,1,0.0,0.0,1.2,46.5,SEC_NDLS_MTJ,Mail Express,123.5
103.3,263.3,1.1,250,8,3,0.48,1,0,0.0,0.0,4.9,31.6,SEC_BRC_MMCT,Superfast Express,150.2
89.9,40.6,3.1,75,22,5,0.12,0,0,0.0,0.0,1.5,6.2,SEC_BTE_GGC,Express,24.2
38.4,48.1,10.8,65,4,0,0.37,3,1,0.0,6.0,4.0,1.7,SEC_SWM_KOTA,Superfast Express,88.2
57.8,27.3,8.0,42,20,6,0.76,0,0,0.0,0.0,2.1,12.3,SEC_GGC_SWM,Express,29.8
101.6,190.8,1.4,170,18,1,0.68,0,0,0.0,0.0,3.8,8.3,SEC_KOTA_RATL,Rajdhani Express,114.4
100.0,50.9,19.0,95,17,3,0.5,0,0,0.3,0.0,2.4,1.8,SEC_NDLS_MTJ,Express,31.5
96.3,125.7,0.5,250,13,3,0.12,0,0,0.0,0.0,2.6,16.7,SEC_BRC_MMCT,Rajdhani Express,76.0
93.1,153.6,0.1,165,6,1,0.32,0,0,0.0,0.0,3.4,29.3,SEC_RATL_BRC,Superfast Express,94.2
68.1,61.7,2.6,75,11,0,0.84,0,0,0.0,0.0,2.6,0.7,SEC_BTE_GGC,Mail Express,54.4
99.3,112.4,6.1,170,5,2,0.26,0,0,0.1,0.0,3.9,10.8,SEC_KOTA_RATL,Rajdhani Express,64.9
70.5,176.1,7.3,250,13,2,0.39,3,0,0.0,0.0,1.7,45.1,SEC_BRC_MMCT,Express,149.5
100.5,69.4,21.2,95,20,4,0.43,1,0,0.0,0.0,2.2,6.6,SEC_NDLS_MTJ,Express,41.6
43.0,168.1,2.2,170,23,4,0.16,0,1,0.0,0.0,2.1,5.5,SEC_KOTA_RATL,Superfast Express,241.4
88.1,50.7,9.3,75,22,3,0.26,0,0,0.0,0.0,2.3,25.7,SEC_BTE_GGC,Express,33.7
39.9,63.6,0.0,250,12,6,0.27,1,1,0.3,0.0,4.2,34.1,SEC_BRC_MMCT,Superfast Express,100.2
106.1,53.6,5.1,75,23,4,0.45,1,0,0.1,0.0,1.7,36.5,SEC_BTE_GGC,Rajdhani Express,33.5
104.8,41.1,10.7,65,15,1,0.29,1,0,0.6,2.3,3.0,9.6,SEC_SWM_KOTA,Mail Express,25.9
66.9,71.4,3.7,75,9,1,0.84,0,0,0.0,0.0,1.8,13.8,SEC_BTE_GGC,Express,67.0
67.7,74.8,0.2,170,2,6,0.11,2,0,0.9,0.0,1.2,16.1,SEC_KOTA_RATL,Express,66.4
57.8,134.3,7.4,165,17,1,0.73,1,0,0.0,0.0,1.4,0.4,SEC_RATL_BRC,Superfast Express,143.0
36.3,35.9,5.1,75,11,0,0.45,0,1,0.0,0.0,3.6,1.6,SEC_BTE_GGC,Superfast Express,63.9
85.2,6.8,29.8,25,11,5,0.55,0,0,0.6,0.0,2.7,4.3,SEC_MTJ_BTE,Superfast Express,4.5
88.8,189.6,40.8,165,9,3,0.63,1,0,0.0,0.0,2.6,10.6,SEC_RATL_BRC,Superfast Express,133.7
100.9,13.9,8.2,75,6,4,0.12,1,0,0.0,0.0,2.3,5.3,SEC_BTE_GGC,Mail Express,9.7
100.8,93.8,3.1,65,20,0,0.46,0,0,0.0,0.0,1.2,21.9,SEC_SWM_KOTA,Superfast Express,58.3
85.6,22.6,0.3,25,5,1,0.17,0,0,0.3,0.0,4.1,11.2,SEC_MTJ_BTE,Superfast Express,13.9
54.4,11.5,9.1,65,9,4,0.54,2,0,0.0,0.0,1.8,27.5,SEC_SWM_KOTA,Rajdhani Express,9.5
98.1,52.6,24.6,75,0,4,0.17,0,0,0.0,5.9,2.4,1.0,SEC_BTE_GGC,Rajdhani Express,35.4
40.2,143.8,14.4,165,5,6,0.47,0,1,0.0,0.0,1.7,1.6,SEC_RATL_BRC,Mail Express,222.1
30.4,307.7,8.0,250,4,3,0.5,0,1,0.0,0.0,2.9,3.0,SEC_BRC_MMCT,Rajdhani Express,616.6
77.0,177.2,7.7,165,8,6,0.44,2,0,0.0,0.0,5.6,7.5,SEC_RATL_BRC,Rajdhani Express,137.2
98.0,181.5,4.5,170,18,2,0.62,1,0,0.0,0.0,7.6,24.8,SEC_KOTA_RATL,Rajdhani Express,109.8
91.1,188.1,14.7,165,5,0,0.29,1,0,0.6,0.0,1.5,24.2,SEC_RATL_BRC,Superfast Express,126.3
103.2,41.9,30.8,250,20,0,0.6,0,0,0.0,0.0,2.5,19.4,SEC_BRC_MMCT,Express,18.9
91.8,49.3,0.8,95,19,0,0.44,0,0,0.1,0.0,2.3,5.3,SEC_NDLS_MTJ,Superfast Express,27.3
64.3,28.0,0.6,95,18,1,0.52,3,0,0.3,0.0,3.4,7.3,SEC_NDLS_MTJ,Rajdhani Express,19.5
35.1,11.7,18.4,42,6,4,0.33,1,1,0.0,0.0,1.3,5.5,SEC_GGC_SWM,Express,26.8
100.7,47.6,26.4,75,5,2,0.45,0,0,0.1,0.0,2.4,14.3,SEC_BTE_GGC,Superfast Express,30.0
60.8,343.2,8.3,250,2,4,0.39,2,0,0.1,0.0,1.1,8.9,SEC_BRC_MMCT,Rajdhani Express,343.8
96.8,36.1,1.7,42,0,5,0.49,0,0,0.0,0.0,1.7,14.0,SEC_GGC_SWM,Mail Express,23.6
88.5,4.0,9.6,95,0,4,0.24,3,0,0.0,0.0,1.7,8.8,SEC_NDLS_MTJ,Mail Express,3.7
93.0,68.0,19.1,75,15,5,0.33,0,0,0.0,0.0,2.6,0.3,SEC_BTE_GGC,Mail Express,41.6
97.8,49.8,30.5,95,12,2,0.37,1,0,0.0,0.0,2.4,7.0,SEC_NDLS_MTJ,Express,29.5
85.7,133.1,18.6,165,21,5,0.6,0,0,0.0,0.0,6.5,1.9,SEC_RATL_BRC,Rajdhani Express,89.1
50.9,87.8,9.7,165,15,3,0.13,3,0,0.0,0.0,1.6,35.3,SEC_RATL_BRC,Rajdhani Express,101.3
73.0,61.8,5.6,75,9,1,0.78,1,0,0.0,0.0,2.2,2.3,SEC_BTE_GGC,Mail Express,55.2
0.0,118.9,18.2,170,0,4,0.45,1,0,0.0,6.0,6.4,6.3,SEC_KOTA_RATL,Rajdhani Express,95.0
28.3,213.5,14.6,170,14,1,0.43,0,1,0.0,0.0,1.4,2.3,SEC_KOTA_RATL,Superfast Express,460.2
101.9,15.2,0.6,42,13,0,0.22,1,0,0.0,0.0,1.7,32.9,SEC_GGC_SWM,Express,9.2
49.6,215.7,2.3,250,21,1,0.82,0,1,0.0,0.0,2.2,12.3,SEC_BRC_MMCT,Mail Express,268.5
111.2,24.1,2.7,42,6,6,0.46,1,0,0.0,0.0,6.1,17.2,SEC_GGC_SWM,Rajdhani Express,13.3
87.5,44.4,6.0,42,3,0,0.46,0,0,0.0,0.0,2.4,27.9,SEC_GGC_SWM,Mail Express,30.8
108.1,42.8,8.8,65,22,0,0.37,0,0,0.6,0.0,1.5,0.5,SEC_SWM_KOTA,Express,25.2
98.1,165.0,0.3,165,4,1,0.23,0,0,0.0,0.0,1.3,32.9,SEC_RATL_BRC,Express,99.7
45.9,4.6,9.2,25,11,2,0.65,2,1,0.1,0.0,2.3,26.0,SEC_MTJ_BTE,Mail Express,8.7
97.7,49.6,10.0,65,23,1,0.35,1,0,0.3,0.0,3.5,8.2,SEC_SWM_KOTA,Rajdhani Express,31.6
98.4,112.7,7.5,250,14,3,0.46,0,0,0.0,0.0,2.0,6.4,SEC_BRC_MMCT,Superfast Express,65.6
30.3,33.2,5.1,165,15,3,0.22,2,0,0.1,0.0,1.1,13.8,SEC_RATL_BRC,Express,63.4
39.8,105.3,6.7,95,22,1,0.18,3,0,0.1,0.0,2.5,1.1,SEC_NDLS_MTJ,Mail Express,162.4
40.1,72.5,2.2,65,5,4,0.14,0,1,0.0,0.0,2.5,24.7,SEC_SWM_KOTA,Express,111.0
44.5,136.7,2.0,95,13,6,0.33,3,1,0.3,0.0,1.1,4.0,SEC_NDLS_MTJ,Express,196.0
73.4,22.9,0.8,25,10,6,0.52,2,0,0.0,0.0,1.7,6.2,SEC_MTJ_BTE,Mail Express,24.4
39.1,139.0,20.5,170,16,4,0.15,2,0,0.0,3.0,1.7,18.5,SEC_KOTA_RATL,Rajdhani Express,219.8
66.5,183.3,5.2,250,2,6,0.1,4,0,0.0,0.0,6.1,4.4,SEC_BRC_MMCT,Rajdhani Express,159.7
113.4,154.5,1.5,250,5,2,0.23,1,0,0.6,0.0,3.2,13.6,SEC_BRC_MMCT,Superfast Express,80.2
68.4,31.0,21.3,75,5,2,0.33,4,0,0.3,0.0,2.1,3.9,SEC_BTE_GGC,Rajdhani Express,27.5
91.6,35.5,0.5,42,9,2,0.36,0,0,0.0,0.0,1.8,24.8,SEC_GGC_SWM,Mail Express,23.4
105.0,68.3,0.4,65,15,1,0.33,1,0,0.1,0.0,6.3,5.0,SEC_SWM_KOTA,Rajdhani Express,36.1
48.8,22.7,4.1,42,11,3,0.83,1,0,0.0,0.0,2.1,3.3,SEC_GGC_SWM,Express,32.0
78.3,178.3,12.6,170,16,6,0.35,3,0,0.1,0.3,2.4,9.0,SEC_KOTA_RATL,Superfast Express,143.3
85.8,137.3,7.3,165,14,4,0.48,1,0,0.1,0.0,1.0,0.8,SEC_RATL_BRC,Express,100.2
61.3,18.0,32.3,95,11,6,0.78,0,0,0.0,0.0,4.3,5.7,SEC_NDLS_MTJ,Superfast Express,17.0
97.6,40.8,0.5,65,23,1,0.36,0,0,0.0,0.0,2.6,26.4,SEC_SWM_KOTA,Express,25.2
40.9,178.7,1.4,165,13,4,0.12,0,1,0.0,0.0,4.2,28.1,SEC_RATL_BRC,Superfast Express,266.3
85.9,94.1,7.8,95,22,3,0.16,0,0,0.6,0.0,2.7,8.3,SEC_NDLS_MTJ,Express,69.3
101.3,21.3,21.4,75,16,3,0.45,0,0,0.1,0.0,2.3,0.5,SEC_BTE_GGC,Superfast Express,13.8
109.0,50.3,9.0,65,20,0,0.51,1,0,0.1,0.0,7.7,0.6,SEC_SWM_KOTA,Rajdhani Express,25.1
60.9,22.7,0.0,95,7,4,0.23,4,0,0.3,0.0,2.4,20.7,SEC_NDLS_MTJ,Express,17.1
88.5,153.5,0.8,170,15,5,0.31,1,0,0.0,0.0,1.4,5.9,SEC_KOTA_RATL,Express,105.4
103.8,76.1,21.1,65,2,3,0.15,0,0,0.0,0.0,1.7,46.7,SEC_SWM_KOTA,Superfast Express,42.5
67.6,73.0,33.4,65,10,6,0.84,0,0,0.0,0.0,3.6,12.3,SEC_SWM_KOTA,Superfast Express,67.3
93.7,73.5,21.1,95,18,6,0.66,1,0,0.3,0.0,4.0,18.8,SEC_NDLS_MTJ,Rajdhani Express,50.2
86.8,17.6,26.3,42,17,0,0.39,1,0,0.0,0.0,2.7,1.1,SEC_GGC_SWM,Mail Express,10.5
100.0,51.2,14.1,65,1,2,0.31,1,0,0.0,0.0,2.0,10.6,SEC_SWM_KOTA,Mail Express,30.9
57.6,30.2,0.9,250,23,0,0.19,4,0,0.0,0.0,1.8,16.6,SEC_BRC_MMCT,Mail Express,29.9
112.0,87.0,3.5,65,14,4,0.14,0,0,0.1,0.0,2.5,6.7,SEC_SWM_KOTA,Superfast Express,43.0
102.8,5.0,11.5,65,6,3,0.19,0,0,0.9,11.1,2.6,15.6,SEC_SWM_KOTA,Express,13.9
93.7,43.0,4.1,95,23,3,0.19,1,0,0.0,0.0,1.9,0.3,SEC_NDLS_MTJ,Mail Express,28.6
72.3,13.1,3.9,25,20,6,0.46,3,0,0.0,0.0,2.3,3.0,SEC_MTJ_BTE,Mail Express,15.2
0.0,64.8,12.0,170,8,3,0.38,0,0,0.1,5.1,1.1,34.1,SEC_KOTA_RATL,Mail Express,59.7
52.6,73.2,2.6,250,21,3,0.83,0,0,0.0,0.0,4.1,38.2,SEC_BRC_MMCT,Superfast Express,83.2
61.3,11.1,0.3,42,17,6,0.65,3,0,0.3,0.0,1.6,43.9,SEC_GGC_SWM,Mail Express,10.3
51.0,24.3,11.9,25,21,2,0.55,2,0,0.1,0.0,2.3,11.5,SEC_MTJ_BTE,Express,32.3
89.2,33.3,2.2,25,16,5,0.11,1,0,0.1,0.0,1.8,9.3,SEC_MTJ_BTE,Express,24.1
112.0,74.0,0.1,95,4,3,0.41,0,0,0.0,0.0,6.7,17.5,SEC_NDLS_MTJ,Rajdhani Express,36.5
35.0,200.6,6.1,250,18,6,0.8,0,1,0.1,0.0,3.6,7.3,SEC_BRC_MMCT,Superfast Express,348.1
100.4,20.7,1.0,25,16,2,0.3,0,0,0.0,0.0,5.3,12.5,SEC_MTJ_BTE,Rajdhani Express,15.1
17.2,164.1,8.0,170,22,3,0.28,0,1,0.0,0.0,6.3,8.5,SEC_KOTA_RATL,Rajdhani Express,130.4
105.8,121.1,3.6,165,9,1,0.56,0,0,0.1,0.0,7.1,38.3,SEC_RATL_BRC,Rajdhani Express,62.0
95.0,190.9,9.1,170,13,0,0.44,1,0,0.0,0.0,1.6,2.6,SEC_KOTA_RATL,Mail Express,122.6
45.1,66.3,3.0,170,7,5,0.31,0,1,0.0,0.0,3.2,33.3,SEC_KOTA_RATL,Rajdhani Express,92.5
98.3,44.0,7.2,42,8,3,0.56,1,0,0.1,0.0,2.5,48.7,SEC_GGC_SWM,Mail Express,27.8
96.8,51.1,16.2,42,0,3,0.44,1,0,0.1,0.0,1.9,16.6,SEC_GGC_SWM,Superfast Express,30.7
46.7,176.6,7.4,250,21,1,0.75,0,0,0.0,0.0,2.9,5.1,SEC_BRC_MMCT,Mail Express,226.8
37.3,110.3,3.5,95,15,5,0.12,4,1,0.6,0.0,1.5,2.9,SEC_NDLS_MTJ,Mail Express,185.3
92.4,22.6,16.6,25,5,5,0.26,1,0,0.0,0.0,4.2,7.0,SEC_MTJ_BTE,Superfast Express,14.7
56.7,80.8,6.1,75,13,6,0.19,2,0,0.0,0.0,2.6,3.5,SEC_BTE_GGC,Mail Express,85.6
32.6,240.1,2.4,250,2,4,0.14,0,1,0.0,0.0,2.4,17.6,SEC_BRC_MMCT,Express,443.6
24.4,68.7,22.1,95,16,5,0.44,1,1,0.0,0.0,1.2,26.6,SEC_NDLS_MTJ,Mail Express,168.8
100.5,200.9,0.2,165,6,4,0.32,0,0,0.1,0.0,1.9,6.8,SEC_RATL_BRC,Express,120.9
19.5,78.8,0.7,170,12,3,0.38,2,1,0.0,0.0,6.2,2.1,SEC_KOTA_RATL,Rajdhani Express,60.6
90.0,32.4,10.7,42,6,2,0.25,1,0,0.0,0.0,1.8,0.3,SEC_GGC_SWM,Mail Express,20.5
103.2,87.3,0.9,75,12,0,0.5,0,0,0.0,0.0,2.2,9.5,SEC_BTE_GGC,Mail Express,50.3
39.0,80.0,8.0,170,0,6,0.46,4,1,0.0,0.0,2.0,25.0,SEC_KOTA_RATL,Express,131.0
102.8,58.3,10.0,65,4,6,0.11,0,0,0.0,0.0,4.0,6.7,SEC_SWM_KOTA,Superfast Express,30.6
69.2,17.0,10.3,25,1,2,0.38,3,0,0.0,0.0,2.7,11.3,SEC_MTJ_BTE,Mail Express,17.2
51.8,123.9,1.5,165,17,6,0.58,2,0,0.0,0.0,2.1,0.2,SEC_RATL_BRC,Rajdhani Express,142.0
42.0,169.7,5.0,165,0,3,0.34,4,0,0.1,0.0,2.4,5.2,SEC_RATL_BRC,Mail Express,247.3
27.6,61.8,25.9,165,5,6,0.47,3,1,0.0,0.0,3.3,3.7,SEC_RATL_BRC,Superfast Express,139.2
107.7,33.3,67.2,95,12,6,0.43,0,0,0.0,0.0,5.2,41.0,SEC_NDLS_MTJ,Rajdhani Express,15.7
103.9,32.4,10.6,75,15,1,0.4,1,0,0.3,0.0,4.0,13.7,SEC_BTE_GGC,Rajdhani Express,19.6
104.2,71.1,1.5,75,21,4,0.55,0,0,0.0,0.0,7.4,3.7,SEC_BTE_GGC,Rajdhani Express,41.6
79.3,28.4,1.8,75,3,4,0.36,2,0,0.0,0.0,1.1,40.8,SEC_BTE_GGC,Mail Express,23.4
87.9,11.9,13.4,75,22,2,0.24,1,0,0.3,8.2,2.0,12.8,SEC_BTE_GGC,Mail Express,15.0
77.4,32.3,14.9,42,14,0,0.14,0,0,0.1,0.0,4.4,2.7,SEC_GGC_SWM,Superfast Express,18.5
121.4,124.6,0.1,250,17,3,0.57,0,0,0.0,0.0,2.5,3.1,SEC_BRC_MMCT,Rajdhani Express,63.4
45.8,65.1,10.7,65,5,3,0.23,3,0,0.0,11.9,1.4,5.8,SEC_SWM_KOTA,Express,98.1
80.9,44.5,23.4,65,0,1,0.39,4,0,0.0,0.0,1.2,4.4,SEC_SWM_KOTA,Superfast Express,35.4
79.7,48.6,7.5,42,21,6,0.41,2,0,0.0,0.0,6.9,2.0,SEC_GGC_SWM,Rajdhani Express,36.2
48.7,42.6,0.0,42,9,5,0.6,2,1,0.0,0.0,1.4,1.7,SEC_GGC_SWM,Express,62.3
124.9,49.1,7.4,95,9,2,0.51,1,0,0.1,0.0,4.8,31.0,SEC_NDLS_MTJ,Rajdhani Express,22.1
100.6,231.9,0.3,165,0,3,0.15,1,0,0.0,0.0,1.2,8.5,SEC_RATL_BRC,Mail Express,137.2
53.3,30.8,0.9,75,19,2,0.79,1,0,0.1,0.0,5.7,9.8,SEC_BTE_GGC,Rajdhani Express,31.6
116.3,292.7,11.0,250,0,2,0.28,0,0,0.0,25.5,4.1,66.7,SEC_BRC_MMCT,Superfast Express,172.9
41.4,50.8,1.6,65,8,1,0.65,2,0,0.1,0.0,1.5,28.5,SEC_SWM_KOTA,Superfast Express,77.4
67.7,52.9,1.6,65,1,5,0.17,4,0,0.0,0.0,3.4,1.1,SEC_SWM_KOTA,Superfast Express,47.9
23.5,89.6,2.7,75,14,5,0.22,0,1,0.0,0.0,2.6,14.9,SEC_BTE_GGC,Rajdhani Express,216.7
84.7,29.4,7.7,25,15,4,0.38,1,0,0.1,0.0,2.4,5.2,SEC_MTJ_BTE,Mail Express,23.4
48.0,82.9,3.2,95,20,3,0.75,1,1,0.6,0.0,2.6,53.8,SEC_NDLS_MTJ,Mail Express,118.0
50.0,47.3,1.5,65,21,0,0.73,0,0,0.0,0.0,2.4,13.1,SEC_SWM_KOTA,Superfast Express,59.9
98.3,167.6,8.6,170,3,3,0.23,0,0,0.0,0.0,6.4,1.6,SEC_KOTA_RATL,Rajdhani Express,97.9
86.6,90.0,6.1,65,20,4,0.74,1,0,0.3,0.0,2.8,8.3,SEC_SWM_KOTA,Superfast Express,70.1
79.2,28.4,11.9,25,0,1,0.48,0,0,0.0,0.0,1.9,16.0,SEC_MTJ_BTE,Express,20.4
78.6,259.9,4.0,250,3,3,0.45,2,0,0.1,0.0,5.4,27.4,SEC_BRC_MMCT,Rajdhani Express,200.4
42.3,33.7,4.2,95,13,5,0.17,0,1,0.3,0.0,1.1,5.7,SEC_NDLS_MTJ,Superfast Express,49.9
86.1,60.6,4.2,65,14,0,0.32,2,0,0.1,0.0,5.0,2.7,SEC_SWM_KOTA,Rajdhani Express,44.2
42.2,17.1,3.9,42,16,5,0.28,3,1,0.0,0.0,1.7,0.7,SEC_GGC_SWM,Rajdhani Express,28.4
68.4,105.1,6.5,95,14,1,0.2,2,0,0.1,0.0,6.9,1.6,SEC_NDLS_MTJ,Rajdhani Express,86.3
0.0,93.4,14.6,165,16,1,0.32,2,0,0.0,0.1,1.0,7.2,SEC_RATL_BRC,Superfast Express,72.9
85.1,176.1,11.0,165,20,6,0.51,1,0,0.1,0.0,4.1,43.3,SEC_RATL_BRC,Superfast Express,123.1
99.8,33.8,9.2,65,16,2,0.38,0,0,0.0,0.0,2.7,4.0,SEC_SWM_KOTA,Express,17.1
87.6,96.1,1.8,95,14,1,0.46,0,0,0.0,0.0,6.3,37.3,SEC_NDLS_MTJ,Rajdhani Express,60.6
47.0,186.4,3.3,170,20,5,0.56,2,0,0.0,0.0,4.8,0.2,SEC_KOTA_RATL,Superfast Express,236.6
104.4,307.2,15.1,250,2,0,0.46,0,0,0.1,2.2,1.2,5.1,SEC_BRC_MMCT,Express,183.2
100.9,197.0,2.4,165,13,4,0.48,0,0,0.0,0.0,7.2,26.8,SEC_RATL_BRC,Rajdhani Express,111.2
36.6,24.1,11.8,25,3,1,0.25,1,1,0.0,0.0,2.9,2.4,SEC_MTJ_BTE,Mail Express,45.5
28.5,103.0,5.3,250,12,1,0.4,2,1,0.0,0.0,1.8,2.4,SEC_BRC_MMCT,Mail Express,221.9
26.7,97.7,11.5,95,16,1,0.21,0,1,0.0,0.0,7.2,17.4,SEC_NDLS_MTJ,Rajdhani Express,219.9
51.1,85.9,7.2,95,19,0,0.36,2,0,0.0,0.0,3.2,32.7,SEC_NDLS_MTJ,Superfast Express,103.8
77.0,80.7,3.8,250,20,6,0.43,2,0,0.1,0.0,1.8,8.5,SEC_BRC_MMCT,Rajdhani Express,60.5
48.8,42.6,13.5,75,6,5,0.37,2,0,0.0,0.0,2.5,9.6,SEC_BTE_GGC,Mail Express,54.6
46.3,93.4,15.5,65,8,1,0.37,2,1,0.6,0.0,2.1,2.9,SEC_SWM_KOTA,Express,135.5
57.7,201.6,5.5,170,20,5,0.44,3,0,0.9,0.0,2.3,0.8,SEC_KOTA_RATL,Mail Express,221.7
39.1,64.8,23.7,75,10,4,0.58,3,0,0.3,8.3,2.0,11.9,SEC_BTE_GGC,Express,115.1
104.5,315.7,2.6,250,2,1,0.45,0,0,0.0,0.0,3.9,10.6,SEC_BRC_MMCT,Rajdhani Express,179.5
81.0,13.5,0.5,95,21,5,0.69,3,0,0.1,0.0,1.7,1.3,SEC_NDLS_MTJ,Express,8.6
100.3,75.4,5.4,75,5,5,0.31,0,0,0.0,0.0,2.1,1.3,SEC_BTE_GGC,Express,44.1
24.9,74.3,28.9,170,13,4,0.27,1,1,0.0,0.0,4.6,5.9,SEC_KOTA_RATL,Superfast Express,180.9
50.3,25.1,23.9,95,4,1,0.4,0,1,0.0,0.0,5.8,2.0,SEC_NDLS_MTJ,Rajdhani Express,33.7
116.6,308.1,6.2,250,7,0,0.45,0,0,0.0,0.0,2.6,13.7,SEC_BRC_MMCT,Express,158.6
92.2,11.0,5.3,75,18,3,0.58,1,0,0.0,0.0,2.7,3.0,SEC_BTE_GGC,Express,8.1
74.1,87.0,28.7,165,7,4,0.37,2,0,0.0,0.0,6.6,0.5,SEC_RATL_BRC,Rajdhani Express,67.7
92.0,95.9,3.9,165,0,1,0.39,0,0,0.6,0.0,1.8,21.7,SEC_RATL_BRC,Mail Express,61.3
33.5,9.3,7.9,65,12,2,0.25,0,1,0.1,0.0,1.8,2.2,SEC_SWM_KOTA,Superfast Express,16.8
38.2,85.4,9.7,75,1,2,0.49,0,1,0.0,0.0,1.9,23.5,SEC_BTE_GGC,Express,138.7
94.5,91.5,15.5,170,22,6,0.39,1,0,0.0,0.0,1.5,0.5,SEC_KOTA_RATL,Superfast Express,59.9
47.1,220.4,14.7,165,16,6,0.17,2,0,0.0,11.3,1.5,26.4,SEC_RATL_BRC,Express,292.2
46.9,26.9,2.0,25,11,6,0.44,2,0,0.0,0.0,2.6,2.2,SEC_MTJ_BTE,Mail Express,37.9
63.8,27.0,26.2,65,7,6,0.2,3,0,0.0,0.0,4.5,13.8,SEC_SWM_KOTA,Rajdhani Express,20.5
91.9,125.4,15.9,165,16,4,0.38,0,0,0.0,0.0,2.1,24.4,SEC_RATL_BRC,Express,82.3
107.3,51.3,8.2,75,11,6,0.59,1,0,0.0,0.0,4.4,3.1,SEC_BTE_GGC,Rajdhani Express,29.2
102.7,258.3,2.1,250,7,4,0.2,0,0,0.1,0.0,2.8,1.0,SEC_BRC_MMCT,Mail Express,152.0
82.0,134.4,5.3,170,22,3,0.26,2,0,0.0,0.0,1.5,5.0,SEC_KOTA_RATL,Express,97.4
44.7,195.6,20.2,165,6,1,0.36,1,1,0.0,0.0,5.0,1.1,SEC_RATL_BRC,Superfast Express,267.0
92.3,52.6,13.9,42,1,3,0.26,0,0,0.1,0.0,1.2,2.0,SEC_GGC_SWM,Mail Express,35.9
95.3,155.9,1.1,165,19,6,0.66,0,0,0.1,0.0,1.6,21.5,SEC_RATL_BRC,Mail Express,98.4
85.2,105.4,0.1,165,18,0,0.66,0,0,0.0,0.0,3.0,4.7,SEC_RATL_BRC,Express,72.8
57.7,47.7,2.9,75,18,2,0.79,0,0,0.0,0.0,1.4,11.7,SEC_BTE_GGC,Express,53.2
104.2,126.1,12.9,250,4,5,0.17,1,0,0.0,0.0,4.5,11.0,SEC_BRC_MMCT,Superfast Express,70.5
49.9,44.9,6.3,95,5,4,0.21,2,0,0.1,0.0,1.2,9.3,SEC_NDLS_MTJ,Express,53.6
64.8,27.4,7.3,165,5,3,0.36,2,0,0.1,0.0,3.8,4.3,SEC_RATL_BRC,Superfast Express,24.4
91.6,77.4,16.1,75,12,3,0.37,0,0,0.1,0.0,5.2,22.6,SEC_BTE_GGC,Rajdhani Express,47.2
41.6,174.5,1.9,165,14,4,0.35,0,1,0.0,0.0,5.2,6.7,SEC_RATL_BRC,Rajdhani Express,252.8
92.9,212.1,2.3,165,6,2,0.34,0,0,0.0,0.0,1.5,7.3,SEC_RATL_BRC,Superfast Express,137.7
62.0,98.3,1.1,165,18,5,0.83,0,0,0.0,0.0,4.7,0.5,SEC_RATL_BRC,Superfast Express,90.3
0.0,48.9,12.1,42,10,6,0.6,1,1,0.0,21.5,3.5,40.0,SEC_GGC_SWM,Superfast Express,67.3
40.5,175.3,0.4,250,17,4,0.76,0,0,0.3,0.0,1.7,33.5,SEC_BRC_MMCT,Mail Express,263.1
93.5,130.8,15.0,250,14,4,0.34,0,0,0.0,0.0,1.8,10.1,SEC_BRC_MMCT,Mail Express,83.3
102.0,26.7,6.5,75,13,0,0.37,0,0,0.0,0.0,1.8,31.3,SEC_BTE_GGC,Express,16.9
98.2,93.7,0.8,65,7,2,0.13,0,0,0.0,0.0,4.5,15.1,SEC_SWM_KOTA,Rajdhani Express,50.8
107.2,64.3,14.7,75,16,6,0.41,0,0,0.3,0.0,5.6,49.9,SEC_BTE_GGC,Rajdhani Express,33.0
33.5,34.1,0.8,65,3,2,0.18,0,1,0.0,0.0,1.6,11.0,SEC_SWM_KOTA,Superfast Express,66.6
42.7,20.8,3.3,42,19,0,0.84,0,1,0.0,0.0,2.5,18.1,SEC_GGC_SWM,Superfast Express,32.1
34.2,94.6,30.2,75,12,0,0.15,0,1,0.0,0.0,4.4,63.3,SEC_BTE_GGC,Superfast Express,170.2
75.0,67.2,6.0,95,2,2,0.33,2,0,0.3,0.0,2.8,9.3,SEC_NDLS_MTJ,Rajdhani Express,57.2
32.6,28.1,10.0,65,20,5,0.63,0,1,0.1,0.0,2.5,16.3,SEC_SWM_KOTA,Rajdhani Express,60.0
39.8,185.9,1.2,250,4,6,0.45,4,0,0.0,0.0,1.7,20.6,SEC_BRC_MMCT,Mail Express,282.2
85.4,23.1,30.7,25,23,5,0.25,0,0,0.0,0.0,1.7,0.9,SEC_MTJ_BTE,Express,12.9
29.2,21.7,2.6,42,9,5,0.55,1,1,0.3,0.0,7.8,9.0,SEC_GGC_SWM,Rajdhani Express,47.7
90.9,19.7,0.2,25,9,0,0.57,0,0,0.0,0.0,3.1,64.9,SEC_MTJ_BTE,Superfast Express,15.0
64.1,101.6,12.2,95,16,6,0.39,2,0,0.1,0.0,3.3,8.5,SEC_NDLS_MTJ,Superfast Express,96.5
94.9,244.3,6.7,250,4,5,0.32,0,0,0.3,0.0,1.0,57.4,SEC_BRC_MMCT,Express,154.9
104.6,61.6,4.5,250,1,4,0.1,0,0,0.3,0.0,4.7,11.2,SEC_BRC_MMCT,Superfast Express,33.3
50.3,247.4,3.7,165,21,3,0.7,2,0,0.0,0.0,2.4,5.4,SEC_RATL_BRC,Express,305.2
110.5,48.4,0.6,65,23,6,0.38,1,0,0.0,0.0,3.6,10.8,SEC_SWM_KOTA,Superfast Express,24.2
67.4,17.0,3.8,75,0,2,0.18,2,0,0.0,0.0,2.3,2.5,SEC_BTE_GGC,Express,11.6
54.1,73.5,13.5,75,16,1,0.45,2,0,0.1,0.0,4.4,20.0,SEC_BTE_GGC,Rajdhani Express,78.8
82.6,23.1,4.4,42,7,0,0.3,1,0,0.1,0.0,2.7,19.5,SEC_GGC_SWM,Express,20.2
34.0,79.3,5.8,250,13,4,0.34,0,1,0.3,0.0,2.1,13.2,SEC_BRC_MMCT,Mail Express,142.3
53.8,23.0,4.3,25,17,4,0.65,2,1,0.0,0.0,1.1,40.7,SEC_MTJ_BTE,Express,38.4
105.4,123.5,0.4,165,18,6,0.55,1,0,0.0,0.0,1.6,1.8,SEC_RATL_BRC,Superfast Express,70.0
104.3,55.0,10.5,95,12,4,0.3,1,0,0.0,0.0,2.9,1.0,SEC_NDLS_MTJ,Express,30.3
102.0,107.0,5.5,75,2,3,0.33,0,0,0.1,0.0,2.3,8.8,SEC_BTE_GGC,Rajdhani Express,61.3
66.0,238.2,5.0,170,20,0,0.42,2,0,0.3,0.0,1.2,7.0,SEC_KOTA_RATL,Superfast Express,224.8
98.0,81.0,13.6,250,13,0,0.31,0,0,0.3,0.0,2.1,34.1,SEC_BRC_MMCT,Mail Express,47.5
102.2,237.7,6.3,165,15,1,0.34,1,0,0.1,0.0,1.6,6.8,SEC_RATL_BRC,Express,144.3
36.7,48.3,15.0,65,9,1,0.55,1,1,0.1,0.0,2.3,17.0,SEC_SWM_KOTA,Rajdhani Express,88.4
53.5,42.6,39.7,65,8,0,0.66,3,0,0.0,1.5,1.5,22.5,SEC_SWM_KOTA,Mail Express,52.4
101.4,91.0,13.5,75,7,0,0.25,0,0,0.0,0.0,2.0,20.2,SEC_BTE_GGC,Express,52.8
71.9,31.8,10.8,42,21,4,0.72,0,0,0.1,0.0,2.1,72.7,SEC_GGC_SWM,Mail Express,29.7
87.4,189.6,1.0,170,3,0,0.16,0,0,0.0,0.0,1.7,19.5,SEC_KOTA_RATL,Mail Express,133.5
72.0,95.3,0.1,95,15,3,0.11,2,0,0.0,0.0,1.3,4.9,SEC_NDLS_MTJ,Mail Express,81.1
56.2,60.0,3.0,42,2,3,0.25,3,0,0.0,0.0,2.9,11.8,SEC_GGC_SWM,Superfast Express,64.6
107.7,104.1,0.4,170,7,3,0.48,0,0,0.0,0.0,2.4,6.5,SEC_KOTA_RATL,Rajdhani Express,54.9
98.8,20.5,20.5,25,1,1,0.42,1,0,0.1,0.0,4.5,22.0,SEC_MTJ_BTE,Superfast Express,18.6
110.2,89.1,4.0,170,18,1,0.58,0,0,0.1,0.0,2.9,37.2,SEC_KOTA_RATL,Rajdhani Express,49.0
40.3,155.1,26.3,250,6,3,0.11,3,1,0.0,0.0,1.2,3.5,SEC_BRC_MMCT,Superfast Express,236.3
79.5,83.3,0.2,95,9,5,0.65,0,0,0.1,0.0,2.4,4.8,SEC_NDLS_MTJ,Superfast Express,64.5
94.2,76.9,18.3,75,9,2,0.54,0,0,0.1,0.0,1.5,1.5,SEC_BTE_GGC,Express,51.7
83.8,140.1,0.5,250,17,4,0.76,0,0,0.1,0.0,1.2,1.5,SEC_BRC_MMCT,Express,102.4
47.6,69.7,1.8,95,15,3,0.34,4,0,0.1,0.0,2.6,31.3,SEC_NDLS_MTJ,Express,86.7
95.8,46.9,0.1,95,23,4,0.4,0,0,0.3,0.0,1.1,7.2,SEC_NDLS_MTJ,Mail Express,27.8
108.2,200.9,1.2,165,7,2,0.16,0,0,0.0,0.0,4.6,5.1,SEC_RATL_BRC,Superfast Express,108.8
59.2,19.7,4.2,25,22,6,0.33,2,0,0.0,0.0,3.0,12.9,SEC_MTJ_BTE,Rajdhani Express,20.6
98.9,80.6,3.4,250,10,0,0.46,0,0,0.9,0.0,1.0,0.6,SEC_BRC_MMCT,Mail Express,53.2
65.2,8.7,3.5,25,20,0,0.82,1,0,0.0,0.0,2.3,5.4,SEC_MTJ_BTE,Mail Express,7.4
99.8,179.7,8.5,170,15,5,0.27,0,0,0.3,0.0,5.0,8.4,SEC_KOTA_RATL,Rajdhani Express,108.9
68.3,36.2,2.1,42,17,4,0.64,2,0,0.6,0.0,4.8,26.4,SEC_GGC_SWM,Superfast Express,35.2
80.9,78.8,5.2,170,8,2,0.63,0,0,0.0,0.0,5.6,6.6,SEC_KOTA_RATL,Rajdhani Express,58.2
99.7,227.8,3.4,165,8,0,0.43,1,0,0.0,0.0,3.5,21.9,SEC_RATL_BRC,Superfast Express,139.3
88.8,10.2,8.6,25,16,0,0.2,1,0,0.0,0.0,2.9,14.8,SEC_MTJ_BTE,Express,8.7
57.0,243.8,30.6,170,17,5,0.77,0,0,0.1,0.0,1.7,1.8,SEC_KOTA_RATL,Express,262.2
50.9,5.7,40.0,25,10,6,0.47,4,0,0.0,0.0,7.3,1.0,SEC_MTJ_BTE,Rajdhani Express,5.7
30.2,195.5,17.9,250,8,5,0.4,0,1,0.0,0.0,2.9,2.9,SEC_BRC_MMCT,Express,395.3
0.0,91.3,16.3,165,7,4,0.18,2,0,0.0,0.8,1.5,65.5,SEC_RATL_BRC,Express,69.7
70.7,16.7,6.1,25,1,5,0.19,2,0,0.0,0.0,1.4,28.4,SEC_MTJ_BTE,Mail Express,11.3
43.6,33.9,1.4,250,0,0,0.49,0,1,0.0,0.0,1.9,9.0,SEC_BRC_MMCT,Mail Express,48.4
44.1,39.3,0.5,65,18,1,0.45,2,1,0.0,0.0,3.2,50.8,SEC_SWM_KOTA,Rajdhani Express,55.5
0.0,110.8,14.9,95,10,2,0.47,0,0,0.1,8.6,2.8,3.3,SEC_NDLS_MTJ,Express,96.6
79.5,19.7,3.7,25,0,6,0.16,0,0,0.0,0.0,2.9,11.5,SEC_MTJ_BTE,Express,12.7
95.9,28.6,15.0,42,5,0,0.47,1,0,0.0,0.0,2.6,8.1,SEC_GGC_SWM,Superfast Express,18.1
108.4,35.5,33.4,95,18,3,0.47,0,0,0.3,0.0,2.0,21.8,SEC_NDLS_MTJ,Superfast Express,17.9
40.9,116.2,17.4,165,23,5,0.43,2,0,0.0,0.0,1.3,20.7,SEC_RATL_BRC,Superfast Express,172.8
84.9,126.9,4.6,95,16,2,0.46,1,0,0.3,0.0,3.4,81.4,SEC_NDLS_MTJ,Superfast Express,91.3
93.6,189.3,8.1,165,20,5,0.69,1,0,0.6,0.0,2.1,7.6,SEC_RATL_BRC,Express,129.6
34.6,10.4,2.3,95,17,4,0.55,2,1,0.0,0.0,2.9,14.7,SEC_NDLS_MTJ,Mail Express,19.3
38.5,122.0,6.0,95,12,2,0.3,0,1,0.0,0.0,1.5,19.1,SEC_NDLS_MTJ,Superfast Express,194.2
74.7,27.8,4.9,75,2,3,0.12,2,0,0.6,0.0,2.0,9.6,SEC_BTE_GGC,Express,20.5
65.3,60.3,7.4,65,22,4,0.25,3,0,0.3,0.0,1.4,5.9,SEC_SWM_KOTA,Mail Express,55.0
102.1,32.8,3.2,42,23,1,0.18,1,0,0.0,0.0,4.5,1.0,SEC_GGC_SWM,Superfast Express,14.8
62.1,118.9,12.5,170,4,1,0.48,2,0,0.1,0.0,2.3,1.5,SEC_KOTA_RATL,Mail Express,114.2
47.1,101.7,3.2,95,19,3,0.74,1,0,0.6,0.0,1.7,9.0,SEC_NDLS_MTJ,Superfast Express,138.3
35.4,10.4,6.9,65,0,4,0.35,3,0,0.0,0.0,2.1,12.0,SEC_SWM_KOTA,Express,17.0
48.2,34.8,3.5,95,15,0,0.29,4,0,0.3,0.0,1.1,11.0,SEC_NDLS_MTJ,Mail Express,47.5
65.5,138.0,19.4,250,19,1,0.84,0,0,0.3,9.3,6.3,0.6,SEC_BRC_MMCT,Rajdhani Express,133.3
95.4,54.3,3.4,95,19,5,0.37,0,0,0.0,0.0,7.0,5.4,SEC_NDLS_MTJ,Rajdhani Express,28.1
74.6,4.8,5.0,25,7,0,0.17,2,0,0.0,0.0,2.4,0.1,SEC_MTJ_BTE,Express,5.7
88.6,8.8,11.3,25,21,6,0.44,0,0,0.0,0.0,2.6,1.2,SEC_MTJ_BTE,Superfast Express,8.6
100.6,33.4,4.4,75,12,0,0.19,1,0,0.0,0.0,2.9,4.2,SEC_BTE_GGC,Mail Express,20.5
81.5,4.0,1.8,25,17,2,0.38,1,0,0.1,0.0,2.5,0.8,SEC_MTJ_BTE,Express,4.0
92.3,142.0,2.1,170,10,1,0.54,1,0,0.0,0.0,7.2,7.8,SEC_KOTA_RATL,Rajdhani Express,86.6
106.2,100.4,10.8,165,5,5,0.32,1,0,0.0,0.0,2.9,12.1,SEC_RATL_BRC,Superfast Express,53.7
67.3,15.6,5.8,25,19,5,0.71,1,0,0.0,0.0,5.2,24.3,SEC_MTJ_BTE,Rajdhani Express,16.0
45.3,119.4,5.5,165,9,3,0.85,2,0,0.3,0.0,1.9,12.6,SEC_RATL_BRC,Rajdhani Express,164.1
108.5,40.2,13.5,75,0,2,0.17,1,0,0.0,0.0,3.1,16.5,SEC_BTE_GGC,Superfast Express,22.2
93.5,26.8,5.4,42,21,0,0.5,1,0,0.6,0.0,1.9,24.4,SEC_GGC_SWM,Mail Express,16.9
76.9,336.4,7.3,250,8,2,0.41,3,0,0.0,0.0,2.8,21.7,SEC_BRC_MMCT,Mail Express,266.9
67.6,32.1,14.4,65,15,5,0.49,2,0,0.0,0.0,1.8,11.6,SEC_SWM_KOTA,Express,25.7
32.0,140.8,3.0,95,20,1,0.59,1,1,0.0,0.0,2.2,16.1,SEC_NDLS_MTJ,Superfast Express,276.1
93.9,22.3,0.2,25,2,2,0.46,1,0,0.6,0.0,1.1,14.1,SEC_MTJ_BTE,Mail Express,19.5
42.0,210.0,14.7,165,19,4,0.8,4,1,0.1,0.0,3.1,7.9,SEC_RATL_BRC,Rajdhani Express,319.7
55.6,157.6,24.3,170,18,2,0.36,4,0,0.6,0.0,4.1,3.5,SEC_KOTA_RATL,Superfast Express,172.2
92.1,185.7,3.3,165,12,3,0.15,0,0,0.1,0.0,2.3,2.5,SEC_RATL_BRC,Mail Express,119.2
94.8,49.6,12.2,75,5,1,0.2,1,0,0.0,30.0,3.0,2.0,SEC_BTE_GGC,Mail Express,60.2
30.8,176.0,4.5,170,0,2,0.2,0,1,0.0,0.0,1.0,2.1,SEC_KOTA_RATL,Mail Express,347.2
69.6,52.9,5.3,42,4,5,0.12,2,0,0.1,0.0,6.7,2.5,SEC_GGC_SWM,Rajdhani Express,41.2
96.4,183.2,15.7,165,23,4,0.43,1,0,0.0,0.0,3.2,38.9,SEC_RATL_BRC,Rajdhani Express,112.1
78.8,80.3,4.6,65,4,2,0.14,2,0,0.0,0.0,6.6,0.7,SEC_SWM_KOTA,Rajdhani Express,55.6
100.4,186.6,3.8,250,0,1,0.16,0,0,0.1,0.0,2.5,8.4,SEC_BRC_MMCT,Mail Express,108.7
98.3,57.2,17.1,165,1,2,0.4,0,0,0.0,0.0,2.4,6.4,SEC_RATL_BRC,Mail Express,30.3
78.1,121.3,1.2,95,7,0,0.16,2,0,0.3,0.0,1.5,0.8,SEC_NDLS_MTJ,Mail Express,94.8
30.4,56.5,9.6,165,7,3,0.26,0,1,0.0,0.0,1.5,10.3,SEC_RATL_BRC,Mail Express,116.1
37.6,135.0,42.6,95,1,1,0.23,0,1,0.0,0.0,1.3,4.9,SEC_NDLS_MTJ,Express,223.2
83.9,4.1,4.8,25,8,6,0.61,1,0,0.9,0.0,1.7,42.0,SEC_MTJ_BTE,Mail Express,6.8
33.4,65.1,26.9,95,0,6,0.23,2,1,0.0,3.9,1.2,24.5,SEC_NDLS_MTJ,Rajdhani Express,124.2
43.9,47.5,5.9,42,18,0,0.84,0,0,0.3,0.0,7.5,7.6,SEC_GGC_SWM,Rajdhani Express,63.8
94.3,56.3,0.0,75,23,1,0.34,0,0,0.0,0.0,6.7,4.7,SEC_BTE_GGC,Rajdhani Express,28.4
60.7,74.9,10.9,95,11,1,0.8,1,0,0.1,0.0,3.0,10.8,SEC_NDLS_MTJ,Superfast Express,79.4
43.5,15.0,4.2,95,10,1,0.51,1,1,0.0,0.0,2.2,31.3,SEC_NDLS_MTJ,Express,26.7
81.2,48.4,0.5,42,11,4,0.45,1,0,0.1,0.0,1.2,24.1,SEC_GGC_SWM,Mail Express,41.2
45.3,306.7,7.8,250,7,6,0.49,0,1,0.0,0.0,1.9,67.0,SEC_BRC_MMCT,Express,410.9
53.1,16.9,14.3,25,12,0,0.31,2,0,0.1,0.0,3.1,27.8,SEC_MTJ_BTE,Superfast Express,20.0
42.9,89.7,23.1,95,1,1,0.12,0,1,0.0,0.0,1.7,9.2,SEC_NDLS_MTJ,Mail Express,130.7
29.6,165.9,18.1,250,15,2,0.13,0,1,0.0,0.0,2.4,14.1,SEC_BRC_MMCT,Express,341.6
99.8,124.6,0.4,170,8,5,0.39,0,0,0.0,0.0,1.4,11.8,SEC_KOTA_RATL,Express,74.2
118.8,58.3,10.3,75,10,2,0.47,0,0,0.0,0.0,1.4,5.8,SEC_BTE_GGC,Rajdhani Express,31.4
106.2,37.1,9.4,65,10,1,0.42,0,0,0.0,0.0,2.0,11.0,SEC_SWM_KOTA,Express,22.9
65.9,19.2,2.7,25,17,0,0.42,2,0,0.6,0.0,6.6,2.8,SEC_MTJ_BTE,Rajdhani Express,23.7
78.9,18.2,2.0,25,11,5,0.62,0,0,0.6,0.0,2.7,5.2,SEC_MTJ_BTE,Mail Express,17.5
29.5,235.8,2.7,170,9,6,0.55,1,1,0.1,0.0,3.7,0.1,SEC_KOTA_RATL,Superfast Express,487.4
99.0,94.6,12.3,65,12,3,0.49,1,0,0.0,0.0,2.0,1.8,SEC_SWM_KOTA,Express,58.4
38.5,9.4,1.3,75,19,6,0.73,0,1,0.0,0.0,1.1,10.2,SEC_BTE_GGC,Superfast Express,13.5
49.3,96.5,1.7,170,3,3,0.1,2,0,0.3,0.0,3.1,33.5,SEC_KOTA_RATL,Superfast Express,117.9
48.0,165.7,1.9,250,10,5,0.71,1,0,0.0,0.0,4.9,20.6,SEC_BRC_MMCT,Rajdhani Express,204.8
102.0,167.9,16.4,165,0,1,0.16,0,0,0.0,0.0,2.7,8.4,SEC_RATL_BRC,Mail Express,95.5
93.3,27.7,15.6,165,13,6,0.47,1,0,0.0,0.0,4.4,28.8,SEC_RATL_BRC,Rajdhani Express,15.2
44.1,92.2,17.3,75,17,3,0.37,2,0,0.0,3.6,1.7,9.8,SEC_BTE_GGC,Express,131.5
44.3,51.0,4.7,95,0,2,0.17,2,0,0.0,0.0,1.3,6.8,SEC_NDLS_MTJ,Mail Express,68.8
116.3,258.4,1.3,250,13,3,0.21,0,0,0.1,0.0,2.8,5.6,SEC_BRC_MMCT,Superfast Express,131.5
102.6,42.3,10.9,95,6,2,0.36,0,0,0.0,0.0,1.6,14.5,SEC_NDLS_MTJ,Superfast Express,22.3
84.4,6.6,5.2,25,16,2,0.49,0,0,0.0,0.0,2.4,16.2,SEC_MTJ_BTE,Express,3.5
37.4,117.3,12.3,95,11,1,0.71,1,1,0.1,0.0,3.3,7.9,SEC_NDLS_MTJ,Rajdhani Express,201.2
38.5,85.0,2.0,95,14,1,0.29,0,1,0.0,0.0,4.4,31.0,SEC_NDLS_MTJ,Rajdhani Express,134.6
92.7,15.7,12.0,25,15,6,0.37,0,0,0.0,0.0,2.9,34.4,SEC_MTJ_BTE,Mail Express,10.5
89.9,12.7,14.8,25,13,0,0.3,1,0,0.0,0.0,1.1,28.7,SEC_MTJ_BTE,Express,7.7
93.6,166.3,8.7,170,18,0,0.38,1,0,0.0,0.0,1.8,33.4,SEC_KOTA_RATL,Mail Express,109.6
106.2,106.7,0.9,170,5,2,0.22,0,0,0.0,0.0,1.0,5.6,SEC_KOTA_RATL,Superfast Express,57.3
31.1,61.1,1.2,65,6,1,0.29,0,1,0.0,0.0,4.9,5.4,SEC_SWM_KOTA,Rajdhani Express,124.5
102.9,177.6,4.0,170,14,4,0.32,0,0,0.0,0.0,1.1,18.5,SEC_KOTA_RATL,Express,105.2
30.9,54.5,14.2,65,22,3,0.42,0,1,0.0,0.0,4.5,47.6,SEC_SWM_KOTA,Rajdhani Express,111.4
64.5,62.2,42.2,65,6,0,0.46,3,0,0.0,0.6,2.6,7.6,SEC_SWM_KOTA,Express,60.2
96.6,162.0,6.9,170,18,0,0.68,1,0,0.0,0.0,1.6,5.1,SEC_KOTA_RATL,Mail Express,102.0
43.8,108.2,0.7,170,3,4,0.12,0,1,0.0,0.0,2.0,21.6,SEC_KOTA_RATL,Mail Express,155.3
51.8,11.2,12.5,25,13,5,0.22,4,0,0.1,0.0,1.0,8.5,SEC_MTJ_BTE,Mail Express,14.6
43.4,81.5,6.9,65,18,1,0.44,3,0,0.0,0.0,2.4,4.9,SEC_SWM_KOTA,Mail Express,117.8
100.6,195.1,3.4,165,12,0,0.4,0,0,0.0,0.0,1.6,18.2,SEC_RATL_BRC,Express,116.1
102.5,26.9,3.1,42,10,5,0.64,1,0,0.0,0.0,2.8,11.3,SEC_GGC_SWM,Superfast Express,16.1
53.4,172.0,2.2,250,20,5,0.38,2,0,0.0,0.0,1.9,9.6,SEC_BRC_MMCT,Express,194.8
91.9,257.6,13.0,250,17,0,0.67,0,0,0.0,0.0,2.0,10.6,SEC_BRC_MMCT,Mail Express,166.4
98.6,204.5,9.6,170,1,6,0.28,0,0,0.0,0.0,2.8,22.8,SEC_KOTA_RATL,Mail Express,121.6
23.5,80.0,9.7,75,23,5,0.47,2,1,0.0,0.0,1.8,3.0,SEC_BTE_GGC,Superfast Express,199.7
105.8,230.5,7.8,250,23,0,0.27,0,0,0.0,0.0,1.7,0.9,SEC_BRC_MMCT,Mail Express,128.7
89.5,44.0,7.8,65,0,6,0.22,2,0,0.3,0.0,2.0,56.7,SEC_SWM_KOTA,Superfast Express,27.4
97.3,7.7,9.7,25,5,0,0.24,0,0,0.3,0.0,2.7,15.8,SEC_MTJ_BTE,Superfast Express,4.4
98.9,225.6,6.2,170,15,1,0.37,0,0,0.6,0.0,1.8,0.6,SEC_KOTA_RATL,Mail Express,141.1
83.4,23.9,11.8,42,4,5,0.4,3,0,0.0,0.0,3.2,21.5,SEC_GGC_SWM,Superfast Express,17.9
122.5,178.7,1.9,250,21,1,0.44,1,0,0.1,0.0,3.2,1.7,SEC_BRC_MMCT,Superfast Express,86.3
94.2,38.9,12.1,42,9,2,0.54,1,0,0.0,9.3,2.5,4.4,SEC_GGC_SWM,Mail Express,37.1
53.3,107.7,1.0,95,17,1,0.61,3,0,0.0,0.0,3.7,9.2,SEC_NDLS_MTJ,Superfast Express,128.3
66.1,82.3,17.8,170,5,6,0.17,2,0,0.1,0.0,3.5,3.2,SEC_KOTA_RATL,Superfast Express,70.2
29.5,225.0,3.4,165,12,4,0.44,3,1,0.0,0.0,1.7,6.0,SEC_RATL_BRC,Mail Express,473.0
50.3,104.4,4.0,75,5,3,0.16,3,0,0.0,0.0,2.2,54.8,SEC_BTE_GGC,Express,123.0
67.3,173.6,2.3,250,19,5,0.77,1,0,0.6,0.0,1.5,19.9,SEC_BRC_MMCT,Superfast Express,159.7
86.8,87.7,3.5,75,23,4,0.43,1,0,0.1,0.0,3.3,49.4,SEC_BTE_GGC,Superfast Express,60.4
102.8,161.9,5.9,170,1,1,0.43,1,0,0.1,0.0,1.2,40.9,SEC_KOTA_RATL,Superfast Express,93.5
91.7,49.4,10.7,42,0,4,0.42,0,0,0.0,0.0,4.5,2.2,SEC_GGC_SWM,Superfast Express,27.9
53.9,5.4,0.7,25,22,0,0.15,2,0,0.0,0.0,2.4,0.8,SEC_MTJ_BTE,Express,4.6
91.7,10.1,0.3,25,19,1,0.49,1,0,0.0,0.0,1.8,8.5,SEC_MTJ_BTE,Mail Express,7.9
103.0,56.5,18.5,42,16,2,0.48,1,0,0.6,0.2,4.9,5.6,SEC_GGC_SWM,Superfast Express,37.1
111.7,99.5,0.9,65,6,2,0.35,0,0,0.0,0.0,1.8,1.6,SEC_SWM_KOTA,Superfast Express,54.4
126.7,291.3,7.3,250,19,4,0.62,0,0,0.3,0.0,1.9,18.6,SEC_BRC_MMCT,Rajdhani Express,141.4
115.1,92.4,6.4,75,21,3,0.66,1,0,0.1,0.0,5.9,8.9,SEC_BTE_GGC,Rajdhani Express,46.2
29.1,102.0,7.4,170,2,2,0.34,0,1,0.1,0.0,1.2,23.4,SEC_KOTA_RATL,Express,216.7
97.1,41.8,4.9,65,4,3,0.39,0,0,0.0,0.0,2.7,27.5,SEC_SWM_KOTA,Express,25.4
97.7,23.0,0.9,95,10,3,0.64,0,0,0.0,0.0,2.1,16.9,SEC_NDLS_MTJ,Mail Express,15.0
35.7,21.2,5.5,25,17,1,0.78,1,1,0.0,0.0,2.9,2.9,SEC_MTJ_BTE,Superfast Express,40.9
95.4,23.9,4.5,25,0,5,0.33,0,0,0.3,0.0,1.9,8.6,SEC_MTJ_BTE,Rajdhani Express,20.0
95.9,36.9,7.2,165,7,1,0.19,1,0,0.1,0.0,1.1,3.3,SEC_RATL_BRC,Express,19.8
83.3,33.0,8.4,75,13,5,0.39,1,0,0.1,0.0,3.7,30.0,SEC_BTE_GGC,Superfast Express,20.9
54.3,105.7,1.4,75,15,3,0.23,2,0,0.0,0.0,2.2,6.2,SEC_BTE_GGC,Superfast Express,118.8
103.3,152.8,2.8,250,6,1,0.29,0,0,0.0,0.0,1.7,36.0,SEC_BRC_MMCT,Mail Express,89.0
41.3,8.0,8.0,25,23,4,0.44,1,1,0.0,0.0,2.0,25.0,SEC_MTJ_BTE,Mail Express,10.8
0.0,86.8,12.0,95,12,2,0.47,3,0,0.6,2.1,1.8,9.3,SEC_NDLS_MTJ,Mail Express,77.6
35.9,276.0,9.8,250,14,0,0.49,1,1,0.0,0.0,6.0,16.8,SEC_BRC_MMCT,Rajdhani Express,462.3
98.4,38.1,27.0,42,1,1,0.19,0,0,0.0,0.0,2.3,14.8,SEC_GGC_SWM,Express,25.1
106.9,80.1,1.4,165,10,4,0.63,0,0,0.3,0.0,5.8,18.5,SEC_RATL_BRC,Rajdhani Express,40.8
91.6,63.6,9.8,170,19,4,0.38,0,0,0.9,0.0,2.5,16.2,SEC_KOTA_RATL,Superfast Express,37.1
104.2,41.0,8.3,65,20,2,0.48,0,0,0.0,0.0,4.9,13.9,SEC_SWM_KOTA,Superfast Express,19.0
87.5,20.7,12.1,25,20,3,0.58,1,0,0.0,0.0,7.0,1.1,SEC_MTJ_BTE,Rajdhani Express,16.4
39.5,58.5,12.0,65,4,3,0.11,0,1,0.1,0.0,6.4,3.2,SEC_SWM_KOTA,Rajdhani Express,88.7
59.3,43.2,1.1,65,21,5,0.71,1,0,0.0,0.0,3.7,4.5,SEC_SWM_KOTA,Rajdhani Express,44.9
43.2,100.9,14.8,165,11,4,0.77,0,0,0.6,0.0,2.4,3.5,SEC_RATL_BRC,Mail Express,140.2
89.0,43.9,3.4,75,14,3,0.36,1,0,0.0,0.0,2.5,0.6,SEC_BTE_GGC,Mail Express,28.9
100.5,10.7,7.2,75,18,0,0.43,0,0,0.9,0.0,1.9,13.9,SEC_BTE_GGC,Express,5.3
104.4,50.0,0.8,165,0,6,0.46,1,0,0.1,0.0,3.5,1.0,SEC_RATL_BRC,Superfast Express,26.8
94.0,97.1,2.1,95,22,3,0.37,0,0,0.3,0.0,3.8,15.8,SEC_NDLS_MTJ,Superfast Express,63.6
36.8,47.3,13.1,42,20,6,0.81,1,1,0.0,18.1,2.7,1.8,SEC_GGC_SWM,Express,105.2
46.1,175.5,15.1,165,13,5,0.28,1,1,0.3,0.0,1.4,2.3,SEC_RATL_BRC,Express,238.4
33.3,19.8,2.9,25,18,3,0.85,0,1,0.3,0.0,2.7,0.3,SEC_MTJ_BTE,Express,45.2
99.6,26.7,1.5,65,19,3,0.45,1,0,0.1,0.0,2.1,4.4,SEC_SWM_KOTA,Express,17.4
29.6,23.0,13.2,42,16,1,0.18,1,1,0.0,0.0,3.0,3.6,SEC_GGC_SWM,Rajdhani Express,50.1
109.5,287.9,13.6,250,19,6,0.53,1,0,0.0,5.2,1.9,7.5,SEC_BRC_MMCT,Express,165.0
48.4,31.9,4.3,25,19,5,0.73,0,0,0.9,0.0,2.5,2.0,SEC_MTJ_BTE,Express,50.3
44.3,140.5,2.1,165,18,5,0.73,3,1,0.0,0.0,6.4,28.7,SEC_RATL_BRC,Rajdhani Express,196.0
102.6,225.4,10.4,170,0,6,0.28,0,0,0.0,12.0,1.9,7.3,SEC_KOTA_RATL,Express,143.6
107.1,40.5,1.2,65,4,6,0.1,1,0,0.0,0.0,3.6,7.0,SEC_SWM_KOTA,Superfast Express,19.7
66.3,173.6,9.0,165,9,1,0.77,0,0,0.3,0.0,1.7,11.0,SEC_RATL_BRC,Mail Express,164.0
25.5,70.2,0.5,75,23,1,0.16,1,1,0.0,0.0,4.7,6.5,SEC_BTE_GGC,Superfast Express,166.2
98.8,47.7,4.2,65,3,1,0.13,0,0,0.0,0.0,2.6,10.9,SEC_SWM_KOTA,Mail Express,25.9
88.3,12.4,0.1,25,22,4,0.19,0,0,0.0,0.0,3.1,36.1,SEC_MTJ_BTE,Superfast Express,7.5
89.2,20.6,7.1,25,10,4,0.47,0,0,0.3,0.0,2.5,3.7,SEC_MTJ_BTE,Rajdhani Express,14.3
103.1,44.8,2.1,65,7,2,0.42,1,0,0.0,0.0,2.1,3.6,SEC_SWM_KOTA,Express,25.1
100.5,14.3,19.0,95,22,0,0.19,1,0,0.0,0.0,6.0,6.2,SEC_NDLS_MTJ,Rajdhani Express,6.8
79.6,37.2,2.9,75,13,5,0.19,1,0,0.6,0.0,1.6,16.9,SEC_BTE_GGC,Mail Express,28.6
30.9,86.1,1.0,75,6,6,0.38,1,1,0.3,0.0,1.5,0.0,SEC_BTE_GGC,Superfast Express,175.6
100.3,25.9,2.5,65,9,1,0.38,0,0,0.0,0.0,1.4,4.2,SEC_SWM_KOTA,Mail Express,16.3
30.8,69.4,23.4,75,12,5,0.41,1,1,0.0,0.0,1.7,27.4,SEC_BTE_GGC,Express,142.8
38.5,299.4,0.3,250,2,6,0.22,0,1,0.1,0.0,2.0,3.8,SEC_BRC_MMCT,Mail Express,472.2
111.6,84.6,10.6,75,6,3,0.27,0,0,0.3,0.0,3.6,38.8,SEC_BTE_GGC,Superfast Express,42.0
38.3,262.6,3.3,250,10,5,0.65,1,1,0.3,0.0,4.5,10.5,SEC_BRC_MMCT,Rajdhani Express,416.6
106.2,56.8,5.7,65,12,4,0.39,0,0,0.0,0.0,2.3,0.9,SEC_SWM_KOTA,Rajdhani Express,32.7
0.0,103.7,16.3,95,22,0,0.13,2,0,0.0,22.0,1.3,17.0,SEC_NDLS_MTJ,Mail Express,103.1
0.0,18.4,11.7,42,18,5,0.49,1,0,0.0,14.2,2.7,25.5,SEC_GGC_SWM,Express,26.3
80.6,159.4,2.5,170,9,3,0.47,3,0,0.3,0.0,2.7,12.3,SEC_KOTA_RATL,Mail Express,123.6
34.0,29.0,5.4,65,0,6,0.18,2,1,0.0,0.0,2.3,31.0,SEC_SWM_KOTA,Mail Express,57.4
53.0,130.3,6.8,170,21,3,0.79,2,0,0.6,0.0,2.9,4.8,SEC_KOTA_RATL,Mail Express,154.2
109.2,33.3,0.9,65,6,5,0.28,0,0,0.0,0.0,1.1,12.6,SEC_SWM_KOTA,Mail Express,20.4
95.9,40.6,12.9,42,19,6,0.68,0,0,0.1,0.0,2.7,26.6,SEC_GGC_SWM,Rajdhani Express,24.2
96.3,181.4,0.7,250,6,3,0.32,0,0,0.0,0.0,4.4,9.8,SEC_BRC_MMCT,Superfast Express,109.1
27.9,26.2,13.9,25,17,0,0.53,1,1,0.0,0.0,3.7,9.7,SEC_MTJ_BTE,Rajdhani Express,60.2
88.1,35.5,4.9,75,2,3,0.32,0,0,0.0,0.0,2.8,7.5,SEC_BTE_GGC,Mail Express,25.2
91.9,92.3,13.9,165,0,0,0.39,0,0,0.0,0.0,3.0,3.3,SEC_RATL_BRC,Superfast Express,59.6
94.4,169.2,5.3,165,11,2,0.46,0,0,0.1,0.0,1.3,16.9,SEC_RATL_BRC,Express,109.9
39.6,200.6,23.9,250,8,2,0.81,0,0,0.9,0.0,1.0,12.2,SEC_BRC_MMCT,Mail Express,308.7
98.4,243.8,14.9,250,10,2,0.56,0,0,0.6,36.5,1.8,8.8,SEC_BRC_MMCT,Mail Express,191.5
72.6,232.3,9.7,170,11,0,0.74,0,0,0.0,0.0,2.7,0.6,SEC_KOTA_RATL,Mail Express,194.7
92.7,59.5,3.1,75,15,3,0.13,0,0,0.0,0.0,2.9,16.8,SEC_BTE_GGC,Express,40.3
70.8,40.9,10.4,65,0,0,0.14,3,0,0.1,0.0,3.4,14.8,SEC_SWM_KOTA,Rajdhani Express,30.2
32.5,207.1,0.4,165,10,4,0.4,0,1,0.0,0.0,1.2,7.0,SEC_RATL_BRC,Mail Express,392.5
45.4,219.2,3.9,165,9,5,0.82,0,0,0.0,0.0,1.1,54.3,SEC_RATL_BRC,Superfast Express,295.2
91.3,114.4,3.4,95,2,3,0.12,1,0,0.0,0.0,2.9,0.5,SEC_NDLS_MTJ,Express,73.5
78.9,201.2,15.1,165,8,2,0.37,0,0,0.0,0.0,2.7,8.1,SEC_RATL_BRC,Express,153.2
40.3,21.0,0.9,25,5,2,0.36,3,1,0.0,0.0,4.4,9.9,SEC_MTJ_BTE,Superfast Express,38.1
106.7,95.7,3.0,65,2,6,0.3,0,0,0.0,0.0,2.9,3.3,SEC_SWM_KOTA,Express,52.8
73.4,340.8,19.9,250,0,1,0.46,2,0,0.0,0.0,1.1,21.8,SEC_BRC_MMCT,Express,283.1
105.8,28.9,5.7,42,16,3,0.27,0,0,0.0,0.0,1.5,1.9,SEC_GGC_SWM,Superfast Express,14.7
45.9,149.2,0.9,165,16,6,0.31,0,1,0.3,0.0,2.1,15.3,SEC_RATL_BRC,Rajdhani Express,203.2
105.9,30.0,1.0,42,15,6,0.1,0,0,0.0,0.0,1.2,29.0,SEC_GGC_SWM,Express,18.4
89.6,102.4,2.4,95,14,0,0.25,0,0,0.3,0.0,6.7,20.9,SEC_NDLS_MTJ,Rajdhani Express,65.2
28.0,37.1,2.0,42,6,0,0.16,1,1,0.0,0.0,2.3,31.9,SEC_GGC_SWM,Mail Express,82.0
94.5,51.0,6.5,65,4,1,0.29,0,0,0.0,0.0,2.0,4.2,SEC_SWM_KOTA,Express,32.3
88.3,54.2,2.0,165,5,0,0.41,1,0,0.0,0.0,7.5,9.6,SEC_RATL_BRC,Rajdhani Express,32.2
97.3,141.1,10.3,170,17,4,0.42,0,0,0.6,0.0,5.0,9.6,SEC_KOTA_RATL,Rajdhani Express,83.2
119.9,29.3,2.0,42,19,6,0.64,0,0,0.0,0.0,4.8,43.4,SEC_GGC_SWM,Rajdhani Express,17.4
122.6,46.8,1.1,65,6,2,0.45,1,0,0.0,0.0,6.0,64.1,SEC_SWM_KOTA,Rajdhani Express,22.7
62.1,115.7,0.4,95,20,0,0.75,1,0,0.3,0.0,3.0,21.1,SEC_NDLS_MTJ,Mail Express,120.1
34.3,121.1,2.9,250,18,3,0.53,0,1,0.0,0.0,2.7,22.3,SEC_BRC_MMCT,Mail Express,218.1
20.0,77.5,12.9,75,10,1,0.65,3,1,0.0,0.0,2.3,15.4,SEC_BTE_GGC,Express,70.0
123.3,24.2,8.5,65,6,2,0.11,1,0,0.0,0.0,4.5,77.3,SEC_SWM_KOTA,Rajdhani Express,13.6
91.0,36.0,4.8,165,16,0,0.46,1,0,0.0,0.0,2.0,4.6,SEC_RATL_BRC,Express,21.2
67.8,13.5,3.3,65,1,3,0.12,2,0,0.0,0.0,1.2,19.1,SEC_SWM_KOTA,Express,11.8
96.3,13.9,12.3,42,12,6,0.27,0,0,0.6,0.0,1.5,5.2,SEC_GGC_SWM,Express,12.1
106.1,144.9,2.0,250,16,0,0.48,0,0,0.0,0.0,2.0,1.2,SEC_BRC_MMCT,Express,80.4
96.6,243.4,2.8,170,20,5,0.57,0,0,0.0,0.0,1.2,2.4,SEC_KOTA_RATL,Mail Express,151.5
0.0,23.6,20.0,42,21,0,0.78,1,0,0.0,25.9,1.1,11.6,SEC_GGC_SWM,Express,48.8
65.4,85.8,11.3,170,4,5,0.31,2,0,0.0,0.0,8.0,0.8,SEC_KOTA_RATL,Rajdhani Express,69.2
113.9,133.6,14.9,165,5,5,0.46,1,0,0.9,0.0,3.0,0.1,SEC_RATL_BRC,Rajdhani Express,78.4
104.6,27.5,11.6,65,4,5,0.44,0,0,0.1,0.0,1.1,2.7,SEC_SWM_KOTA,Express,16.7
89.5,134.7,29.5,95,2,2,0.39,0,0,0.6,0.0,4.1,6.7,SEC_NDLS_MTJ,Superfast Express,95.0
92.5,52.6,9.2,75,16,2,0.24,0,0,0.1,0.0,1.8,2.4,SEC_BTE_GGC,Express,32.3
90.6,80.1,9.2,95,6,6,0.34,0,0,0.3,0.0,1.9,15.9,SEC_NDLS_MTJ,Mail Express,53.4
111.6,63.7,8.9,65,1,1,0.44,1,0,0.0,0.0,5.0,15.4,SEC_SWM_KOTA,Superfast Express,32.1
25.0,24.3,0.6,25,21,3,0.41,1,1,0.0,0.0,2.4,10.6,SEC_MTJ_BTE,Mail Express,63.7
104.3,217.7,2.3,250,17,3,0.4,0,0,0.0,0.0,1.3,40.2,SEC_BRC_MMCT,Express,129.1
99.0,151.8,2.3,250,19,2,0.65,0,0,0.0,0.0,1.6,2.7,SEC_BRC_MMCT,Express,90.9
92.9,7.8,11.7,25,2,4,0.4,0,0,0.3,0.0,2.5,14.8,SEC_MTJ_BTE,Express,6.5
52.3,73.1,10.6,165,21,4,0.69,3,0,0.0,0.0,2.6,6.8,SEC_RATL_BRC,Express,87.6
105.4,55.0,9.2,75,0,4,0.38,0,0,0.0,0.0,4.2,32.6,SEC_BTE_GGC,Superfast Express,27.6
22.7,50.9,9.8,75,20,4,0.63,4,1,0.1,0.0,1.5,14.2,SEC_BTE_GGC,Express,132.8
93.4,120.1,38.8,165,3,4,0.27,1,0,0.0,0.0,1.7,17.8,SEC_RATL_BRC,Express,79.6
108.8,123.9,5.2,165,7,5,0.12,0,0,0.0,0.0,4.4,21.2,SEC_RATL_BRC,Superfast Express,64.0
93.4,58.4,5.5,42,13,0,0.41,0,0,0.0,0.0,4.6,3.2,SEC_GGC_SWM,Superfast Express,35.5
86.2,111.6,6.0,170,22,4,0.42,0,0,0.0,0.0,2.1,1.0,SEC_KOTA_RATL,Mail Express,77.0
34.6,80.5,7.9,65,14,3,0.17,3,0,0.0,0.0,4.2,19.8,SEC_SWM_KOTA,Superfast Express,134.9
103.9,326.5,18.1,250,16,1,0.36,1,0,0.0,0.0,1.9,3.7,SEC_BRC_MMCT,Express,189.4
73.2,10.2,7.4,25,6,5,0.48,0,0,0.0,0.0,1.2,4.2,SEC_MTJ_BTE,Mail Express,9.4
95.2,7.1,14.0,95,12,1,0.2,0,0,0.0,0.0,2.6,8.8,SEC_NDLS_MTJ,Mail Express,4.9
28.4,44.2,15.3,42,11,0,0.52,1,1,0.3,0.0,2.7,11.8,SEC_GGC_SWM,Rajdhani Express,103.1
41.8,14.0,0.3,25,17,4,0.65,0,1,0.1,0.0,2.1,10.8,SEC_MTJ_BTE,Mail Express,26.2
85.9,66.2,2.7,75,4,3,0.45,0,0,0.3,0.0,2.2,11.1,SEC_BTE_GGC,Express,50.0
41.7,191.2,16.5,170,18,2,0.7,1,1,0.0,0.0,1.2,34.9,SEC_KOTA_RATL,Express,288.8
26.1,238.1,8.6,165,13,1,0.23,2,1,0.0,0.0,1.3,19.0,SEC_RATL_BRC,Rajdhani Express,555.9
100.2,42.0,22.9,42,14,5,0.21,0,0,0.0,0.0,4.3,4.6,SEC_GGC_SWM,Superfast Express,24.0
93.3,104.7,18.8,75,20,3,0.4,1,0,0.6,26.4,3.9,26.4,SEC_BTE_GGC,Superfast Express,97.2
79.4,23.6,10.6,25,19,4,0.38,0,0,0.3,0.0,1.9,2.6,SEC_MTJ_BTE,Mail Express,16.2
97.7,46.4,8.1,95,5,1,0.19,0,0,0.1,0.0,3.7,23.3,SEC_NDLS_MTJ,Superfast Express,22.6
35.7,276.2,10.1,250,1,5,0.4,3,1,0.0,0.0,3.7,6.5,SEC_BRC_MMCT,Rajdhani Express,470.8
94.5,228.8,18.0,165,8,6,0.7,1,0,0.0,0.0,1.5,0.6,SEC_RATL_BRC,Express,156.2
0.0,234.6,32.8,250,21,4,0.59,3,0,0.0,10.5,7.3,23.8,SEC_BRC_MMCT,Rajdhani Express,176.0
99.4,59.2,18.7,65,14,4,0.45,0,0,0.0,0.0,2.0,1.3,SEC_SWM_KOTA,Mail Express,35.7
85.5,208.2,2.0,170,2,5,0.27,0,0,0.0,0.0,1.0,7.6,SEC_KOTA_RATL,Express,147.9
69.4,140.0,4.7,250,15,2,0.35,2,0,0.0,0.0,1.6,25.0,SEC_BRC_MMCT,Mail Express,119.0
102.0,10.5,3.5,170,18,4,0.42,1,0,0.0,0.0,4.9,19.2,SEC_KOTA_RATL,Superfast Express,3.8
43.2,16.0,12.6,25,14,5,0.28,2,0,0.0,0.0,4.7,7.3,SEC_MTJ_BTE,Rajdhani Express,26.2
92.7,12.0,0.8,42,16,0,0.32,1,0,0.1,0.0,2.7,25.2,SEC_GGC_SWM,Mail Express,6.6
43.0,80.7,0.9,170,10,3,0.66,2,1,0.0,0.0,4.6,0.9,SEC_KOTA_RATL,Rajdhani Express,115.7
47.5,61.7,25.4,95,11,4,0.57,0,1,0.0,0.0,1.2,26.0,SEC_NDLS_MTJ,Express,84.2
66.0,218.4,15.5,165,12,6,0.46,3,0,0.0,0.0,4.9,5.1,SEC_RATL_BRC,Superfast Express,200.7
53.3,38.3,6.9,42,17,4,0.81,0,1,0.0,0.0,2.7,34.9,SEC_GGC_SWM,Express,50.2
109.5,363.0,27.4,250,6,4,0.22,0,0,0.9,0.0,1.1,13.0,SEC_BRC_MMCT,Mail Express,206.1
61.4,78.3,1.2,95,0,5,0.38,2,0,0.0,0.0,4.7,27.9,SEC_NDLS_MTJ,Superfast Express,74.4
84.6,304.7,10.2,250,2,1,0.13,2,0,0.0,7.6,1.6,20.4,SEC_BRC_MMCT,Mail Express,226.3
31.7,32.9,23.6,42,21,0,0.75,1,1,0.6,0.0,1.6,4.0,SEC_GGC_SWM,Mail Express,75.5
37.4,76.5,4.7,75,20,6,0.46,0,1,0.0,0.0,2.1,14.4,SEC_BTE_GGC,Rajdhani Express,124.7
88.5,77.6,8.4,95,23,0,0.41,0,0,0.0,0.0,1.8,29.0,SEC_NDLS_MTJ,Express,52.5
84.8,24.8,10.2,25,18,5,0.4,0,0,0.0,0.0,3.9,48.7,SEC_MTJ_BTE,Superfast Express,16.3
63.5,106.2,1.0,165,16,6,0.17,2,0,0.0,0.0,6.4,4.7,SEC_RATL_BRC,Rajdhani Express,93.9
103.7,20.7,14.9,75,20,6,0.65,1,0,0.0,0.0,2.9,3.7,SEC_BTE_GGC,Rajdhani Express,9.2
109.7,118.9,10.9,250,12,3,0.5,0,0,0.6,0.0,5.8,1.2,SEC_BRC_MMCT,Rajdhani Express,62.3
112.5,36.0,0.5,95,1,3,0.36,1,0,0.1,0.0,7.6,0.7,SEC_NDLS_MTJ,Rajdhani Express,16.2
58.3,49.6,10.3,75,15,6,0.47,2,0,0.0,0.0,4.2,5.8,SEC_BTE_GGC,Superfast Express,48.3
54.0,35.3,16.7,75,12,4,0.15,2,0,0.3,0.0,2.9,3.6,SEC_BTE_GGC,Superfast Express,41.5
95.2,11.6,9.8,42,8,5,0.57,0,0,0.3,0.0,3.0,18.0,SEC_GGC_SWM,Superfast Express,9.7
83.2,107.1,3.7,165,19,3,0.72,3,0,0.0,0.0,1.8,0.1,SEC_RATL_BRC,Express,81.6
99.2,78.5,17.9,95,22,2,0.2,0,0,0.0,0.0,4.8,0.2,SEC_NDLS_MTJ,Superfast Express,46.3
40.6,53.8,3.3,95,15,2,0.48,0,1,0.3,0.0,2.5,14.5,SEC_NDLS_MTJ,Mail Express,88.1
93.1,118.9,1.2,250,16,6,0.28,1,0,0.0,0.0,1.0,56.2,SEC_BRC_MMCT,Mail Express,75.0
74.4,37.6,16.2,42,10,2,0.74,0,0,0.0,0.0,1.6,61.8,SEC_GGC_SWM,Superfast Express,28.9
106.4,94.7,11.3,250,15,3,0.34,0,0,0.0,0.0,4.7,25.2,SEC_BRC_MMCT,Rajdhani Express,49.6
44.1,18.8,1.0,42,5,6,0.48,2,0,0.0,0.0,6.0,5.1,SEC_GGC_SWM,Rajdhani Express,26.2
99.0,23.7,0.5,42,10,2,0.48,0,0,0.0,0.0,6.2,5.2,SEC_GGC_SWM,Rajdhani Express,12.5
44.6,41.3,0.3,170,21,6,0.69,2,0,0.1,0.0,2.2,5.3,SEC_KOTA_RATL,Rajdhani Express,57.9
41.5,87.8,25.1,170,21,0,0.73,0,0,0.0,0.0,2.2,33.0,SEC_KOTA_RATL,Mail Express,127.4
99.0,59.1,3.7,170,20,0,0.37,0,0,0.0,0.0,2.7,50.8,SEC_KOTA_RATL,Superfast Express,33.7
33.1,150.0,0.8,250,16,2,0.22,1,1,0.0,0.0,4.1,12.7,SEC_BRC_MMCT,Superfast Express,273.0
102.3,41.7,6.4,65,1,2,0.49,0,0,0.0,0.0,1.3,4.9,SEC_SWM_KOTA,Express,23.2
98.6,128.4,16.5,170,3,0,0.2,0,0,0.6,0.0,4.1,17.4,SEC_KOTA_RATL,Superfast Express,75.5
113.0,54.0,4.4,65,9,3,0.55,0,0,0.3,0.0,5.7,5.7,SEC_SWM_KOTA,Rajdhani Express,25.5
87.8,126.0,10.4,95,4,1,0.39,0,0,0.1,6.0,7.3,12.4,SEC_NDLS_MTJ,Rajdhani Express,88.4
96.7,165.0,0.4,170,6,3,0.44,0,0,0.0,0.0,2.1,26.8,SEC_KOTA_RATL,Rajdhani Express,103.3
52.3,125.2,14.2,250,10,5,0.73,3,0,0.0,1.6,6.5,6.0,SEC_BRC_MMCT,Rajdhani Express,145.7
39.5,120.5,1.0,165,23,0,0.47,2,1,0.0,0.0,4.6,12.4,SEC_RATL_BRC,Rajdhani Express,187.6
48.6,145.2,8.6,250,19,3,0.75,0,0,0.1,0.0,1.5,8.7,SEC_BRC_MMCT,Mail Express,179.3
95.9,63.9,4.9,95,7,5,0.25,1,0,0.0,0.0,2.5,23.0,SEC_NDLS_MTJ,Superfast Express,39.4
43.4,50.9,4.5,65,11,3,0.68,0,1,0.1,0.0,2.3,12.2,SEC_SWM_KOTA,Express,77.6
113.9,55.7,0.2,65,13,3,0.1,1,0,0.0,0.0,1.2,28.0,SEC_SWM_KOTA,Express,26.5
96.9,13.3,5.6,65,7,6,0.42,1,0,0.1,0.0,4.2,8.1,SEC_SWM_KOTA,Rajdhani Express,10.1
91.5,21.9,7.0,165,9,6,0.74,0,0,0.0,0.0,1.3,0.2,SEC_RATL_BRC,Mail Express,14.8
111.5,94.3,20.5,95,13,1,0.17,0,0,0.3,0.0,2.1,19.5,SEC_NDLS_MTJ,Rajdhani Express,50.7
30.1,99.3,4.2,75,15,1,0.45,1,1,0.0,0.0,1.6,4.9,SEC_BTE_GGC,Express,206.4
66.5,206.3,6.9,250,3,2,0.42,3,0,0.1,0.0,2.6,10.2,SEC_BRC_MMCT,Superfast Express,189.8
51.5,267.7,19.7,250,14,5,0.5,3,0,0.0,0.8,1.4,10.1,SEC_BRC_MMCT,Express,319.8
103.9,47.8,1.1,75,21,3,0.47,0,0,0.0,0.0,1.8,8.2,SEC_BTE_GGC,Superfast Express,28.1
32.7,29.2,9.3,42,16,3,0.37,1,1,0.0,0.0,4.5,0.5,SEC_GGC_SWM,Rajdhani Express,57.4
27.6,28.2,0.8,42,4,4,0.4,0,1,0.9,0.0,5.2,0.1,SEC_GGC_SWM,Rajdhani Express,67.4
75.0,18.5,4.8,25,17,2,0.72,0,0,0.0,0.0,2.6,20.5,SEC_MTJ_BTE,Express,14.5
0.0,73.1,11.4,65,7,1,0.42,2,0,0.0,12.3,4.0,7.0,SEC_SWM_KOTA,Superfast Express,67.1
42.9,91.6,26.9,75,2,3,0.21,3,0,0.0,0.0,1.3,6.3,SEC_BTE_GGC,Express,132.0
62.2,126.1,20.2,170,17,2,0.5,2,0,0.0,0.0,4.2,0.1,SEC_KOTA_RATL,Rajdhani Express,123.1
38.5,68.9,12.0,65,18,3,0.5,2,1,0.0,0.0,4.9,5.9,SEC_SWM_KOTA,Superfast Express,113.2
46.6,92.6,20.0,165,14,1,0.21,0,1,0.9,0.0,2.7,10.8,SEC_RATL_BRC,Rajdhani Express,124.0
110.5,64.2,2.8,65,12,6,0.16,0,0,0.9,0.0,2.2,11.8,SEC_SWM_KOTA,Express,38.0
65.4,282.8,23.5,250,12,1,0.47,2,0,0.3,7.8,1.4,5.0,SEC_BRC_MMCT,Express,270.2
66.0,23.3,2.5,25,23,5,0.49,2,0,0.1,0.0,2.3,2.4,SEC_MTJ_BTE,Express,21.6
61.7,91.6,10.4,170,20,0,0.81,2,0,0.1,0.0,1.8,8.0,SEC_KOTA_RATL,Express,93.8
99.8,144.6,9.6,250,23,4,0.23,0,0,0.0,0.0,2.8,3.6,SEC_BRC_MMCT,Express,86.8
91.0,24.1,10.9,25,2,3,0.41,1,0,0.1,0.0,1.3,3.8,SEC_MTJ_BTE,Mail Express,19.8
90.7,34.1,6.2,95,0,1,0.4,0,0,0.0,0.0,2.5,30.0,SEC_NDLS_MTJ,Express,20.5
44.6,31.5,2.3,75,16,5,0.3,1,1,0.0,0.0,7.1,8.4,SEC_BTE_GGC,Rajdhani Express,43.2
42.4,6.4,3.2,25,18,4,0.72,0,1,0.0,0.0,2.4,28.6,SEC_MTJ_BTE,Mail Express,9.1
21.8,17.8,5.9,25,3,1,0.26,3,1,0.9,0.0,1.3,28.1,SEC_MTJ_BTE,Express,56.3
38.4,78.5,9.6,65,21,3,0.38,4,0,0.0,0.0,2.8,42.1,SEC_SWM_KOTA,Express,124.6
102.3,123.4,1.6,165,22,4,0.13,1,0,0.0,0.0,6.7,9.7,SEC_RATL_BRC,Rajdhani Express,69.3
104.1,88.5,6.6,65,22,3,0.15,1,0,0.0,0.0,2.8,8.0,SEC_SWM_KOTA,Superfast Express,48.0
91.5,337.9,3.0,250,0,5,0.4,1,0,0.1,0.0,1.1,0.5,SEC_BRC_MMCT,Express,226.7
82.7,46.4,8.5,75,17,3,0.71,0,0,0.0,0.0,1.7,12.6,SEC_BTE_GGC,Superfast Express,36.1
108.3,73.1,36.3,65,6,6,0.49,0,0,0.3,0.0,3.6,4.4,SEC_SWM_KOTA,Superfast Express,38.7
89.7,70.4,0.6,95,13,6,0.25,0,0,0.0,0.0,3.3,0.1,SEC_NDLS_MTJ,Superfast Express,45.0
35.6,77.2,0.8,170,18,5,0.52,0,1,0.0,0.0,4.6,29.2,SEC_KOTA_RATL,Rajdhani Express,133.3
86.8,81.1,6.0,165,3,4,0.21,0,0,0.1,0.0,4.6,16.9,SEC_RATL_BRC,Superfast Express,51.7
96.3,38.1,3.5,42,12,3,0.47,1,0,0.1,0.0,2.0,15.9,SEC_GGC_SWM,Mail Express,21.8
124.2,285.5,24.8,250,19,5,0.35,1,0,0.0,0.0,5.5,1.1,SEC_BRC_MMCT,Rajdhani Express,132.8
37.4,186.0,18.9,165,13,3,0.33,0,1,0.6,0.0,1.1,1.3,SEC_RATL_BRC,Mail Express,307.7
28.5,24.6,12.1,25,4,2,0.31,0,1,0.0,0.0,5.0,22.0,SEC_MTJ_BTE,Rajdhani Express,50.2
94.0,180.7,4.6,165,8,1,0.69,0,0,0.1,0.0,4.4,5.7,SEC_RATL_BRC,Superfast Express,115.0
101.1,67.7,23.8,95,4,1,0.35,0,0,0.0,0.0,2.0,57.3,SEC_NDLS_MTJ,Superfast Express,36.7
93.7,34.3,6.9,42,19,4,0.55,0,0,0.0,0.0,1.7,14.7,SEC_GGC_SWM,Express,20.0
103.0,120.5,1.9,95,6,5,0.23,0,0,0.3,0.0,8.0,6.2,SEC_NDLS_MTJ,Rajdhani Express,67.6
47.2,164.9,3.9,250,17,1,0.84,1,0,0.0,0.0,3.0,0.8,SEC_BRC_MMCT,Mail Express,211.7
39.3,220.4,3.1,165,11,4,0.83,0,1,0.0,0.0,2.1,40.5,SEC_RATL_BRC,Mail Express,344.8
88.5,113.4,2.5,95,15,6,0.46,1,0,0.0,0.0,4.0,6.5,SEC_NDLS_MTJ,Rajdhani Express,79.5
116.9,186.6,14.0,250,10,1,0.64,1,0,0.0,0.0,7.1,2.3,SEC_BRC_MMCT,Rajdhani Express,89.7
93.8,4.6,19.2,65,12,0,0.25,1,0,0.0,0.0,2.5,11.2,SEC_SWM_KOTA,Express,4.1
98.9,57.6,34.6,65,0,4,0.41,1,0,0.3,0.0,2.7,17.5,SEC_SWM_KOTA,Express,35.2
103.3,84.2,1.0,75,7,6,0.41,0,0,0.0,0.0,4.9,20.7,SEC_BTE_GGC,Superfast Express,43.9
103.3,173.9,8.4,170,14,2,0.23,0,0,0.0,0.0,1.5,11.7,SEC_KOTA_RATL,Rajdhani Express,101.3
100.5,9.9,8.8,165,13,2,0.44,0,0,0.9,0.0,1.4,11.4,SEC_RATL_BRC,Express,4.7
0.0,70.2,23.5,75,1,0,0.22,2,1,0.1,24.8,1.6,19.9,SEC_BTE_GGC,Mail Express,85.5
69.7,117.5,0.4,165,15,6,0.38,3,0,0.6,0.0,2.3,32.7,SEC_RATL_BRC,Superfast Express,101.1
40.9,85.1,33.3,75,6,0,0.26,3,1,0.0,0.0,1.9,11.1,SEC_BTE_GGC,Mail Express,131.9
0.0,117.6,11.8,170,19,5,0.56,0,0,0.3,9.2,1.6,25.5,SEC_KOTA_RATL,Mail Express,99.9
96.8,73.4,2.0,170,18,6,0.43,0,0,0.0,0.0,1.5,18.2,SEC_KOTA_RATL,Express,47.1
98.4,112.7,1.2,75,15,5,0.41,1,0,0.0,0.0,2.4,0.3,SEC_BTE_GGC,Superfast Express,70.8
98.3,134.8,3.8,250,8,6,0.42,0,0,0.1,0.0,2.5,4.5,SEC_BRC_MMCT,Mail Express,79.3
65.2,11.9,11.1,25,19,0,0.74,0,0,0.0,0.0,1.3,35.0,SEC_MTJ_BTE,Express,9.9
106.8,103.1,1.1,95,17,2,0.56,1,0,0.0,0.0,2.9,0.0,SEC_NDLS_MTJ,Superfast Express,56.3
86.0,8.3,1.4,95,23,6,0.19,1,0,0.0,0.0,4.3,23.8,SEC_NDLS_MTJ,Superfast Express,4.6
83.7,222.7,3.7,170,2,5,0.13,0,0,0.3,0.0,1.5,51.8,SEC_KOTA_RATL,Express,158.6
72.0,50.9,5.9,42,9,5,0.83,0,0,0.0,0.0,2.1,49.6,SEC_GGC_SWM,Express,43.0
102.2,75.6,0.4,65,15,1,0.34,1,0,0.0,0.0,1.5,14.7,SEC_SWM_KOTA,Mail Express,44.3
53.1,95.9,2.5,75,18,0,0.76,0,0,0.3,0.0,3.6,3.2,SEC_BTE_GGC,Superfast Express,112.8
101.5,64.8,0.5,65,7,1,0.21,0,0,0.0,0.0,2.5,14.1,SEC_SWM_KOTA,Mail Express,37.8
58.7,12.3,3.0,25,11,2,0.49,3,0,0.0,0.0,2.1,7.7,SEC_MTJ_BTE,Express,14.3
76.1,129.1,16.9,165,11,5,0.77,3,0,0.0,0.0,4.2,8.2,SEC_RATL_BRC,Rajdhani Express,103.3
75.1,334.2,9.4,250,18,6,0.8,1,0,0.0,0.0,2.9,9.0,SEC_BRC_MMCT,Express,270.7
66.6,39.4,5.1,42,11,0,0.81,2,0,0.3,0.0,1.1,1.4,SEC_GGC_SWM,Superfast Express,42.3
87.6,28.2,17.5,25,22,6,0.18,0,0,0.6,0.0,2.2,5.6,SEC_MTJ_BTE,Express,22.2
79.6,140.5,7.2,250,18,6,0.75,1,0,0.0,0.0,1.7,4.8,SEC_BRC_MMCT,Mail Express,109.6
56.8,56.9,0.5,170,2,1,0.36,3,0,0.0,0.0,1.1,0.9,SEC_KOTA_RATL,Superfast Express,59.5
101.5,28.1,1.4,95,0,4,0.33,0,0,0.0,0.0,1.8,5.8,SEC_NDLS_MTJ,Express,15.6
31.0,68.7,18.7,170,7,3,0.33,1,1,0.1,0.0,1.9,24.8,SEC_KOTA_RATL,Express,138.6
89.4,110.8,14.8,250,13,0,0.13,1,0,0.6,0.0,2.9,7.2,SEC_BRC_MMCT,Mail Express,72.7
70.2,9.7,0.1,42,22,4,0.29,2,0,0.1,0.0,2.8,0.5,SEC_GGC_SWM,Rajdhani Express,7.2
96.7,77.0,0.7,170,1,0,0.33,0,0,0.0,0.0,6.1,4.8,SEC_KOTA_RATL,Rajdhani Express,43.0
68.9,103.4,2.5,250,2,2,0.36,3,0,0.0,0.0,3.1,2.4,SEC_BRC_MMCT,Superfast Express,83.8
0.0,55.6,11.2,42,10,0,0.83,2,1,0.3,2.8,4.3,43.6,SEC_GGC_SWM,Rajdhani Express,62.0
91.8,22.5,39.0,25,7,3,0.44,1,0,0.1,0.0,2.5,4.6,SEC_MTJ_BTE,Express,14.4
76.2,320.3,21.1,250,5,5,0.16,2,0,0.0,0.0,2.2,6.6,SEC_BRC_MMCT,Mail Express,253.2
108.3,7.4,5.8,25,15,6,0.49,0,0,0.0,0.0,3.6,35.1,SEC_MTJ_BTE,Rajdhani Express,8.1
33.6,19.7,0.7,25,3,0,0.19,0,1,0.0,0.0,2.2,15.0,SEC_MTJ_BTE,Mail Express,40.7
65.0,33.5,0.5,165,13,2,0.16,2,0,0.1,0.0,3.0,31.8,SEC_RATL_BRC,Express,30.4
87.7,34.2,13.4,75,14,6,0.43,0,0,0.6,0.0,2.4,8.3,SEC_BTE_GGC,Express,23.4
30.8,110.9,6.3,95,20,4,0.58,2,1,0.0,0.0,1.8,1.0,SEC_NDLS_MTJ,Mail Express,226.1
106.5,95.1,1.3,95,13,6,0.15,0,0,0.0,0.0,2.2,9.0,SEC_NDLS_MTJ,Superfast Express,49.7
45.5,33.4,4.8,42,23,0,0.11,3,0,0.6,0.0,1.6,20.1,SEC_GGC_SWM,Superfast Express,47.3
41.2,124.3,11.9,170,5,5,0.43,2,0,0.0,0.0,1.5,20.7,SEC_KOTA_RATL,Express,180.4
46.4,12.9,2.6,42,12,0,0.33,1,1,0.0,0.0,1.3,0.6,SEC_GGC_SWM,Rajdhani Express,23.4
38.1,18.7,3.1,95,6,0,0.42,3,0,0.0,0.0,3.6,7.2,SEC_NDLS_MTJ,Superfast Express,28.1
90.5,60.0,0.8,75,10,5,0.61,1,0,0.0,0.0,1.9,25.1,SEC_BTE_GGC,Mail Express,41.1
101.7,158.3,0.7,170,21,2,0.41,0,0,0.0,0.0,2.0,0.0,SEC_KOTA_RATL,Rajdhani Express,92.0
44.4,19.2,7.7,75,9,5,0.73,0,0,0.1,0.0,3.9,10.8,SEC_BTE_GGC,Superfast Express,25.9
102.9,22.2,1.6,25,9,6,0.63,1,0,0.0,0.0,2.7,12.7,SEC_MTJ_BTE,Rajdhani Express,18.9
27.5,73.4,0.5,75,12,3,0.41,0,1,0.0,0.0,3.1,22.6,SEC_BTE_GGC,Rajdhani Express,166.4
34.2,325.4,2.3,250,3,2,0.27,2,1,0.0,0.0,4.3,5.0,SEC_BRC_MMCT,Rajdhani Express,574.9
26.0,24.9,8.6,25,10,5,0.55,0,1,0.9,0.0,2.9,1.2,SEC_MTJ_BTE,Express,66.8
92.0,51.0,4.7,75,3,6,0.49,0,0,0.6,0.0,6.8,12.5,SEC_BTE_GGC,Rajdhani Express,33.3
62.8,40.4,26.8,165,7,1,0.29,2,0,0.0,0.1,2.8,16.3,SEC_RATL_BRC,Mail Express,37.7
84.0,93.0,2.3,75,4,6,0.33,1,0,0.0,0.0,2.4,6.3,SEC_BTE_GGC,Superfast Express,66.5
30.6,27.5,7.1,75,1,0,0.33,1,1,0.0,0.0,2.7,1.3,SEC_BTE_GGC,Express,54.3
61.5,125.0,2.9,170,18,1,0.76,3,0,0.0,0.0,3.5,10.3,SEC_KOTA_RATL,Superfast Express,126.5
108.8,55.8,0.1,75,1,2,0.16,1,0,0.1,0.0,3.6,10.3,SEC_BTE_GGC,Superfast Express,27.0
77.6,128.3,9.9,165,20,0,0.8,1,0,0.0,0.0,2.3,68.3,SEC_RATL_BRC,Superfast Express,102.2
104.6,15.3,12.5,25,2,0,0.39,0,0,0.3,0.0,7.6,3.1,SEC_MTJ_BTE,Rajdhani Express,10.4
49.0,31.0,20.4,42,17,2,0.78,4,0,0.0,0.0,1.7,1.3,SEC_GGC_SWM,Express,47.5
99.6,27.6,16.9,42,18,0,0.46,0,0,0.9,0.0,2.8,0.1,SEC_GGC_SWM,Superfast Express,15.6
82.0,34.4,16.1,42,20,1,0.41,2,0,0.0,0.0,4.4,34.1,SEC_GGC_SWM,Superfast Express,26.0
30.5,132.2,5.2,170,16,3,0.27,0,1,0.0,0.0,3.7,4.8,SEC_KOTA_RATL,Superfast Express,262.2
88.7,16.9,10.0,25,5,1,0.32,1,0,0.0,0.0,1.2,32.1,SEC_MTJ_BTE,Superfast Express,10.3
91.5,75.2,6.6,65,13,5,0.13,0,0,0.3,0.0,1.9,3.1,SEC_SWM_KOTA,Express,51.6
47.3,99.8,29.3,65,4,1,0.49,3,0,0.6,0.0,2.5,7.5,SEC_SWM_KOTA,Express,136.5
34.9,48.9,0.4,65,16,3,0.37,1,1,0.0,0.0,2.5,0.9,SEC_SWM_KOTA,Superfast Express,90.7
78.7,44.3,2.7,65,19,3,0.75,0,0,0.0,0.0,1.4,12.5,SEC_SWM_KOTA,Express,34.6
108.5,38.7,3.0,165,5,2,0.24,1,0,0.0,0.0,7.8,35.8,SEC_RATL_BRC,Rajdhani Express,21.2
92.6,229.8,1.9,165,6,2,0.44,1,0,0.0,0.0,1.3,64.0,SEC_RATL_BRC,Mail Express,152.5
95.0,54.9,4.7,75,23,6,0.23,0,0,0.0,0.0,6.6,2.6,SEC_BTE_GGC,Rajdhani Express,31.9
56.2,120.1,0.5,170,13,6,0.4,2,0,0.6,0.0,4.8,35.1,SEC_KOTA_RATL,Superfast Express,125.9
98.1,87.6,9.8,250,20,6,0.49,1,0,0.0,0.0,1.6,5.8,SEC_BRC_MMCT,Mail Express,52.3
32.4,53.1,5.5,42,21,4,0.71,1,1,0.6,0.0,2.2,16.0,SEC_GGC_SWM,Express,113.3
34.7,51.0,3.0,170,19,3,0.57,0,1,0.0,0.0,4.4,13.3,SEC_KOTA_RATL,Superfast Express,89.8
95.0,48.6,26.8,42,12,6,0.48,1,0,0.0,17.0,1.1,14.6,SEC_GGC_SWM,Express,49.8
76.2,20.0,4.3,25,22,1,0.37,0,0,0.1,0.0,2.4,27.2,SEC_MTJ_BTE,Express,15.6
90.8,198.3,0.5,165,11,6,0.42,0,0,0.1,0.0,1.4,31.9,SEC_RATL_BRC,Mail Express,130.8
66.4,133.4,3.8,170,8,3,0.84,2,0,0.3,0.0,4.0,14.7,SEC_KOTA_RATL,Rajdhani Express,122.9
87.5,111.1,4.5,165,11,6,0.63,0,0,0.1,0.0,3.6,0.7,SEC_RATL_BRC,Superfast Express,77.3
103.4,25.3,14.1,42,19,3,0.56,1,0,0.0,0.0,7.4,2.6,SEC_GGC_SWM,Rajdhani Express,13.4
38.8,27.4,0.8,165,3,2,0.39,0,1,0.1,0.0,2.9,3.3,SEC_RATL_BRC,Express,49.7
38.8,139.5,26.7,250,7,1,0.38,2,1,0.3,7.9,2.7,2.0,SEC_BRC_MMCT,Express,228.8
93.0,52.4,5.5,165,5,2,0.36,0,0,0.1,0.0,1.3,12.4,SEC_RATL_BRC,Express,32.7
103.0,99.9,4.0,250,12,3,0.14,1,0,0.0,0.0,1.0,3.6,SEC_BRC_MMCT,Express,61.7
36.3,212.1,1.8,170,10,1,0.4,0,1,0.0,0.0,2.7,6.0,SEC_KOTA_RATL,Superfast Express,356.7
95.7,205.6,3.6,165,20,6,0.66,0,0,0.0,0.0,1.7,36.6,SEC_RATL_BRC,Superfast Express,127.9
113.9,31.2,2.0,170,4,2,0.37,1,0,0.0,0.0,3.6,0.5,SEC_KOTA_RATL,Superfast Express,13.1
92.8,29.6,3.2,42,15,4,0.21,1,0,0.1,0.0,1.6,22.7,SEC_GGC_SWM,Mail Express,20.0
97.7,33.2,3.1,75,3,2,0.23,0,0,0.1,0.0,2.8,3.0,SEC_BTE_GGC,Express,18.4
103.9,212.5,9.8,250,5,5,0.34,1,0,0.0,0.0,6.4,40.1,SEC_BRC_MMCT,Rajdhani Express,119.0
103.3,62.2,30.2,250,6,5,0.12,1,0,0.0,0.0,2.4,5.1,SEC_BRC_MMCT,Mail Express,31.9
100.1,5.8,2.9,42,8,1,0.38,1,0,0.6,0.0,1.1,0.2,SEC_GGC_SWM,Express,7.7
64.4,74.4,34.6,65,17,2,0.79,0,0,0.0,0.0,2.8,6.1,SEC_SWM_KOTA,Mail Express,69.5
111.3,146.6,2.3,165,21,4,0.64,0,0,0.0,0.0,4.8,34.7,SEC_RATL_BRC,Superfast Express,77.0
26.7,106.2,7.8,95,3,3,0.47,1,1,0.0,0.0,2.3,0.8,SEC_NDLS_MTJ,Mail Express,248.3
32.0,87.2,9.0,75,18,3,0.83,1,1,0.0,0.0,1.1,3.4,SEC_BTE_GGC,Express,173.0
67.7,34.1,10.1,42,13,0,0.38,4,0,0.1,0.0,4.5,4.3,SEC_GGC_SWM,Rajdhani Express,30.9
32.0,188.5,0.1,170,21,4,0.73,2,1,0.0,0.0,2.6,35.0,SEC_KOTA_RATL,Superfast Express,367.5
91.5,21.3,0.3,25,12,6,0.17,0,0,0.0,0.0,5.0,3.4,SEC_MTJ_BTE,Rajdhani Express,12.8
35.3,21.5,8.3,42,2,0,0.48,0,1,0.0,0.0,2.3,11.8,SEC_GGC_SWM,Mail Express,40.4
110.4,25.7,2.2,42,15,6,0.21,1,0,0.3,0.0,7.2,0.8,SEC_GGC_SWM,Rajdhani Express,12.8
42.0,31.4,20.8,42,4,3,0.17,2,0,0.3,0.0,1.8,6.0,SEC_GGC_SWM,Mail Express,45.6
46.5,45.3,0.3,95,22,1,0.37,2,0,0.0,0.0,1.9,11.4,SEC_NDLS_MTJ,Mail Express,58.4
102.7,27.3,0.8,95,8,4,0.57,0,0,0.0,0.0,2.1,8.5,SEC_NDLS_MTJ,Rajdhani Express,13.1
41.5,153.5,7.4,165,17,5,0.39,3,1,0.3,0.0,1.3,22.1,SEC_RATL_BRC,Mail Express,236.2
91.0,115.6,7.8,95,12,5,0.45,0,0,0.0,0.0,4.2,20.0,SEC_NDLS_MTJ,Superfast Express,77.4
63.0,76.9,0.4,65,3,1,0.46,3,0,0.1,0.0,4.9,9.6,SEC_SWM_KOTA,Superfast Express,75.7
85.4,31.2,5.9,25,12,6,0.42,0,0,0.1,0.0,2.9,0.2,SEC_MTJ_BTE,Express,23.9
100.2,21.7,0.1,42,14,3,0.5,1,0,0.0,0.0,2.4,5.5,SEC_GGC_SWM,Express,13.4
58.9,57.6,4.1,75,20,2,0.58,3,0,0.0,0.0,1.2,0.0,SEC_BTE_GGC,Express,63.7
56.9,71.6,0.3,75,12,6,0.28,2,0,0.1,0.0,1.6,29.1,SEC_BTE_GGC,Superfast Express,79.0
0.0,40.5,12.5,65,12,1,0.37,1,1,0.0,4.4,3.0,9.1,SEC_SWM_KOTA,Express,38.2
21.2,49.0,4.8,42,14,1,0.13,2,1,0.0,0.0,1.0,8.5,SEC_GGC_SWM,Rajdhani Express,125.5
27.8,54.9,3.9,65,6,3,0.17,3,1,0.0,0.0,5.3,1.1,SEC_SWM_KOTA,Rajdhani Express,119.0
72.2,51.4,1.8,65,21,0,0.55,3,0,0.1,0.0,6.9,7.1,SEC_SWM_KOTA,Rajdhani Express,44.6
89.1,37.1,2.0,75,22,3,0.11,1,0,0.0,0.0,1.2,9.4,SEC_BTE_GGC,Mail Express,23.2
33.2,93.1,9.6,65,2,4,0.31,0,1,0.0,0.0,2.4,39.2,SEC_SWM_KOTA,Mail Express,176.1
94.0,56.4,4.6,165,21,0,0.48,1,0,0.0,0.0,1.5,9.8,SEC_RATL_BRC,Mail Express,32.2
108.2,147.5,15.1,165,6,2,0.43,1,0,0.0,0.0,4.3,13.4,SEC_RATL_BRC,Superfast Express,79.3
98.3,45.4,9.7,42,1,0,0.41,0,0,0.6,0.0,1.8,10.5,SEC_GGC_SWM,Rajdhani Express,33.2
113.1,107.4,1.0,165,5,2,0.24,0,0,0.0,0.0,7.5,9.0,SEC_RATL_BRC,Rajdhani Express,51.1
110.4,131.8,5.3,95,12,6,0.36,1,0,0.0,0.0,6.2,4.0,SEC_NDLS_MTJ,Rajdhani Express,69.1
64.0,20.4,10.0,42,23,4,0.48,2,0,0.0,0.0,2.3,20.7,SEC_GGC_SWM,Express,21.6
100.3,62.4,4.6,95,6,1,0.17,1,0,0.0,0.0,1.3,1.0,SEC_NDLS_MTJ,Rajdhani Express,38.0
76.5,31.7,0.7,42,8,1,0.74,0,0,0.0,0.0,1.3,3.4,SEC_GGC_SWM,Express,25.2
105.2,195.6,1.9,250,15,5,0.49,0,0,0.0,0.0,1.8,5.1,SEC_BRC_MMCT,Mail Express,110.9
49.4,52.0,0.7,42,17,6,0.49,2,0,0.0,0.0,1.9,2.4,SEC_GGC_SWM,Express,67.1
47.2,23.0,5.6,25,1,6,0.16,2,0,0.0,0.0,2.1,71.6,SEC_MTJ_BTE,Express,29.8
119.7,90.1,9.4,65,23,0,0.39,1,0,0.1,0.0,3.2,5.3,SEC_SWM_KOTA,Rajdhani Express,50.1
81.2,15.2,1.5,25,15,4,0.35,0,0,0.0,0.0,2.2,3.6,SEC_MTJ_BTE,Mail Express,12.4
37.2,25.4,15.5,42,2,2,0.13,0,1,0.0,0.0,3.4,0.8,SEC_GGC_SWM,Rajdhani Express,45.7
95.7,4.0,8.0,25,12,0,0.42,0,0,0.0,0.0,2.2,5.2,SEC_MTJ_BTE,Rajdhani Express,6.3
72.0,46.3,0.6,65,0,0,0.37,4,0,0.0,0.0,5.2,2.3,SEC_SWM_KOTA,Rajdhani Express,37.4
115.9,36.3,17.8,65,1,1,0.13,0,0,0.3,3.3,3.7,14.2,SEC_SWM_KOTA,Superfast Express,19.1
23.3,122.1,22.9,165,3,3,0.11,0,1,0.0,0.0,2.0,17.0,SEC_RATL_BRC,Mail Express,295.7
80.0,97.7,2.7,95,19,4,0.7,1,0,0.9,0.0,1.1,1.2,SEC_NDLS_MTJ,Rajdhani Express,80.7
47.0,72.9,4.5,95,9,1,0.47,0,1,0.0,0.0,1.9,9.7,SEC_NDLS_MTJ,Superfast Express,97.0
51.2,20.4,25.2,25,8,4,0.76,1,0,0.0,0.0,4.9,17.9,SEC_MTJ_BTE,Superfast Express,27.4
0.0,48.4,34.4,170,17,2,0.69,3,1,0.1,22.9,2.1,4.8,SEC_KOTA_RATL,Express,63.4
110.3,68.2,14.6,75,6,2,0.22,0,0,0.0,0.0,4.6,4.3,SEC_BTE_GGC,Rajdhani Express,32.7
108.4,9.1,6.5,42,13,0,0.39,0,0,0.0,0.0,2.9,10.3,SEC_GGC_SWM,Rajdhani Express,4.1
126.5,45.1,2.9,250,15,6,0.27,1,0,0.3,0.0,2.7,5.3,SEC_BRC_MMCT,Rajdhani Express,22.0
36.7,22.1,0.3,25,17,3,0.64,0,1,0.0,0.0,4.8,29.3,SEC_MTJ_BTE,Superfast Express,42.6
113.4,95.3,5.5,95,10,6,0.69,0,0,0.0,0.0,5.1,2.8,SEC_NDLS_MTJ,Rajdhani Express,50.1
86.9,103.7,3.6,250,22,0,0.46,0,0,0.0,0.0,4.5,11.9,SEC_BRC_MMCT,Rajdhani Express,65.6
121.0,300.8,4.9,250,6,1,0.23,1,0,0.3,0.0,2.4,27.8,SEC_BRC_MMCT,Rajdhani Express,148.3
62.2,30.0,31.2,25,0,1,0.35,4,0,0.6,0.0,2.4,60.8,SEC_MTJ_BTE,Express,36.5
67.8,59.7,0.6,65,21,6,0.61,2,0,0.0,0.0,2.9,3.8,SEC_SWM_KOTA,Mail Express,53.1
82.8,107.8,27.9,95,16,4,0.1,0,0,0.1,0.0,4.9,63.3,SEC_NDLS_MTJ,Superfast Express,74.7
88.0,29.0,5.4,25,2,0,0.29,1,0,0.0,0.0,2.8,12.4,SEC_MTJ_BTE,Express,21.2
109.2,70.5,33.7,75,20,2,0.36,0,0,0.0,0.0,2.9,30.8,SEC_BTE_GGC,Mail Express,38.1
32.4,44.9,16.0,170,15,5,0.31,1,1,0.1,0.0,3.1,29.6,SEC_KOTA_RATL,Superfast Express,85.9
92.5,27.4,4.8,25,13,3,0.14,0,0,0.0,0.0,4.6,14.3,SEC_MTJ_BTE,Superfast Express,18.2
94.4,262.2,3.3,170,12,2,0.27,0,0,0.6,0.0,2.7,54.6,SEC_KOTA_RATL,Mail Express,172.9
61.9,175.1,3.0,165,19,0,0.65,3,0,0.1,0.0,1.9,61.7,SEC_RATL_BRC,Superfast Express,175.2
112.2,36.5,0.3,42,1,5,0.2,0,0,0.0,0.0,7.7,31.9,SEC_GGC_SWM,Rajdhani Express,13.8
57.6,176.9,1.4,250,19,0,0.64,3,0,0.1,0.0,2.9,12.7,SEC_BRC_MMCT,Express,189.8
60.4,228.2,8.5,165,18,2,0.71,3,0,0.1,0.0,1.1,1.3,SEC_RATL_BRC,Rajdhani Express,245.0
44.1,34.8,16.6,75,20,1,0.82,2,0,0.0,5.1,3.6,4.4,SEC_BTE_GGC,Superfast Express,54.4
78.6,16.7,1.0,25,9,0,0.61,0,0,0.1,0.0,1.1,13.2,SEC_MTJ_BTE,Express,14.1
89.0,28.1,0.9,25,2,2,0.45,1,0,0.0,0.0,4.0,34.2,SEC_MTJ_BTE,Superfast Express,20.9
47.5,26.3,1.4,42,1,3,0.25,2,0,0.0,0.0,1.7,20.2,SEC_GGC_SWM,Express,33.1
108.1,88.9,9.1,165,12,0,0.14,1,0,0.0,0.0,3.1,17.8,SEC_RATL_BRC,Superfast Express,45.7
39.4,251.3,14.9,165,11,2,0.45,4,0,0.0,0.0,1.4,62.1,SEC_RATL_BRC,Express,392.2
93.4,61.0,1.2,75,5,6,0.38,1,0,0.1,0.0,2.7,22.0,SEC_BTE_GGC,Express,38.1
64.1,204.6,15.3,250,2,0,0.23,2,0,0.0,0.0,3.0,23.6,SEC_BRC_MMCT,Express,192.8
40.7,51.1,12.2,75,9,3,0.59,1,1,0.9,0.0,1.1,38.0,SEC_BTE_GGC,Express,91.2
48.9,30.8,6.3,25,18,4,0.76,0,0,0.1,0.0,2.2,4.4,SEC_MTJ_BTE,Mail Express,40.9
104.2,64.4,1.1,65,13,3,0.12,1,0,0.0,0.0,2.7,4.4,SEC_SWM_KOTA,Express,34.5
127.4,72.1,1.2,65,1,0,0.46,0,0,0.0,0.0,1.4,12.7,SEC_SWM_KOTA,Superfast Express,34.7
96.5,130.8,2.1,170,18,5,0.54,1,0,0.1,0.0,5.9,12.3,SEC_KOTA_RATL,Rajdhani Express,79.2
37.8,184.2,14.4,170,14,2,0.33,2,1,0.9,0.0,1.9,13.1,SEC_KOTA_RATL,Mail Express,307.8
108.7,89.9,2.1,165,11,2,0.37,0,0,0.0,0.0,2.4,12.2,SEC_RATL_BRC,Superfast Express,47.8
62.1,19.3,30.6,65,5,3,0.37,2,0,0.0,0.0,3.0,6.0,SEC_SWM_KOTA,Superfast Express,21.2
0.0,27.1,10.7,25,4,3,0.35,3,0,0.0,4.0,2.2,3.2,SEC_MTJ_BTE,Mail Express,29.0
100.1,87.7,13.9,165,20,2,0.61,1,0,0.0,0.0,2.9,58.1,SEC_RATL_BRC,Superfast Express,52.8
100.2,120.4,12.8,165,0,2,0.25,0,0,0.0,0.0,1.4,0.3,SEC_RATL_BRC,Express,71.0
109.1,21.4,8.7,165,15,0,0.43,1,0,0.0,0.0,2.4,58.6,SEC_RATL_BRC,Rajdhani Express,7.7
50.2,46.6,23.3,95,9,6,0.76,1,0,0.0,0.0,2.0,33.2,SEC_NDLS_MTJ,Rajdhani Express,57.4
93.7,46.1,20.6,65,7,0,0.31,0,0,0.0,0.0,7.7,27.0,SEC_SWM_KOTA,Rajdhani Express,28.0
83.7,125.7,2.2,165,5,2,0.32,0,0,0.1,0.0,2.2,5.4,SEC_RATL_BRC,Mail Express,90.7
92.4,61.5,9.4,95,3,0,0.15,0,0,0.3,0.0,1.7,27.4,SEC_NDLS_MTJ,Mail Express,39.2
47.6,94.8,7.6,95,13,4,0.12,1,1,0.3,0.0,1.7,25.7,SEC_NDLS_MTJ,Mail Express,123.2
0.0,78.6,26.9,95,3,3,0.13,0,0,0.6,14.0,1.8,31.1,SEC_NDLS_MTJ,Express,73.9
102.7,62.1,0.2,75,0,3,0.32,0,0,0.0,0.0,1.4,6.2,SEC_BTE_GGC,Superfast Express,36.4
108.9,26.8,2.3,165,6,4,0.15,1,0,0.0,0.0,2.8,5.1,SEC_RATL_BRC,Superfast Express,14.5
99.5,28.4,4.4,25,11,6,0.36,0,0,0.1,0.0,6.9,16.0,SEC_MTJ_BTE,Rajdhani Express,18.4
72.0,98.7,14.3,75,7,1,0.39,2,0,0.6,0.0,4.2,53.2,SEC_BTE_GGC,Superfast Express,85.0
100.5,79.3,2.1,75,5,4,0.16,1,0,0.1,0.0,1.6,2.9,SEC_BTE_GGC,Superfast Express,46.8
88.3,42.2,9.6,75,0,4,0.38,1,0,0.0,0.0,1.4,0.8,SEC_BTE_GGC,Express,29.5
101.9,76.1,9.8,65,10,6,0.61,0,0,0.0,0.0,1.7,13.8,SEC_SWM_KOTA,Mail Express,45.3
39.3,32.3,13.0,75,11,4,0.74,1,0,0.0,0.0,1.3,15.0,SEC_BTE_GGC,Superfast Express,49.2
50.5,74.4,1.8,65,0,2,0.16,3,0,0.0,0.0,6.0,8.3,SEC_SWM_KOTA,Rajdhani Express,88.2
30.3,24.1,3.4,25,23,6,0.5,2,1,0.0,0.0,2.3,3.5,SEC_MTJ_BTE,Rajdhani Express,59.4
66.2,11.5,4.3,65,19,6,0.59,2,0,0.3,0.0,1.3,5.1,SEC_SWM_KOTA,Mail Express,10.3
52.9,13.5,2.4,25,11,6,0.74,0,0,0.0,0.0,3.1,2.9,SEC_MTJ_BTE,Superfast Express,18.3
106.3,16.7,42.1,25,7,2,0.31,1,0,0.1,0.0,6.2,15.9,SEC_MTJ_BTE,Rajdhani Express,8.6
88.4,59.5,13.9,95,6,2,0.3,0,0,0.9,0.0,1.5,10.5,SEC_NDLS_MTJ,Express,43.4
107.3,205.6,1.5,250,5,6,0.19,0,0,0.6,0.0,1.1,10.4,SEC_BRC_MMCT,Superfast Express,116.2
103.0,95.2,1.2,75,13,2,0.31,1,0,0.0,0.0,4.7,0.5,SEC_BTE_GGC,Rajdhani Express,54.6
79.1,11.8,27.4,25,15,4,0.44,1,0,0.0,24.4,2.8,12.1,SEC_MTJ_BTE,Express,33.5
42.7,45.3,13.4,95,16,1,0.16,1,1,0.1,0.0,2.8,5.9,SEC_NDLS_MTJ,Mail Express,67.3
40.4,120.5,6.1,95,17,0,0.48,2,0,0.0,0.0,3.5,10.6,SEC_NDLS_MTJ,Superfast Express,183.9
63.3,18.8,1.7,25,9,0,0.77,0,0,0.3,0.0,7.5,8.0,SEC_MTJ_BTE,Rajdhani Express,19.1
97.5,40.4,8.4,65,7,2,0.5,0,0,0.0,0.0,1.3,2.1,SEC_SWM_KOTA,Express,22.8
88.7,18.1,12.2,25,4,6,0.48,0,0,0.0,0.0,1.9,6.9,SEC_MTJ_BTE,Express,13.9
64.3,13.3,17.6,25,9,3,0.82,1,0,0.1,0.0,2.6,15.0,SEC_MTJ_BTE,Express,15.8
90.5,44.2,0.8,165,9,5,0.52,0,0,0.0,0.0,2.0,20.0,SEC_RATL_BRC,Mail Express,28.3
0.0,106.9,31.6,75,5,0,0.39,0,0,0.1,3.3,4.6,46.7,SEC_BTE_GGC,Rajdhani Express,84.8
108.8,16.1,3.2,42,12,1,0.35,0,0,0.1,0.0,7.0,5.8,SEC_GGC_SWM,Rajdhani Express,6.2
91.9,56.1,8.6,170,17,5,0.48,0,0,0.0,0.0,1.8,7.2,SEC_KOTA_RATL,Mail Express,33.4
0.0,6.3,10.9,95,14,4,0.23,3,1,0.1,1.7,2.5,16.6,SEC_NDLS_MTJ,Superfast Express,4.9
93.5,29.9,1.6,25,3,1,0.25,1,0,0.0,0.0,4.0,36.8,SEC_MTJ_BTE,Superfast Express,22.3
101.4,238.6,8.4,250,7,6,0.42,0,0,0.0,0.0,1.4,11.1,SEC_BRC_MMCT,Express,142.9
72.8,186.3,5.2,165,10,6,0.77,0,0,0.1,0.0,3.6,39.3,SEC_RATL_BRC,Rajdhani Express,155.0
94.2,104.7,1.5,170,11,3,0.43,0,0,0.3,0.0,2.3,1.9,SEC_KOTA_RATL,Express,68.2
46.4,241.5,14.1,170,22,6,0.46,2,1,0.0,0.0,2.8,9.4,SEC_KOTA_RATL,Express,319.9
85.5,23.3,11.5,95,5,4,0.34,1,0,0.6,3.7,2.5,3.5,SEC_NDLS_MTJ,Express,19.9
89.4,112.6,5.6,95,19,3,0.67,0,0,0.3,0.0,3.0,3.5,SEC_NDLS_MTJ,Mail Express,77.9
101.9,97.6,17.9,95,11,1,0.69,1,0,0.0,0.0,1.8,4.0,SEC_NDLS_MTJ,Express,60.5
73.6,96.2,14.0,165,12,0,0.2,3,0,0.6,11.4,1.2,31.1,SEC_RATL_BRC,Rajdhani Express,91.3
49.1,87.6,16.6,95,10,3,0.59,3,0,0.3,2.8,2.7,17.3,SEC_NDLS_MTJ,Mail Express,117.4
39.8,100.5,0.6,250,7,3,0.26,1,1,0.1,0.0,1.0,24.0,SEC_BRC_MMCT,Superfast Express,162.6
104.4,83.9,11.4,65,14,0,0.29,1,0,0.3,0.0,1.2,32.9,SEC_SWM_KOTA,Express,50.8
23.2,27.0,27.2,25,10,1,0.44,0,1,0.0,0.0,1.8,37.6,SEC_MTJ_BTE,Mail Express,74.2
98.6,165.6,10.9,250,2,1,0.26,0,0,0.1,0.0,1.3,30.4,SEC_BRC_MMCT,Mail Express,102.0
41.3,220.8,6.6,165,9,4,0.83,0,0,0.0,0.0,6.9,15.4,SEC_RATL_BRC,Rajdhani Express,319.5
98.7,60.2,2.2,95,11,1,0.58,0,0,0.1,0.0,3.4,12.3,SEC_NDLS_MTJ,Superfast Express,35.3
72.9,60.8,1.0,95,6,3,0.35,2,0,0.6,0.0,1.9,12.0,SEC_NDLS_MTJ,Express,54.2
50.8,64.6,8.8,165,20,4,0.75,2,0,0.0,0.0,2.0,9.3,SEC_RATL_BRC,Superfast Express,78.2
68.3,186.0,19.5,165,8,2,0.71,0,0,0.0,0.0,1.8,13.9,SEC_RATL_BRC,Express,166.5
71.1,250.3,17.0,250,5,2,0.48,2,0,0.3,0.0,2.2,9.0,SEC_BRC_MMCT,Mail Express,216.6
57.4,50.7,17.8,95,21,1,0.83,1,0,0.0,0.0,2.3,15.9,SEC_NDLS_MTJ,Express,52.3
31.3,24.0,3.2,42,8,1,0.7,1,1,0.0,0.0,4.5,1.8,SEC_GGC_SWM,Superfast Express,49.6
43.7,11.1,13.5,42,16,0,0.31,3,1,0.0,0.0,1.3,0.6,SEC_GGC_SWM,Express,24.3
86.0,52.5,8.8,95,2,3,0.33,0,0,0.1,0.0,1.2,3.4,SEC_NDLS_MTJ,Express,35.0
68.1,96.6,22.2,75,3,5,0.35,3,0,0.0,0.0,2.9,6.3,SEC_BTE_GGC,Express,89.1
38.9,149.7,0.9,170,7,6,0.14,0,1,0.1,0.0,1.0,7.1,SEC_KOTA_RATL,Express,235.0
115.5,143.2,5.6,165,10,4,0.5,1,0,0.0,0.0,3.0,3.8,SEC_RATL_BRC,Rajdhani Express,75.2
91.9,62.7,2.7,170,14,2,0.24,0,0,0.0,0.0,1.0,6.5,SEC_KOTA_RATL,Express,40.7
94.1,56.5,0.3,95,5,6,0.22,1,0,0.0,0.0,2.0,79.9,SEC_NDLS_MTJ,Mail Express,32.9
95.3,83.2,0.7,250,0,1,0.26,1,0,0.9,0.0,2.5,3.9,SEC_BRC_MMCT,Mail Express,53.9
52.5,75.4,0.7,65,11,3,0.74,1,0,0.0,0.0,3.3,32.8,SEC_SWM_KOTA,Superfast Express,90.2
102.0,44.2,3.4,95,6,1,0.41,0,0,0.1,0.0,2.1,31.6,SEC_NDLS_MTJ,Superfast Express,23.9
48.9,100.4,6.4,75,21,4,0.56,3,0,0.0,0.0,2.7,4.4,SEC_BTE_GGC,Express,133.4
97.5,15.3,0.3,65,5,1,0.24,0,0,0.0,0.0,1.4,16.1,SEC_SWM_KOTA,Express,5.9
31.5,15.5,9.0,25,20,4,0.38,0,1,0.3,0.0,1.7,20.5,SEC_MTJ_BTE,Express,36.7
94.9,26.0,3.9,75,7,0,0.21,1,0,0.0,0.0,2.3,3.1,SEC_BTE_GGC,Mail Express,18.5
76.8,93.9,10.8,65,4,4,0.22,2,0,0.0,0.0,6.8,5.5,SEC_SWM_KOTA,Rajdhani Express,69.6
90.4,139.1,4.8,165,5,5,0.12,1,0,0.0,0.0,1.3,7.4,SEC_RATL_BRC,Mail Express,92.2
63.7,4.9,22.5,25,5,0,0.41,3,0,0.6,0.0,2.9,27.7,SEC_MTJ_BTE,Mail Express,9.4
84.5,98.7,6.6,250,5,4,0.22,2,0,0.6,0.0,1.6,7.0,SEC_BRC_MMCT,Express,70.1
99.5,64.6,1.8,75,0,2,0.17,1,0,0.0,0.0,1.4,17.9,SEC_BTE_GGC,Superfast Express,35.9
31.7,30.1,15.0,25,14,4,0.41,1,1,0.0,0.0,1.9,10.7,SEC_MTJ_BTE,Mail Express,63.2
71.3,24.7,10.1,75,11,5,0.8,0,0,0.3,0.0,2.8,0.4,SEC_BTE_GGC,Rajdhani Express,22.5
95.9,47.0,11.7,42,12,3,0.36,0,0,0.3,0.0,1.2,2.8,SEC_GGC_SWM,Superfast Express,32.1
98.8,9.4,38.1,42,0,3,0.16,0,0,0.0,0.0,1.8,13.2,SEC_GGC_SWM,Mail Express,3.7
50.3,21.7,12.4,42,11,6,0.63,4,0,0.0,0.0,2.8,38.8,SEC_GGC_SWM,Superfast Express,27.7
80.9,59.0,10.8,95,3,6,0.19,1,0,0.1,0.0,1.4,6.1,SEC_NDLS_MTJ,Superfast Express,45.1
25.2,21.5,7.1,42,16,0,0.17,0,1,0.0,0.0,4.4,16.3,SEC_GGC_SWM,Superfast Express,53.4
83.6,82.9,1.5,65,0,1,0.39,3,0,0.0,0.0,2.1,0.8,SEC_SWM_KOTA,Express,65.8
0.0,107.9,19.4,75,13,0,0.14,1,1,0.0,6.7,1.7,43.1,SEC_BTE_GGC,Rajdhani Express,99.1
28.6,61.8,6.3,95,18,1,0.68,2,1,0.0,0.0,7.0,3.3,SEC_NDLS_MTJ,Rajdhani Express,130.6
56.4,29.1,20.6,42,11,4,0.78,0,0,0.0,0.0,4.4,4.9,SEC_GGC_SWM,Superfast Express,29.8
93.0,28.5,3.3,42,19,3,0.5,0,0,0.3,0.0,1.4,1.8,SEC_GGC_SWM,Mail Express,18.9
59.8,22.6,2.5,25,0,0,0.11,3,0,0.1,0.0,3.6,9.1,SEC_MTJ_BTE,Rajdhani Express,21.3
63.2,66.0,2.6,95,22,4,0.27,4,0,0.0,0.0,1.3,6.0,SEC_NDLS_MTJ,Superfast Express,64.2
94.2,146.7,16.7,170,3,3,0.43,1,0,0.0,0.0,1.7,15.8,SEC_KOTA_RATL,Mail Express,92.5
104.8,56.1,10.5,75,10,3,0.62,0,0,0.0,0.0,1.7,0.8,SEC_BTE_GGC,Superfast Express,32.9
39.4,37.5,11.8,65,2,4,0.37,1,1,0.0,19.7,2.0,5.7,SEC_SWM_KOTA,Mail Express,86.6
80.9,167.4,9.3,170,19,2,0.37,4,0,0.0,0.0,2.9,18.4,SEC_KOTA_RATL,Express,124.4
94.9,102.7,1.6,95,18,4,0.66,1,0,0.0,0.0,1.5,16.5,SEC_NDLS_MTJ,Mail Express,71.9
79.3,59.1,6.0,75,0,2,0.45,2,0,0.0,0.0,3.7,1.5,SEC_BTE_GGC,Superfast Express,45.7
36.6,210.2,1.7,170,4,5,0.16,1,1,0.0,0.0,1.6,14.4,SEC_KOTA_RATL,Superfast Express,347.8
40.3,25.0,27.3,42,12,5,0.29,2,1,0.0,0.0,2.5,32.7,SEC_GGC_SWM,Rajdhani Express,43.8
95.2,204.1,14.3,250,17,6,0.52,1,0,0.0,0.0,2.3,24.1,SEC_BRC_MMCT,Mail Express,131.0
86.6,20.7,13.7,25,10,3,0.36,0,0,0.1,0.0,2.7,33.0,SEC_MTJ_BTE,Express,15.2
103.0,62.3,6.7,65,23,2,0.23,0,0,0.0,0.0,2.6,27.7,SEC_SWM_KOTA,Mail Express,33.8
39.6,43.4,8.3,42,0,6,0.44,0,1,0.1,0.0,1.3,13.6,SEC_GGC_SWM,Mail Express,73.0
42.9,20.2,4.6,25,11,1,0.44,1,1,0.3,0.0,1.5,2.0,SEC_MTJ_BTE,Express,34.4
45.0,21.0,42.9,25,21,3,0.53,0,1,0.1,0.0,2.5,3.3,SEC_MTJ_BTE,Rajdhani Express,39.4
77.2,216.7,14.2,250,13,5,0.5,3,0,0.1,0.0,2.4,25.4,SEC_BRC_MMCT,Mail Express,171.9
87.4,147.5,1.3,165,1,2,0.27,1,0,0.1,0.0,2.2,22.4,SEC_RATL_BRC,Express,102.0
57.6,57.2,2.0,75,20,6,0.65,4,0,0.1,0.0,2.6,36.5,SEC_BTE_GGC,Mail Express,64.2
103.1,9.5,9.1,165,4,0,0.35,1,0,0.0,0.0,4.7,16.6,SEC_RATL_BRC,Rajdhani Express,5.3
74.4,4.0,8.1,75,22,5,0.13,2,0,0.9,0.0,7.6,2.8,SEC_BTE_GGC,Rajdhani Express,4.6
85.4,249.7,11.5,170,17,0,0.67,1,0,0.0,0.0,1.7,7.5,SEC_KOTA_RATL,Mail Express,181.2
110.3,90.7,0.4,165,23,4,0.45,1,0,0.0,0.0,4.1,16.8,SEC_RATL_BRC,Rajdhani Express,47.6
103.6,70.8,1.0,95,4,1,0.44,1,0,0.0,0.0,3.9,4.3,SEC_NDLS_MTJ,Superfast Express,40.1
21.9,13.5,5.3,25,12,3,0.39,0,1,0.0,0.0,7.5,11.2,SEC_MTJ_BTE,Rajdhani Express,35.4
122.8,155.1,31.2,250,12,5,0.48,0,0,0.0,0.0,3.1,0.2,SEC_BRC_MMCT,Rajdhani Express,74.3
104.9,266.6,0.7,250,6,2,0.45,0,0,0.1,0.0,1.2,5.7,SEC_BRC_MMCT,Mail Express,152.9
87.0,33.9,14.0,42,4,1,0.29,2,0,0.0,1.0,2.9,4.6,SEC_GGC_SWM,Superfast Express,23.9
49.3,258.9,7.2,250,17,2,0.47,2,0,0.1,0.0,4.7,1.1,SEC_BRC_MMCT,Rajdhani Express,314.3
99.2,39.3,2.6,75,4,3,0.23,0,0,0.1,0.0,2.5,1.7,SEC_BTE_GGC,Rajdhani Express,23.0
49.5,70.7,5.1,65,13,1,0.1,2,0,0.0,0.0,1.3,28.2,SEC_SWM_KOTA,Express,89.4
45.7,107.1,24.6,250,2,2,0.46,0,1,0.0,0.0,1.6,2.4,SEC_BRC_MMCT,Rajdhani Express,144.7
96.9,62.4,11.8,75,6,0,0.23,0,0,0.1,0.0,2.3,3.1,SEC_BTE_GGC,Express,36.7
108.2,58.5,11.8,95,23,1,0.12,0,0,0.0,0.0,2.8,2.8,SEC_NDLS_MTJ,Rajdhani Express,29.3
109.7,103.6,2.0,250,7,4,0.43,0,0,0.0,0.0,1.6,10.6,SEC_BRC_MMCT,Express,56.5
71.1,30.7,11.7,75,22,5,0.44,3,0,0.1,0.0,2.8,70.2,SEC_BTE_GGC,Superfast Express,26.4
87.7,13.8,0.6,25,4,2,0.38,0,0,0.1,0.0,4.1,18.8,SEC_MTJ_BTE,Superfast Express,10.6
95.5,107.7,21.7,165,19,5,0.66,0,0,0.3,0.0,2.6,19.7,SEC_RATL_BRC,Express,69.6
93.4,119.1,8.7,165,19,1,0.37,1,0,0.1,0.0,3.0,10.3,SEC_RATL_BRC,Mail Express,74.0
34.7,73.7,0.8,75,17,5,0.78,0,0,0.3,0.0,2.1,10.8,SEC_BTE_GGC,Mail Express,132.1
113.6,78.0,8.3,65,15,5,0.33,0,0,0.0,0.0,5.6,5.6,SEC_SWM_KOTA,Rajdhani Express,38.6
0.0,62.0,32.2,42,13,2,0.44,3,0,0.3,12.4,2.3,14.5,SEC_GGC_SWM,Mail Express,69.3
66.5,16.1,11.1,25,6,4,0.47,3,0,0.0,0.0,1.9,39.2,SEC_MTJ_BTE,Express,20.0
54.7,71.8,1.4,75,3,0,0.41,2,0,0.0,0.0,2.9,34.7,SEC_BTE_GGC,Rajdhani Express,80.1
121.0,70.4,14.9,65,12,6,0.49,1,0,0.0,0.0,5.1,13.7,SEC_SWM_KOTA,Rajdhani Express,34.3
51.5,86.2,5.6,170,22,3,0.27,0,1,0.0,0.0,4.6,7.5,SEC_KOTA_RATL,Superfast Express,98.2
89.3,179.8,10.5,165,5,3,0.38,0,0,0.1,0.0,1.8,1.6,SEC_RATL_BRC,Express,121.5
106.4,57.0,18.1,250,11,0,0.48,0,0,0.0,2.1,3.0,10.8,SEC_BRC_MMCT,Superfast Express,29.7
89.6,21.3,0.9,75,5,2,0.46,1,0,0.0,0.0,2.0,32.0,SEC_BTE_GGC,Mail Express,13.6
103.0,30.9,11.3,170,7,6,0.12,0,0,0.0,0.0,2.1,11.2,SEC_KOTA_RATL,Express,13.6
37.0,49.4,2.4,42,11,5,0.82,0,1,0.0,0.0,1.4,2.9,SEC_GGC_SWM,Mail Express,88.9
86.5,96.2,1.5,165,12,4,0.27,0,0,0.1,0.0,2.8,6.4,SEC_RATL_BRC,Express,66.4
49.5,325.6,8.4,250,8,4,0.85,1,0,0.1,0.0,2.1,9.3,SEC_BRC_MMCT,Mail Express,400.1
71.1,60.2,15.5,250,18,3,0.71,2,0,0.1,17.8,1.1,9.2,SEC_BRC_MMCT,Express,68.7
104.9,68.0,2.4,75,8,6,0.49,0,0,0.3,0.0,3.5,1.3,SEC_BTE_GGC,Superfast Express,36.7
100.2,57.6,6.4,65,3,0,0.42,0,0,0.1,0.0,2.3,6.5,SEC_SWM_KOTA,Express,35.4
31.6,39.4,4.6,65,20,1,0.64,1,1,0.1,0.0,1.2,0.2,SEC_SWM_KOTA,Mail Express,82.5
74.0,63.8,0.7,170,13,4,0.46,2,0,0.3,0.0,5.0,28.1,SEC_KOTA_RATL,Rajdhani Express,50.9
54.5,105.4,2.5,75,10,3,0.8,3,0,0.3,0.0,1.7,26.4,SEC_BTE_GGC,Mail Express,131.6
104.0,112.3,7.3,170,4,6,0.13,0,0,0.6,0.0,7.5,8.3,SEC_KOTA_RATL,Rajdhani Express,58.6
40.8,35.6,2.8,95,4,6,0.46,2,0,0.9,0.0,1.9,4.1,SEC_NDLS_MTJ,Mail Express,53.3
100.6,142.2,6.5,250,22,3,0.13,1,0,0.1,0.0,1.5,0.4,SEC_BRC_MMCT,Mail Express,82.8
107.7,104.3,10.8,75,23,2,0.24,0,0,0.3,0.0,2.2,7.1,SEC_BTE_GGC,Superfast Express,60.4
86.8,106.6,6.8,95,18,6,0.54,1,0,0.0,0.0,1.0,33.4,SEC_NDLS_MTJ,Mail Express,76.5
94.4,18.8,18.5,42,21,2,0.39,1,0,0.1,0.0,1.8,20.8,SEC_GGC_SWM,Express,11.9
53.7,57.4,16.5,75,4,4,0.31,2,0,0.1,0.0,1.8,22.0,SEC_BTE_GGC,Rajdhani Express,66.1
91.1,16.9,26.8,25,13,6,0.11,0,0,0.0,0.0,2.7,3.4,SEC_MTJ_BTE,Express,8.5
39.7,53.7,16.1,170,5,1,0.23,1,1,0.0,0.0,5.5,24.5,SEC_KOTA_RATL,Rajdhani Express,85.6
48.7,4.0,5.3,42,15,3,0.43,2,1,0.3,0.0,2.6,47.9,SEC_GGC_SWM,Express,6.0
87.6,115.9,4.3,95,11,3,0.48,1,0,0.0,0.0,1.3,7.5,SEC_NDLS_MTJ,Express,82.8
105.3,301.4,6.4,250,11,0,0.62,0,0,0.3,0.0,3.9,1.8,SEC_BRC_MMCT,Superfast Express,172.2
110.4,78.9,34.4,65,14,0,0.31,0,0,0.0,0.0,1.7,17.7,SEC_SWM_KOTA,Rajdhani Express,44.0
102.8,20.7,4.8,42,20,4,0.66,0,0,0.0,0.0,2.7,1.1,SEC_GGC_SWM,Superfast Express,11.2
76.7,70.6,10.7,75,9,3,0.54,2,0,0.0,0.0,5.8,0.3,SEC_BTE_GGC,Rajdhani Express,53.4
47.3,47.4,27.3,75,6,3,0.24,4,0,0.1,0.0,2.4,10.1,SEC_BTE_GGC,Superfast Express,61.8
0.0,42.9,21.3,75,18,5,0.83,1,0,0.1,11.6,3.4,30.7,SEC_BTE_GGC,Rajdhani Express,45.4
99.1,19.9,5.7,65,2,5,0.49,0,0,0.1,0.0,1.6,32.0,SEC_SWM_KOTA,Express,11.2
86.8,189.1,2.0,165,12,6,0.34,1,0,0.0,0.0,1.9,14.8,SEC_RATL_BRC,Mail Express,130.3
124.4,146.0,2.4,250,12,1,0.23,1,0,0.0,0.0,5.9,0.6,SEC_BRC_MMCT,Rajdhani Express,64.2
100.5,220.5,4.8,165,21,1,0.36,0,0,0.0,0.0,1.2,19.2,SEC_RATL_BRC,Superfast Express,133.0
113.8,122.3,2.1,165,0,0,0.33,0,0,0.0,0.0,4.3,33.0,SEC_RATL_BRC,Superfast Express,61.1
45.5,23.5,3.0,25,4,0,0.16,1,1,0.0,0.0,1.2,13.3,SEC_MTJ_BTE,Superfast Express,36.1
95.8,46.3,15.3,95,16,2,0.11,0,0,0.6,0.0,2.6,50.6,SEC_NDLS_MTJ,Express,27.3
62.0,51.3,11.6,75,8,6,0.77,1,0,0.0,0.8,3.0,7.6,SEC_BTE_GGC,Mail Express,51.1
48.9,7.6,13.7,42,6,3,0.46,0,1,0.0,0.0,3.3,2.8,SEC_GGC_SWM,Superfast Express,8.6
97.0,44.4,34.7,250,0,6,0.36,0,0,0.0,0.0,1.8,16.5,SEC_BRC_MMCT,Mail Express,25.5
94.4,48.3,2.1,75,15,5,0.29,1,0,0.0,0.0,1.5,3.1,SEC_BTE_GGC,Mail Express,29.3
62.5,10.9,9.2,25,12,0,0.26,3,0,0.0,0.0,1.9,7.7,SEC_MTJ_BTE,Superfast Express,10.6
70.2,146.1,7.4,170,19,2,0.72,2,0,0.0,0.0,3.0,4.7,SEC_KOTA_RATL,Express,128.1
92.3,214.3,16.1,165,0,4,0.28,0,0,0.1,0.0,1.9,17.1,SEC_RATL_BRC,Superfast Express,140.9
88.7,181.3,8.6,170,8,4,0.6,0,0,0.0,0.0,1.1,6.2,SEC_KOTA_RATL,Mail Express,121.4
0.0,101.7,17.0,95,6,1,0.44,1,0,0.0,4.7,6.8,3.0,SEC_NDLS_MTJ,Rajdhani Express,80.4
31.7,15.5,11.9,65,2,4,0.12,3,1,0.0,0.0,1.3,16.8,SEC_SWM_KOTA,Express,36.5
100.7,39.5,3.5,42,1,6,0.33,0,0,0.0,0.0,2.0,21.2,SEC_GGC_SWM,Express,23.5
65.9,73.5,2.1,95,3,2,0.1,2,0,0.6,0.0,1.8,9.4,SEC_NDLS_MTJ,Rajdhani Express,67.8
101.1,59.5,3.9,65,3,3,0.27,1,0,0.1,0.0,1.4,0.5,SEC_SWM_KOTA,Mail Express,36.5
95.2,241.0,10.1,170,17,0,0.6,0,0,0.0,0.0,2.5,8.4,SEC_KOTA_RATL,Rajdhani Express,153.7
88.2,19.0,14.9,42,9,2,0.64,0,0,0.0,7.5,6.7,0.0,SEC_GGC_SWM,Rajdhani Express,18.9
46.0,7.3,12.5,25,9,0,0.64,2,1,0.1,0.0,7.1,11.2,SEC_MTJ_BTE,Rajdhani Express,11.8
103.4,52.8,3.8,65,2,2,0.45,0,0,0.1,0.0,2.4,6.0,SEC_SWM_KOTA,Superfast Express,29.5
71.6,130.1,6.5,165,16,2,0.21,2,0,0.0,0.0,2.7,11.1,SEC_RATL_BRC,Mail Express,106.4
97.0,26.5,19.9,25,10,1,0.7,0,0,0.3,0.0,2.0,20.3,SEC_MTJ_BTE,Superfast Express,20.6
38.5,26.0,3.0,25,16,5,0.18,4,0,0.3,0.0,2.6,2.1,SEC_MTJ_BTE,Express,41.6
76.5,11.6,1.3,42,9,3,0.79,2,0,0.6,0.0,2.8,38.7,SEC_GGC_SWM,Mail Express,10.7
93.2,228.3,5.7,170,16,0,0.43,0,0,0.3,0.0,1.0,16.5,SEC_KOTA_RATL,Express,152.5
43.4,32.2,6.5,42,19,5,0.44,3,0,0.0,0.0,4.8,13.8,SEC_GGC_SWM,Rajdhani Express,45.7
26.8,47.5,2.4,95,12,4,0.28,1,1,0.0,0.0,5.9,16.7,SEC_NDLS_MTJ,Rajdhani Express,107.1
32.0,6.4,8.7,170,9,3,0.45,0,1,0.0,0.0,1.8,2.1,SEC_KOTA_RATL,Mail Express,11.7
33.1,25.9,6.4,25,14,4,0.48,0,1,0.0,0.0,2.7,3.5,SEC_MTJ_BTE,Mail Express,54.6
117.9,58.9,3.7,65,2,4,0.12,0,0,0.0,0.0,6.6,20.6,SEC_SWM_KOTA,Rajdhani Express,27.6
37.6,48.0,9.1,95,14,6,0.32,0,1,0.3,0.0,3.8,18.2,SEC_NDLS_MTJ,Superfast Express,80.0
86.3,14.3,24.5,25,19,4,0.54,0,0,0.1,0.0,1.7,31.3,SEC_MTJ_BTE,Mail Express,11.4
99.2,26.0,7.7,42,22,0,0.27,1,0,0.1,0.0,1.4,10.6,SEC_GGC_SWM,Mail Express,15.0
100.5,112.5,4.5,165,3,2,0.25,1,0,0.0,0.0,7.8,0.2,SEC_RATL_BRC,Rajdhani Express,65.0
92.7,104.4,1.0,165,16,3,0.49,0,0,0.0,0.0,2.7,29.8,SEC_RATL_BRC,Mail Express,67.2
58.8,4.0,12.6,25,18,4,0.81,3,0,0.0,0.0,7.9,3.8,SEC_MTJ_BTE,Rajdhani Express,7.5
0.0,335.8,12.0,250,14,2,0.2,1,0,0.6,20.6,2.0,9.4,SEC_BRC_MMCT,Mail Express,266.1
82.6,24.4,0.7,42,5,3,0.22,2,0,0.0,0.0,4.1,4.3,SEC_GGC_SWM,Superfast Express,16.9
37.6,11.6,9.9,25,1,5,0.46,1,1,0.1,0.0,2.2,14.3,SEC_MTJ_BTE,Mail Express,25.2
67.0,205.0,1.2,170,10,4,0.78,3,0,0.0,0.0,2.3,33.5,SEC_KOTA_RATL,Rajdhani Express,190.2
82.9,52.0,42.1,42,6,2,0.39,1,0,0.0,0.0,1.5,25.8,SEC_GGC_SWM,Express,42.1
76.7,164.3,1.0,170,18,2,0.5,3,0,0.6,0.0,4.4,11.9,SEC_KOTA_RATL,Rajdhani Express,133.4
97.0,121.3,9.8,165,14,5,0.38,0,0,0.0,0.0,2.5,10.5,SEC_RATL_BRC,Express,74.5
90.3,40.2,13.1,75,7,2,0.48,1,0,0.0,7.2,1.9,15.3,SEC_BTE_GGC,Express,36.4
71.9,7.2,41.1,42,18,5,0.83,4,0,0.0,0.0,1.3,6.7,SEC_GGC_SWM,Superfast Express,7.6
56.4,46.2,19.3,75,5,3,0.16,4,0,0.3,0.0,1.4,2.1,SEC_BTE_GGC,Express,47.3
78.4,152.3,4.1,165,3,3,0.25,3,0,0.0,0.0,2.7,17.5,SEC_RATL_BRC,Superfast Express,115.6
96.2,253.6,6.2,250,17,0,0.61,0,0,0.3,0.0,1.0,23.1,SEC_BRC_MMCT,Express,161.6
54.6,6.1,14.2,25,17,6,0.81,2,0,0.0,7.5,2.4,87.4,SEC_MTJ_BTE,Express,20.8
97.6,8.7,11.6,65,13,4,0.32,1,0,0.0,4.4,1.7,2.4,SEC_SWM_KOTA,Mail Express,9.6
109.6,326.5,4.0,250,0,6,0.47,0,0,0.0,0.0,1.9,23.8,SEC_BRC_MMCT,Superfast Express,178.3
107.5,42.6,13.1,42,4,6,0.23,1,0,0.1,0.0,5.3,31.0,SEC_GGC_SWM,Rajdhani Express,24.3
104.1,28.8,4.2,170,5,6,0.2,1,0,0.0,0.0,2.1,15.6,SEC_KOTA_RATL,Superfast Express,15.4
103.1,129.0,14.5,250,15,6,0.39,1,0,0.1,0.0,4.7,0.9,SEC_BRC_MMCT,Superfast Express,71.4
33.5,21.5,7.1,165,18,4,0.54,0,1,0.0,0.0,1.1,5.8,SEC_RATL_BRC,Mail Express,47.1
91.8,29.5,5.3,42,10,0,0.45,0,0,0.0,0.0,2.8,29.0,SEC_GGC_SWM,Express,21.1
42.1,27.0,0.7,170,5,2,0.18,0,1,0.0,0.0,5.3,16.0,SEC_KOTA_RATL,Rajdhani Express,42.6
30.9,64.5,3.7,75,9,3,0.64,0,1,0.0,0.0,2.1,16.6,SEC_BTE_GGC,Express,133.4
84.6,21.9,15.6,25,0,6,0.48,1,0,0.1,0.0,3.3,14.4,SEC_MTJ_BTE,Superfast Express,18.4
65.0,289.4,8.8,250,0,4,0.33,2,0,0.3,0.0,2.7,44.9,SEC_BRC_MMCT,Superfast Express,269.2
79.4,285.0,7.6,250,23,6,0.29,2,0,0.1,0.0,3.2,5.5,SEC_BRC_MMCT,Superfast Express,219.3
70.8,81.1,2.2,95,7,4,0.4,2,0,0.0,0.0,2.3,0.5,SEC_NDLS_MTJ,Mail Express,70.6
40.5,36.2,4.8,75,15,3,0.29,0,1,0.0,0.0,2.1,2.7,SEC_BTE_GGC,Mail Express,58.1
86.0,85.6,8.2,250,3,6,0.41,0,0,0.1,0.0,7.2,19.5,SEC_BRC_MMCT,Rajdhani Express,53.0
116.2,31.0,11.2,65,10,1,0.41,0,0,0.0,0.0,3.9,3.3,SEC_SWM_KOTA,Superfast Express,12.5
101.2,210.2,9.1,250,6,0,0.4,0,0,0.0,0.0,1.6,1.3,SEC_BRC_MMCT,Mail Express,126.8
69.5,79.2,8.6,95,14,0,0.43,3,0,0.0,0.0,1.9,6.1,SEC_NDLS_MTJ,Rajdhani Express,72.6
108.3,69.4,10.1,75,1,6,0.42,0,0,0.0,0.0,7.0,2.3,SEC_BTE_GGC,Rajdhani Express,35.9
102.1,79.2,15.2,75,4,1,0.1,0,0,0.1,0.0,1.7,5.6,SEC_BTE_GGC,Express,44.3
35.5,55.7,1.5,65,15,1,0.38,2,0,0.3,0.0,2.9,19.7,SEC_SWM_KOTA,Express,91.8
95.8,128.7,13.3,95,23,5,0.49,1,0,0.0,0.0,2.6,1.9,SEC_NDLS_MTJ,Express,83.6
99.3,326.3,11.9,250,15,0,0.16,1,0,0.0,27.0,1.3,2.5,SEC_BRC_MMCT,Mail Express,224.0
51.8,121.9,9.4,165,21,4,0.36,2,0,0.0,0.0,6.4,11.1,SEC_RATL_BRC,Rajdhani Express,137.2
97.1,103.3,7.2,250,12,2,0.39,0,0,0.0,0.0,3.1,0.5,SEC_BRC_MMCT,Rajdhani Express,60.8
42.2,130.8,0.8,165,12,3,0.25,0,1,0.0,0.0,1.4,0.5,SEC_RATL_BRC,Express,191.3
98.1,267.3,1.2,250,9,0,0.69,1,0,0.0,0.0,1.7,27.8,SEC_BRC_MMCT,Mail Express,166.5
88.6,124.7,3.2,165,6,2,0.45,0,0,0.9,0.0,3.5,16.5,SEC_RATL_BRC,Superfast Express,87.6
124.1,58.5,15.8,65,0,4,0.17,0,0,0.0,0.0,2.2,9.4,SEC_SWM_KOTA,Rajdhani Express,27.2
82.6,120.4,16.1,170,5,6,0.29,3,0,0.6,5.1,3.9,0.7,SEC_KOTA_RATL,Superfast Express,93.5
92.4,62.5,2.1,65,21,3,0.7,0,0,0.1,0.0,4.7,42.7,SEC_SWM_KOTA,Superfast Express,36.0
88.1,160.6,4.1,170,14,4,0.21,0,0,0.0,0.0,2.9,18.8,SEC_KOTA_RATL,Superfast Express,106.2
0.0,7.0,16.9,42,4,6,0.15,2,0,0.3,4.6,3.5,12.6,SEC_GGC_SWM,Superfast Express,8.9
77.4,17.5,12.1,25,8,1,0.57,1,0,0.0,0.0,4.4,13.3,SEC_MTJ_BTE,Rajdhani Express,19.4
44.1,61.2,3.7,95,0,2,0.23,4,1,0.0,0.0,2.0,15.6,SEC_NDLS_MTJ,Mail Express,91.3
80.0,85.9,11.7,65,21,1,0.48,3,0,0.3,31.6,2.0,57.1,SEC_SWM_KOTA,Mail Express,102.9
53.8,87.0,0.3,165,3,2,0.15,2,0,0.0,0.0,4.3,8.1,SEC_RATL_BRC,Rajdhani Express,91.1
51.3,335.5,21.3,250,2,2,0.17,1,1,0.0,0.0,4.2,12.6,SEC_BRC_MMCT,Rajdhani Express,394.3
65.3,91.1,2.4,95,1,0,0.44,2,0,0.0,0.0,3.0,5.8,SEC_NDLS_MTJ,Rajdhani Express,85.7
78.0,127.4,2.8,165,13,0,0.44,2,0,0.1,0.0,2.4,14.1,SEC_RATL_BRC,Superfast Express,101.1
101.8,72.0,8.7,95,4,3,0.15,0,0,0.9,0.0,2.9,2.8,SEC_NDLS_MTJ,Rajdhani Express,42.1
70.9,63.4,5.0,170,21,2,0.72,1,0,0.0,0.0,1.1,5.1,SEC_KOTA_RATL,Superfast Express,53.2
81.2,306.0,5.5,250,19,3,0.72,2,0,0.0,0.0,1.4,48.8,SEC_BRC_MMCT,Express,231.3
63.0,10.2,6.2,42,10,2,0.74,1,0,0.0,0.0,3.3,18.0,SEC_GGC_SWM,Superfast Express,9.9
86.0,11.8,6.4,42,15,0,0.44,0,0,0.9,0.0,2.7,6.8,SEC_GGC_SWM,Express,6.2
105.9,58.0,24.4,75,9,4,0.51,1,0,0.0,31.4,2.3,14.8,SEC_BTE_GGC,Rajdhani Express,64.9
88.9,171.0,8.4,165,18,0,0.47,0,0,0.1,0.0,2.9,10.1,SEC_RATL_BRC,Mail Express,117.8
0.0,25.1,12.7,65,7,5,0.19,1,0,0.0,41.9,2.3,15.4,SEC_SWM_KOTA,Mail Express,52.0
89.5,184.6,1.1,165,9,5,0.37,0,0,0.0,0.0,1.3,31.7,SEC_RATL_BRC,Mail Express,124.6
35.0,35.6,0.4,42,0,1,0.37,1,1,0.1,0.0,1.7,32.5,SEC_GGC_SWM,Superfast Express,66.7
0.0,25.3,27.0,25,22,1,0.16,2,0,0.9,25.6,2.1,16.3,SEC_MTJ_BTE,Mail Express,52.3
83.6,82.7,4.9,165,11,1,0.56,0,0,0.0,0.0,2.0,8.3,SEC_RATL_BRC,Mail Express,59.0
71.3,38.8,2.7,75,12,4,0.23,3,0,0.0,0.0,2.5,3.3,SEC_BTE_GGC,Express,30.6
94.0,40.2,12.7,170,18,1,0.49,1,0,0.0,0.0,2.5,44.8,SEC_KOTA_RATL,Express,24.4
31.0,332.9,1.8,250,9,0,0.43,0,1,0.0,0.0,4.2,31.8,SEC_BRC_MMCT,Superfast Express,651.6
42.6,55.8,11.1,95,22,5,0.1,2,0,0.3,0.0,3.4,39.3,SEC_NDLS_MTJ,Rajdhani Express,71.7
104.1,111.4,4.9,75,17,3,0.7,0,0,0.3,0.0,2.5,4.9,SEC_BTE_GGC,Rajdhani Express,73.1
106.8,126.5,19.1,95,9,5,0.61,1,0,0.3,0.0,5.1,3.7,SEC_NDLS_MTJ,Rajdhani Express,77.0
99.0,41.8,15.7,165,10,0,0.49,1,0,0.0,8.7,4.8,18.9,SEC_RATL_BRC,Rajdhani Express,32.6
83.6,70.2,0.1,95,8,1,0.46,1,0,0.0,0.0,1.8,38.9,SEC_NDLS_MTJ,Express,51.4
93.6,60.7,13.2,75,3,3,0.13,1,0,0.0,0.0,2.9,10.9,SEC_BTE_GGC,Mail Express,35.1
66.2,20.2,14.8,42,20,5,0.7,3,0,0.0,0.0,3.5,7.5,SEC_GGC_SWM,Rajdhani Express,20.2
92.9,57.6,1.9,42,10,3,0.39,0,0,0.0,0.0,4.7,0.6,SEC_GGC_SWM,Superfast Express,36.6
90.2,39.9,22.8,42,19,5,0.62,0,0,0.0,0.0,1.3,16.6,SEC_GGC_SWM,Mail Express,27.8
44.9,32.3,42.4,42,2,0,0.28,2,0,0.0,0.0,2.5,12.7,SEC_GGC_SWM,Rajdhani Express,43.3
30.0,105.9,5.6,95,18,0,0.83,1,1,0.0,0.0,7.1,9.3,SEC_NDLS_MTJ,Rajdhani Express,218.1
58.3,30.5,1.6,42,17,3,0.71,0,0,0.0,0.0,1.4,37.1,SEC_GGC_SWM,Rajdhani Express,34.3
87.7,8.2,2.9,25,9,6,0.7,1,0,0.0,0.0,1.7,24.5,SEC_MTJ_BTE,Rajdhani Express,9.6
89.9,101.6,3.5,95,16,5,0.46,0,0,0.0,0.0,3.8,19.6,SEC_NDLS_MTJ,Superfast Express,67.7
88.9,44.9,17.6,42,22,2,0.33,0,0,0.3,0.0,2.0,21.1,SEC_GGC_SWM,Express,35.2
59.0,24.6,11.6,25,17,4,0.4,2,0,0.0,0.0,2.4,34.8,SEC_MTJ_BTE,Express,29.5
102.4,78.5,7.2,75,19,5,0.61,0,0,0.1,0.0,2.8,5.8,SEC_BTE_GGC,Rajdhani Express,48.9
111.3,50.4,21.6,42,8,5,0.63,0,0,0.0,0.0,7.3,37.6,SEC_GGC_SWM,Rajdhani Express,25.4
98.0,15.2,1.7,42,13,3,0.12,0,0,0.0,0.0,1.2,39.3,SEC_GGC_SWM,Mail Express,10.4
78.8,28.9,5.6,25,13,3,0.47,1,0,0.0,0.0,4.8,0.7,SEC_MTJ_BTE,Superfast Express,21.4
79.4,71.4,13.1,75,16,6,0.48,2,0,0.0,0.0,5.4,0.9,SEC_BTE_GGC,Rajdhani Express,53.8
87.5,26.7,3.2,25,4,5,0.19,1,0,0.0,0.0,1.1,1.9,SEC_MTJ_BTE,Superfast Express,21.3
94.9,61.0,6.3,165,11,6,0.47,1,0,0.0,0.0,3.4,66.1,SEC_RATL_BRC,Rajdhani Express,36.6
27.4,68.2,0.8,65,22,2,0.48,3,1,0.0,0.0,1.3,18.4,SEC_SWM_KOTA,Mail Express,160.4
123.8,306.9,16.6,250,11,5,0.47,1,0,0.0,0.0,4.1,35.9,SEC_BRC_MMCT,Rajdhani Express,145.1
86.9,43.9,14.9,42,2,0,0.3,0,0,0.0,0.0,5.7,14.2,SEC_GGC_SWM,Rajdhani Express,29.3
24.4,241.0,4.4,170,21,6,0.51,2,1,0.1,0.0,4.7,5.8,SEC_KOTA_RATL,Superfast Express,592.0
23.5,49.2,1.2,42,19,3,0.41,1,1,0.0,0.0,6.6,4.2,SEC_GGC_SWM,Rajdhani Express,120.5
69.5,125.0,0.3,250,19,3,0.75,1,0,0.0,0.0,4.7,0.7,SEC_BRC_MMCT,Superfast Express,109.4
45.3,52.9,6.9,65,3,4,0.35,4,0,0.3,0.0,3.5,8.8,SEC_SWM_KOTA,Superfast Express,73.8
91.4,22.0,19.4,25,4,5,0.18,0,0,0.0,0.0,1.4,0.7,SEC_MTJ_BTE,Express,12.5
98.2,187.5,21.1,165,15,3,0.34,0,0,0.0,0.0,3.1,5.6,SEC_RATL_BRC,Superfast Express,111.4
111.1,88.6,10.2,170,23,0,0.13,1,0,0.0,0.0,5.9,5.4,SEC_KOTA_RATL,Rajdhani Express,43.7
93.7,11.4,3.8,165,13,3,0.4,0,0,0.1,0.0,2.7,3.6,SEC_RATL_BRC,Mail Express,5.6
84.0,24.6,0.5,25,15,3,0.44,1,0,0.1,0.0,1.1,10.2,SEC_MTJ_BTE,Mail Express,18.2
101.3,55.3,3.7,75,13,1,0.2,0,0,0.0,0.0,3.8,24.3,SEC_BTE_GGC,Superfast Express,29.1
46.9,108.4,5.9,165,0,0,0.32,4,0,0.0,0.0,2.0,65.1,SEC_RATL_BRC,Express,138.6
106.3,157.4,14.9,165,14,3,0.16,0,0,0.0,0.0,4.8,12.2,SEC_RATL_BRC,Superfast Express,82.9
54.7,105.6,0.1,75,5,3,0.24,2,0,0.1,0.0,4.7,8.6,SEC_BTE_GGC,Superfast Express,114.1
92.6,74.7,5.7,165,14,4,0.1,0,0,0.0,0.0,2.0,2.7,SEC_RATL_BRC,Mail Express,44.7
28.8,77.1,15.3,95,14,5,0.39,0,1,0.1,0.0,1.2,6.8,SEC_NDLS_MTJ,Superfast Express,170.1
110.6,148.7,20.3,165,12,6,0.22,0,0,0.0,0.0,5.8,4.2,SEC_RATL_BRC,Rajdhani Express,76.9
100.9,198.6,5.7,170,5,4,0.15,0,0,0.0,0.0,2.5,1.5,SEC_KOTA_RATL,Superfast Express,114.8
46.2,54.9,7.5,95,9,4,0.73,0,1,0.3,0.0,1.6,2.9,SEC_NDLS_MTJ,Mail Express,77.6
89.3,22.5,7.4,42,18,4,0.66,0,0,0.3,0.0,2.8,11.7,SEC_GGC_SWM,Express,16.9
32.0,23.8,2.2,25,10,2,0.63,0,1,0.0,0.0,1.0,2.6,SEC_MTJ_BTE,Superfast Express,56.4
113.0,169.1,6.3,250,14,1,0.42,1,0,0.0,0.0,2.7,10.3,SEC_BRC_MMCT,Mail Express,89.0
46.1,14.7,3.5,165,19,6,0.67,2,0,0.0,0.0,1.2,3.2,SEC_RATL_BRC,Express,18.2
0.0,211.6,10.7,250,9,0,0.52,0,0,0.1,2.9,2.9,9.1,SEC_BRC_MMCT,Mail Express,157.4
94.5,23.2,2.1,42,23,4,0.17,0,0,0.0,0.0,2.2,15.8,SEC_GGC_SWM,Express,12.3
26.6,9.5,0.7,95,0,0,0.27,0,1,0.6,0.0,2.4,19.5,SEC_NDLS_MTJ,Express,19.6
106.3,52.3,13.7,65,14,0,0.48,1,0,0.1,0.0,1.9,2.1,SEC_SWM_KOTA,Rajdhani Express,33.4
43.4,190.3,30.9,165,15,4,0.37,1,1,0.0,0.0,2.8,4.9,SEC_RATL_BRC,Express,268.1
120.1,14.3,0.6,42,4,4,0.33,0,0,0.0,0.0,5.0,12.5,SEC_GGC_SWM,Rajdhani Express,3.3
68.4,65.0,12.6,170,11,6,0.36,2,0,0.1,0.0,2.2,23.9,SEC_KOTA_RATL,Mail Express,54.8
74.5,31.1,10.1,25,2,5,0.29,1,0,0.0,0.0,1.8,3.2,SEC_MTJ_BTE,Mail Express,29.1
85.4,17.0,0.6,25,16,3,0.28,0,0,0.0,0.0,1.5,10.3,SEC_MTJ_BTE,Express,9.5
45.9,105.7,9.8,95,20,2,0.37,3,0,0.0,0.0,2.0,12.5,SEC_NDLS_MTJ,Rajdhani Express,143.3
90.0,36.4,9.3,95,22,4,0.43,0,0,0.0,0.0,3.7,27.8,SEC_NDLS_MTJ,Rajdhani Express,23.7
54.1,53.6,8.7,75,8,4,0.81,3,0,0.0,0.0,2.0,11.2,SEC_BTE_GGC,Express,65.7
43.3,44.3,1.4,75,17,6,0.83,0,0,0.0,0.0,1.4,9.0,SEC_BTE_GGC,Mail Express,59.1
26.7,193.0,10.8,250,20,3,0.5,2,1,0.1,0.0,1.2,35.7,SEC_BRC_MMCT,Express,440.8
51.3,27.7,16.7,95,20,0,0.81,3,0,0.0,0.0,1.8,2.4,SEC_NDLS_MTJ,Superfast Express,31.6
49.2,66.0,7.7,75,0,0,0.3,3,0,0.0,0.0,4.5,49.9,SEC_BTE_GGC,Superfast Express,80.3
84.6,28.9,5.7,25,10,5,0.45,0,0,0.9,0.0,1.5,4.0,SEC_MTJ_BTE,Superfast Express,31.9
77.8,98.3,11.6,95,20,4,0.5,2,0,0.0,2.2,7.3,10.8,SEC_NDLS_MTJ,Rajdhani Express,76.2
86.3,59.9,10.2,165,15,2,0.14,1,0,0.1,0.0,2.8,17.9,SEC_RATL_BRC,Rajdhani Express,40.2
39.4,67.4,0.5,75,12,5,0.23,0,1,0.1,0.0,5.6,17.4,SEC_BTE_GGC,Rajdhani Express,106.6
30.9,29.7,0.1,170,5,1,0.28,0,1,0.1,0.0,2.7,8.4,SEC_KOTA_RATL,Superfast Express,60.4
29.1,35.9,1.1,42,13,4,0.43,1,1,0.0,0.0,2.7,1.5,SEC_GGC_SWM,Superfast Express,79.4
104.5,49.1,1.4,42,20,4,0.5,1,0,0.1,0.0,3.5,3.4,SEC_GGC_SWM,Rajdhani Express,31.9
92.5,121.3,30.1,95,5,0,0.45,0,0,0.0,0.0,2.0,5.0,SEC_NDLS_MTJ,Mail Express,80.7
40.4,57.4,10.8,95,20,1,0.35,4,0,0.0,41.3,2.5,2.8,SEC_NDLS_MTJ,Mail Express,127.7
98.1,70.6,10.5,95,8,6,0.42,0,0,0.6,0.0,1.3,4.8,SEC_NDLS_MTJ,Superfast Express,47.3
83.2,80.0,8.0,75,20,5,0.64,1,0,0.0,0.0,2.7,1.0,SEC_BTE_GGC,Mail Express,60.4
51.5,93.6,8.8,165,8,5,0.74,0,0,0.9,0.0,2.7,1.9,SEC_RATL_BRC,Superfast Express,112.8
46.0,215.8,4.0,250,7,3,0.28,3,0,0.0,0.0,2.1,7.7,SEC_BRC_MMCT,Express,281.0
100.3,93.5,6.3,65,22,6,0.19,1,0,0.0,0.0,2.1,3.8,SEC_SWM_KOTA,Rajdhani Express,55.0
63.5,218.7,2.0,170,22,0,0.41,3,0,0.6,0.0,1.0,4.5,SEC_KOTA_RATL,Mail Express,215.4
49.8,53.6,3.3,65,12,5,0.49,2,0,0.1,0.0,2.9,51.5,SEC_SWM_KOTA,Express,67.6
83.9,193.0,8.9,170,21,6,0.48,1,0,0.0,0.0,1.8,24.6,SEC_KOTA_RATL,Mail Express,137.8
102.0,46.4,14.8,250,1,5,0.34,1,0,0.0,0.0,1.1,2.2,SEC_BRC_MMCT,Express,26.2
99.5,132.2,2.7,165,6,2,0.31,1,0,0.1,0.0,1.6,24.4,SEC_RATL_BRC,Mail Express,81.5
105.6,37.4,16.1,65,11,1,0.36,0,0,0.0,0.0,2.2,14.5,SEC_SWM_KOTA,Express,19.8
42.3,30.6,12.9,65,23,0,0.23,1,1,0.0,33.2,1.5,46.7,SEC_SWM_KOTA,Express,81.8
97.9,100.4,0.3,65,20,3,0.44,0,0,0.1,0.0,2.1,6.0,SEC_SWM_KOTA,Mail Express,64.5
91.3,142.8,3.1,165,16,1,0.37,1,0,0.0,0.0,2.3,39.0,SEC_RATL_BRC,Express,96.3
80.5,43.2,7.8,65,9,4,0.81,3,0,0.3,0.0,1.1,9.0,SEC_SWM_KOTA,Superfast Express,38.7
68.4,19.0,16.1,42,20,4,0.67,2,0,0.0,0.0,1.0,1.2,SEC_GGC_SWM,Express,19.8
87.9,171.2,7.4,165,13,6,0.24,0,0,0.0,0.0,1.0,11.9,SEC_RATL_BRC,Superfast Express,116.8
101.5,217.1,8.6,250,13,3,0.42,1,0,0.0,0.0,3.0,2.4,SEC_BRC_MMCT,Superfast Express,127.2
96.9,22.2,8.1,65,7,1,0.13,0,0,0.0,0.0,1.8,15.2,SEC_SWM_KOTA,Express,14.0
97.2,55.6,8.3,95,15,2,0.49,0,0,0.0,0.0,2.8,5.3,SEC_NDLS_MTJ,Mail Express,32.0
27.1,161.5,2.3,250,16,4,0.35,3,1,0.0,0.0,1.6,7.9,SEC_BRC_MMCT,Rajdhani Express,362.7
105.7,56.9,0.1,65,5,6,0.43,1,0,0.0,0.0,1.8,30.9,SEC_SWM_KOTA,Superfast Express,34.6
66.5,200.0,6.0,165,21,6,0.76,0,0,0.0,0.0,1.6,2.2,SEC_RATL_BRC,Superfast Express,183.9
34.3,57.1,9.2,65,7,6,0.27,2,1,0.0,0.0,2.0,24.1,SEC_SWM_KOTA,Express,107.6
43.0,111.6,23.5,165,17,0,0.79,0,0,0.3,0.0,1.2,24.7,SEC_RATL_BRC,Express,156.1
121.3,251.6,53.3,170,23,6,0.2,1,0,0.0,0.0,5.3,54.1,SEC_KOTA_RATL,Rajdhani Express,119.5
72.9,56.3,3.1,65,1,2,0.24,2,0,0.0,0.0,1.3,32.3,SEC_SWM_KOTA,Express,49.3
58.8,67.6,3.9,95,17,2,0.8,2,0,0.0,0.0,3.1,1.8,SEC_NDLS_MTJ,Superfast Express,74.0
97.6,27.3,3.8,165,5,5,0.24,1,0,0.0,0.0,1.5,4.2,SEC_RATL_BRC,Mail Express,13.6
104.4,101.6,11.5,95,14,1,0.38,0,0,0.3,0.0,4.2,27.8,SEC_NDLS_MTJ,Rajdhani Express,60.4
106.1,54.1,0.9,65,19,6,0.45,1,0,0.1,0.0,3.4,42.7,SEC_SWM_KOTA,Superfast Express,30.4
40.9,46.6,1.2,42,22,3,0.44,1,1,0.3,0.0,6.0,17.3,SEC_GGC_SWM,Rajdhani Express,77.8
101.2,152.1,12.5,250,23,3,0.14,1,0,0.6,0.0,4.9,2.3,SEC_BRC_MMCT,Superfast Express,90.1
43.3,58.8,9.5,75,8,5,0.74,0,1,0.0,0.0,1.0,3.9,SEC_BTE_GGC,Express,87.7
37.1,168.8,3.5,170,7,4,0.48,2,1,0.0,0.0,4.3,0.9,SEC_KOTA_RATL,Rajdhani Express,280.3
108.9,107.5,14.6,95,13,1,0.21,0,0,0.0,0.0,3.4,9.8,SEC_NDLS_MTJ,Rajdhani Express,59.5
85.5,53.4,2.2,170,3,2,0.27,0,0,0.9,0.0,2.9,33.5,SEC_KOTA_RATL,Express,38.1
100.3,45.9,5.9,95,22,5,0.4,0,0,0.3,0.0,2.4,22.4,SEC_NDLS_MTJ,Superfast Express,24.7
39.9,90.3,6.3,95,10,0,0.72,0,0,0.1,0.0,1.2,17.8,SEC_NDLS_MTJ,Express,141.0
68.2,111.1,3.8,75,9,1,0.74,1,0,0.0,0.0,3.8,42.7,SEC_BTE_GGC,Rajdhani Express,105.6
40.0,229.3,1.0,170,2,1,0.47,2,0,0.1,0.0,3.2,22.2,SEC_KOTA_RATL,Superfast Express,346.0
105.2,380.9,14.1,250,21,5,0.7,1,0,0.6,0.0,2.1,14.8,SEC_BRC_MMCT,Express,230.3
93.1,35.5,17.8,42,15,4,0.16,0,0,0.0,0.0,2.2,9.1,SEC_GGC_SWM,Superfast Express,20.0
112.2,236.6,7.2,170,2,6,0.11,1,0,0.1,0.0,3.2,54.1,SEC_KOTA_RATL,Superfast Express,127.0
44.7,6.3,1.1,25,4,1,0.16,2,0,0.0,0.0,6.0,0.8,SEC_MTJ_BTE,Rajdhani Express,7.7
70.0,118.5,9.0,170,8,6,0.5,2,0,0.0,0.0,2.7,0.4,SEC_KOTA_RATL,Rajdhani Express,100.9
38.1,22.3,5.1,75,11,1,0.57,0,1,0.0,0.0,2.7,0.8,SEC_BTE_GGC,Mail Express,40.4
38.7,212.6,22.6,250,4,4,0.29,0,1,0.6,0.0,1.3,5.8,SEC_BRC_MMCT,Express,334.0
88.9,135.4,18.4,165,5,6,0.3,0,0,0.0,0.0,2.7,16.0,SEC_RATL_BRC,Mail Express,92.0
118.1,141.7,3.6,170,22,0,0.42,0,0,0.0,0.0,3.3,41.5,SEC_KOTA_RATL,Rajdhani Express,69.7
55.1,129.2,0.0,170,7,4,0.37,2,0,0.0,0.0,2.0,7.0,SEC_KOTA_RATL,Mail Express,142.4
94.0,46.9,16.3,42,11,2,0.36,1,0,0.1,0.0,1.3,0.5,SEC_GGC_SWM,Express,32.2
94.4,86.5,37.1,170,8,5,0.43,0,0,0.1,0.0,7.1,28.6,SEC_KOTA_RATL,Rajdhani Express,49.8
81.7,171.2,1.5,165,19,6,0.77,0,0,0.0,0.0,6.0,13.4,SEC_RATL_BRC,Rajdhani Express,122.2
72.5,11.7,0.7,25,10,0,0.63,2,0,0.0,0.0,1.2,3.6,SEC_MTJ_BTE,Superfast Express,14.7
79.3,14.8,13.8,25,21,2,0.44,1,0,0.0,0.0,1.9,25.0,SEC_MTJ_BTE,Mail Express,6.8
0.0,103.2,20.3,170,10,6,0.68,1,0,0.0,0.7,1.5,3.8,SEC_KOTA_RATL,Express,84.4
101.6,59.1,3.3,42,22,0,0.27,0,0,0.0,0.0,2.3,11.2,SEC_GGC_SWM,Mail Express,34.9
57.8,138.6,1.8,165,15,1,0.19,2,0,0.0,0.0,1.6,13.3,SEC_RATL_BRC,Superfast Express,145.3
76.2,9.5,13.1,25,14,1,0.23,1,0,0.3,0.0,2.6,19.6,SEC_MTJ_BTE,Mail Express,5.1
0.0,52.7,13.5,42,8,3,0.69,0,0,0.1,4.0,2.7,24.8,SEC_GGC_SWM,Mail Express,48.5
87.9,8.9,4.6,25,2,5,0.49,1,0,0.6,0.0,1.5,5.1,SEC_MTJ_BTE,Superfast Express,11.5
44.4,111.2,1.6,170,11,3,0.74,1,0,0.0,0.0,2.4,10.5,SEC_KOTA_RATL,Mail Express,150.4
66.0,32.0,13.2,75,8,0,0.75,0,0,0.0,0.0,2.0,37.4,SEC_BTE_GGC,Mail Express,30.7
89.6,36.1,1.8,75,0,4,0.11,1,0,0.3,0.0,1.1,0.2,SEC_BTE_GGC,Mail Express,21.2
103.0,44.0,2.8,65,16,6,0.36,0,0,0.1,0.0,5.8,1.9,SEC_SWM_KOTA,Rajdhani Express,26.4
92.3,164.9,4.4,250,5,0,0.23,0,0,0.3,0.0,2.0,2.8,SEC_BRC_MMCT,Mail Express,106.7
62.3,75.0,2.8,95,18,1,0.4,3,0,0.3,0.0,1.8,2.4,SEC_NDLS_MTJ,Mail Express,74.9
97.6,27.0,10.2,25,7,0,0.4,0,0,0.3,0.0,1.4,34.0,SEC_MTJ_BTE,Mail Express,21.5
78.8,44.6,1.6,42,2,3,0.48,2,0,0.0,0.0,2.4,17.7,SEC_GGC_SWM,Express,38.1
97.3,311.9,13.3,250,9,2,0.46,0,0,0.6,0.0,1.4,20.5,SEC_BRC_MMCT,Rajdhani Express,198.0
97.6,55.6,6.0,95,23,4,0.15,0,0,0.0,0.0,2.7,12.9,SEC_NDLS_MTJ,Express,31.8
109.3,13.0,1.5,75,21,5,0.65,0,0,0.1,0.0,4.6,12.4,SEC_BTE_GGC,Superfast Express,6.0
92.3,75.7,19.8,165,7,5,0.36,0,0,0.0,12.8,1.1,16.1,SEC_RATL_BRC,Mail Express,63.6
93.0,12.0,1.8,25,6,2,0.22,0,0,0.0,0.0,2.9,4.2,SEC_MTJ_BTE,Superfast Express,9.0
66.8,49.0,14.3,42,9,4,0.38,2,0,0.0,0.0,3.3,1.1,SEC_GGC_SWM,Rajdhani Express,42.3
108.8,137.1,6.9,170,21,2,0.67,0,0,0.0,0.0,3.4,12.3,SEC_KOTA_RATL,Rajdhani Express,72.8
98.7,27.1,0.1,75,4,2,0.35,1,0,0.1,0.0,2.0,7.1,SEC_BTE_GGC,Rajdhani Express,20.4
93.8,15.5,0.8,42,9,2,0.48,0,0,0.1,0.0,1.9,7.9,SEC_GGC_SWM,Mail Express,8.2
86.9,77.0,23.7,95,17,1,0.61,2,0,0.1,0.0,1.1,1.9,SEC_NDLS_MTJ,Superfast Express,57.6
27.1,21.0,5.4,42,7,2,0.46,0,1,0.0,0.0,3.0,18.7,SEC_GGC_SWM,Rajdhani Express,46.5
88.5,39.3,3.2,75,11,6,0.36,0,0,0.0,0.0,1.0,3.8,SEC_BTE_GGC,Mail Express,27.3
0.0,81.5,14.2,170,12,3,0.39,1,0,0.0,78.7,2.3,11.7,SEC_KOTA_RATL,Mail Express,142.8
38.9,58.4,3.8,75,3,5,0.23,1,1,0.0,0.0,5.1,13.2,SEC_BTE_GGC,Rajdhani Express,93.2
98.5,211.0,0.5,170,18,0,0.59,0,0,0.3,0.0,3.0,12.2,SEC_KOTA_RATL,Express,132.4
35.0,73.5,3.6,65,6,0,0.49,0,1,0.0,0.0,2.9,9.7,SEC_SWM_KOTA,Express,135.5
28.6,50.0,1.5,42,7,3,0.23,0,1,0.1,0.0,3.0,4.4,SEC_GGC_SWM,Express,112.7
43.5,94.3,1.0,170,2,0,0.38,0,1,0.0,0.0,4.3,21.8,SEC_KOTA_RATL,Superfast Express,134.1
31.8,18.7,11.9,75,15,0,0.3,1,1,0.0,0.0,2.0,23.0,SEC_BTE_GGC,Mail Express,41.3
34.9,21.3,6.1,25,0,3,0.27,0,1,0.0,0.0,2.9,15.9,SEC_MTJ_BTE,Express,41.7
73.5,32.8,13.0,75,21,3,0.79,3,0,0.0,0.0,1.8,9.4,SEC_BTE_GGC,Rajdhani Express,29.1
90.2,44.0,0.2,75,10,6,0.68,0,0,0.0,0.0,2.3,12.1,SEC_BTE_GGC,Mail Express,26.7
95.2,10.7,4.9,25,6,6,0.47,0,0,0.1,0.0,2.4,12.8,SEC_MTJ_BTE,Mail Express,6.8
85.9,68.1,1.7,75,13,1,0.19,0,0,0.0,0.0,5.6,29.0,SEC_BTE_GGC,Rajdhani Express,44.4
34.4,21.5,5.1,25,23,4,0.31,0,1,0.0,0.0,5.0,5.1,SEC_MTJ_BTE,Rajdhani Express,41.6
113.6,189.2,9.1,250,19,1,0.65,0,0,0.0,0.0,3.9,11.9,SEC_BRC_MMCT,Superfast Express,99.6
57.0,53.3,12.7,75,18,4,0.59,2,0,0.0,15.5,7.7,15.8,SEC_BTE_GGC,Rajdhani Express,70.4
47.5,58.9,4.4,42,18,0,0.79,1,0,0.0,0.0,1.3,17.5,SEC_GGC_SWM,Mail Express,81.1
91.1,178.3,2.4,170,6,5,0.26,0,0,0.0,0.0,2.8,6.5,SEC_KOTA_RATL,Mail Express,113.9
42.1,273.9,2.4,250,15,0,0.25,0,1,0.0,0.0,1.0,11.2,SEC_BRC_MMCT,Mail Express,397.0
60.0,47.7,10.3,95,4,4,0.19,3,0,0.1,0.0,1.4,1.3,SEC_NDLS_MTJ,Express,48.5
52.1,228.1,0.8,250,0,3,0.46,2,0,0.0,0.0,2.9,52.7,SEC_BRC_MMCT,Mail Express,262.7
23.6,88.0,49.6,65,19,5,0.43,3,1,0.6,0.0,1.5,9.7,SEC_SWM_KOTA,Express,227.8
85.8,13.7,16.6,25,6,0,0.37,0,0,0.0,0.0,1.9,13.9,SEC_MTJ_BTE,Express,13.8
106.5,91.9,6.7,65,10,0,0.58,0,0,0.0,0.0,2.0,2.8,SEC_SWM_KOTA,Express,50.8
77.6,100.0,16.4,95,0,1,0.14,3,0,0.6,0.3,2.0,1.4,SEC_NDLS_MTJ,Superfast Express,81.1
33.3,169.5,0.0,165,17,3,0.75,0,1,0.1,0.0,3.3,22.4,SEC_RATL_BRC,Superfast Express,312.7
27.5,11.4,0.6,95,23,2,0.45,0,1,0.1,0.0,4.2,1.9,SEC_NDLS_MTJ,Superfast Express,29.5
99.2,71.1,4.0,170,5,4,0.43,0,0,0.3,0.0,7.3,34.2,SEC_KOTA_RATL,Rajdhani Express,38.4
83.2,144.5,10.0,170,14,6,0.26,1,0,0.0,0.0,2.0,28.6,SEC_KOTA_RATL,Mail Express,101.3
27.0,136.1,3.8,165,7,5,0.41,0,1,0.0,0.0,4.4,10.5,SEC_RATL_BRC,Rajdhani Express,305.9
66.3,57.5,2.5,95,0,4,0.25,2,0,0.0,0.0,2.6,5.0,SEC_NDLS_MTJ,Express,53.1
48.0,45.5,8.7,42,13,5,0.24,2,0,0.0,0.0,2.3,2.4,SEC_GGC_SWM,Express,54.4
48.4,286.1,1.5,250,9,5,0.79,0,0,0.1,0.0,2.7,21.7,SEC_BRC_MMCT,Express,357.6
71.9,9.0,2.7,25,7,6,0.35,2,0,0.0,0.0,5.0,17.1,SEC_MTJ_BTE,Superfast Express,11.3
44.2,195.3,0.1,165,1,0,0.22,4,1,0.0,0.0,2.8,8.8,SEC_RATL_BRC,Rajdhani Express,270.9
88.4,29.9,2.5,42,14,1,0.3,0,0,0.0,0.0,3.3,29.9,SEC_GGC_SWM,Superfast Express,17.2
67.7,12.6,40.8,25,10,0,0.78,0,0,0.3,0.0,7.4,8.3,SEC_MTJ_BTE,Rajdhani Express,12.0
46.8,6.6,23.9,42,8,3,0.49,3,0,0.1,0.0,4.2,22.8,SEC_GGC_SWM,Superfast Express,8.3
106.0,47.5,12.1,95,17,2,0.68,0,0,0.0,8.7,6.0,8.8,SEC_NDLS_MTJ,Rajdhani Express,33.2
90.5,34.0,5.2,75,0,0,0.27,1,0,0.0,0.0,3.3,18.8,SEC_BTE_GGC,Superfast Express,22.8
96.2,39.8,15.2,42,11,6,0.38,1,0,0.0,0.0,1.5,11.2,SEC_GGC_SWM,Superfast Express,26.8
101.4,54.4,2.7,42,1,6,0.11,0,0,0.1,0.0,1.7,4.3,SEC_GGC_SWM,Superfast Express,31.1
114.7,57.3,3.5,42,21,3,0.39,1,0,0.6,0.0,3.8,5.1,SEC_GGC_SWM,Rajdhani Express,36.1
0.0,30.5,10.5,25,7,3,0.31,1,0,0.1,13.3,2.5,9.6,SEC_MTJ_BTE,Mail Express,41.1
90.9,64.9,1.0,95,17,4,0.48,0,0,0.3,0.0,2.6,10.1,SEC_NDLS_MTJ,Superfast Express,44.9
84.3,14.4,10.1,25,7,5,0.2,0,0,0.0,3.0,1.7,39.6,SEC_MTJ_BTE,Mail Express,11.8
114.8,131.2,8.4,165,14,5,0.17,0,0,0.0,0.0,2.2,21.5,SEC_RATL_BRC,Rajdhani Express,62.9
103.3,93.6,4.2,65,13,3,0.16,0,0,0.0,0.0,2.0,2.6,SEC_SWM_KOTA,Mail Express,52.5
89.7,53.4,11.7,75,1,0,0.21,0,0,0.0,0.0,6.8,11.9,SEC_BTE_GGC,Rajdhani Express,32.3
66.5,164.3,5.7,170,2,2,0.3,2,0,0.0,0.0,3.0,17.6,SEC_KOTA_RATL,Superfast Express,146.0
32.3,24.4,4.6,25,15,0,0.22,0,1,0.3,0.0,4.5,11.5,SEC_MTJ_BTE,Rajdhani Express,52.3
43.4,283.9,9.7,250,13,1,0.23,2,0,0.0,0.0,3.6,3.3,SEC_BRC_MMCT,Rajdhani Express,390.7
96.7,42.2,7.8,65,0,6,0.45,1,0,0.1,0.0,1.1,71.8,SEC_SWM_KOTA,Express,26.9
29.1,124.2,0.9,170,5,1,0.15,1,1,0.3,0.0,3.7,49.6,SEC_KOTA_RATL,Rajdhani Express,260.7
39.0,326.4,4.6,250,16,2,0.13,0,1,0.0,0.0,4.7,5.7,SEC_BRC_MMCT,Rajdhani Express,504.5
53.9,28.4,3.9,25,18,6,0.8,0,0,0.3,0.0,7.7,13.1,SEC_MTJ_BTE,Rajdhani Express,33.7
73.6,27.9,3.8,25,20,2,0.47,0,0,0.0,0.0,1.8,6.5,SEC_MTJ_BTE,Express,25.6
93.6,119.8,11.9,170,11,3,0.45,0,0,0.0,0.0,2.3,1.8,SEC_KOTA_RATL,Express,79.3
114.5,139.9,2.1,250,19,3,0.7,0,0,0.0,0.0,3.1,12.9,SEC_BRC_MMCT,Superfast Express,71.9
28.8,97.2,7.3,170,12,6,0.27,0,1,0.0,0.0,2.4,10.8,SEC_KOTA_RATL,Express,207.3
89.3,4.0,1.2,25,14,3,0.33,1,0,0.0,0.0,4.0,1.5,SEC_MTJ_BTE,Superfast Express,3.0
123.2,182.7,7.5,250,7,3,0.2,0,0,0.0,0.0,7.1,17.1,SEC_BRC_MMCT,Rajdhani Express,83.8
46.2,205.5,14.7,250,22,6,0.44,1,1,0.0,16.1,1.1,4.2,SEC_BRC_MMCT,Rajdhani Express,292.3
97.8,50.2,6.4,165,13,1,0.5,0,0,0.0,0.0,3.4,9.4,SEC_RATL_BRC,Superfast Express,29.7
0.0,130.6,19.0,170,3,1,0.1,2,0,0.0,7.2,1.2,3.4,SEC_KOTA_RATL,Mail Express,109.6
44.0,183.7,7.6,165,14,4,0.42,1,1,0.0,0.0,1.6,3.5,SEC_RATL_BRC,Mail Express,256.1
68.5,33.1,4.6,42,11,2,0.78,0,0,0.1,0.0,7.1,2.6,SEC_GGC_SWM,Rajdhani Express,31.6
39.9,131.4,0.1,250,14,0,0.24,1,1,0.0,0.0,3.2,0.1,SEC_BRC_MMCT,Superfast Express,203.0
99.4,33.8,12.3,42,23,2,0.5,0,0,0.6,0.0,2.9,9.7,SEC_GGC_SWM,Mail Express,22.4
113.6,74.6,1.9,95,23,1,0.2,1,0,0.3,0.0,4.8,7.1,SEC_NDLS_MTJ,Superfast Express,33.4
54.0,55.8,18.4,42,21,3,0.77,1,0,0.3,0.0,1.9,10.5,SEC_GGC_SWM,Express,68.7
59.6,8.5,5.7,25,9,6,0.83,1,0,0.0,0.0,2.7,2.9,SEC_MTJ_BTE,Express,10.0
99.5,60.1,8.2,165,5,3,0.4,1,0,0.0,0.0,1.9,7.4,SEC_RATL_BRC,Mail Express,34.1
93.1,164.9,0.5,165,23,1,0.11,0,0,0.0,0.0,3.7,36.0,SEC_RATL_BRC,Superfast Express,105.0
94.9,76.0,3.0,95,21,0,0.62,0,0,0.0,0.0,2.3,14.6,SEC_NDLS_MTJ,Express,45.5
82.6,21.5,7.7,25,13,6,0.17,0,0,0.0,0.0,1.7,20.0,SEC_MTJ_BTE,Mail Express,15.0
61.2,27.6,0.1,25,5,5,0.5,2,0,0.0,0.0,2.6,0.1,SEC_MTJ_BTE,Express,33.6
41.4,26.8,5.6,25,5,2,0.32,2,0,0.0,0.0,1.5,8.7,SEC_MTJ_BTE,Express,39.5
41.2,45.2,23.3,42,19,3,0.81,1,0,0.1,0.0,1.1,32.3,SEC_GGC_SWM,Rajdhani Express,72.4
116.7,121.4,7.4,165,13,2,0.24,1,0,0.0,0.0,2.4,28.2,SEC_RATL_BRC,Superfast Express,61.3
113.1,210.4,23.5,250,8,3,0.55,1,0,0.0,0.0,1.7,4.7,SEC_BRC_MMCT,Rajdhani Express,114.7
72.4,181.6,1.5,170,17,4,0.73,2,0,0.0,0.0,2.2,1.3,SEC_KOTA_RATL,Mail Express,156.9
23.4,111.3,0.9,165,0,1,0.12,0,1,0.1,0.0,1.1,88.6,SEC_RATL_BRC,Mail Express,272.9
94.6,8.7,20.8,165,0,0,0.34,0,0,0.6,0.0,3.9,15.6,SEC_RATL_BRC,Superfast Express,5.9
96.3,46.8,0.7,65,15,5,0.13,0,0,0.0,0.0,1.0,20.2,SEC_SWM_KOTA,Superfast Express,27.6
82.8,36.1,4.3,42,23,1,0.49,0,0,0.0,0.0,1.3,4.7,SEC_GGC_SWM,Mail Express,28.5
38.5,17.4,12.4,25,18,1,0.47,4,0,0.0,0.9,2.9,17.8,SEC_MTJ_BTE,Express,30.4
99.7,97.2,15.5,75,21,5,0.61,1,0,0.1,0.0,3.4,8.2,SEC_BTE_GGC,Rajdhani Express,59.8
93.4,103.1,0.6,75,1,3,0.24,1,0,0.0,0.0,2.8,13.2,SEC_BTE_GGC,Mail Express,64.1
46.5,222.5,10.3,170,8,0,0.35,2,0,0.0,0.0,3.8,10.8,SEC_KOTA_RATL,Superfast Express,286.7
91.5,135.8,9.1,95,1,3,0.36,1,0,0.0,0.0,1.0,5.6,SEC_NDLS_MTJ,Express,96.8
102.9,58.6,18.7,75,2,4,0.29,1,0,0.0,3.8,4.8,19.1,SEC_BTE_GGC,Rajdhani Express,33.4
20.0,178.9,7.7,250,4,4,0.34,0,1,0.0,0.0,4.5,32.0,SEC_BRC_MMCT,Superfast Express,131.1
94.8,93.7,15.3,75,15,0,0.23,1,0,0.0,3.8,2.5,47.8,SEC_BTE_GGC,Express,64.6
29.9,17.2,4.1,42,2,4,0.24,0,1,0.3,0.0,7.7,3.1,SEC_GGC_SWM,Rajdhani Express,35.9
0.0,30.6,11.2,25,22,4,0.4,1,0,0.1,28.7,1.5,16.9,SEC_MTJ_BTE,Mail Express,57.1
42.3,175.1,43.2,165,15,2,0.12,2,0,0.1,0.0,2.4,2.0,SEC_RATL_BRC,Rajdhani Express,247.0
80.6,360.1,1.3,250,18,3,0.84,1,0,0.0,0.0,1.5,18.3,SEC_BRC_MMCT,Express,277.7
99.9,68.4,17.0,65,19,4,0.56,1,0,0.0,0.0,1.1,12.6,SEC_SWM_KOTA,Mail Express,42.0
103.1,77.4,4.4,95,5,6,0.38,1,0,0.0,0.0,1.4,45.2,SEC_NDLS_MTJ,Express,47.4
39.2,101.8,7.0,75,15,0,0.21,1,1,0.0,0.0,2.9,47.9,SEC_BTE_GGC,Rajdhani Express,164.1
88.8,26.6,1.5,25,17,6,0.6,0,0,0.3,0.0,2.5,21.5,SEC_MTJ_BTE,Express,22.3
100.9,7.7,28.9,165,13,2,0.33,0,0,0.0,12.9,2.2,0.4,SEC_RATL_BRC,Express,15.1
83.1,26.7,20.7,25,0,3,0.27,0,0,0.0,0.0,7.2,3.4,SEC_MTJ_BTE,Rajdhani Express,16.7
19.7,20.1,9.0,25,6,5,0.15,2,1,0.3,0.0,2.8,23.4,SEC_MTJ_BTE,Mail Express,23.4
95.3,236.6,6.1,170,7,0,0.15,0,0,0.0,0.0,1.4,14.5,SEC_KOTA_RATL,Mail Express,145.8
96.5,97.2,12.5,165,3,1,0.26,0,0,0.0,0.0,4.4,13.7,SEC_RATL_BRC,Superfast Express,54.1
95.4,331.6,11.1,250,11,3,0.5,1,0,0.0,0.0,1.0,42.0,SEC_BRC_MMCT,Express,215.1
100.6,81.6,7.5,75,3,3,0.18,0,0,0.3,0.0,1.9,5.1,SEC_BTE_GGC,Mail Express,49.6
114.1,52.4,0.0,65,6,3,0.23,1,0,0.0,0.0,2.0,11.6,SEC_SWM_KOTA,Mail Express,27.5
55.5,17.3,20.2,25,18,6,0.37,2,0,0.0,0.0,1.6,21.2,SEC_MTJ_BTE,Rajdhani Express,20.8
0.0,52.1,11.6,42,12,4,0.37,0,0,0.0,15.2,3.0,0.0,SEC_GGC_SWM,Rajdhani Express,53.8
116.7,69.4,11.8,75,3,6,0.15,0,0,0.1,0.0,2.3,26.0,SEC_BTE_GGC,Rajdhani Express,36.6
34.2,28.0,3.3,42,15,0,0.36,3,1,0.1,0.0,2.1,8.4,SEC_GGC_SWM,Rajdhani Express,55.2
93.7,182.7,6.4,165,11,1,0.62,0,0,0.0,0.0,1.6,0.5,SEC_RATL_BRC,Mail Express,120.9
117.8,63.2,15.4,75,12,1,0.36,0,0,0.0,0.0,7.1,12.3,SEC_BTE_GGC,Rajdhani Express,29.8
39.0,35.2,9.0,42,3,6,0.35,3,1,0.6,0.0,2.5,20.0,SEC_GGC_SWM,Mail Express,63.9
99.0,16.5,4.5,42,15,4,0.34,0,0,0.3,0.0,7.4,20.2,SEC_GGC_SWM,Rajdhani Express,11.1
85.8,153.5,36.0,170,18,0,0.53,1,0,0.0,0.0,3.0,0.2,SEC_KOTA_RATL,Express,109.0
45.3,117.8,1.1,95,22,4,0.15,2,0,0.0,0.0,3.0,5.8,SEC_NDLS_MTJ,Express,154.3
73.2,79.3,23.0,95,15,5,0.2,3,0,0.0,0.0,1.5,13.3,SEC_NDLS_MTJ,Superfast Express,65.9
24.9,92.1,0.6,75,23,2,0.18,1,1,0.0,0.0,1.4,14.1,SEC_BTE_GGC,Express,228.9
84.0,148.8,5.4,170,16,1,0.39,1,0,0.1,0.0,2.5,1.7,SEC_KOTA_RATL,Express,105.6
89.0,222.8,0.5,170,7,5,0.21,1,0,0.0,0.0,2.0,1.9,SEC_KOTA_RATL,Mail Express,151.1
24.6,4.9,10.8,25,15,6,0.13,1,1,0.0,0.8,4.3,11.8,SEC_MTJ_BTE,Superfast Express,12.9
109.8,40.2,0.8,65,19,5,0.65,0,0,0.9,0.0,3.6,26.6,SEC_SWM_KOTA,Superfast Express,23.7
92.5,75.8,2.6,75,10,6,0.53,0,0,0.6,0.0,1.6,37.9,SEC_BTE_GGC,Superfast Express,55.3
93.2,173.2,1.1,170,14,6,0.29,0,0,0.0,0.0,5.3,1.5,SEC_KOTA_RATL,Rajdhani Express,107.5
115.1,88.3,8.7,65,19,5,0.56,1,0,0.0,0.0,7.5,27.3,SEC_SWM_KOTA,Rajdhani Express,44.8
43.1,37.8,11.1,75,17,0,0.4,1,1,0.0,0.0,1.9,20.6,SEC_BTE_GGC,Express,61.8
98.1,83.2,46.5,65,13,1,0.36,1,0,0.0,0.0,1.2,9.1,SEC_SWM_KOTA,Mail Express,53.1
91.2,6.2,6.4,25,22,1,0.31,0,0,0.0,0.0,1.1,8.7,SEC_MTJ_BTE,Superfast Express,3.0
100.9,136.0,8.9,165,3,5,0.32,0,0,0.3,0.0,5.2,2.2,SEC_RATL_BRC,Rajdhani Express,76.4
107.9,120.7,3.8,165,18,4,0.52,0,0,0.0,0.0,3.4,16.6,SEC_RATL_BRC,Superfast Express,66.8
30.9,20.0,6.1,65,8,0,0.73,0,1,0.0,0.0,1.4,47.0,SEC_SWM_KOTA,Express,44.5
98.1,42.6,3.2,42,10,1,0.67,0,0,0.0,0.0,1.5,9.2,SEC_GGC_SWM,Express,28.4
87.7,13.0,4.1,25,12,1,0.39,0,0,0.0,0.0,1.1,12.1,SEC_MTJ_BTE,Express,10.4
102.6,82.6,2.7,95,0,6,0.4,0,0,0.0,0.0,4.5,1.8,SEC_NDLS_MTJ,Superfast Express,48.2
95.0,68.5,6.6,250,16,5,0.47,1,0,0.0,0.0,1.9,18.1,SEC_BRC_MMCT,Mail Express,43.8
55.2,131.2,4.0,170,20,4,0.76,1,0,0.0,0.0,2.3,32.9,SEC_KOTA_RATL,Rajdhani Express,149.7
0.0,158.2,10.4,165,11,6,0.83,1,1,0.0,49.8,2.8,1.8,SEC_RATL_BRC,Express,178.5
99.8,73.4,13.6,250,20,2,0.58,0,0,0.1,0.0,1.0,30.5,SEC_BRC_MMCT,Superfast Express,45.6
96.3,83.8,11.0,95,22,0,0.38,1,0,0.1,0.0,3.5,2.7,SEC_NDLS_MTJ,Superfast Express,53.0
52.2,125.3,1.7,250,20,6,0.72,1,0,0.0,0.0,1.2,17.3,SEC_BRC_MMCT,Mail Express,145.7
47.8,10.6,11.0,42,20,6,0.51,1,1,0.0,0.0,1.9,105.5,SEC_GGC_SWM,Express,18.2
85.0,31.0,1.1,25,12,4,0.23,0,0,0.0,0.0,2.9,3.6,SEC_MTJ_BTE,Mail Express,18.3
22.6,24.0,15.4,25,6,1,0.43,1,1,0.6,8.0,1.5,5.3,SEC_MTJ_BTE,Rajdhani Express,76.7
113.2,250.3,19.7,250,13,3,0.42,1,0,0.0,0.0,1.1,9.7,SEC_BRC_MMCT,Superfast Express,131.7
31.3,70.5,0.7,95,22,1,0.26,0,1,0.3,0.0,2.8,7.0,SEC_NDLS_MTJ,Mail Express,140.1
87.5,29.2,5.0,25,21,1,0.37,1,0,0.3,0.0,1.5,17.5,SEC_MTJ_BTE,Mail Express,22.3
104.6,46.0,12.3,65,22,1,0.47,0,0,0.0,0.0,3.5,7.2,SEC_SWM_KOTA,Rajdhani Express,22.8
114.9,43.6,9.0,65,20,1,0.59,0,0,0.0,0.0,2.9,21.5,SEC_SWM_KOTA,Superfast Express,20.1
101.9,49.7,6.5,75,3,5,0.31,1,0,0.0,0.0,2.5,23.3,SEC_BTE_GGC,Express,29.6
100.6,36.1,0.2,42,13,5,0.24,1,0,0.0,0.0,7.5,28.5,SEC_GGC_SWM,Rajdhani Express,22.7
58.8,21.7,1.4,42,23,1,0.43,2,0,0.0,0.0,3.4,2.5,SEC_GGC_SWM,Superfast Express,23.0
93.3,167.9,2.2,165,9,0,0.35,0,0,0.6,0.0,1.6,7.6,SEC_RATL_BRC,Express,114.6
28.9,12.0,4.0,25,20,6,0.54,1,1,0.9,0.0,6.9,3.7,SEC_MTJ_BTE,Rajdhani Express,30.0
52.3,62.1,9.1,65,8,1,0.42,4,0,0.0,0.0,2.4,3.7,SEC_SWM_KOTA,Express,70.9
26.9,23.8,15.3,65,4,5,0.28,0,1,0.0,0.0,1.6,15.0,SEC_SWM_KOTA,Express,57.3
73.4,29.7,10.1,95,22,2,0.27,4,0,0.0,5.4,1.1,67.1,SEC_NDLS_MTJ,Superfast Express,29.5
98.0,12.3,1.4,42,0,5,0.33,0,0,0.0,0.0,2.6,20.9,SEC_GGC_SWM,Express,10.4
105.7,38.4,2.1,65,13,2,0.47,1,0,0.0,0.0,1.7,6.8,SEC_SWM_KOTA,Mail Express,22.9
48.7,24.5,1.5,25,21,5,0.67,2,0,0.6,0.0,5.7,6.8,SEC_MTJ_BTE,Rajdhani Express,41.3
42.5,114.6,24.4,165,10,3,0.59,1,1,0.0,0.0,2.9,27.0,SEC_RATL_BRC,Rajdhani Express,167.3
95.4,33.2,4.5,65,19,6,0.41,0,0,0.1,0.0,4.1,1.3,SEC_SWM_KOTA,Rajdhani Express,24.2
78.8,76.5,8.4,65,9,3,0.56,2,0,0.0,0.0,3.6,7.1,SEC_SWM_KOTA,Rajdhani Express,61.3
91.1,214.0,2.4,170,19,4,0.43,0,0,0.0,0.0,1.6,22.3,SEC_KOTA_RATL,Superfast Express,144.5
89.3,21.1,4.3,25,14,0,0.48,1,0,0.0,0.0,4.3,11.7,SEC_MTJ_BTE,Superfast Express,16.1
101.0,128.9,11.3,170,20,1,0.55,0,0,0.9,0.0,2.8,30.8,SEC_KOTA_RATL,Express,77.7
32.3,64.5,0.2,65,2,5,0.5,1,1,0.0,0.0,2.6,5.7,SEC_SWM_KOTA,Express,129.0
109.0,123.9,8.7,95,12,6,0.22,1,0,0.0,0.0,2.3,18.2,SEC_NDLS_MTJ,Superfast Express,67.7
89.8,27.1,0.5,25,0,5,0.37,0,0,0.0,0.0,4.7,18.8,SEC_MTJ_BTE,Rajdhani Express,17.3
28.6,26.5,3.4,42,12,2,0.23,0,1,0.0,0.0,1.6,15.7,SEC_GGC_SWM,Express,62.6
38.9,68.7,3.3,65,23,4,0.45,3,1,0.1,0.0,2.6,0.7,SEC_SWM_KOTA,Superfast Express,114.3
60.7,101.9,3.2,75,20,1,0.76,0,0,0.0,0.0,1.9,12.9,SEC_BTE_GGC,Rajdhani Express,103.9
97.9,34.4,9.0,42,12,5,0.36,1,0,0.0,0.0,1.3,23.0,SEC_GGC_SWM,Mail Express,22.8
83.0,73.0,22.5,165,18,5,0.61,1,0,0.0,15.0,2.0,0.1,SEC_RATL_BRC,Mail Express,65.9
106.2,214.4,1.5,165,5,4,0.48,0,0,0.0,0.0,2.1,8.2,SEC_RATL_BRC,Superfast Express,123.1
100.1,21.1,3.5,170,7,4,0.14,0,0,0.0,0.0,4.4,0.7,SEC_KOTA_RATL,Superfast Express,11.0
59.4,52.5,1.5,165,18,2,0.74,0,0,0.6,0.0,1.8,20.8,SEC_RATL_BRC,Rajdhani Express,56.4
35.5,25.9,0.7,25,20,6,0.77,1,1,0.0,0.0,7.9,14.5,SEC_MTJ_BTE,Rajdhani Express,48.8
77.3,31.3,11.7,42,19,6,0.78,2,0,0.0,0.0,6.0,3.0,SEC_GGC_SWM,Rajdhani Express,29.0
39.4,56.8,0.8,42,4,2,0.39,1,1,0.0,0.0,2.9,39.1,SEC_GGC_SWM,Express,91.5
93.6,101.3,0.1,75,0,3,0.26,0,0,0.0,0.0,1.1,0.5,SEC_BTE_GGC,Express,64.6
105.1,96.2,3.9,165,16,5,0.43,1,0,0.0,0.0,3.0,19.7,SEC_RATL_BRC,Superfast Express,53.4
96.5,26.2,10.4,42,13,1,0.19,0,0,0.1,0.0,1.3,11.8,SEC_GGC_SWM,Express,15.8
43.0,44.1,0.1,42,21,4,0.81,0,0,0.0,0.0,2.0,12.1,SEC_GGC_SWM,Express,63.3
91.6,21.3,2.6,42,8,1,0.65,1,0,0.0,0.0,2.2,10.4,SEC_GGC_SWM,Superfast Express,13.3
80.3,60.2,16.4,250,3,5,0.3,3,0,0.0,0.0,1.9,1.2,SEC_BRC_MMCT,Express,44.6
70.2,171.1,7.5,165,19,2,0.77,2,0,0.0,0.0,1.3,24.2,SEC_RATL_BRC,Mail Express,151.0
47.7,26.0,8.5,95,11,6,0.81,1,0,0.0,0.0,1.6,4.5,SEC_NDLS_MTJ,Mail Express,31.2
74.2,103.6,5.5,65,9,1,0.56,2,0,0.3,0.0,4.9,12.2,SEC_SWM_KOTA,Superfast Express,86.9
89.7,81.9,6.9,75,19,1,0.69,1,0,0.1,0.0,2.8,13.3,SEC_BTE_GGC,Mail Express,59.1
71.1,188.4,10.1,170,0,3,0.15,2,0,0.0,0.0,2.2,26.7,SEC_KOTA_RATL,Express,159.2
110.4,40.5,14.7,65,10,6,0.47,0,0,0.0,0.0,4.6,3.0,SEC_SWM_KOTA,Superfast Express,23.2
93.3,50.8,7.6,95,5,6,0.21,1,0,0.0,0.0,1.1,15.4,SEC_NDLS_MTJ,Express,32.8
38.3,111.2,4.6,170,15,6,0.38,0,1,0.0,0.0,1.8,34.1,SEC_KOTA_RATL,Express,181.7
83.7,93.0,13.0,95,18,3,0.7,1,0,0.0,0.0,3.5,18.3,SEC_NDLS_MTJ,Superfast Express,70.2
20.0,114.4,10.8,165,10,1,0.51,1,1,0.0,16.9,2.2,0.6,SEC_RATL_BRC,Express,112.6
24.7,28.2,0.0,170,15,3,0.27,0,1,0.0,0.0,7.7,29.3,SEC_KOTA_RATL,Rajdhani Express,68.7
47.3,191.9,15.4,170,8,3,0.42,1,1,0.1,2.5,3.0,4.3,SEC_KOTA_RATL,Rajdhani Express,252.8
76.0,20.4,6.4,25,0,0,0.24,0,0,0.0,0.0,2.4,0.1,SEC_MTJ_BTE,Superfast Express,16.8
96.3,119.0,32.1,170,4,4,0.25,0,0,0.0,0.0,1.8,6.1,SEC_KOTA_RATL,Express,71.5
82.1,240.3,5.1,250,8,2,0.48,4,0,0.3,0.0,4.8,49.7,SEC_BRC_MMCT,Superfast Express,181.9
62.3,156.5,7.1,165,16,3,0.47,4,0,0.0,0.0,1.8,4.7,SEC_RATL_BRC,Mail Express,158.0
75.7,44.1,13.9,165,18,4,0.6,2,0,0.0,1.1,1.6,15.8,SEC_RATL_BRC,Mail Express,39.0
108.8,75.3,9.9,65,0,3,0.18,0,0,0.0,0.0,1.2,5.6,SEC_SWM_KOTA,Mail Express,39.9
91.6,26.1,14.4,25,22,6,0.13,0,0,0.0,0.0,1.3,10.4,SEC_MTJ_BTE,Mail Express,18.3
91.7,55.1,23.7,95,18,0,0.38,1,0,0.0,0.0,1.2,5.7,SEC_NDLS_MTJ,Mail Express,37.0
60.9,10.9,3.0,25,19,3,0.65,3,0,0.0,0.0,2.6,4.5,SEC_MTJ_BTE,Express,14.4
0.0,14.6,10.0,25,0,6,0.33,1,0,0.0,6.5,1.4,0.4,SEC_MTJ_BTE,Rajdhani Express,16.5
90.5,21.1,7.9,42,22,3,0.12,0,0,0.1,0.0,2.6,3.4,SEC_GGC_SWM,Express,10.3
54.6,21.2,8.6,25,12,3,0.12,4,0,0.0,0.0,1.7,3.6,SEC_MTJ_BTE,Express,24.9
82.5,219.2,5.9,170,13,5,0.12,0,0,0.0,0.0,1.7,1.8,SEC_KOTA_RATL,Mail Express,157.7
103.4,63.6,1.2,170,20,2,0.41,1,0,0.1,0.0,7.8,1.8,SEC_KOTA_RATL,Rajdhani Express,35.2
89.5,17.7,11.2,25,0,5,0.31,0,0,0.0,0.0,2.9,19.5,SEC_MTJ_BTE,Mail Express,13.1
40.9,18.8,6.1,25,15,5,0.23,0,1,0.6,0.0,2.8,39.1,SEC_MTJ_BTE,Mail Express,34.8
25.3,85.2,5.7,65,18,5,0.68,1,1,0.6,0.0,2.7,12.2,SEC_SWM_KOTA,Express,215.9
45.8,37.8,10.1,75,9,5,0.76,1,0,0.3,0.0,1.8,22.7,SEC_BTE_GGC,Superfast Express,51.0
38.6,37.5,9.0,42,19,5,0.75,0,0,0.0,0.0,1.9,8.5,SEC_GGC_SWM,Express,60.3
92.7,181.3,10.9,165,0,2,0.29,0,0,0.3,0.0,1.8,10.3,SEC_RATL_BRC,Express,120.6
114.0,189.0,16.4,170,20,2,0.51,0,0,0.6,0.0,4.1,41.4,SEC_KOTA_RATL,Rajdhani Express,104.0
80.0,203.3,1.6,165,22,4,0.42,3,0,0.0,0.0,1.1,45.0,SEC_RATL_BRC,Mail Express,161.7
92.6,33.2,10.5,42,10,2,0.53,1,0,0.0,0.0,2.0,23.8,SEC_GGC_SWM,Mail Express,24.3
100.8,38.8,1.0,95,22,5,0.4,1,0,0.0,0.0,4.7,10.6,SEC_NDLS_MTJ,Superfast Express,21.5
60.6,34.1,1.7,65,17,3,0.68,3,0,0.0,0.0,1.6,7.0,SEC_SWM_KOTA,Superfast Express,38.3
92.1,18.3,20.1,25,22,4,0.49,1,0,0.3,0.0,2.1,17.7,SEC_MTJ_BTE,Mail Express,13.8
92.7,48.7,5.5,75,14,0,0.35,1,0,0.0,0.0,1.6,3.0,SEC_BTE_GGC,Express,30.9
86.7,69.4,9.6,65,4,2,0.35,1,0,0.0,0.0,6.4,24.7,SEC_SWM_KOTA,Rajdhani Express,47.0
31.4,94.5,2.4,95,17,2,0.74,1,1,0.0,0.0,2.8,1.3,SEC_NDLS_MTJ,Superfast Express,191.7
98.7,302.6,16.6,250,23,1,0.35,0,0,0.0,0.0,1.7,4.8,SEC_BRC_MMCT,Mail Express,183.2
97.8,145.3,1.7,165,16,6,0.13,1,0,0.3,0.0,2.5,26.9,SEC_RATL_BRC,Express,89.2
79.7,5.6,20.5,25,7,4,0.23,1,0,0.0,1.9,1.2,48.8,SEC_MTJ_BTE,Mail Express,5.7
101.6,60.8,22.6,65,23,3,0.13,0,0,0.0,0.0,4.6,41.5,SEC_SWM_KOTA,Superfast Express,30.2
66.7,113.3,0.8,95,6,2,0.14,2,0,0.0,0.0,2.2,4.6,SEC_NDLS_MTJ,Mail Express,102.1
116.5,28.6,1.3,170,0,5,0.32,0,0,0.1,0.0,1.8,11.3,SEC_KOTA_RATL,Superfast Express,10.6
39.3,29.6,14.3,25,2,6,0.49,3,1,0.3,0.0,5.5,1.8,SEC_MTJ_BTE,Rajdhani Express,57.5
65.5,91.2,5.4,75,17,4,0.47,2,0,0.0,0.0,1.4,31.9,SEC_BTE_GGC,Mail Express,86.4
29.3,219.2,3.1,165,2,6,0.49,3,1,0.0,0.0,2.9,44.0,SEC_RATL_BRC,Express,460.3
87.0,22.7,4.1,42,9,5,0.63,0,0,0.0,0.0,1.1,26.5,SEC_GGC_SWM,Rajdhani Express,18.5
89.6,156.5,4.0,170,22,3,0.13,0,0,0.0,0.0,4.0,4.1,SEC_KOTA_RATL,Superfast Express,97.5
103.2,169.6,4.9,250,16,3,0.48,0,0,0.0,0.0,1.6,51.7,SEC_BRC_MMCT,Express,98.4
130.0,245.5,23.5,250,6,3,0.26,0,0,0.0,0.0,1.0,22.3,SEC_BRC_MMCT,Rajdhani Express,117.7
88.3,150.8,1.5,170,4,0,0.35,1,0,0.1,0.0,1.7,36.2,SEC_KOTA_RATL,Mail Express,106.8
16.8,30.8,2.8,42,6,2,0.41,1,1,0.0,0.0,2.5,6.0,SEC_GGC_SWM,Mail Express,31.8
99.5,17.1,3.7,65,6,5,0.27,1,0,0.0,0.0,2.0,11.4,SEC_SWM_KOTA,Express,9.9
0.0,59.3,14.7,65,16,6,0.49,2,0,0.0,19.9,2.7,2.8,SEC_SWM_KOTA,Mail Express,64.4
40.3,153.1,5.3,165,7,0,0.36,0,1,0.0,0.0,2.2,4.9,SEC_RATL_BRC,Superfast Express,231.8
94.9,27.4,4.0,25,6,1,0.35,1,0,0.0,0.0,1.5,0.5,SEC_MTJ_BTE,Superfast Express,16.6
55.4,40.1,2.3,170,21,3,0.55,4,0,0.1,0.0,2.3,25.6,SEC_KOTA_RATL,Mail Express,43.3
63.1,5.4,23.8,25,22,6,0.16,3,0,0.6,0.0,1.9,17.7,SEC_MTJ_BTE,Mail Express,6.4
103.8,128.2,2.1,95,7,6,0.45,0,0,0.0,0.0,1.8,5.8,SEC_NDLS_MTJ,Mail Express,75.5
85.6,22.8,0.1,25,9,2,0.45,1,0,0.0,0.0,2.2,17.9,SEC_MTJ_BTE,Mail Express,13.5
41.6,177.8,9.1,170,14,3,0.18,4,0,0.0,0.0,1.7,8.0,SEC_KOTA_RATL,Mail Express,257.4
94.3,53.3,22.3,75,4,3,0.48,0,0,0.0,0.0,1.6,18.6,SEC_BTE_GGC,Mail Express,35.1
91.2,26.6,13.7,42,14,4,0.33,1,0,0.0,1.8,2.5,7.0,SEC_GGC_SWM,Mail Express,15.7
88.9,83.9,0.5,170,16,4,0.33,1,0,0.9,0.0,3.8,3.3,SEC_KOTA_RATL,Rajdhani Express,57.2
94.4,148.9,5.9,250,8,6,0.55,0,0,0.0,0.0,1.2,37.4,SEC_BRC_MMCT,Mail Express,97.4
95.1,235.9,2.4,250,19,2,0.6,0,0,0.6,0.0,2.4,1.1,SEC_BRC_MMCT,Express,153.5
107.8,98.8,4.2,65,9,6,0.6,1,0,0.6,0.0,4.5,23.0,SEC_SWM_KOTA,Superfast Express,64.2
92.3,23.0,0.1,170,18,2,0.62,1,0,0.1,0.0,4.8,13.2,SEC_KOTA_RATL,Superfast Express,13.6
83.2,24.7,18.1,42,23,3,0.2,0,0,0.0,0.0,1.9,18.5,SEC_GGC_SWM,Mail Express,17.3
49.4,94.9,4.2,65,7,3,0.28,2,0,0.3,0.0,1.4,21.5,SEC_SWM_KOTA,Rajdhani Express,123.1
91.5,130.3,43.5,165,13,4,0.21,0,0,0.3,0.0,2.8,7.0,SEC_RATL_BRC,Mail Express,83.4
90.8,238.1,13.3,250,0,2,0.19,0,0,0.3,0.0,2.5,5.3,SEC_BRC_MMCT,Express,153.1
104.5,83.9,13.7,75,15,3,0.16,1,0,0.0,5.7,3.4,8.5,SEC_BTE_GGC,Rajdhani Express,51.0
88.2,175.3,0.6,250,2,2,0.44,0,0,0.9,0.0,2.6,15.2,SEC_BRC_MMCT,Express,122.1
30.2,185.6,23.7,250,6,2,0.26,1,1,0.0,0.0,1.5,9.9,SEC_BRC_MMCT,Express,377.2
103.1,16.3,12.2,25,10,6,0.35,0,0,0.0,0.0,2.9,2.5,SEC_MTJ_BTE,Rajdhani Express,9.8
0.0,231.7,21.3,250,20,6,0.83,0,0,0.0,0.5,4.6,35.0,SEC_BRC_MMCT,Superfast Express,166.3
46.4,47.6,0.5,42,19,4,0.81,1,0,0.0,0.0,1.6,42.3,SEC_GGC_SWM,Rajdhani Express,65.0
63.1,54.5,4.9,95,20,5,0.77,0,0,0.0,0.0,6.0,5.8,SEC_NDLS_MTJ,Rajdhani Express,46.6
94.0,97.6,24.8,95,23,0,0.12,0,0,0.1,12.3,2.5,40.8,SEC_NDLS_MTJ,Express,70.9
93.9,186.7,18.3,165,12,2,0.47,1,0,0.0,0.0,1.9,7.6,SEC_RATL_BRC,Express,124.4
96.7,48.5,5.0,75,23,2,0.46,0,0,0.9,0.0,2.5,1.0,SEC_BTE_GGC,Superfast Express,33.6
102.5,35.1,8.6,65,7,4,0.4,0,0,0.6,0.0,1.2,0.1,SEC_SWM_KOTA,Express,21.4
35.0,114.7,2.2,170,11,1,0.83,0,1,0.1,0.0,2.4,18.0,SEC_KOTA_RATL,Mail Express,202.3
66.0,87.1,11.8,170,6,6,0.43,2,0,0.0,0.0,1.1,28.0,SEC_KOTA_RATL,Superfast Express,79.9
91.0,30.5,6.2,75,13,0,0.2,1,0,0.1,0.0,1.1,7.0,SEC_BTE_GGC,Mail Express,18.6
40.8,16.9,9.3,95,8,3,0.65,1,1,0.1,0.0,4.7,4.1,SEC_NDLS_MTJ,Rajdhani Express,29.0
105.2,81.2,6.1,95,2,0,0.12,0,0,0.0,0.0,8.0,34.0,SEC_NDLS_MTJ,Rajdhani Express,38.5
81.5,38.8,10.1,42,18,6,0.61,1,0,0.0,0.0,1.6,3.3,SEC_GGC_SWM,Express,30.4
30.7,243.7,20.9,170,2,0,0.37,0,1,0.0,0.0,2.4,11.1,SEC_KOTA_RATL,Mail Express,480.2
88.1,167.9,2.2,165,2,0,0.36,1,0,0.3,0.0,2.7,0.5,SEC_RATL_BRC,Express,115.5
78.9,4.5,2.1,25,16,1,0.15,0,0,0.3,0.0,3.0,16.6,SEC_MTJ_BTE,Express,3.0
30.2,88.6,4.4,250,12,3,0.43,0,1,0.0,0.0,2.8,2.1,SEC_BRC_MMCT,Express,180.8
82.2,10.5,2.6,25,23,2,0.28,1,0,0.0,0.0,1.7,16.6,SEC_MTJ_BTE,Express,4.8
96.1,335.4,12.9,250,13,0,0.27,0,0,0.9,0.0,1.2,15.4,SEC_BRC_MMCT,Mail Express,219.4
63.9,48.2,13.0,165,21,0,0.84,0,0,0.0,0.0,2.7,15.7,SEC_RATL_BRC,Mail Express,44.1
104.2,64.3,2.4,65,23,4,0.31,0,0,0.0,0.0,1.3,12.6,SEC_SWM_KOTA,Mail Express,38.7
0.0,44.2,11.7,165,21,5,0.72,1,1,0.0,9.9,1.4,22.3,SEC_RATL_BRC,Mail Express,47.7
92.8,70.9,8.1,165,22,4,0.13,0,0,0.0,0.0,4.5,0.1,SEC_RATL_BRC,Superfast Express,43.1
24.7,85.6,0.9,95,22,1,0.13,2,1,0.6,0.0,2.0,1.9,SEC_NDLS_MTJ,Express,216.9
86.5,190.8,3.8,170,10,4,0.5,0,0,0.0,0.0,2.4,32.3,SEC_KOTA_RATL,Mail Express,130.4
41.5,92.9,22.8,170,16,5,0.22,1,1,0.0,0.0,4.9,18.2,SEC_KOTA_RATL,Rajdhani Express,133.8
72.9,11.9,5.3,25,22,1,0.47,0,0,0.1,0.0,2.5,0.5,SEC_MTJ_BTE,Express,9.6
30.4,37.3,3.5,42,0,5,0.18,0,1,0.0,0.0,1.9,9.8,SEC_GGC_SWM,Superfast Express,79.0
101.1,73.9,15.4,75,15,3,0.24,1,0,0.1,0.0,2.1,0.1,SEC_BTE_GGC,Superfast Express,43.5
36.9,53.8,6.0,65,10,2,0.8,1,1,0.1,0.0,2.1,5.7,SEC_SWM_KOTA,Rajdhani Express,94.1
113.1,51.9,11.9,250,19,4,0.56,0,0,0.0,0.0,4.4,4.3,SEC_BRC_MMCT,Superfast Express,26.1
100.9,146.9,6.4,165,4,0,0.13,0,0,0.1,0.0,4.4,29.1,SEC_RATL_BRC,Superfast Express,86.2
80.4,56.5,3.2,65,11,0,0.47,2,0,0.0,0.0,1.5,13.5,SEC_SWM_KOTA,Rajdhani Express,44.4
47.5,48.0,9.3,42,17,3,0.79,3,0,0.0,0.0,6.3,6.8,SEC_GGC_SWM,Rajdhani Express,67.4
54.6,63.8,1.8,165,9,3,0.73,1,0,0.3,0.0,4.0,4.8,SEC_RATL_BRC,Rajdhani Express,69.9
89.8,39.6,3.5,65,7,1,0.46,0,0,0.0,0.0,1.6,34.5,SEC_SWM_KOTA,Mail Express,24.2
35.5,14.3,5.4,25,14,5,0.11,2,0,0.0,0.0,1.1,2.9,SEC_MTJ_BTE,Express,21.8
65.4,94.0,3.2,170,8,3,0.77,0,0,0.0,0.0,1.7,7.8,SEC_KOTA_RATL,Superfast Express,88.1
114.5,30.3,0.4,65,4,0,0.2,1,0,0.0,0.0,2.0,39.7,SEC_SWM_KOTA,Express,14.3
49.5,32.6,0.8,42,19,2,0.52,3,0,0.6,0.0,2.3,8.5,SEC_GGC_SWM,Express,45.2
30.2,12.5,19.0,65,0,5,0.21,0,1,0.0,3.7,1.1,10.9,SEC_SWM_KOTA,Rajdhani Express,33.9
95.7,57.0,0.7,75,16,3,0.19,0,0,0.3,0.0,1.7,8.1,SEC_BTE_GGC,Superfast Express,35.9
61.8,55.6,28.9,42,2,4,0.39,3,0,0.0,0.0,2.8,0.6,SEC_GGC_SWM,Express,55.6
37.0,136.6,6.1,165,9,6,0.81,1,0,0.0,0.0,2.9,9.5,SEC_RATL_BRC,Mail Express,221.6
77.2,141.2,0.8,250,9,0,0.55,2,0,0.0,0.0,2.9,3.4,SEC_BRC_MMCT,Mail Express,109.9
88.3,28.3,1.1,42,6,2,0.16,1,0,0.0,0.0,6.3,4.5,SEC_GGC_SWM,Rajdhani Express,19.9
88.8,27.5,5.3,25,0,1,0.11,0,0,0.0,0.0,1.9,8.0,SEC_MTJ_BTE,Superfast Express,18.1
27.8,95.5,32.5,170,6,2,0.28,2,1,0.3,28.8,2.9,4.3,SEC_KOTA_RATL,Express,237.3
55.5,209.1,17.6,165,17,6,0.54,4,0,0.0,0.0,1.4,7.0,SEC_RATL_BRC,Express,234.8
84.8,11.3,1.5,25,6,4,0.49,1,0,0.3,0.0,2.4,25.6,SEC_MTJ_BTE,Express,10.4
100.3,156.9,2.0,170,22,0,0.44,0,0,0.0,0.0,4.2,29.9,SEC_KOTA_RATL,Superfast Express,93.3
97.5,179.1,3.9,250,10,4,0.45,1,0,0.0,0.0,2.6,26.5,SEC_BRC_MMCT,Express,112.6
102.2,102.3,6.0,95,22,5,0.15,1,0,0.1,0.0,1.7,15.9,SEC_NDLS_MTJ,Express,58.4
94.9,13.9,13.4,25,17,3,0.37,1,0,0.0,0.0,4.2,19.8,SEC_MTJ_BTE,Superfast Express,9.2
91.6,139.1,1.7,170,16,6,0.4,0,0,0.0,0.0,2.6,1.4,SEC_KOTA_RATL,Express,90.7
0.0,24.3,13.5,25,14,2,0.37,2,0,0.0,21.9,1.3,10.9,SEC_MTJ_BTE,Mail Express,46.8
98.8,30.6,22.1,75,17,1,0.54,1,0,0.3,4.7,4.0,16.6,SEC_BTE_GGC,Superfast Express,22.6
88.3,17.6,1.3,25,9,4,0.6,0,0,0.0,0.0,2.5,16.7,SEC_MTJ_BTE,Superfast Express,14.8
0.0,14.4,25.1,25,23,0,0.47,0,0,0.0,3.8,4.8,8.0,SEC_MTJ_BTE,Rajdhani Express,14.8
96.4,16.4,18.7,42,8,6,0.36,1,0,0.0,0.5,7.5,5.5,SEC_GGC_SWM,Rajdhani Express,11.9
100.2,59.8,6.2,165,8,1,0.42,0,0,0.0,0.0,1.8,3.8,SEC_RATL_BRC,Superfast Express,33.0
0.0,39.0,19.1,75,5,0,0.36,2,0,0.1,30.5,2.5,6.1,SEC_BTE_GGC,Express,60.3
88.7,104.6,18.9,170,23,6,0.33,0,0,0.3,0.0,1.8,6.9,SEC_KOTA_RATL,Mail Express,67.4
107.5,54.8,4.7,42,18,5,0.59,0,0,0.6,0.0,6.3,11.0,SEC_GGC_SWM,Rajdhani Express,35.9
28.8,13.1,2.6,25,2,4,0.3,2,1,0.0,0.0,2.7,6.3,SEC_MTJ_BTE,Superfast Express,33.3
77.6,130.0,3.4,170,15,1,0.21,3,0,0.0,0.0,2.4,5.2,SEC_KOTA_RATL,Superfast Express,98.9
73.6,54.7,21.8,65,2,2,0.37,2,0,0.0,0.0,6.3,17.4,SEC_SWM_KOTA,Rajdhani Express,39.2
111.1,133.7,8.1,165,6,1,0.16,0,0,0.0,0.0,7.9,15.9,SEC_RATL_BRC,Rajdhani Express,65.8
85.4,21.5,20.0,25,20,2,0.43,0,0,0.0,0.0,1.3,0.5,SEC_MTJ_BTE,Express,17.2
66.0,227.8,15.3,170,1,0,0.42,3,0,0.0,0.0,3.4,29.6,SEC_KOTA_RATL,Superfast Express,209.4
92.2,171.8,17.2,170,1,1,0.42,0,0,0.0,0.0,4.7,12.2,SEC_KOTA_RATL,Superfast Express,109.2
74.1,68.9,17.4,95,9,0,0.81,0,0,0.0,0.0,1.6,62.0,SEC_NDLS_MTJ,Express,56.2
98.6,258.3,9.7,250,17,0,0.42,1,0,0.0,0.0,1.2,12.2,SEC_BRC_MMCT,Mail Express,162.3
64.0,27.8,3.7,25,19,5,0.8,0,0,0.0,0.0,2.9,11.2,SEC_MTJ_BTE,Rajdhani Express,28.9
95.3,73.8,11.8,165,19,4,0.46,1,0,0.9,0.0,1.9,2.0,SEC_RATL_BRC,Express,48.3
96.2,71.0,5.7,65,10,3,0.78,0,0,0.0,0.0,1.9,0.9,SEC_SWM_KOTA,Express,47.3
84.1,105.3,0.8,165,7,5,0.15,3,0,0.0,0.0,1.4,1.1,SEC_RATL_BRC,Mail Express,77.8
41.4,32.8,0.8,65,9,0,0.83,0,0,0.0,0.0,2.2,16.0,SEC_SWM_KOTA,Express,44.6
117.4,45.2,1.6,75,4,3,0.38,0,0,0.0,0.0,7.3,44.7,SEC_BTE_GGC,Rajdhani Express,20.6
23.1,15.1,5.5,65,4,0,0.32,2,1,0.0,0.0,1.8,4.0,SEC_SWM_KOTA,Express,41.6
39.8,96.1,5.6,165,21,0,0.59,0,1,0.0,0.0,2.6,35.3,SEC_RATL_BRC,Express,149.3
46.6,18.5,20.2,25,13,0,0.13,2,0,0.0,8.1,5.5,24.1,SEC_MTJ_BTE,Rajdhani Express,34.0
0.0,60.3,15.9,165,22,4,0.47,1,1,0.3,2.6,2.8,4.2,SEC_RATL_BRC,Mail Express,56.0
77.7,17.4,5.6,25,1,6,0.12,1,0,0.3,0.0,4.5,13.0,SEC_MTJ_BTE,Rajdhani Express,16.8
103.0,38.3,17.4,75,21,2,0.57,0,0,0.0,0.0,2.6,12.1,SEC_BTE_GGC,Superfast Express,19.9
96.5,20.4,6.5,75,12,4,0.3,0,0,0.0,0.0,6.6,10.4,SEC_BTE_GGC,Rajdhani Express,12.7
35.6,48.1,10.9,75,16,1,0.4,2,0,0.0,0.0,2.1,28.7,SEC_BTE_GGC,Mail Express,82.7
103.4,94.5,8.3,75,20,6,0.37,0,0,0.0,0.0,7.2,0.4,SEC_BTE_GGC,Rajdhani Express,51.0
30.3,283.3,4.4,250,20,3,0.54,0,1,0.0,0.0,1.6,1.3,SEC_BRC_MMCT,Express,570.5
59.2,69.8,13.4,75,19,4,0.55,1,1,0.1,0.0,2.6,2.7,SEC_BTE_GGC,Mail Express,80.6
37.3,79.9,17.0,165,0,4,0.37,0,1,0.3,0.0,1.9,6.9,SEC_RATL_BRC,Superfast Express,133.9
101.7,47.7,1.1,42,15,4,0.3,1,0,0.0,0.0,2.6,15.1,SEC_GGC_SWM,Express,30.0
88.9,21.8,5.8,25,0,2,0.36,0,0,0.9,0.0,5.4,15.0,SEC_MTJ_BTE,Rajdhani Express,18.5
40.8,51.8,0.4,42,21,6,0.74,1,0,0.0,0.0,1.9,6.4,SEC_GGC_SWM,Superfast Express,79.2
63.4,96.4,0.3,170,4,6,0.44,3,0,0.3,0.0,2.1,11.3,SEC_KOTA_RATL,Mail Express,90.6
79.8,96.2,5.8,75,1,5,0.34,2,0,0.1,0.0,2.8,11.1,SEC_BTE_GGC,Mail Express,77.9
84.0,25.7,1.7,42,4,0,0.25,1,0,0.0,0.0,2.4,25.8,SEC_GGC_SWM,Superfast Express,19.2
93.4,53.8,3.6,95,8,4,0.48,0,0,0.3,0.0,2.8,1.7,SEC_NDLS_MTJ,Mail Express,34.3
22.5,45.3,8.0,170,23,1,0.43,0,1,0.0,0.0,2.6,4.2,SEC_KOTA_RATL,Mail Express,112.3
125.0,95.8,6.5,65,17,3,0.52,1,0,0.0,0.0,4.0,15.2,SEC_SWM_KOTA,Superfast Express,47.4
23.2,18.3,2.6,25,19,2,0.54,3,1,0.0,0.0,3.2,13.4,SEC_MTJ_BTE,Superfast Express,52.3
98.9,14.7,0.1,25,10,1,0.43,1,0,0.0,0.0,1.8,9.8,SEC_MTJ_BTE,Express,7.9
91.9,19.5,17.0,95,21,4,0.55,1,0,0.1,1.8,1.2,9.3,SEC_NDLS_MTJ,Express,17.0
64.8,65.4,1.1,95,20,4,0.74,2,0,0.0,0.0,3.5,16.8,SEC_NDLS_MTJ,Superfast Express,61.5
67.0,104.4,3.8,165,12,0,0.26,3,0,0.3,0.0,4.7,19.7,SEC_RATL_BRC,Rajdhani Express,91.8
65.6,77.5,7.4,65,5,6,0.36,2,0,0.3,0.0,2.3,0.8,SEC_SWM_KOTA,Rajdhani Express,75.4
65.1,16.7,5.6,75,0,3,0.19,3,0,0.0,0.0,2.4,9.0,SEC_BTE_GGC,Express,16.1
75.9,83.4,24.6,170,15,2,0.41,1,0,0.1,0.0,3.0,21.2,SEC_KOTA_RATL,Express,62.7
101.2,262.9,0.3,250,22,4,0.29,0,0,0.0,0.0,1.3,12.2,SEC_BRC_MMCT,Mail Express,155.5
66.8,103.5,15.6,170,22,4,0.15,2,0,0.0,0.0,4.4,6.2,SEC_KOTA_RATL,Rajdhani Express,89.3
98.6,115.2,14.7,95,2,5,0.12,1,0,0.0,25.1,2.7,8.1,SEC_NDLS_MTJ,Express,93.7
93.1,187.5,0.5,170,12,5,0.42,0,0,0.0,0.0,2.5,3.2,SEC_KOTA_RATL,Mail Express,121.0
0.0,51.5,10.6,65,1,0,0.21,2,0,0.0,3.4,2.2,10.8,SEC_SWM_KOTA,Superfast Express,38.4
100.2,104.7,3.6,165,20,6,0.7,1,0,0.6,0.0,1.4,16.9,SEC_RATL_BRC,Express,67.8
88.9,86.2,11.1,170,4,1,0.36,1,0,0.0,0.0,1.8,23.2,SEC_KOTA_RATL,Mail Express,57.5
96.1,194.9,25.4,250,23,3,0.26,0,0,0.0,0.0,2.2,25.2,SEC_BRC_MMCT,Mail Express,122.2
99.0,75.3,3.0,170,22,4,0.46,1,0,0.1,0.0,1.1,24.8,SEC_KOTA_RATL,Mail Express,47.1
40.7,29.9,9.6,42,6,3,0.34,2,1,0.0,0.0,1.1,17.6,SEC_GGC_SWM,Rajdhani Express,51.3
35.2,30.3,2.0,95,20,1,0.59,0,1,0.0,0.0,1.9,6.4,SEC_NDLS_MTJ,Mail Express,56.8
35.9,79.1,0.9,75,2,0,0.19,2,1,0.0,0.0,2.0,17.2,SEC_BTE_GGC,Rajdhani Express,142.1
93.9,46.8,12.0,42,0,2,0.46,0,0,0.0,0.0,2.0,4.7,SEC_GGC_SWM,Mail Express,29.6
0.0,153.4,20.6,250,21,6,0.62,1,0,0.0,3.1,2.8,5.9,SEC_BRC_MMCT,Express,111.6
41.7,136.4,7.6,250,18,4,0.36,1,1,0.0,0.0,5.7,2.2,SEC_BRC_MMCT,Rajdhani Express,197.6
96.7,66.8,1.8,95,16,0,0.41,1,0,0.0,0.0,2.5,24.0,SEC_NDLS_MTJ,Superfast Express,38.8
105.9,20.5,13.1,42,3,6,0.47,0,0,0.6,0.0,3.0,4.8,SEC_GGC_SWM,Express,12.8
20.4,84.2,0.5,65,23,1,0.24,0,1,0.0,0.0,2.5,1.0,SEC_SWM_KOTA,Express,207.0
38.2,89.8,0.4,75,9,0,0.76,1,1,0.3,0.0,1.9,13.9,SEC_BTE_GGC,Express,154.7
0.0,24.2,11.0,25,14,6,0.33,1,0,0.0,0.7,2.8,23.4,SEC_MTJ_BTE,Express,20.0
95.0,38.0,3.3,95,7,2,0.48,1,0,0.1,0.0,1.8,4.8,SEC_NDLS_MTJ,Express,24.0
105.2,164.4,18.0,250,17,1,0.56,1,0,0.1,0.0,1.5,4.0,SEC_BRC_MMCT,Superfast Express,96.3
79.6,95.7,4.5,170,23,3,0.43,4,0,0.0,0.0,1.1,10.2,SEC_KOTA_RATL,Rajdhani Express,76.9
48.2,190.9,0.3,250,20,0,0.58,2,1,0.0,0.0,4.2,14.3,SEC_BRC_MMCT,Superfast Express,245.9
65.9,152.8,12.3,170,4,5,0.38,2,0,0.1,0.0,2.4,11.0,SEC_KOTA_RATL,Superfast Express,140.0
36.4,63.8,10.0,165,0,6,0.36,2,1,0.0,0.0,2.3,19.5,SEC_RATL_BRC,Mail Express,112.9
96.8,80.8,4.1,65,20,4,0.7,1,0,0.3,0.0,2.2,24.5,SEC_SWM_KOTA,Mail Express,57.2
48.7,182.6,5.0,165,12,5,0.31,2,0,0.3,0.0,2.8,16.3,SEC_RATL_BRC,Express,230.0
34.9,47.0,4.9,75,11,6,0.48,2,1,0.0,0.0,2.9,6.5,SEC_BTE_GGC,Superfast Express,86.4
106.8,105.9,4.1,75,16,1,0.49,1,0,0.0,0.0,4.8,8.2,SEC_BTE_GGC,Superfast Express,60.9
78.1,57.6,10.0,95,16,1,0.32,2,0,0.0,0.0,2.3,38.8,SEC_NDLS_MTJ,Rajdhani Express,44.1
50.1,63.4,25.0,75,11,1,0.79,2,1,0.0,0.0,4.8,9.2,SEC_BTE_GGC,Superfast Express,82.9
73.5,80.1,5.8,95,16,4,0.25,2,0,0.9,0.0,2.1,21.7,SEC_NDLS_MTJ,Mail Express,66.9
43.3,166.3,3.0,170,17,5,0.72,1,1,0.3,0.0,2.1,29.4,SEC_KOTA_RATL,Mail Express,241.8
81.1,60.6,12.7,65,15,3,0.3,2,0,0.0,6.9,2.9,17.0,SEC_SWM_KOTA,Mail Express,49.0
122.4,134.5,3.2,250,19,3,0.58,0,0,0.0,0.0,1.7,7.0,SEC_BRC_MMCT,Rajdhani Express,64.7
44.9,88.3,14.9,65,17,1,0.6,2,0,0.0,0.0,1.2,26.4,SEC_SWM_KOTA,Express,121.6
111.2,268.3,3.9,250,23,2,0.12,0,0,0.0,0.0,2.0,6.9,SEC_BRC_MMCT,Express,144.5
86.1,163.9,8.1,170,10,1,0.53,1,0,0.0,0.0,1.2,11.4,SEC_KOTA_RATL,Mail Express,116.4
91.7,9.2,1.7,25,11,5,0.59,1,0,0.1,0.0,1.5,20.5,SEC_MTJ_BTE,Superfast Express,8.3
57.7,43.6,17.1,42,15,2,0.45,3,0,0.3,0.0,6.1,4.8,SEC_GGC_SWM,Rajdhani Express,47.8
86.7,174.4,3.1,170,19,5,0.52,0,0,0.3,0.0,2.2,8.9,SEC_KOTA_RATL,Express,123.8
81.4,24.3,11.9,75,8,4,0.62,0,0,0.0,0.0,1.4,6.2,SEC_BTE_GGC,Mail Express,19.3
104.5,250.8,5.0,250,2,5,0.33,1,0,0.0,0.0,1.1,7.5,SEC_BRC_MMCT,Express,147.3
41.0,30.1,13.1,25,16,3,0.14,3,0,0.1,0.0,2.2,46.6,SEC_MTJ_BTE,Express,41.4
97.7,30.5,2.6,75,14,2,0.44,0,0,0.3,0.0,1.2,20.5,SEC_BTE_GGC,Mail Express,18.8
89.6,21.2,13.5,25,19,4,0.59,1,0,0.3,15.4,5.5,4.7,SEC_MTJ_BTE,Rajdhani Express,32.0
44.7,74.0,8.2,250,8,2,0.7,0,1,0.0,0.0,2.5,28.2,SEC_BRC_MMCT,Mail Express,103.9
78.7,29.6,4.7,42,19,3,0.71,4,0,0.6,0.0,2.5,37.7,SEC_GGC_SWM,Express,30.8
88.0,148.1,1.5,170,2,6,0.25,1,0,0.0,0.0,1.2,31.7,SEC_KOTA_RATL,Express,102.0
69.1,125.2,1.0,170,9,0,0.59,2,0,0.3,0.0,2.0,8.7,SEC_KOTA_RATL,Mail Express,114.7
86.7,127.8,6.4,165,16,4,0.17,0,0,0.0,0.0,2.1,10.5,SEC_RATL_BRC,Mail Express,88.7
101.4,50.7,2.9,165,23,0,0.24,1,0,0.0,0.0,2.7,12.0,SEC_RATL_BRC,Superfast Express,28.4
17.2,59.8,4.2,95,11,5,0.81,2,1,0.1,0.0,3.7,3.1,SEC_NDLS_MTJ,Superfast Express,56.0
85.5,52.7,7.8,75,3,3,0.48,0,0,0.1,0.0,3.2,45.2,SEC_BTE_GGC,Rajdhani Express,33.0
123.4,31.0,13.3,42,2,6,0.35,0,0,0.0,0.0,6.0,7.0,SEC_GGC_SWM,Rajdhani Express,15.4
82.6,221.6,7.8,170,20,5,0.82,0,0,0.0,0.0,1.0,4.3,SEC_KOTA_RATL,Mail Express,166.5
42.5,69.3,0.2,75,8,1,0.8,0,0,0.0,0.0,3.8,1.2,SEC_BTE_GGC,Superfast Express,95.9
87.5,43.4,2.9,75,17,6,0.83,0,0,0.1,0.0,1.9,8.5,SEC_BTE_GGC,Express,28.9
95.0,26.6,7.3,42,21,4,0.35,0,0,0.1,0.0,2.7,14.2,SEC_GGC_SWM,Express,14.8
22.6,98.6,4.7,75,12,3,0.12,0,1,0.6,0.0,1.5,7.1,SEC_BTE_GGC,Mail Express,244.8
106.0,73.3,12.0,95,13,5,0.49,1,0,0.0,0.0,1.1,8.3,SEC_NDLS_MTJ,Express,41.0
31.5,87.0,9.7,95,20,6,0.5,0,1,0.3,0.0,3.4,29.8,SEC_NDLS_MTJ,Rajdhani Express,175.2
50.4,96.9,12.0,95,0,6,0.2,2,0,0.0,0.0,2.2,2.4,SEC_NDLS_MTJ,Express,115.0
70.7,34.2,3.8,42,9,4,0.77,0,0,0.0,0.0,4.3,8.1,SEC_GGC_SWM,Superfast Express,25.6
49.9,74.2,3.8,95,10,6,0.76,0,0,0.0,0.0,1.1,4.7,SEC_NDLS_MTJ,Rajdhani Express,90.5
91.1,18.5,0.9,42,23,1,0.49,0,0,0.0,0.0,2.3,3.5,SEC_GGC_SWM,Mail Express,12.6
93.6,73.7,2.1,170,12,5,0.37,1,0,0.0,0.0,2.3,35.7,SEC_KOTA_RATL,Mail Express,46.2
90.9,115.2,16.0,250,11,2,0.68,0,0,0.1,12.0,2.7,36.9,SEC_BRC_MMCT,Rajdhani Express,89.1
90.1,39.5,13.3,65,13,0,0.1,0,0,0.9,0.0,1.2,2.0,SEC_SWM_KOTA,Express,29.5
0.0,113.7,12.4,170,18,1,0.55,0,0,0.0,4.5,4.9,6.9,SEC_KOTA_RATL,Superfast Express,92.0
34.1,42.4,1.0,165,19,3,0.55,2,0,0.0,0.0,6.7,9.4,SEC_RATL_BRC,Rajdhani Express,66.7
103.5,157.4,5.4,250,23,6,0.32,0,0,0.0,0.0,1.8,46.2,SEC_BRC_MMCT,Express,90.7
39.1,195.8,13.3,165,15,1,0.24,3,1,0.0,7.5,4.2,2.4,SEC_RATL_BRC,Superfast Express,312.7
51.1,107.2,5.2,95,23,1,0.23,1,1,0.0,0.0,2.7,44.9,SEC_NDLS_MTJ,Express,127.8
53.6,91.4,12.7,165,19,4,0.76,0,0,0.0,6.6,2.5,5.9,SEC_RATL_BRC,Express,111.4
0.0,10.9,12.8,25,19,5,0.78,1,0,0.0,5.7,1.9,10.4,SEC_MTJ_BTE,Rajdhani Express,17.0
58.1,44.7,13.1,75,13,3,0.16,2,0,0.0,0.0,2.1,45.2,SEC_BTE_GGC,Express,44.6
83.0,97.1,10.8,75,23,0,0.17,1,0,0.0,0.0,1.3,1.0,SEC_BTE_GGC,Express,70.7
95.9,65.2,4.1,75,11,2,0.58,0,0,0.0,0.0,3.2,38.8,SEC_BTE_GGC,Rajdhani Express,41.3
100.7,28.1,26.7,42,0,5,0.34,1,0,0.0,0.0,1.2,7.5,SEC_GGC_SWM,Superfast Express,20.5
59.1,272.8,1.1,250,10,6,0.81,0,0,0.3,0.0,1.1,15.6,SEC_BRC_MMCT,Mail Express,282.2
93.9,88.3,5.7,170,2,1,0.45,1,0,0.0,0.0,2.5,13.2,SEC_KOTA_RATL,Superfast Express,55.2
112.3,70.7,5.0,165,13,2,0.28,0,0,0.3,0.0,4.5,7.9,SEC_RATL_BRC,Superfast Express,34.6
102.3,11.3,1.1,42,12,3,0.33,1,0,0.0,0.0,1.1,26.6,SEC_GGC_SWM,Express,9.4
109.0,44.4,2.6,65,23,3,0.22,0,0,0.1,0.0,1.4,5.0,SEC_SWM_KOTA,Express,24.7
84.2,72.6,5.4,95,17,4,0.69,1,0,0.0,0.0,2.8,4.8,SEC_NDLS_MTJ,Mail Express,55.4
96.2,37.7,11.2,95,10,0,0.62,1,0,0.1,0.0,1.5,15.3,SEC_NDLS_MTJ,Mail Express,21.4
102.1,13.7,0.6,25,14,3,0.23,1,0,0.6,0.0,2.4,39.2,SEC_MTJ_BTE,Rajdhani Express,11.0
92.6,66.7,3.0,170,2,1,0.29,1,0,0.1,0.0,2.4,81.2,SEC_KOTA_RATL,Express,43.0
27.7,73.6,6.7,65,3,6,0.35,2,1,0.6,0.0,1.5,47.7,SEC_SWM_KOTA,Express,169.1
101.6,68.3,3.8,65,10,1,0.47,1,0,0.0,0.0,4.9,6.7,SEC_SWM_KOTA,Superfast Express,40.2
65.3,7.9,7.2,25,8,4,0.71,0,0,0.0,0.0,1.4,17.7,SEC_MTJ_BTE,Mail Express,6.8
99.5,8.5,23.4,75,16,6,0.46,1,0,0.0,0.0,5.0,0.5,SEC_BTE_GGC,Superfast Express,5.1
49.2,49.8,17.5,170,8,3,0.71,2,0,0.6,0.0,1.0,43.5,SEC_KOTA_RATL,Mail Express,63.1
108.3,291.6,11.1,250,11,3,0.46,0,0,0.3,0.0,1.1,7.4,SEC_BRC_MMCT,Mail Express,164.4
69.2,107.5,6.6,170,15,0,0.18,2,0,0.0,0.0,5.0,1.4,SEC_KOTA_RATL,Rajdhani Express,91.0
98.3,169.1,7.5,170,9,5,0.6,1,0,0.0,0.0,2.6,11.6,SEC_KOTA_RATL,Express,103.6
118.2,97.2,3.4,65,20,6,0.6,0,0,0.0,0.0,2.1,76.2,SEC_SWM_KOTA,Superfast Express,51.5
37.0,50.0,0.4,65,13,4,0.18,0,1,0.0,0.0,2.0,1.3,SEC_SWM_KOTA,Superfast Express,88.9
37.6,92.2,6.3,250,3,2,0.12,3,0,0.0,0.0,1.5,0.3,SEC_BRC_MMCT,Mail Express,148.4
106.7,183.7,10.4,165,4,5,0.37,0,0,0.0,0.0,1.6,3.8,SEC_RATL_BRC,Superfast Express,104.5
94.2,91.9,21.9,95,19,6,0.66,0,0,0.0,0.0,1.9,27.3,SEC_NDLS_MTJ,Express,59.1
47.5,91.7,7.3,95,12,5,0.42,3,0,0.3,0.0,1.2,7.7,SEC_NDLS_MTJ,Mail Express,122.0
103.1,44.3,3.2,42,3,2,0.25,0,0,0.0,0.0,2.1,0.3,SEC_GGC_SWM,Express,25.2
94.9,11.7,4.1,42,18,3,0.43,0,0,0.1,0.0,2.0,24.4,SEC_GGC_SWM,Express,3.9
61.0,132.7,7.4,250,1,5,0.38,2,0,0.0,0.0,5.8,2.3,SEC_BRC_MMCT,Rajdhani Express,125.1
116.9,115.5,22.5,95,3,2,0.37,1,0,0.3,0.0,1.9,7.2,SEC_NDLS_MTJ,Rajdhani Express,63.9
99.5,39.5,10.0,65,14,6,0.1,0,0,0.1,0.0,3.0,1.4,SEC_SWM_KOTA,Mail Express,21.5
29.0,29.4,19.6,42,19,2,0.67,0,1,0.0,0.0,1.4,26.3,SEC_GGC_SWM,Express,65.7
43.2,14.3,0.2,42,21,2,0.47,0,1,0.0,0.0,6.9,1.9,SEC_GGC_SWM,Rajdhani Express,24.8
32.0,298.0,1.6,250,5,2,0.18,2,0,0.0,0.0,3.5,12.2,SEC_BRC_MMCT,Superfast Express,562.1
65.9,171.3,2.4,170,16,2,0.4,2,0,0.0,0.0,2.5,1.8,SEC_KOTA_RATL,Mail Express,156.7
72.6,154.0,0.6,165,3,1,0.37,2,0,0.0,0.0,2.7,27.3,SEC_RATL_BRC,Express,128.4
80.4,48.0,14.4,170,20,5,0.61,1,0,0.0,0.0,2.2,8.9,SEC_KOTA_RATL,Express,36.8
98.5,268.5,25.3,250,3,3,0.49,1,0,0.0,0.0,1.7,7.4,SEC_BRC_MMCT,Express,165.8
89.9,84.7,3.9,170,14,1,0.36,1,0,0.0,0.0,2.0,1.9,SEC_KOTA_RATL,Express,53.0
61.4,183.8,13.9,170,7,6,0.19,2,0,0.1,0.0,4.3,27.6,SEC_KOTA_RATL,Superfast Express,177.8
87.5,50.5,5.8,75,11,2,0.54,0,0,0.0,0.0,1.7,22.0,SEC_BTE_GGC,Express,33.8
90.6,43.9,0.5,95,15,5,0.23,1,0,0.0,0.0,2.3,3.6,SEC_NDLS_MTJ,Express,25.8
90.8,76.6,0.7,65,11,4,0.46,3,0,0.6,0.0,2.6,14.1,SEC_SWM_KOTA,Mail Express,58.3
85.6,23.6,3.8,25,12,0,0.29,0,0,0.0,0.0,1.0,27.1,SEC_MTJ_BTE,Mail Express,15.8
86.9,37.5,9.1,75,20,5,0.46,0,0,0.0,0.0,2.0,25.0,SEC_BTE_GGC,Express,24.5
85.4,24.7,5.0,25,13,1,0.48,1,0,0.0,0.0,1.9,1.4,SEC_MTJ_BTE,Superfast Express,18.7
108.0,30.9,9.8,42,23,5,0.17,1,0,0.0,0.0,2.2,5.9,SEC_GGC_SWM,Superfast Express,16.6
116.6,76.7,16.7,65,0,2,0.36,1,0,0.0,0.0,1.6,49.6,SEC_SWM_KOTA,Mail Express,40.9
40.5,107.2,7.3,95,3,2,0.33,1,1,0.3,0.0,1.1,14.5,SEC_NDLS_MTJ,Mail Express,170.9
76.4,219.3,0.6,165,20,5,0.75,0,0,0.9,0.0,2.6,26.7,SEC_RATL_BRC,Mail Express,179.4
75.9,10.7,1.5,25,23,3,0.46,0,0,0.0,0.0,2.3,2.0,SEC_MTJ_BTE,Express,4.6
25.8,202.8,4.3,250,9,0,0.84,0,1,0.6,0.0,4.7,32.7,SEC_BRC_MMCT,Superfast Express,476.1
62.4,143.2,3.6,170,18,2,0.62,2,0,0.6,0.0,2.0,2.0,SEC_KOTA_RATL,Express,144.1
21.6,75.8,11.1,95,15,2,0.14,3,1,0.0,0.0,2.7,25.0,SEC_NDLS_MTJ,Superfast Express,186.1
35.0,171.0,9.1,170,1,0,0.44,0,1,0.0,0.0,1.2,11.1,SEC_KOTA_RATL,Mail Express,302.5
117.3,341.7,4.8,250,6,4,0.25,0,0,0.1,0.0,4.1,4.7,SEC_BRC_MMCT,Rajdhani Express,174.1
43.5,82.0,6.4,165,0,0,0.5,2,1,0.0,0.0,4.2,14.7,SEC_RATL_BRC,Rajdhani Express,117.3
90.8,237.8,7.6,250,19,5,0.36,1,0,0.0,0.0,2.6,4.7,SEC_BRC_MMCT,Express,155.5
104.3,55.9,11.2,95,3,3,0.18,1,0,0.0,4.5,4.8,19.0,SEC_NDLS_MTJ,Rajdhani Express,41.5
90.5,68.0,0.0,95,14,4,0.47,0,0,0.1,0.0,1.7,9.8,SEC_NDLS_MTJ,Mail Express,46.3
104.3,28.0,24.0,65,15,4,0.36,0,0,0.0,0.0,4.7,42.2,SEC_SWM_KOTA,Rajdhani Express,16.1
0.0,155.6,19.3,165,16,2,0.21,0,1,0.0,0.1,3.8,13.2,SEC_RATL_BRC,Superfast Express,120.6
95.6,52.3,4.9,170,12,5,0.24,0,0,0.0,0.0,1.2,10.5,SEC_KOTA_RATL,Rajdhani Express,31.5
93.8,36.1,5.1,75,23,6,0.34,1,0,0.1,0.0,6.9,2.2,SEC_BTE_GGC,Rajdhani Express,23.5
79.9,121.2,5.8,170,21,4,0.49,0,0,0.0,0.0,2.2,0.8,SEC_KOTA_RATL,Superfast Express,90.1
70.7,125.7,33.0,165,12,5,0.12,3,0,0.1,0.0,2.6,2.5,SEC_RATL_BRC,Mail Express,102.4
0.0,28.4,16.6,42,6,6,0.42,2,0,0.0,6.7,1.6,15.9,SEC_GGC_SWM,Express,29.6
103.8,180.4,7.1,165,7,2,0.3,0,0,0.3,0.0,1.3,26.9,SEC_RATL_BRC,Mail Express,102.6
73.8,100.6,15.1,170,1,3,0.2,2,0,0.1,0.0,1.7,5.8,SEC_KOTA_RATL,Mail Express,84.1
101.3,43.2,7.3,95,4,1,0.41,0,0,0.0,0.0,2.3,7.2,SEC_NDLS_MTJ,Mail Express,23.8
106.6,12.8,11.1,42,2,1,0.25,0,0,0.0,0.0,2.4,7.2,SEC_GGC_SWM,Express,8.1
90.3,40.9,3.4,42,3,6,0.43,1,0,0.0,0.0,1.0,1.5,SEC_GGC_SWM,Express,28.2
64.5,42.9,0.7,42,2,2,0.12,3,0,0.0,0.0,7.8,0.9,SEC_GGC_SWM,Rajdhani Express,40.6
63.4,50.7,8.0,42,19,3,0.36,2,0,0.1,0.0,2.5,0.1,SEC_GGC_SWM,Rajdhani Express,51.0
116.0,6.4,6.7,65,15,5,0.38,1,0,0.1,0.0,1.6,19.9,SEC_SWM_KOTA,Superfast Express,3.0
108.8,26.4,4.3,65,13,3,0.35,0,0,0.0,0.0,3.8,2.2,SEC_SWM_KOTA,Superfast Express,13.5
99.5,32.7,4.2,42,15,5,0.33,1,0,0.9,0.0,2.9,35.2,SEC_GGC_SWM,Express,22.8
87.8,151.8,13.8,165,2,5,0.23,1,0,0.0,0.0,2.5,7.4,SEC_RATL_BRC,Mail Express,105.1
122.4,7.6,12.4,65,6,5,0.38,0,0,0.0,0.0,5.6,20.5,SEC_SWM_KOTA,Rajdhani Express,3.0
89.3,42.5,4.7,95,14,5,0.22,1,0,0.0,0.0,3.4,12.5,SEC_NDLS_MTJ,Rajdhani Express,23.1
64.3,33.4,7.4,42,20,3,0.75,2,0,0.0,0.0,2.2,2.1,SEC_GGC_SWM,Express,35.2
52.0,114.4,4.4,170,12,6,0.2,3,0,0.0,0.0,5.0,2.0,SEC_KOTA_RATL,Superfast Express,126.9
105.3,101.5,0.8,95,10,1,0.66,1,0,0.0,0.0,1.4,9.3,SEC_NDLS_MTJ,Superfast Express,62.5
76.0,125.9,1.7,165,23,3,0.16,2,0,0.0,0.0,4.3,5.8,SEC_RATL_BRC,Superfast Express,98.2
109.8,72.6,5.7,65,4,4,0.24,1,0,0.0,0.0,6.4,5.2,SEC_SWM_KOTA,Rajdhani Express,39.7
32.5,210.2,8.4,165,18,0,0.41,0,1,0.3,0.0,1.1,40.9,SEC_RATL_BRC,Mail Express,396.6
86.6,22.8,4.8,25,21,1,0.68,0,0,0.0,0.0,4.9,4.1,SEC_MTJ_BTE,Superfast Express,17.7
0.0,23.4,11.1,42,2,2,0.14,0,0,0.0,11.0,4.7,51.7,SEC_GGC_SWM,Superfast Express,30.1
94.1,86.0,1.1,75,5,6,0.31,3,0,0.0,0.0,2.7,2.3,SEC_BTE_GGC,Express,56.4
37.2,183.0,1.1,165,3,4,0.19,1,1,0.0,0.0,3.9,3.3,SEC_RATL_BRC,Rajdhani Express,299.5
55.5,75.2,6.9,250,10,6,0.83,1,0,0.1,0.0,4.3,4.2,SEC_BRC_MMCT,Superfast Express,77.2
