train_id,run_date,section_id,scheduled_run_minutes,actual_run_minutes,average_speed_kmph,departure_delay_minutes,arrival_delay_minutes,congestion_score,weather_condition,restriction_active,day_of_week,hour_of_day
12952,2026-04-01,SEC_NDLS_MTJ,95.0,112.0,75.5,0,17,0.265,CLEAR,True,2,16
12952,2026-04-01,SEC_MTJ_BTE,25.0,28.8,70.8,0,4,0.24,CLEAR,False,2,18
12952,2026-04-01,SEC_BTE_GGC,75.0,131.2,54.4,0,56,0.427,STORM,True,2,20
12952,2026-04-01,SEC_GGC_SWM,42.0,46.4,82.8,0,4,0.229,CLEAR,False,2,22
12952,2026-04-01,SEC_SWM_KOTA,65.0,67.8,95.6,0,3,0.462,CLEAR,False,2,0
12952,2026-04-01,SEC_KOTA_RATL,170.0,161.5,98.8,0,0,0.477,RAIN,False,2,2
12952,2026-04-01,SEC_RATL_BRC,165.0,164.0,95.5,0,0,0.237,CLEAR,False,2,4
12952,2026-04-01,SEC_BRC_MMCT,250.0,307.0,76.6,0,57,0.6,STORM,True,2,6
12413,2026-04-01,SEC_NDLS_MTJ,95.0,135.5,62.4,5,45,0.143,STORM,True,2,7
12413,2026-04-01,SEC_MTJ_BTE,25.0,70.4,29.0,5,50,0.434,STORM,True,2,9
12413,2026-04-01,SEC_BTE_GGC,75.0,86.1,82.9,5,16,0.341,CLEAR,False,2,11
12413,2026-04-01,SEC_GGC_SWM,42.0,58.8,65.3,5,22,0.649,FOG,False,2,13
12413,2026-04-01,SEC_SWM_KOTA,65.0,72.7,89.1,5,13,0.548,RAIN,False,2,15
12413,2026-04-01,SEC_KOTA_RATL,170.0,182.8,87.3,5,18,0.128,FOG,False,2,17
12413,2026-04-01,SEC_RATL_BRC,165.0,165.5,94.6,5,5,0.331,FOG,False,2,19
12413,2026-04-01,SEC_BRC_MMCT,250.0,283.7,82.9,5,39,0.532,STORM,True,2,21
19020,2026-04-01,SEC_NDLS_MTJ,95.0,110.3,76.7,0,15,0.372,CLEAR,False,2,23
19020,2026-04-01,SEC_MTJ_BTE,25.0,25.3,80.6,0,0,0.279,CLEAR,False,2,1
19020,2026-04-01,SEC_BTE_GGC,75.0,78.2,91.3,0,3,0.567,CLEAR,False,2,3
19020,2026-04-01,SEC_GGC_SWM,42.0,43.4,88.5,0,1,0.245,CLEAR,False,2,5
19020,2026-04-01,SEC_SWM_KOTA,65.0,72.7,89.1,0,8,0.42,CLEAR,False,2,7
19020,2026-04-01,SEC_KOTA_RATL,170.0,191.4,83.4,0,21,0.227,RAIN,False,2,9
19020,2026-04-01,SEC_RATL_BRC,165.0,156.8,99.9,0,0,0.503,CLEAR,False,2,11
19020,2026-04-01,SEC_BRC_MMCT,250.0,271.8,86.5,0,22,0.238,CLEAR,False,2,13
12988,2026-04-01,SEC_NDLS_MTJ,95.0,101.3,83.5,1,7,0.616,CLEAR,False,2,6
12988,2026-04-01,SEC_MTJ_BTE,25.0,33.1,61.6,1,9,0.246,RAIN,False,2,8
12988,2026-04-01,SEC_BTE_GGC,75.0,120.4,59.3,1,46,0.359,STORM,True,2,10
12988,2026-04-01,SEC_GGC_SWM,42.0,52.1,73.7,1,11,0.58,FOG,False,2,12
12988,2026-04-01,SEC_SWM_KOTA,65.0,65.8,98.5,1,2,0.267,CLEAR,False,2,14
12988,2026-04-01,SEC_KOTA_RATL,170.0,193.9,82.3,1,25,0.424,CLEAR,False,2,16
12988,2026-04-01,SEC_RATL_BRC,165.0,168.5,92.9,1,5,0.391,CLEAR,False,2,18
12988,2026-04-01,SEC_BRC_MMCT,250.0,264.9,88.8,1,16,0.571,CLEAR,False,2,20
12910,2026-04-01,SEC_NDLS_MTJ,95.0,150.6,56.2,8,64,0.531,STORM,True,2,21
12910,2026-04-01,SEC_MTJ_BTE,25.0,28.9,70.6,8,12,0.386,CLEAR,False,2,23
12910,2026-04-01,SEC_BTE_GGC,75.0,74.1,96.4,8,8,0.211,RAIN,False,2,1
12910,2026-04-01,SEC_GGC_SWM,42.0,39.9,96.2,8,8,0.124,CLEAR,False,2,3
12910,2026-04-01,SEC_SWM_KOTA,65.0,65.6,98.8,8,9,0.223,CLEAR,False,2,5
12910,2026-04-01,SEC_KOTA_RATL,170.0,166.7,95.7,8,8,0.661,CLEAR,False,2,7
12910,2026-04-01,SEC_RATL_BRC,165.0,164.1,95.4,8,8,0.228,CLEAR,False,2,9
12910,2026-04-01,SEC_BRC_MMCT,250.0,283.4,83.0,8,41,0.426,CLEAR,False,2,11
12952,2026-04-02,SEC_NDLS_MTJ,95.0,97.8,86.5,0,3,0.433,CLEAR,False,3,16
12952,2026-04-02,SEC_MTJ_BTE,25.0,68.9,29.6,0,44,0.432,STORM,True,3,18
12952,2026-04-02,SEC_BTE_GGC,75.0,124.2,57.5,0,49,0.612,STORM,True,3,20
12952,2026-04-02,SEC_GGC_SWM,42.0,59.3,64.8,0,17,0.563,CLEAR,True,3,22
12952,2026-04-02,SEC_SWM_KOTA,65.0,79.4,81.6,0,14,0.167,FOG,False,3,0
12952,2026-04-02,SEC_KOTA_RATL,170.0,175.9,90.7,0,6,0.176,RAIN,False,3,2
12952,2026-04-02,SEC_RATL_BRC,165.0,165.0,94.9,0,0,0.226,CLEAR,False,3,4
12952,2026-04-02,SEC_BRC_MMCT,250.0,260.7,90.2,0,11,0.655,RAIN,False,3,6
12413,2026-04-02,SEC_NDLS_MTJ,95.0,118.6,71.3,1,25,0.542,FOG,True,3,7
12413,2026-04-02,SEC_MTJ_BTE,25.0,72.6,28.1,1,49,0.165,STORM,True,3,9
12413,2026-04-02,SEC_BTE_GGC,75.0,94.1,75.9,1,20,0.592,FOG,False,3,11
12413,2026-04-02,SEC_GGC_SWM,42.0,41.1,93.4,1,1,0.267,CLEAR,False,3,13
12413,2026-04-02,SEC_SWM_KOTA,65.0,80.0,81.0,1,16,0.117,RAIN,False,3,15
12413,2026-04-02,SEC_KOTA_RATL,170.0,174.6,91.4,1,6,0.537,RAIN,False,3,17
12413,2026-04-02,SEC_RATL_BRC,165.0,188.7,83.0,1,25,0.214,FOG,False,3,19
12413,2026-04-02,SEC_BRC_MMCT,250.0,317.9,74.0,1,69,0.542,STORM,True,3,21
19020,2026-04-02,SEC_NDLS_MTJ,95.0,102.5,82.5,8,16,0.175,CLEAR,False,3,23
19020,2026-04-02,SEC_MTJ_BTE,25.0,34.6,59.0,8,18,0.352,RAIN,False,3,1
19020,2026-04-02,SEC_BTE_GGC,75.0,89.3,80.0,8,22,0.344,RAIN,False,3,3
19020,2026-04-02,SEC_GGC_SWM,42.0,41.7,92.1,8,8,0.365,CLEAR,False,3,5
19020,2026-04-02,SEC_SWM_KOTA,65.0,127.6,50.8,8,71,0.202,STORM,True,3,7
19020,2026-04-02,SEC_KOTA_RATL,170.0,218.7,73.0,8,57,0.286,STORM,True,3,9
19020,2026-04-02,SEC_RATL_BRC,165.0,163.0,96.1,8,8,0.144,RAIN,False,3,11
19020,2026-04-02,SEC_BRC_MMCT,250.0,262.7,89.5,8,21,0.513,CLEAR,False,3,13
12988,2026-04-02,SEC_NDLS_MTJ,95.0,94.9,89.1,3,3,0.675,CLEAR,False,3,6
12988,2026-04-02,SEC_MTJ_BTE,25.0,40.9,49.9,3,19,0.693,FOG,False,3,8
12988,2026-04-02,SEC_BTE_GGC,75.0,71.6,99.7,3,3,0.635,RAIN,False,3,10
12988,2026-04-02,SEC_GGC_SWM,42.0,60.5,63.5,3,21,0.248,FOG,False,3,12
12988,2026-04-02,SEC_SWM_KOTA,65.0,105.1,61.7,3,43,0.244,STORM,True,3,14
12988,2026-04-02,SEC_KOTA_RATL,170.0,177.4,90.0,3,10,0.516,CLEAR,False,3,16
12988,2026-04-02,SEC_RATL_BRC,165.0,181.9,86.1,3,20,0.137,RAIN,False,3,18
12988,2026-04-02,SEC_BRC_MMCT,250.0,248.6,94.6,3,3,0.104,RAIN,False,3,20
12910,2026-04-02,SEC_NDLS_MTJ,95.0,100.7,84.0,6,12,0.428,RAIN,False,3,21
12910,2026-04-02,SEC_MTJ_BTE,25.0,27.5,74.2,6,8,0.579,CLEAR,False,3,23
12910,2026-04-02,SEC_BTE_GGC,75.0,79.5,89.8,6,10,0.644,RAIN,False,3,1
12910,2026-04-02,SEC_GGC_SWM,42.0,41.3,93.0,6,6,0.327,CLEAR,False,3,3
12910,2026-04-02,SEC_SWM_KOTA,65.0,72.7,89.1,6,14,0.671,FOG,False,3,5
12910,2026-04-02,SEC_KOTA_RATL,170.0,179.8,88.8,6,16,0.141,CLEAR,False,3,7
12910,2026-04-02,SEC_RATL_BRC,165.0,168.7,92.8,6,10,0.112,CLEAR,False,3,9
12910,2026-04-02,SEC_BRC_MMCT,250.0,316.5,74.3,6,72,0.254,STORM,True,3,11
12952,2026-04-03,SEC_NDLS_MTJ,95.0,91.2,92.8,0,0,0.115,CLEAR,False,4,16
12952,2026-04-03,SEC_MTJ_BTE,25.0,28.2,72.3,0,3,0.598,CLEAR,False,4,18
12952,2026-04-03,SEC_BTE_GGC,75.0,125.4,56.9,0,50,0.46,STORM,True,4,20
12952,2026-04-03,SEC_GGC_SWM,42.0,56.0,68.6,0,14,0.108,RAIN,False,4,22
12952,2026-04-03,SEC_SWM_KOTA,65.0,63.6,101.9,0,0,0.597,CLEAR,False,4,0
12952,2026-04-03,SEC_KOTA_RATL,170.0,168.0,95.0,0,0,0.379,RAIN,False,4,2
12952,2026-04-03,SEC_RATL_BRC,165.0,170.5,91.8,0,6,0.152,CLEAR,False,4,4
12952,2026-04-03,SEC_BRC_MMCT,250.0,243.3,96.7,0,0,0.295,CLEAR,False,4,6
12413,2026-04-03,SEC_NDLS_MTJ,95.0,121.5,69.6,2,28,0.266,RAIN,False,4,7
12413,2026-04-03,SEC_MTJ_BTE,25.0,26.8,76.1,2,4,0.488,CLEAR,False,4,9
12413,2026-04-03,SEC_BTE_GGC,75.0,73.3,97.4,2,2,0.246,CLEAR,False,4,11
12413,2026-04-03,SEC_GGC_SWM,42.0,46.1,83.3,2,6,0.522,RAIN,False,4,13
12413,2026-04-03,SEC_SWM_KOTA,65.0,73.9,87.7,2,11,0.546,CLEAR,False,4,15
12413,2026-04-03,SEC_KOTA_RATL,170.0,170.5,93.6,2,2,0.415,RAIN,False,4,17
12413,2026-04-03,SEC_RATL_BRC,165.0,164.5,95.2,2,2,0.281,CLEAR,False,4,19
12413,2026-04-03,SEC_BRC_MMCT,250.0,245.0,96.0,2,2,0.552,CLEAR,False,4,21
19020,2026-04-03,SEC_NDLS_MTJ,95.0,105.6,80.1,6,17,0.679,FOG,False,4,23
19020,2026-04-03,SEC_MTJ_BTE,25.0,38.5,53.0,6,20,0.132,RAIN,False,4,1
19020,2026-04-03,SEC_BTE_GGC,75.0,71.4,100.0,6,6,0.559,CLEAR,False,4,3
19020,2026-04-03,SEC_GGC_SWM,42.0,52.5,73.1,6,16,0.453,FOG,False,4,5
19020,2026-04-03,SEC_SWM_KOTA,65.0,104.9,61.8,6,46,0.16,STORM,True,4,7
19020,2026-04-03,SEC_KOTA_RATL,170.0,178.3,89.5,6,14,0.37,CLEAR,True,4,9
19020,2026-04-03,SEC_RATL_BRC,165.0,226.7,69.1,6,68,0.616,STORM,True,4,11
19020,2026-04-03,SEC_BRC_MMCT,250.0,256.8,91.6,6,13,0.427,CLEAR,False,4,13
12988,2026-04-03,SEC_NDLS_MTJ,95.0,95.8,88.3,0,1,0.285,CLEAR,False,4,6
12988,2026-04-03,SEC_MTJ_BTE,25.0,67.1,30.4,0,42,0.342,STORM,True,4,8
12988,2026-04-03,SEC_BTE_GGC,75.0,95.1,75.1,0,20,0.462,FOG,False,4,10
12988,2026-04-03,SEC_GGC_SWM,42.0,43.9,87.5,0,2,0.503,CLEAR,False,4,12
12988,2026-04-03,SEC_SWM_KOTA,65.0,74.6,86.9,0,10,0.365,FOG,False,4,14
12988,2026-04-03,SEC_KOTA_RATL,170.0,219.5,72.7,0,50,0.3,FOG,False,4,16
12988,2026-04-03,SEC_RATL_BRC,165.0,190.4,82.2,0,25,0.397,STORM,True,4,18
12988,2026-04-03,SEC_BRC_MMCT,250.0,239.5,98.2,0,0,0.343,CLEAR,False,4,20
12910,2026-04-03,SEC_NDLS_MTJ,95.0,103.4,81.8,8,16,0.213,FOG,False,4,21
12910,2026-04-03,SEC_MTJ_BTE,25.0,37.0,55.1,8,20,0.273,RAIN,False,4,23
12910,2026-04-03,SEC_BTE_GGC,75.0,120.2,59.4,8,53,0.465,STORM,True,4,1
12910,2026-04-03,SEC_GGC_SWM,42.0,45.0,85.3,8,11,0.17,CLEAR,False,4,3
12910,2026-04-03,SEC_SWM_KOTA,65.0,65.8,98.5,8,9,0.349,RAIN,False,4,5
12910,2026-04-03,SEC_KOTA_RATL,170.0,180.5,88.4,8,18,0.628,RAIN,False,4,7
12910,2026-04-03,SEC_RATL_BRC,165.0,184.3,85.0,8,27,0.573,FOG,False,4,9
12910,2026-04-03,SEC_BRC_MMCT,250.0,294.3,79.9,8,52,0.394,STORM,True,4,11
12952,2026-04-04,SEC_NDLS_MTJ,95.0,112.5,75.2,0,18,0.357,FOG,False,5,16
12952,2026-04-04,SEC_MTJ_BTE,25.0,28.3,72.1,0,3,0.478,CLEAR,False,5,18
12952,2026-04-04,SEC_BTE_GGC,75.0,133.2,53.6,0,58,0.885,STORM,True,5,20
12952,2026-04-04,SEC_GGC_SWM,42.0,47.3,81.2,0,5,0.828,FOG,False,5,22
12952,2026-04-04,SEC_SWM_KOTA,65.0,64.3,100.8,0,0,0.725,CLEAR,False,5,0
12952,2026-04-04,SEC_KOTA_RATL,170.0,237.8,67.1,0,68,0.787,STORM,True,5,2
12952,2026-04-04,SEC_RATL_BRC,165.0,159.4,98.2,0,0,0.155,RAIN,False,5,4
12952,2026-04-04,SEC_BRC_MMCT,250.0,237.5,99.0,0,0,0.663,CLEAR,False,5,6
12413,2026-04-04,SEC_NDLS_MTJ,95.0,91.0,93.0,0,0,0.145,CLEAR,False,5,7
12413,2026-04-04,SEC_MTJ_BTE,25.0,27.4,74.5,0,2,0.163,CLEAR,False,5,9
12413,2026-04-04,SEC_BTE_GGC,75.0,86.6,82.4,0,12,0.469,RAIN,False,5,11
12413,2026-04-04,SEC_GGC_SWM,42.0,98.9,38.8,0,57,0.537,STORM,True,5,13
12413,2026-04-04,SEC_SWM_KOTA,65.0,78.0,83.1,0,13,0.465,FOG,False,5,15
12413,2026-04-04,SEC_KOTA_RATL,170.0,209.0,76.4,0,39,0.894,CLEAR,False,5,17
12413,2026-04-04,SEC_RATL_BRC,165.0,195.5,80.1,0,30,0.792,CLEAR,True,5,19
12413,2026-04-04,SEC_BRC_MMCT,250.0,237.5,99.0,0,0,0.382,CLEAR,False,5,21
19020,2026-04-04,SEC_NDLS_MTJ,95.0,144.1,58.7,10,59,0.645,STORM,True,5,23
19020,2026-04-04,SEC_MTJ_BTE,25.0,26.8,76.1,10,12,0.172,CLEAR,False,5,1
19020,2026-04-04,SEC_BTE_GGC,75.0,75.9,94.1,10,11,0.801,CLEAR,False,5,3
19020,2026-04-04,SEC_GGC_SWM,42.0,65.0,59.1,10,33,0.336,FOG,False,5,5
19020,2026-04-04,SEC_SWM_KOTA,65.0,75.4,85.9,10,20,0.873,CLEAR,False,5,7
19020,2026-04-04,SEC_KOTA_RATL,170.0,161.5,98.8,10,10,0.416,CLEAR,False,5,9
19020,2026-04-04,SEC_RATL_BRC,165.0,182.1,86.0,10,27,0.638,STORM,True,5,11
19020,2026-04-04,SEC_BRC_MMCT,250.0,249.7,94.2,10,10,0.588,RAIN,False,5,13
12988,2026-04-04,SEC_NDLS_MTJ,95.0,97.3,86.9,5,7,0.193,CLEAR,False,5,6
12988,2026-04-04,SEC_MTJ_BTE,25.0,36.3,56.2,5,16,0.463,RAIN,False,5,8
12988,2026-04-04,SEC_BTE_GGC,75.0,100.0,71.4,5,30,0.681,FOG,False,5,10
12988,2026-04-04,SEC_GGC_SWM,42.0,40.0,96.0,5,5,0.396,CLEAR,False,5,12
12988,2026-04-04,SEC_SWM_KOTA,65.0,72.0,90.0,5,12,0.394,CLEAR,False,5,14
12988,2026-04-04,SEC_KOTA_RATL,170.0,177.1,90.1,5,12,0.27,FOG,False,5,16
12988,2026-04-04,SEC_RATL_BRC,165.0,162.1,96.6,5,5,0.201,CLEAR,False,5,18
12988,2026-04-04,SEC_BRC_MMCT,250.0,248.7,94.6,5,5,0.218,CLEAR,False,5,20
12910,2026-04-04,SEC_NDLS_MTJ,95.0,109.7,77.1,2,17,0.739,CLEAR,False,5,21
12910,2026-04-04,SEC_MTJ_BTE,25.0,39.1,52.2,2,16,0.239,RAIN,False,5,23
12910,2026-04-04,SEC_BTE_GGC,75.0,110.4,64.7,2,37,0.151,STORM,True,5,1
12910,2026-04-04,SEC_GGC_SWM,42.0,98.2,39.1,2,58,0.727,STORM,True,5,3
12910,2026-04-04,SEC_SWM_KOTA,65.0,67.5,96.0,2,4,0.778,CLEAR,False,5,5
12910,2026-04-04,SEC_KOTA_RATL,170.0,173.1,92.2,2,5,0.153,CLEAR,False,5,7
12910,2026-04-04,SEC_RATL_BRC,165.0,165.2,94.8,2,2,0.578,CLEAR,False,5,9
12910,2026-04-04,SEC_BRC_MMCT,250.0,305.0,77.1,2,57,0.621,STORM,True,5,11
12952,2026-04-05,SEC_NDLS_MTJ,95.0,103.8,81.5,0,9,0.463,FOG,False,6,16
12952,2026-04-05,SEC_MTJ_BTE,25.0,25.5,80.0,0,0,0.479,CLEAR,False,6,18
12952,2026-04-05,SEC_BTE_GGC,75.0,110.7,64.5,0,36,0.691,STORM,True,6,20
12952,2026-04-05,SEC_GGC_SWM,42.0,39.9,96.2,0,0,0.853,CLEAR,False,6,22
12952,2026-04-05,SEC_SWM_KOTA,65.0,61.9,104.7,0,0,0.381,CLEAR,False,6,0
12952,2026-04-05,SEC_KOTA_RATL,170.0,177.0,90.2,0,7,0.71,RAIN,False,6,2
12952,2026-04-05,SEC_RATL_BRC,165.0,193.1,81.1,0,28,0.614,RAIN,False,6,4
12952,2026-04-05,SEC_BRC_MMCT,250.0,285.0,82.5,0,35,0.71,STORM,True,6,6
12413,2026-04-05,SEC_NDLS_MTJ,95.0,112.9,74.9,5,23,0.693,FOG,False,6,7
12413,2026-04-05,SEC_MTJ_BTE,25.0,26.9,75.8,5,7,0.677,CLEAR,False,6,9
12413,2026-04-05,SEC_BTE_GGC,75.0,79.1,90.3,5,9,0.704,CLEAR,False,6,11
12413,2026-04-05,SEC_GGC_SWM,42.0,51.2,75.0,5,14,0.704,FOG,False,6,13
12413,2026-04-05,SEC_SWM_KOTA,65.0,90.3,71.8,5,30,0.575,STORM,True,6,15
12413,2026-04-05,SEC_KOTA_RATL,170.0,170.7,93.5,5,6,0.711,CLEAR,False,6,17
12413,2026-04-05,SEC_RATL_BRC,165.0,180.3,86.9,5,20,0.404,FOG,False,6,19
12413,2026-04-05,SEC_BRC_MMCT,250.0,289.7,81.2,5,45,0.134,STORM,True,6,21
19020,2026-04-05,SEC_NDLS_MTJ,95.0,108.5,78.0,8,22,0.434,FOG,False,6,23
19020,2026-04-05,SEC_MTJ_BTE,25.0,69.4,29.4,8,52,0.836,STORM,True,6,1
19020,2026-04-05,SEC_BTE_GGC,75.0,83.4,85.6,8,16,0.796,RAIN,False,6,3
19020,2026-04-05,SEC_GGC_SWM,42.0,54.1,71.0,8,20,0.825,RAIN,False,6,5
19020,2026-04-05,SEC_SWM_KOTA,65.0,68.5,94.6,8,12,0.217,CLEAR,False,6,7
19020,2026-04-05,SEC_KOTA_RATL,170.0,235.7,67.7,8,74,0.495,STORM,True,6,9
19020,2026-04-05,SEC_RATL_BRC,165.0,165.5,94.6,8,8,0.889,RAIN,False,6,11
19020,2026-04-05,SEC_BRC_MMCT,250.0,324.8,72.4,8,83,0.342,STORM,True,6,13
12988,2026-04-05,SEC_NDLS_MTJ,95.0,109.1,77.5,3,17,0.765,CLEAR,False,6,6
12988,2026-04-05,SEC_MTJ_BTE,25.0,45.8,44.5,3,24,0.863,FOG,False,6,8
12988,2026-04-05,SEC_BTE_GGC,75.0,77.2,92.5,3,5,0.357,RAIN,False,6,10
12988,2026-04-05,SEC_GGC_SWM,42.0,42.8,89.7,3,4,0.167,CLEAR,False,6,12
12988,2026-04-05,SEC_SWM_KOTA,65.0,70.2,92.3,3,8,0.588,FOG,False,6,14
12988,2026-04-05,SEC_KOTA_RATL,170.0,188.7,84.6,3,22,0.618,CLEAR,False,6,16
12988,2026-04-05,SEC_RATL_BRC,165.0,180.6,86.7,3,19,0.781,CLEAR,False,6,18
12988,2026-04-05,SEC_BRC_MMCT,250.0,247.9,94.9,3,3,0.625,CLEAR,False,6,20
12910,2026-04-05,SEC_NDLS_MTJ,95.0,97.0,87.2,0,2,0.615,CLEAR,False,6,21
12910,2026-04-05,SEC_MTJ_BTE,25.0,33.1,61.6,0,8,0.636,RAIN,False,6,23
12910,2026-04-05,SEC_BTE_GGC,75.0,87.5,81.6,0,12,0.713,CLEAR,False,6,1
12910,2026-04-05,SEC_GGC_SWM,42.0,64.3,59.7,0,22,0.768,RAIN,False,6,3
12910,2026-04-05,SEC_SWM_KOTA,65.0,82.6,78.5,0,18,0.401,RAIN,False,6,5
12910,2026-04-05,SEC_KOTA_RATL,170.0,204.2,78.2,0,34,0.391,FOG,False,6,7
12910,2026-04-05,SEC_RATL_BRC,165.0,219.0,71.5,0,54,0.727,STORM,True,6,9
12910,2026-04-05,SEC_BRC_MMCT,250.0,301.5,78.0,0,52,0.858,STORM,True,6,11
12952,2026-04-06,SEC_NDLS_MTJ,95.0,104.9,80.6,0,10,0.59,FOG,False,0,16
12952,2026-04-06,SEC_MTJ_BTE,25.0,27.9,73.1,0,3,0.527,RAIN,False,0,18
12952,2026-04-06,SEC_BTE_GGC,75.0,78.2,91.3,0,3,0.643,CLEAR,False,0,20
12952,2026-04-06,SEC_GGC_SWM,42.0,44.9,85.5,0,3,0.349,CLEAR,False,0,22
12952,2026-04-06,SEC_SWM_KOTA,65.0,73.7,87.9,0,9,0.117,CLEAR,False,0,0
12952,2026-04-06,SEC_KOTA_RATL,170.0,161.9,98.6,0,0,0.383,CLEAR,False,0,2
12952,2026-04-06,SEC_RATL_BRC,165.0,183.7,85.2,0,19,0.148,RAIN,True,0,4
12952,2026-04-06,SEC_BRC_MMCT,250.0,275.3,85.4,0,25,0.173,CLEAR,False,0,6
12413,2026-04-06,SEC_NDLS_MTJ,95.0,90.2,93.8,0,0,0.4,CLEAR,False,0,7
12413,2026-04-06,SEC_MTJ_BTE,25.0,25.0,81.6,0,0,0.244,CLEAR,False,0,9
12413,2026-04-06,SEC_BTE_GGC,75.0,71.2,100.3,0,0,0.416,CLEAR,False,0,11
12413,2026-04-06,SEC_GGC_SWM,42.0,75.6,50.8,0,34,0.332,STORM,True,0,13
12413,2026-04-06,SEC_SWM_KOTA,65.0,67.5,96.0,0,2,0.477,CLEAR,False,0,15
12413,2026-04-06,SEC_KOTA_RATL,170.0,205.6,77.6,0,36,0.205,STORM,True,0,17
12413,2026-04-06,SEC_RATL_BRC,165.0,158.7,98.7,0,0,0.566,CLEAR,False,0,19
12413,2026-04-06,SEC_BRC_MMCT,250.0,255.0,92.2,0,5,0.693,CLEAR,False,0,21
19020,2026-04-06,SEC_NDLS_MTJ,95.0,102.4,82.6,2,9,0.569,CLEAR,False,0,23
19020,2026-04-06,SEC_MTJ_BTE,25.0,65.1,31.3,2,42,0.364,STORM,True,0,1
19020,2026-04-06,SEC_BTE_GGC,75.0,80.0,89.2,2,7,0.412,CLEAR,False,0,3
19020,2026-04-06,SEC_GGC_SWM,42.0,43.5,88.3,2,4,0.162,RAIN,False,0,5
19020,2026-04-06,SEC_SWM_KOTA,65.0,114.2,56.7,2,51,0.356,STORM,True,0,7
19020,2026-04-06,SEC_KOTA_RATL,170.0,164.8,96.8,2,2,0.575,CLEAR,False,0,9
19020,2026-04-06,SEC_RATL_BRC,165.0,183.4,85.4,2,20,0.508,RAIN,False,0,11
19020,2026-04-06,SEC_BRC_MMCT,250.0,250.8,93.8,2,3,0.487,CLEAR,False,0,13
12988,2026-04-06,SEC_NDLS_MTJ,95.0,128.7,65.7,1,35,0.37,STORM,True,0,6
12988,2026-04-06,SEC_MTJ_BTE,25.0,27.3,74.7,1,3,0.168,CLEAR,False,0,8
12988,2026-04-06,SEC_BTE_GGC,75.0,85.0,84.0,1,11,0.565,RAIN,False,0,10
12988,2026-04-06,SEC_GGC_SWM,42.0,41.6,92.3,1,1,0.612,CLEAR,False,0,12
12988,2026-04-06,SEC_SWM_KOTA,65.0,74.4,87.1,1,10,0.681,CLEAR,False,0,14
12988,2026-04-06,SEC_KOTA_RATL,170.0,170.3,93.7,1,1,0.527,CLEAR,False,0,16
12988,2026-04-06,SEC_RATL_BRC,165.0,175.2,89.4,1,11,0.691,RAIN,False,0,18
12988,2026-04-06,SEC_BRC_MMCT,250.0,256.0,91.9,1,7,0.431,FOG,False,0,20
12910,2026-04-06,SEC_NDLS_MTJ,95.0,123.7,68.4,10,39,0.387,STORM,True,0,21
12910,2026-04-06,SEC_MTJ_BTE,25.0,46.3,44.1,10,31,0.307,FOG,False,0,23
12910,2026-04-06,SEC_BTE_GGC,75.0,71.2,100.3,10,10,0.177,CLEAR,False,0,1
12910,2026-04-06,SEC_GGC_SWM,42.0,45.0,85.3,10,13,0.526,CLEAR,False,0,3
12910,2026-04-06,SEC_SWM_KOTA,65.0,65.4,99.1,10,10,0.481,CLEAR,False,0,5
12910,2026-04-06,SEC_KOTA_RATL,170.0,171.1,93.3,10,11,0.448,CLEAR,False,0,7
12910,2026-04-06,SEC_RATL_BRC,165.0,168.7,92.8,10,14,0.438,CLEAR,False,0,9
12910,2026-04-06,SEC_BRC_MMCT,250.0,287.4,81.8,10,47,0.226,STORM,True,0,11
12952,2026-04-07,SEC_NDLS_MTJ,95.0,95.4,88.7,0,0,0.281,CLEAR,False,1,16
12952,2026-04-07,SEC_MTJ_BTE,25.0,29.2,69.9,0,4,0.391,CLEAR,False,1,18
12952,2026-04-07,SEC_BTE_GGC,75.0,117.3,60.9,0,42,0.292,STORM,True,1,20
12952,2026-04-07,SEC_GGC_SWM,42.0,41.8,91.9,0,0,0.26,CLEAR,False,1,22
12952,2026-04-07,SEC_SWM_KOTA,65.0,92.7,69.9,0,28,0.351,FOG,False,1,0
12952,2026-04-07,SEC_KOTA_RATL,170.0,165.0,96.7,0,0,0.399,CLEAR,False,1,2
12952,2026-04-07,SEC_RATL_BRC,165.0,157.8,99.2,0,0,0.336,CLEAR,False,1,4
12952,2026-04-07,SEC_BRC_MMCT,250.0,260.5,90.3,0,10,0.493,RAIN,False,1,6
12413,2026-04-07,SEC_NDLS_MTJ,95.0,97.2,87.0,3,5,0.537,CLEAR,False,1,7
12413,2026-04-07,SEC_MTJ_BTE,25.0,31.7,64.4,3,10,0.332,RAIN,False,1,9
12413,2026-04-07,SEC_BTE_GGC,75.0,86.5,82.5,3,15,0.171,RAIN,False,1,11
12413,2026-04-07,SEC_GGC_SWM,42.0,42.7,89.9,3,4,0.405,CLEAR,False,1,13
12413,2026-04-07,SEC_SWM_KOTA,65.0,72.5,89.4,3,11,0.412,CLEAR,False,1,15
12413,2026-04-07,SEC_KOTA_RATL,170.0,198.1,80.6,3,31,0.544,FOG,False,1,17
12413,2026-04-07,SEC_RATL_BRC,165.0,168.5,92.9,3,7,0.438,RAIN,False,1,19
12413,2026-04-07,SEC_BRC_MMCT,250.0,252.0,93.3,3,5,0.535,CLEAR,False,1,21
19020,2026-04-07,SEC_NDLS_MTJ,95.0,103.2,82.0,10,18,0.533,RAIN,False,1,23
19020,2026-04-07,SEC_MTJ_BTE,25.0,25.8,79.1,10,11,0.245,CLEAR,False,1,1
19020,2026-04-07,SEC_BTE_GGC,75.0,90.9,78.5,10,26,0.191,FOG,False,1,3
19020,2026-04-07,SEC_GGC_SWM,42.0,96.0,40.0,10,64,0.536,STORM,True,1,5
19020,2026-04-07,SEC_SWM_KOTA,65.0,82.0,79.0,10,27,0.288,FOG,False,1,7
19020,2026-04-07,SEC_KOTA_RATL,170.0,244.0,65.4,10,84,0.508,STORM,True,1,9
19020,2026-04-07,SEC_RATL_BRC,165.0,174.7,89.6,10,20,0.235,CLEAR,False,1,11
19020,2026-04-07,SEC_BRC_MMCT,250.0,250.7,93.8,10,11,0.436,CLEAR,False,1,13
12988,2026-04-07,SEC_NDLS_MTJ,95.0,129.0,65.6,4,38,0.426,STORM,True,1,6
12988,2026-04-07,SEC_MTJ_BTE,25.0,69.3,29.4,4,48,0.147,STORM,True,1,8
12988,2026-04-07,SEC_BTE_GGC,75.0,81.1,88.0,4,10,0.437,RAIN,False,1,10
12988,2026-04-07,SEC_GGC_SWM,42.0,50.3,76.3,4,12,0.24,RAIN,False,1,12
12988,2026-04-07,SEC_SWM_KOTA,65.0,134.3,48.3,4,73,0.562,STORM,True,1,14
12988,2026-04-07,SEC_KOTA_RATL,170.0,181.4,88.0,4,15,0.554,FOG,False,1,16
12988,2026-04-07,SEC_RATL_BRC,165.0,164.3,95.3,4,4,0.239,CLEAR,False,1,18
12988,2026-04-07,SEC_BRC_MMCT,250.0,237.5,99.0,4,4,0.122,CLEAR,False,1,20
12910,2026-04-07,SEC_NDLS_MTJ,95.0,92.7,91.3,10,10,0.106,CLEAR,False,1,21
12910,2026-04-07,SEC_MTJ_BTE,25.0,35.9,56.8,10,21,0.634,RAIN,False,1,23
12910,2026-04-07,SEC_BTE_GGC,75.0,73.5,97.1,10,10,0.539,CLEAR,False,1,1
12910,2026-04-07,SEC_GGC_SWM,42.0,100.5,38.2,10,68,0.554,STORM,True,1,3
12910,2026-04-07,SEC_SWM_KOTA,65.0,90.1,71.9,10,35,0.34,RAIN,False,1,5
12910,2026-04-07,SEC_KOTA_RATL,170.0,208.6,76.5,10,49,0.552,FOG,False,1,7
12910,2026-04-07,SEC_RATL_BRC,165.0,168.2,93.1,10,13,0.316,CLEAR,False,1,9
12910,2026-04-07,SEC_BRC_MMCT,250.0,325.9,72.2,10,86,0.562,STORM,True,1,11
12952,2026-04-08,SEC_NDLS_MTJ,95.0,90.2,93.8,0,0,0.387,CLEAR,False,2,16
12952,2026-04-08,SEC_MTJ_BTE,25.0,36.1,56.5,0,11,0.595,RAIN,False,2,18
12952,2026-04-08,SEC_BTE_GGC,75.0,71.2,100.3,0,0,0.417,CLEAR,False,2,20
12952,2026-04-08,SEC_GGC_SWM,42.0,47.7,80.5,0,6,0.19,CLEAR,False,2,22
12952,2026-04-08,SEC_SWM_KOTA,65.0,69.4,93.4,0,4,0.393,CLEAR,False,2,0
12952,2026-04-08,SEC_KOTA_RATL,170.0,173.1,92.2,0,3,0.377,RAIN,False,2,2
12952,2026-04-08,SEC_RATL_BRC,165.0,173.8,90.1,0,9,0.447,CLEAR,False,2,4
12952,2026-04-08,SEC_BRC_MMCT,250.0,253.4,92.8,0,3,0.383,CLEAR,False,2,6
12413,2026-04-08,SEC_NDLS_MTJ,95.0,130.1,65.0,5,40,0.488,STORM,True,2,7
12413,2026-04-08,SEC_MTJ_BTE,25.0,77.1,26.5,5,57,0.678,STORM,True,2,9
12413,2026-04-08,SEC_BTE_GGC,75.0,96.7,73.8,5,27,0.176,RAIN,False,2,11
12413,2026-04-08,SEC_GGC_SWM,42.0,77.5,49.5,5,41,0.427,STORM,True,2,13
12413,2026-04-08,SEC_SWM_KOTA,65.0,67.0,96.7,5,7,0.625,CLEAR,False,2,15
12413,2026-04-08,SEC_KOTA_RATL,170.0,167.9,95.1,5,5,0.14,CLEAR,False,2,17
12413,2026-04-08,SEC_RATL_BRC,165.0,156.8,99.9,5,5,0.127,CLEAR,False,2,19
12413,2026-04-08,SEC_BRC_MMCT,250.0,258.2,91.1,5,13,0.65,CLEAR,False,2,21
19020,2026-04-08,SEC_NDLS_MTJ,95.0,93.6,90.4,4,4,0.186,CLEAR,False,2,23
19020,2026-04-08,SEC_MTJ_BTE,25.0,79.4,25.7,4,58,0.647,STORM,True,2,1
19020,2026-04-08,SEC_BTE_GGC,75.0,124.2,57.5,4,53,0.503,STORM,True,2,3
19020,2026-04-08,SEC_GGC_SWM,42.0,58.4,65.8,4,20,0.235,FOG,False,2,5
19020,2026-04-08,SEC_SWM_KOTA,65.0,66.6,97.3,4,6,0.681,CLEAR,False,2,7
19020,2026-04-08,SEC_KOTA_RATL,170.0,184.9,86.3,4,19,0.155,FOG,False,2,9
19020,2026-04-08,SEC_RATL_BRC,165.0,215.0,72.8,4,54,0.463,STORM,True,2,11
19020,2026-04-08,SEC_BRC_MMCT,250.0,253.1,92.9,4,7,0.3,CLEAR,False,2,13
12988,2026-04-08,SEC_NDLS_MTJ,95.0,105.5,80.2,5,15,0.553,CLEAR,False,2,6
12988,2026-04-08,SEC_MTJ_BTE,25.0,24.1,84.6,5,5,0.328,CLEAR,False,2,8
12988,2026-04-08,SEC_BTE_GGC,75.0,84.6,84.4,5,15,0.38,RAIN,False,2,10
12988,2026-04-08,SEC_GGC_SWM,42.0,39.9,96.2,5,5,0.438,CLEAR,False,2,12
12988,2026-04-08,SEC_SWM_KOTA,65.0,79.1,81.9,5,19,0.351,RAIN,False,2,14
12988,2026-04-08,SEC_KOTA_RATL,170.0,226.8,70.4,5,62,0.666,STORM,True,2,16
12988,2026-04-08,SEC_RATL_BRC,165.0,225.7,69.4,5,66,0.394,STORM,True,2,18
12988,2026-04-08,SEC_BRC_MMCT,250.0,283.2,83.1,5,38,0.674,RAIN,False,2,20
12910,2026-04-08,SEC_NDLS_MTJ,95.0,99.7,84.9,10,15,0.347,CLEAR,False,2,21
12910,2026-04-08,SEC_MTJ_BTE,25.0,26.5,77.0,10,12,0.483,CLEAR,False,2,23
12910,2026-04-08,SEC_BTE_GGC,75.0,105.5,67.7,10,40,0.431,CLEAR,True,2,1
12910,2026-04-08,SEC_GGC_SWM,42.0,99.3,38.7,10,67,0.358,STORM,True,2,3
12910,2026-04-08,SEC_SWM_KOTA,65.0,69.1,93.8,10,14,0.416,CLEAR,False,2,5
12910,2026-04-08,SEC_KOTA_RATL,170.0,176.3,90.5,10,16,0.518,RAIN,False,2,7
12910,2026-04-08,SEC_RATL_BRC,165.0,202.6,77.3,10,48,0.556,STORM,True,2,9
12910,2026-04-08,SEC_BRC_MMCT,250.0,270.1,87.1,10,30,0.487,FOG,False,2,11
12952,2026-04-09,SEC_NDLS_MTJ,95.0,91.9,92.1,0,0,0.641,CLEAR,False,3,16
12952,2026-04-09,SEC_MTJ_BTE,25.0,23.8,85.7,0,0,0.438,CLEAR,False,3,18
12952,2026-04-09,SEC_BTE_GGC,75.0,73.8,96.7,0,0,0.551,CLEAR,False,3,20
12952,2026-04-09,SEC_GGC_SWM,42.0,49.5,77.6,0,8,0.424,FOG,False,3,22
12952,2026-04-09,SEC_SWM_KOTA,65.0,101.2,64.0,0,36,0.534,STORM,True,3,0
12952,2026-04-09,SEC_KOTA_RATL,170.0,173.1,92.2,0,3,0.338,RAIN,False,3,2
12952,2026-04-09,SEC_RATL_BRC,165.0,190.1,82.4,0,25,0.313,FOG,False,3,4
12952,2026-04-09,SEC_BRC_MMCT,250.0,250.3,94.0,0,0,0.248,RAIN,False,3,6
12413,2026-04-09,SEC_NDLS_MTJ,95.0,96.4,87.8,5,6,0.29,CLEAR,False,3,7
12413,2026-04-09,SEC_MTJ_BTE,25.0,26.2,77.9,5,6,0.359,CLEAR,False,3,9
12413,2026-04-09,SEC_BTE_GGC,75.0,71.9,99.3,5,5,0.156,CLEAR,False,3,11
12413,2026-04-09,SEC_GGC_SWM,42.0,41.6,92.3,5,5,0.436,CLEAR,False,3,13
12413,2026-04-09,SEC_SWM_KOTA,65.0,109.7,59.1,5,50,0.328,STORM,True,3,15
12413,2026-04-09,SEC_KOTA_RATL,170.0,196.6,81.2,5,32,0.317,FOG,False,3,17
12413,2026-04-09,SEC_RATL_BRC,165.0,165.9,94.4,5,6,0.164,RAIN,False,3,19
12413,2026-04-09,SEC_BRC_MMCT,250.0,281.7,83.5,5,37,0.358,CLEAR,False,3,21
19020,2026-04-09,SEC_NDLS_MTJ,95.0,94.0,90.0,4,4,0.517,CLEAR,False,3,23
19020,2026-04-09,SEC_MTJ_BTE,25.0,73.8,27.6,4,53,0.395,STORM,True,3,1
19020,2026-04-09,SEC_BTE_GGC,75.0,92.0,77.6,4,21,0.659,FOG,False,3,3
19020,2026-04-09,SEC_GGC_SWM,42.0,97.2,39.5,4,59,0.377,STORM,True,3,5
19020,2026-04-09,SEC_SWM_KOTA,65.0,72.2,89.8,4,11,0.184,FOG,False,3,7
19020,2026-04-09,SEC_KOTA_RATL,170.0,190.6,83.7,4,25,0.388,FOG,False,3,9
19020,2026-04-09,SEC_RATL_BRC,165.0,246.1,63.6,4,85,0.351,STORM,True,3,11
19020,2026-04-09,SEC_BRC_MMCT,250.0,261.0,90.1,4,15,0.495,CLEAR,False,3,13
12988,2026-04-09,SEC_NDLS_MTJ,95.0,131.6,64.3,5,42,0.488,STORM,True,3,6
12988,2026-04-09,SEC_MTJ_BTE,25.0,66.6,30.6,5,47,0.411,STORM,True,3,8
12988,2026-04-09,SEC_BTE_GGC,75.0,121.5,58.8,5,51,0.453,STORM,True,3,10
12988,2026-04-09,SEC_GGC_SWM,42.0,43.6,88.1,5,7,0.538,CLEAR,False,3,12
12988,2026-04-09,SEC_SWM_KOTA,65.0,64.7,100.2,5,5,0.386,RAIN,False,3,14
12988,2026-04-09,SEC_KOTA_RATL,170.0,197.4,80.9,5,32,0.306,CLEAR,True,3,16
12988,2026-04-09,SEC_RATL_BRC,165.0,156.8,99.9,5,5,0.196,RAIN,False,3,18
12988,2026-04-09,SEC_BRC_MMCT,250.0,291.9,80.6,5,47,0.494,STORM,True,3,20
12910,2026-04-09,SEC_NDLS_MTJ,95.0,128.6,65.8,6,40,0.229,FOG,True,3,21
12910,2026-04-09,SEC_MTJ_BTE,25.0,30.8,66.2,6,12,0.375,CLEAR,False,3,23
12910,2026-04-09,SEC_BTE_GGC,75.0,110.3,64.7,6,41,0.288,STORM,True,3,1
12910,2026-04-09,SEC_GGC_SWM,42.0,74.7,51.4,6,39,0.524,STORM,True,3,3
12910,2026-04-09,SEC_SWM_KOTA,65.0,64.1,101.1,6,6,0.17,CLEAR,False,3,5
12910,2026-04-09,SEC_KOTA_RATL,170.0,192.2,83.0,6,28,0.481,FOG,False,3,7
12910,2026-04-09,SEC_RATL_BRC,165.0,184.8,84.7,6,26,0.273,RAIN,False,3,9
12910,2026-04-09,SEC_BRC_MMCT,250.0,296.6,79.3,6,53,0.589,FOG,False,3,11
12952,2026-04-10,SEC_NDLS_MTJ,95.0,97.7,86.6,0,3,0.604,FOG,False,4,16
12952,2026-04-10,SEC_MTJ_BTE,25.0,25.1,81.3,0,0,0.273,CLEAR,False,4,18
12952,2026-04-10,SEC_BTE_GGC,75.0,98.9,72.2,0,24,0.168,FOG,False,4,20
12952,2026-04-10,SEC_GGC_SWM,42.0,45.8,83.8,0,4,0.365,CLEAR,False,4,22
12952,2026-04-10,SEC_SWM_KOTA,65.0,110.2,58.8,0,45,0.551,STORM,True,4,0
12952,2026-04-10,SEC_KOTA_RATL,170.0,206.5,77.3,0,36,0.242,CLEAR,False,4,2
12952,2026-04-10,SEC_RATL_BRC,165.0,205.4,76.2,0,40,0.466,STORM,True,4,4
12952,2026-04-10,SEC_BRC_MMCT,250.0,267.4,88.0,0,17,0.423,RAIN,False,4,6
12413,2026-04-10,SEC_NDLS_MTJ,95.0,121.9,69.4,2,29,0.508,RAIN,False,4,7
12413,2026-04-10,SEC_MTJ_BTE,25.0,83.8,24.3,2,61,0.176,STORM,True,4,9
12413,2026-04-10,SEC_BTE_GGC,75.0,118.8,60.1,2,46,0.336,STORM,True,4,11
12413,2026-04-10,SEC_GGC_SWM,42.0,47.3,81.2,2,7,0.55,CLEAR,False,4,13
12413,2026-04-10,SEC_SWM_KOTA,65.0,82.5,78.5,2,20,0.101,FOG,False,4,15
12413,2026-04-10,SEC_KOTA_RATL,170.0,161.5,98.8,2,2,0.577,CLEAR,False,4,17
12413,2026-04-10,SEC_RATL_BRC,165.0,173.4,90.3,2,10,0.597,FOG,False,4,19
12413,2026-04-10,SEC_BRC_MMCT,250.0,310.8,75.7,2,63,0.557,STORM,True,4,21
19020,2026-04-10,SEC_NDLS_MTJ,95.0,98.0,86.3,2,5,0.695,FOG,False,4,23
19020,2026-04-10,SEC_MTJ_BTE,25.0,30.3,67.3,2,7,0.316,CLEAR,False,4,1
19020,2026-04-10,SEC_BTE_GGC,75.0,75.6,94.4,2,3,0.283,CLEAR,False,4,3
19020,2026-04-10,SEC_GGC_SWM,42.0,55.2,69.6,2,15,0.456,FOG,False,4,5
19020,2026-04-10,SEC_SWM_KOTA,65.0,66.8,97.0,2,4,0.693,CLEAR,False,4,7
19020,2026-04-10,SEC_KOTA_RATL,170.0,174.4,91.5,2,6,0.321,CLEAR,False,4,9
19020,2026-04-10,SEC_RATL_BRC,165.0,179.7,87.1,2,17,0.506,CLEAR,False,4,11
19020,2026-04-10,SEC_BRC_MMCT,250.0,258.3,91.1,2,10,0.191,CLEAR,False,4,13
12988,2026-04-10,SEC_NDLS_MTJ,95.0,94.7,89.3,0,0,0.174,CLEAR,False,4,6
12988,2026-04-10,SEC_MTJ_BTE,25.0,74.7,27.3,0,50,0.151,STORM,True,4,8
12988,2026-04-10,SEC_BTE_GGC,75.0,115.6,61.8,0,41,0.116,STORM,True,4,10
12988,2026-04-10,SEC_GGC_SWM,42.0,74.1,51.8,0,32,0.133,STORM,True,4,12
12988,2026-04-10,SEC_SWM_KOTA,65.0,76.4,84.8,0,11,0.143,FOG,False,4,14
12988,2026-04-10,SEC_KOTA_RATL,170.0,177.5,89.9,0,8,0.428,RAIN,False,4,16
12988,2026-04-10,SEC_RATL_BRC,165.0,183.9,85.2,0,19,0.141,CLEAR,True,4,18
12988,2026-04-10,SEC_BRC_MMCT,250.0,263.6,89.2,0,14,0.354,RAIN,False,4,20
12910,2026-04-10,SEC_NDLS_MTJ,95.0,111.7,75.7,2,19,0.147,CLEAR,False,4,21
12910,2026-04-10,SEC_MTJ_BTE,25.0,80.7,25.3,2,58,0.509,STORM,True,4,23
12910,2026-04-10,SEC_BTE_GGC,75.0,84.1,84.9,2,11,0.655,CLEAR,False,4,1
12910,2026-04-10,SEC_GGC_SWM,42.0,48.2,79.7,2,8,0.525,CLEAR,False,4,3
12910,2026-04-10,SEC_SWM_KOTA,65.0,79.1,81.9,2,16,0.594,RAIN,False,4,5
12910,2026-04-10,SEC_KOTA_RATL,170.0,180.3,88.5,2,12,0.118,CLEAR,False,4,7
12910,2026-04-10,SEC_RATL_BRC,165.0,208.3,75.2,2,45,0.685,STORM,True,4,9
12910,2026-04-10,SEC_BRC_MMCT,250.0,239.8,98.1,2,2,0.162,CLEAR,False,4,11
12952,2026-04-11,SEC_NDLS_MTJ,95.0,95.3,88.8,0,0,0.79,CLEAR,False,5,16
12952,2026-04-11,SEC_MTJ_BTE,25.0,27.6,73.9,0,3,0.831,CLEAR,False,5,18
12952,2026-04-11,SEC_BTE_GGC,75.0,84.8,84.2,0,10,0.356,FOG,False,5,20
12952,2026-04-11,SEC_GGC_SWM,42.0,39.9,96.2,0,0,0.885,CLEAR,False,5,22
12952,2026-04-11,SEC_SWM_KOTA,65.0,69.7,93.0,0,5,0.349,CLEAR,False,5,0
12952,2026-04-11,SEC_KOTA_RATL,170.0,224.2,71.2,0,54,0.598,STORM,True,5,2
12952,2026-04-11,SEC_RATL_BRC,165.0,166.6,94.0,0,2,0.537,CLEAR,False,5,4
12952,2026-04-11,SEC_BRC_MMCT,250.0,276.9,84.9,0,27,0.772,STORM,True,5,6
12413,2026-04-11,SEC_NDLS_MTJ,95.0,151.1,56.0,5,61,0.346,STORM,True,5,7
12413,2026-04-11,SEC_MTJ_BTE,25.0,33.9,60.2,5,14,0.837,CLEAR,False,5,9
12413,2026-04-11,SEC_BTE_GGC,75.0,71.9,99.3,5,5,0.698,CLEAR,False,5,11
12413,2026-04-11,SEC_GGC_SWM,42.0,42.7,89.9,5,6,0.871,CLEAR,False,5,13
12413,2026-04-11,SEC_SWM_KOTA,65.0,71.5,90.6,5,11,0.688,FOG,False,5,15
12413,2026-04-11,SEC_KOTA_RATL,170.0,183.6,86.9,5,19,0.185,RAIN,False,5,17
12413,2026-04-11,SEC_RATL_BRC,165.0,163.0,96.1,5,5,0.266,CLEAR,False,5,19
12413,2026-04-11,SEC_BRC_MMCT,250.0,294.5,79.9,5,49,0.658,STORM,True,5,21
19020,2026-04-11,SEC_NDLS_MTJ,95.0,92.1,91.9,2,2,0.139,CLEAR,False,5,23
19020,2026-04-11,SEC_MTJ_BTE,25.0,41.2,49.5,2,18,0.3,RAIN,False,5,1
19020,2026-04-11,SEC_BTE_GGC,75.0,79.9,89.4,2,7,0.725,CLEAR,False,5,3
19020,2026-04-11,SEC_GGC_SWM,42.0,46.0,83.5,2,6,0.307,CLEAR,False,5,5
19020,2026-04-11,SEC_SWM_KOTA,65.0,107.1,60.5,2,44,0.455,STORM,True,5,7
19020,2026-04-11,SEC_KOTA_RATL,170.0,188.4,84.7,2,20,0.447,CLEAR,False,5,9
19020,2026-04-11,SEC_RATL_BRC,165.0,188.0,83.3,2,25,0.272,FOG,False,5,11
19020,2026-04-11,SEC_BRC_MMCT,250.0,263.0,89.4,2,15,0.499,CLEAR,False,5,13
12988,2026-04-11,SEC_NDLS_MTJ,95.0,98.3,86.1,3,6,0.614,CLEAR,False,5,6
12988,2026-04-11,SEC_MTJ_BTE,25.0,37.6,54.3,3,16,0.387,FOG,False,5,8
12988,2026-04-11,SEC_BTE_GGC,75.0,92.9,76.9,3,21,0.316,RAIN,False,5,10
12988,2026-04-11,SEC_GGC_SWM,42.0,64.9,59.2,3,26,0.713,FOG,False,5,12
12988,2026-04-11,SEC_SWM_KOTA,65.0,113.7,57.0,3,52,0.293,STORM,True,5,14
12988,2026-04-11,SEC_KOTA_RATL,170.0,186.3,85.7,3,19,0.771,FOG,False,5,16
12988,2026-04-11,SEC_RATL_BRC,165.0,215.7,72.6,3,54,0.658,STORM,True,5,18
12988,2026-04-11,SEC_BRC_MMCT,250.0,250.6,93.9,3,4,0.748,CLEAR,False,5,20
12910,2026-04-11,SEC_NDLS_MTJ,95.0,106.0,79.8,0,11,0.581,CLEAR,False,5,21
12910,2026-04-11,SEC_MTJ_BTE,25.0,30.3,67.3,0,5,0.835,CLEAR,False,5,23
12910,2026-04-11,SEC_BTE_GGC,75.0,84.6,84.4,0,10,0.213,RAIN,False,5,1
12910,2026-04-11,SEC_GGC_SWM,42.0,76.2,50.4,0,34,0.416,STORM,True,5,3
12910,2026-04-11,SEC_SWM_KOTA,65.0,87.9,73.7,0,23,0.869,FOG,False,5,5
12910,2026-04-11,SEC_KOTA_RATL,170.0,168.4,94.8,0,0,0.571,CLEAR,False,5,7
12910,2026-04-11,SEC_RATL_BRC,165.0,161.7,96.8,0,0,0.101,CLEAR,False,5,9
12910,2026-04-11,SEC_BRC_MMCT,250.0,238.4,98.7,0,0,0.837,CLEAR,False,5,11
12952,2026-04-12,SEC_NDLS_MTJ,95.0,91.7,92.3,0,0,0.162,CLEAR,False,6,16
12952,2026-04-12,SEC_MTJ_BTE,25.0,60.6,33.7,0,36,0.611,STORM,True,6,18
12952,2026-04-12,SEC_BTE_GGC,75.0,74.7,95.6,0,0,0.73,CLEAR,False,6,20
12952,2026-04-12,SEC_GGC_SWM,42.0,54.2,70.8,0,12,0.403,FOG,False,6,22
12952,2026-04-12,SEC_SWM_KOTA,65.0,71.7,90.4,0,7,0.65,RAIN,False,6,0
12952,2026-04-12,SEC_KOTA_RATL,170.0,173.3,92.1,0,3,0.236,CLEAR,False,6,2
12952,2026-04-12,SEC_RATL_BRC,165.0,177.2,88.4,0,12,0.888,CLEAR,False,6,4
12952,2026-04-12,SEC_BRC_MMCT,250.0,245.1,96.0,0,0,0.181,FOG,False,6,6
12413,2026-04-12,SEC_NDLS_MTJ,95.0,138.7,61.0,5,49,0.532,STORM,True,6,7
12413,2026-04-12,SEC_MTJ_BTE,25.0,24.7,82.6,5,5,0.442,CLEAR,False,6,9
12413,2026-04-12,SEC_BTE_GGC,75.0,71.2,100.3,5,5,0.266,CLEAR,False,6,11
12413,2026-04-12,SEC_GGC_SWM,42.0,43.3,88.7,5,6,0.629,FOG,False,6,13
12413,2026-04-12,SEC_SWM_KOTA,65.0,74.3,87.2,5,14,0.457,FOG,False,6,15
12413,2026-04-12,SEC_KOTA_RATL,170.0,236.1,67.6,5,71,0.634,STORM,True,6,17
12413,2026-04-12,SEC_RATL_BRC,165.0,165.4,94.7,5,5,0.149,RAIN,False,6,19
12413,2026-04-12,SEC_BRC_MMCT,250.0,273.1,86.1,5,28,0.481,RAIN,False,6,21
19020,2026-04-12,SEC_NDLS_MTJ,95.0,105.2,80.4,8,18,0.74,RAIN,False,6,23
19020,2026-04-12,SEC_MTJ_BTE,25.0,26.6,76.7,8,10,0.747,CLEAR,False,6,1
19020,2026-04-12,SEC_BTE_GGC,75.0,93.4,76.4,8,26,0.758,FOG,False,6,3
19020,2026-04-12,SEC_GGC_SWM,42.0,48.1,79.8,8,14,0.418,CLEAR,False,6,5
19020,2026-04-12,SEC_SWM_KOTA,65.0,63.4,102.2,8,8,0.598,CLEAR,False,6,7
19020,2026-04-12,SEC_KOTA_RATL,170.0,171.8,92.9,8,10,0.55,CLEAR,False,6,9
19020,2026-04-12,SEC_RATL_BRC,165.0,159.5,98.2,8,8,0.311,CLEAR,False,6,11
19020,2026-04-12,SEC_BRC_MMCT,250.0,250.6,93.9,8,9,0.655,RAIN,False,6,13
12988,2026-04-12,SEC_NDLS_MTJ,95.0,98.6,85.8,1,5,0.837,CLEAR,False,6,6
12988,2026-04-12,SEC_MTJ_BTE,25.0,46.2,44.2,1,22,0.648,FOG,False,6,8
12988,2026-04-12,SEC_BTE_GGC,75.0,109.5,65.2,1,35,0.454,STORM,True,6,10
12988,2026-04-12,SEC_GGC_SWM,42.0,59.8,64.2,1,19,0.708,FOG,False,6,12
12988,2026-04-12,SEC_SWM_KOTA,65.0,61.8,104.9,1,1,0.668,CLEAR,False,6,14
12988,2026-04-12,SEC_KOTA_RATL,170.0,180.8,88.3,1,12,0.3,CLEAR,False,6,16
12988,2026-04-12,SEC_RATL_BRC,165.0,156.8,99.9,1,1,0.471,CLEAR,False,6,18
12988,2026-04-12,SEC_BRC_MMCT,250.0,284.4,82.7,1,35,0.796,FOG,False,6,20
12910,2026-04-12,SEC_NDLS_MTJ,95.0,147.1,57.5,4,56,0.765,STORM,True,6,21
12910,2026-04-12,SEC_MTJ_BTE,25.0,29.1,70.1,4,8,0.642,CLEAR,False,6,23
12910,2026-04-12,SEC_BTE_GGC,75.0,124.8,57.2,4,54,0.107,STORM,True,6,1
12910,2026-04-12,SEC_GGC_SWM,42.0,43.5,88.3,4,6,0.667,CLEAR,False,6,3
12910,2026-04-12,SEC_SWM_KOTA,65.0,74.7,86.7,4,14,0.473,FOG,False,6,5
12910,2026-04-12,SEC_KOTA_RATL,170.0,201.2,79.3,4,35,0.873,STORM,True,6,7
12910,2026-04-12,SEC_RATL_BRC,165.0,235.2,66.6,4,74,0.186,STORM,True,6,9
12910,2026-04-12,SEC_BRC_MMCT,250.0,326.8,72.0,4,81,0.339,STORM,True,6,11
12952,2026-04-13,SEC_NDLS_MTJ,95.0,113.2,74.7,0,18,0.508,FOG,False,0,16
12952,2026-04-13,SEC_MTJ_BTE,25.0,41.6,49.0,0,17,0.45,FOG,False,0,18
12952,2026-04-13,SEC_BTE_GGC,75.0,116.5,61.3,0,42,0.233,STORM,True,0,20
12952,2026-04-13,SEC_GGC_SWM,42.0,71.3,53.9,0,29,0.626,STORM,True,0,22
12952,2026-04-13,SEC_SWM_KOTA,65.0,69.3,93.5,0,4,0.21,RAIN,False,0,0
12952,2026-04-13,SEC_KOTA_RATL,170.0,161.8,98.6,0,0,0.632,CLEAR,False,0,2
12952,2026-04-13,SEC_RATL_BRC,165.0,156.8,99.9,0,0,0.62,CLEAR,False,0,4
12952,2026-04-13,SEC_BRC_MMCT,250.0,280.6,83.8,0,31,0.329,STORM,True,0,6
12413,2026-04-13,SEC_NDLS_MTJ,95.0,102.5,82.5,1,9,0.442,CLEAR,False,0,7
12413,2026-04-13,SEC_MTJ_BTE,25.0,35.3,57.8,1,11,0.692,FOG,False,0,9
12413,2026-04-13,SEC_BTE_GGC,75.0,76.1,93.8,1,2,0.201,CLEAR,False,0,11
12413,2026-04-13,SEC_GGC_SWM,42.0,71.4,53.8,1,30,0.358,STORM,True,0,13
12413,2026-04-13,SEC_SWM_KOTA,65.0,120.9,53.6,1,57,0.324,STORM,True,0,15
12413,2026-04-13,SEC_KOTA_RATL,170.0,172.7,92.4,1,4,0.626,CLEAR,False,0,17
12413,2026-04-13,SEC_RATL_BRC,165.0,164.3,95.3,1,1,0.594,CLEAR,False,0,19
12413,2026-04-13,SEC_BRC_MMCT,250.0,297.8,79.0,1,49,0.697,STORM,True,0,21
19020,2026-04-13,SEC_NDLS_MTJ,95.0,105.6,80.1,6,17,0.536,CLEAR,False,0,23
19020,2026-04-13,SEC_MTJ_BTE,25.0,84.1,24.3,6,65,0.575,STORM,True,0,1
19020,2026-04-13,SEC_BTE_GGC,75.0,84.2,84.8,6,15,0.497,RAIN,False,0,3
19020,2026-04-13,SEC_GGC_SWM,42.0,53.8,71.4,6,18,0.521,RAIN,False,0,5
19020,2026-04-13,SEC_SWM_KOTA,65.0,74.2,87.3,6,15,0.497,FOG,False,0,7
19020,2026-04-13,SEC_KOTA_RATL,170.0,232.2,68.7,6,68,0.471,STORM,True,0,9
19020,2026-04-13,SEC_RATL_BRC,165.0,162.7,96.3,6,6,0.684,CLEAR,False,0,11
19020,2026-04-13,SEC_BRC_MMCT,250.0,319.8,73.5,6,76,0.66,STORM,True,0,13
12988,2026-04-13,SEC_NDLS_MTJ,95.0,163.8,51.6,4,73,0.396,STORM,True,0,6
12988,2026-04-13,SEC_MTJ_BTE,25.0,36.5,55.9,4,16,0.278,FOG,False,0,8
12988,2026-04-13,SEC_BTE_GGC,75.0,73.6,97.0,4,4,0.316,CLEAR,False,0,10
12988,2026-04-13,SEC_GGC_SWM,42.0,40.3,95.3,4,4,0.498,CLEAR,False,0,12
12988,2026-04-13,SEC_SWM_KOTA,65.0,70.0,92.6,4,9,0.54,RAIN,False,0,14
12988,2026-04-13,SEC_KOTA_RATL,170.0,189.1,84.4,4,23,0.387,FOG,False,0,16
12988,2026-04-13,SEC_RATL_BRC,165.0,170.9,91.6,4,10,0.135,CLEAR,False,0,18
12988,2026-04-13,SEC_BRC_MMCT,250.0,301.3,78.1,4,55,0.363,STORM,True,0,20
12910,2026-04-13,SEC_NDLS_MTJ,95.0,102.8,82.3,10,18,0.393,CLEAR,False,0,21
12910,2026-04-13,SEC_MTJ_BTE,25.0,70.7,28.9,10,56,0.415,STORM,True,0,23
12910,2026-04-13,SEC_BTE_GGC,75.0,74.2,96.2,10,10,0.513,CLEAR,False,0,1
12910,2026-04-13,SEC_GGC_SWM,42.0,90.2,42.6,10,58,0.331,STORM,True,0,3
12910,2026-04-13,SEC_SWM_KOTA,65.0,110.6,58.6,10,56,0.661,STORM,True,0,5
12910,2026-04-13,SEC_KOTA_RATL,170.0,170.4,93.7,10,10,0.13,CLEAR,False,0,7
12910,2026-04-13,SEC_RATL_BRC,165.0,163.4,95.8,10,10,0.367,CLEAR,False,0,9
12910,2026-04-13,SEC_BRC_MMCT,250.0,287.3,81.9,10,47,0.492,STORM,True,0,11
12952,2026-04-14,SEC_NDLS_MTJ,95.0,108.7,77.8,0,14,0.483,RAIN,False,1,16
12952,2026-04-14,SEC_MTJ_BTE,25.0,23.8,85.7,0,0,0.607,CLEAR,False,1,18
12952,2026-04-14,SEC_BTE_GGC,75.0,120.1,59.5,0,45,0.494,STORM,True,1,20
12952,2026-04-14,SEC_GGC_SWM,42.0,40.4,95.0,0,0,0.324,CLEAR,False,1,22
12952,2026-04-14,SEC_SWM_KOTA,65.0,109.7,59.1,0,45,0.546,STORM,True,1,0
12952,2026-04-14,SEC_KOTA_RATL,170.0,174.1,91.7,0,4,0.165,CLEAR,False,1,2
12952,2026-04-14,SEC_RATL_BRC,165.0,163.8,95.6,0,0,0.635,RAIN,False,1,4
12952,2026-04-14,SEC_BRC_MMCT,250.0,298.4,78.8,0,48,0.129,STORM,True,1,6
12413,2026-04-14,SEC_NDLS_MTJ,95.0,149.6,56.6,1,56,0.447,STORM,True,1,7
12413,2026-04-14,SEC_MTJ_BTE,25.0,40.6,50.2,1,17,0.465,FOG,False,1,9
12413,2026-04-14,SEC_BTE_GGC,75.0,79.6,89.7,1,6,0.372,CLEAR,False,1,11
12413,2026-04-14,SEC_GGC_SWM,42.0,86.4,44.4,1,45,0.429,STORM,True,1,13
12413,2026-04-14,SEC_SWM_KOTA,65.0,61.8,104.9,1,1,0.274,CLEAR,False,1,15
12413,2026-04-14,SEC_KOTA_RATL,170.0,193.6,82.4,1,25,0.482,RAIN,False,1,17
12413,2026-04-14,SEC_RATL_BRC,165.0,157.7,99.3,1,1,0.5,RAIN,False,1,19
12413,2026-04-14,SEC_BRC_MMCT,250.0,261.3,90.0,1,12,0.115,CLEAR,False,1,21
19020,2026-04-14,SEC_NDLS_MTJ,95.0,106.9,79.1,2,14,0.188,CLEAR,False,1,23
19020,2026-04-14,SEC_MTJ_BTE,25.0,46.4,44.0,2,23,0.621,FOG,False,1,1
19020,2026-04-14,SEC_BTE_GGC,75.0,83.1,85.9,2,10,0.407,RAIN,False,1,3
19020,2026-04-14,SEC_GGC_SWM,42.0,50.9,75.4,2,11,0.685,FOG,False,1,5
19020,2026-04-14,SEC_SWM_KOTA,65.0,72.2,89.8,2,9,0.621,CLEAR,False,1,7
19020,2026-04-14,SEC_KOTA_RATL,170.0,164.3,97.1,2,2,0.428,CLEAR,False,1,9
19020,2026-04-14,SEC_RATL_BRC,165.0,192.0,81.6,2,29,0.69,CLEAR,False,1,11
19020,2026-04-14,SEC_BRC_MMCT,250.0,266.5,88.3,2,18,0.178,CLEAR,False,1,13
12988,2026-04-14,SEC_NDLS_MTJ,95.0,90.2,93.8,5,5,0.657,CLEAR,False,1,6
12988,2026-04-14,SEC_MTJ_BTE,25.0,30.9,66.0,5,11,0.144,RAIN,False,1,8
12988,2026-04-14,SEC_BTE_GGC,75.0,75.8,94.2,5,6,0.403,RAIN,False,1,10
12988,2026-04-14,SEC_GGC_SWM,42.0,44.9,85.5,5,8,0.276,CLEAR,False,1,12
12988,2026-04-14,SEC_SWM_KOTA,65.0,85.6,75.7,5,26,0.689,RAIN,False,1,14
12988,2026-04-14,SEC_KOTA_RATL,170.0,177.6,89.9,5,13,0.124,RAIN,False,1,16
12988,2026-04-14,SEC_RATL_BRC,165.0,161.8,96.8,5,5,0.424,CLEAR,False,1,18
12988,2026-04-14,SEC_BRC_MMCT,250.0,294.3,79.9,5,49,0.278,FOG,False,1,20
12910,2026-04-14,SEC_NDLS_MTJ,95.0,90.2,93.8,0,0,0.564,CLEAR,False,1,21
12910,2026-04-14,SEC_MTJ_BTE,25.0,83.6,24.4,0,59,0.355,STORM,True,1,23
12910,2026-04-14,SEC_BTE_GGC,75.0,90.8,78.6,0,16,0.664,FOG,False,1,1
12910,2026-04-14,SEC_GGC_SWM,42.0,41.6,92.3,0,0,0.251,CLEAR,False,1,3
12910,2026-04-14,SEC_SWM_KOTA,65.0,82.1,78.9,0,17,0.478,FOG,False,1,5
12910,2026-04-14,SEC_KOTA_RATL,170.0,184.7,86.4,0,15,0.548,RAIN,False,1,7
12910,2026-04-14,SEC_RATL_BRC,165.0,174.0,90.0,0,9,0.572,RAIN,False,1,9
12910,2026-04-14,SEC_BRC_MMCT,250.0,311.3,75.6,0,61,0.118,STORM,True,1,11
12952,2026-04-15,SEC_NDLS_MTJ,95.0,90.2,93.8,0,0,0.186,CLEAR,False,2,16
12952,2026-04-15,SEC_MTJ_BTE,25.0,23.8,85.7,0,0,0.433,CLEAR,False,2,18
12952,2026-04-15,SEC_BTE_GGC,75.0,81.9,87.2,0,7,0.151,RAIN,False,2,20
12952,2026-04-15,SEC_GGC_SWM,42.0,52.6,73.0,0,11,0.21,RAIN,False,2,22
12952,2026-04-15,SEC_SWM_KOTA,65.0,114.7,56.5,0,50,0.58,STORM,True,2,0
12952,2026-04-15,SEC_KOTA_RATL,170.0,161.5,98.8,0,0,0.25,CLEAR,False,2,2
12952,2026-04-15,SEC_RATL_BRC,165.0,176.2,88.9,0,11,0.493,CLEAR,False,2,4
12952,2026-04-15,SEC_BRC_MMCT,250.0,269.0,87.4,0,19,0.516,RAIN,False,2,6
12413,2026-04-15,SEC_NDLS_MTJ,95.0,118.2,71.6,3,26,0.248,CLEAR,True,2,7
12413,2026-04-15,SEC_MTJ_BTE,25.0,39.3,51.9,3,17,0.315,FOG,False,2,9
12413,2026-04-15,SEC_BTE_GGC,75.0,90.3,79.1,3,18,0.268,RAIN,False,2,11
12413,2026-04-15,SEC_GGC_SWM,42.0,69.9,54.9,3,31,0.145,STORM,True,2,13
12413,2026-04-15,SEC_SWM_KOTA,65.0,87.9,73.7,3,26,0.228,FOG,False,2,15
12413,2026-04-15,SEC_KOTA_RATL,170.0,172.5,92.5,3,5,0.234,CLEAR,False,2,17
12413,2026-04-15,SEC_RATL_BRC,165.0,173.1,90.5,3,11,0.154,FOG,False,2,19
12413,2026-04-15,SEC_BRC_MMCT,250.0,295.7,79.5,3,49,0.2,STORM,True,2,21
19020,2026-04-15,SEC_NDLS_MTJ,95.0,94.4,89.6,10,10,0.39,CLEAR,False,2,23
19020,2026-04-15,SEC_MTJ_BTE,25.0,28.7,71.1,10,14,0.411,CLEAR,False,2,1
19020,2026-04-15,SEC_BTE_GGC,75.0,88.4,80.8,10,23,0.489,CLEAR,False,2,3
19020,2026-04-15,SEC_GGC_SWM,42.0,54.8,70.1,10,23,0.204,RAIN,False,2,5
19020,2026-04-15,SEC_SWM_KOTA,65.0,72.0,90.0,10,17,0.326,CLEAR,False,2,7
19020,2026-04-15,SEC_KOTA_RATL,170.0,182.2,87.6,10,22,0.104,FOG,False,2,9
19020,2026-04-15,SEC_RATL_BRC,165.0,174.1,89.9,10,19,0.227,RAIN,False,2,11
19020,2026-04-15,SEC_BRC_MMCT,250.0,264.0,89.1,10,24,0.389,CLEAR,False,2,13
12988,2026-04-15,SEC_NDLS_MTJ,95.0,92.5,91.5,3,3,0.177,CLEAR,False,2,6
12988,2026-04-15,SEC_MTJ_BTE,25.0,24.9,81.9,3,3,0.208,CLEAR,False,2,8
12988,2026-04-15,SEC_BTE_GGC,75.0,81.9,87.2,3,10,0.537,CLEAR,False,2,10
12988,2026-04-15,SEC_GGC_SWM,42.0,50.5,76.0,3,11,0.598,FOG,False,2,12
12988,2026-04-15,SEC_SWM_KOTA,65.0,70.0,92.6,3,8,0.406,CLEAR,False,2,14
12988,2026-04-15,SEC_KOTA_RATL,170.0,191.8,83.2,3,25,0.165,FOG,False,2,16
12988,2026-04-15,SEC_RATL_BRC,165.0,189.9,82.5,3,28,0.463,FOG,False,2,18
12988,2026-04-15,SEC_BRC_MMCT,250.0,277.3,84.8,3,30,0.496,CLEAR,False,2,20
12910,2026-04-15,SEC_NDLS_MTJ,95.0,139.9,60.5,10,55,0.359,STORM,True,2,21
12910,2026-04-15,SEC_MTJ_BTE,25.0,49.4,41.3,10,34,0.583,FOG,False,2,23
12910,2026-04-15,SEC_BTE_GGC,75.0,87.7,81.4,10,23,0.386,FOG,False,2,1
12910,2026-04-15,SEC_GGC_SWM,42.0,66.2,58.0,10,34,0.546,CLEAR,True,2,3
12910,2026-04-15,SEC_SWM_KOTA,65.0,64.9,99.8,10,10,0.29,CLEAR,False,2,5
12910,2026-04-15,SEC_KOTA_RATL,170.0,197.1,81.0,10,37,0.467,FOG,False,2,7
12910,2026-04-15,SEC_RATL_BRC,165.0,164.4,95.3,10,10,0.389,RAIN,False,2,9
12910,2026-04-15,SEC_BRC_MMCT,250.0,294.3,79.9,10,54,0.339,STORM,True,2,11
12952,2026-04-16,SEC_NDLS_MTJ,95.0,97.7,86.6,0,3,0.405,CLEAR,False,3,16
12952,2026-04-16,SEC_MTJ_BTE,25.0,27.3,74.7,0,2,0.103,FOG,False,3,18
12952,2026-04-16,SEC_BTE_GGC,75.0,86.2,82.8,0,11,0.258,FOG,False,3,20
12952,2026-04-16,SEC_GGC_SWM,42.0,105.9,36.3,0,64,0.413,STORM,True,3,22
12952,2026-04-16,SEC_SWM_KOTA,65.0,115.9,55.9,0,51,0.397,STORM,True,3,0
12952,2026-04-16,SEC_KOTA_RATL,170.0,174.6,91.4,0,5,0.239,RAIN,False,3,2
12952,2026-04-16,SEC_RATL_BRC,165.0,163.4,95.8,0,0,0.152,CLEAR,False,3,4
12952,2026-04-16,SEC_BRC_MMCT,250.0,263.3,89.3,0,13,0.141,CLEAR,False,3,6
12413,2026-04-16,SEC_NDLS_MTJ,95.0,99.3,85.2,4,8,0.589,CLEAR,False,3,7
12413,2026-04-16,SEC_MTJ_BTE,25.0,31.4,65.0,4,10,0.164,CLEAR,False,3,9
12413,2026-04-16,SEC_BTE_GGC,75.0,91.1,78.4,4,20,0.626,RAIN,False,3,11
12413,2026-04-16,SEC_GGC_SWM,42.0,40.0,96.0,4,4,0.677,CLEAR,False,3,13
12413,2026-04-16,SEC_SWM_KOTA,65.0,61.8,104.9,4,4,0.255,CLEAR,False,3,15
12413,2026-04-16,SEC_KOTA_RATL,170.0,188.2,84.8,4,22,0.41,FOG,False,3,17
12413,2026-04-16,SEC_RATL_BRC,165.0,159.7,98.1,4,4,0.549,CLEAR,False,3,19
12413,2026-04-16,SEC_BRC_MMCT,250.0,277.4,84.8,4,31,0.668,RAIN,False,3,21
19020,2026-04-16,SEC_NDLS_MTJ,95.0,99.9,84.7,2,7,0.624,CLEAR,False,3,23
19020,2026-04-16,SEC_MTJ_BTE,25.0,27.4,74.5,2,4,0.147,CLEAR,False,3,1
19020,2026-04-16,SEC_BTE_GGC,75.0,86.6,82.4,2,14,0.609,RAIN,False,3,3
19020,2026-04-16,SEC_GGC_SWM,42.0,48.2,79.7,2,8,0.691,CLEAR,False,3,5
19020,2026-04-16,SEC_SWM_KOTA,65.0,63.1,102.7,2,2,0.415,RAIN,False,3,7
19020,2026-04-16,SEC_KOTA_RATL,170.0,182.0,87.7,2,14,0.172,CLEAR,False,3,9
19020,2026-04-16,SEC_RATL_BRC,165.0,199.4,78.5,2,36,0.226,STORM,True,3,11
19020,2026-04-16,SEC_BRC_MMCT,250.0,253.8,92.7,2,6,0.306,FOG,False,3,13
12988,2026-04-16,SEC_NDLS_MTJ,95.0,97.3,86.9,2,4,0.268,CLEAR,False,3,6
12988,2026-04-16,SEC_MTJ_BTE,25.0,27.4,74.5,2,4,0.433,CLEAR,False,3,8
12988,2026-04-16,SEC_BTE_GGC,75.0,129.7,55.1,2,57,0.19,STORM,True,3,10
12988,2026-04-16,SEC_GGC_SWM,42.0,86.2,44.5,2,46,0.289,STORM,True,3,12
12988,2026-04-16,SEC_SWM_KOTA,65.0,67.6,95.9,2,5,0.136,CLEAR,False,3,14
12988,2026-04-16,SEC_KOTA_RATL,170.0,161.5,98.8,2,2,0.434,CLEAR,False,3,16
12988,2026-04-16,SEC_RATL_BRC,165.0,171.2,91.5,2,8,0.678,CLEAR,False,3,18
12988,2026-04-16,SEC_BRC_MMCT,250.0,267.8,87.8,2,20,0.406,CLEAR,False,3,20
12910,2026-04-16,SEC_NDLS_MTJ,95.0,105.5,80.2,8,18,0.674,CLEAR,False,3,21
12910,2026-04-16,SEC_MTJ_BTE,25.0,30.8,66.2,8,14,0.143,FOG,False,3,23
12910,2026-04-16,SEC_BTE_GGC,75.0,71.2,100.3,8,8,0.463,CLEAR,False,3,1
12910,2026-04-16,SEC_GGC_SWM,42.0,51.6,74.4,8,18,0.348,RAIN,False,3,3
12910,2026-04-16,SEC_SWM_KOTA,65.0,107.5,60.3,8,50,0.251,STORM,True,3,5
12910,2026-04-16,SEC_KOTA_RATL,170.0,165.0,96.7,8,8,0.116,FOG,False,3,7
12910,2026-04-16,SEC_RATL_BRC,165.0,174.9,89.5,8,18,0.151,CLEAR,False,3,9
12910,2026-04-16,SEC_BRC_MMCT,250.0,248.1,94.8,8,8,0.603,CLEAR,False,3,11
12952,2026-04-17,SEC_NDLS_MTJ,95.0,109.7,77.1,0,15,0.623,FOG,False,4,16
12952,2026-04-17,SEC_MTJ_BTE,25.0,31.9,63.9,0,7,0.479,RAIN,False,4,18
12952,2026-04-17,SEC_BTE_GGC,75.0,117.5,60.8,0,42,0.42,STORM,True,4,20
12952,2026-04-17,SEC_GGC_SWM,42.0,39.9,96.2,0,0,0.1,CLEAR,False,4,22
12952,2026-04-17,SEC_SWM_KOTA,65.0,66.1,98.0,0,1,0.513,FOG,False,4,0
12952,2026-04-17,SEC_KOTA_RATL,170.0,177.6,89.9,0,8,0.104,RAIN,False,4,2
12952,2026-04-17,SEC_RATL_BRC,165.0,161.9,96.7,0,0,0.529,FOG,False,4,4
12952,2026-04-17,SEC_BRC_MMCT,250.0,239.3,98.3,0,0,0.646,RAIN,False,4,6
12413,2026-04-17,SEC_NDLS_MTJ,95.0,107.3,78.8,5,17,0.348,RAIN,False,4,7
12413,2026-04-17,SEC_MTJ_BTE,25.0,25.0,81.6,5,5,0.395,CLEAR,False,4,9
12413,2026-04-17,SEC_BTE_GGC,75.0,74.5,95.8,5,5,0.161,CLEAR,False,4,11
12413,2026-04-17,SEC_GGC_SWM,42.0,65.1,59.0,5,28,0.352,FOG,False,4,13
12413,2026-04-17,SEC_SWM_KOTA,65.0,105.7,61.3,5,46,0.575,STORM,True,4,15
12413,2026-04-17,SEC_KOTA_RATL,170.0,197.5,80.8,5,33,0.637,FOG,False,4,17
12413,2026-04-17,SEC_RATL_BRC,165.0,214.8,72.9,5,55,0.249,STORM,True,4,19
12413,2026-04-17,SEC_BRC_MMCT,250.0,248.0,94.8,5,5,0.225,RAIN,False,4,21
19020,2026-04-17,SEC_NDLS_MTJ,95.0,134.5,62.9,2,42,0.537,STORM,True,4,23
19020,2026-04-17,SEC_MTJ_BTE,25.0,23.8,85.7,2,2,0.231,CLEAR,False,4,1
19020,2026-04-17,SEC_BTE_GGC,75.0,74.7,95.6,2,2,0.451,CLEAR,False,4,3
19020,2026-04-17,SEC_GGC_SWM,42.0,74.8,51.3,2,35,0.458,STORM,True,4,5
19020,2026-04-17,SEC_SWM_KOTA,65.0,73.6,88.0,2,11,0.682,RAIN,False,4,7
19020,2026-04-17,SEC_KOTA_RATL,170.0,167.9,95.1,2,2,0.24,CLEAR,False,4,9
19020,2026-04-17,SEC_RATL_BRC,165.0,162.9,96.1,2,2,0.113,FOG,False,4,11
19020,2026-04-17,SEC_BRC_MMCT,250.0,272.7,86.2,2,25,0.518,RAIN,False,4,13
12988,2026-04-17,SEC_NDLS_MTJ,95.0,110.1,76.8,5,20,0.599,FOG,False,4,6
12988,2026-04-17,SEC_MTJ_BTE,25.0,24.6,82.9,5,5,0.372,CLEAR,False,4,8
12988,2026-04-17,SEC_BTE_GGC,75.0,72.8,98.1,5,5,0.318,CLEAR,False,4,10
12988,2026-04-17,SEC_GGC_SWM,42.0,41.2,93.2,5,5,0.399,CLEAR,False,4,12
12988,2026-04-17,SEC_SWM_KOTA,65.0,99.9,64.9,5,40,0.293,STORM,True,4,14
12988,2026-04-17,SEC_KOTA_RATL,170.0,178.8,89.3,5,14,0.159,CLEAR,False,4,16
12988,2026-04-17,SEC_RATL_BRC,165.0,176.2,88.9,5,16,0.454,RAIN,False,4,18
12988,2026-04-17,SEC_BRC_MMCT,250.0,298.1,78.9,5,53,0.395,STORM,True,4,20
12910,2026-04-17,SEC_NDLS_MTJ,95.0,123.8,68.3,8,37,0.663,STORM,True,4,21
12910,2026-04-17,SEC_MTJ_BTE,25.0,27.0,75.6,8,10,0.147,CLEAR,False,4,23
12910,2026-04-17,SEC_BTE_GGC,75.0,72.6,98.3,8,8,0.214,CLEAR,False,4,1
12910,2026-04-17,SEC_GGC_SWM,42.0,58.6,65.5,8,25,0.56,FOG,False,4,3
12910,2026-04-17,SEC_SWM_KOTA,65.0,78.4,82.7,8,21,0.2,FOG,False,4,5
12910,2026-04-17,SEC_KOTA_RATL,170.0,196.3,81.3,8,34,0.641,FOG,False,4,7
12910,2026-04-17,SEC_RATL_BRC,165.0,178.5,87.7,8,22,0.358,FOG,False,4,9
12910,2026-04-17,SEC_BRC_MMCT,250.0,278.7,84.4,8,37,0.252,STORM,True,4,11
12952,2026-04-18,SEC_NDLS_MTJ,95.0,121.6,69.6,0,27,0.208,RAIN,True,5,16
12952,2026-04-18,SEC_MTJ_BTE,25.0,71.8,28.4,0,47,0.758,STORM,True,5,18
12952,2026-04-18,SEC_BTE_GGC,75.0,78.1,91.4,0,3,0.385,CLEAR,False,5,20
12952,2026-04-18,SEC_GGC_SWM,42.0,44.4,86.5,0,2,0.555,CLEAR,False,5,22
12952,2026-04-18,SEC_SWM_KOTA,65.0,81.2,79.8,0,16,0.761,FOG,False,5,0
12952,2026-04-18,SEC_KOTA_RATL,170.0,209.6,76.1,0,40,0.747,STORM,True,5,2
12952,2026-04-18,SEC_RATL_BRC,165.0,184.7,84.8,0,20,0.794,FOG,False,5,4
12952,2026-04-18,SEC_BRC_MMCT,250.0,282.1,83.4,0,32,0.406,STORM,True,5,6
12413,2026-04-18,SEC_NDLS_MTJ,95.0,152.6,55.4,4,62,0.277,STORM,True,5,7
12413,2026-04-18,SEC_MTJ_BTE,25.0,28.4,71.8,4,7,0.729,CLEAR,False,5,9
12413,2026-04-18,SEC_BTE_GGC,75.0,102.3,69.8,4,31,0.139,STORM,True,5,11
12413,2026-04-18,SEC_GGC_SWM,42.0,52.1,73.7,4,14,0.416,RAIN,False,5,13
12413,2026-04-18,SEC_SWM_KOTA,65.0,70.0,92.6,4,9,0.157,RAIN,False,5,15
12413,2026-04-18,SEC_KOTA_RATL,170.0,172.2,92.7,4,6,0.252,FOG,False,5,17
12413,2026-04-18,SEC_RATL_BRC,165.0,177.6,88.2,4,17,0.593,CLEAR,False,5,19
12413,2026-04-18,SEC_BRC_MMCT,250.0,249.8,94.2,4,4,0.225,CLEAR,False,5,21
19020,2026-04-18,SEC_NDLS_MTJ,95.0,104.2,81.2,2,11,0.795,RAIN,False,5,23
19020,2026-04-18,SEC_MTJ_BTE,25.0,28.8,70.8,2,6,0.692,CLEAR,False,5,1
19020,2026-04-18,SEC_BTE_GGC,75.0,92.2,77.4,2,19,0.684,RAIN,False,5,3
19020,2026-04-18,SEC_GGC_SWM,42.0,46.9,81.9,2,7,0.148,CLEAR,False,5,5
19020,2026-04-18,SEC_SWM_KOTA,65.0,80.4,80.6,2,17,0.107,FOG,False,5,7
19020,2026-04-18,SEC_KOTA_RATL,170.0,180.0,88.7,2,12,0.807,CLEAR,False,5,9
19020,2026-04-18,SEC_RATL_BRC,165.0,201.4,77.8,2,38,0.18,STORM,True,5,11
19020,2026-04-18,SEC_BRC_MMCT,250.0,313.3,75.1,2,65,0.117,STORM,True,5,13
12988,2026-04-18,SEC_NDLS_MTJ,95.0,92.7,91.3,1,1,0.382,CLEAR,False,5,6
12988,2026-04-18,SEC_MTJ_BTE,25.0,88.5,23.1,1,65,0.306,STORM,True,5,8
12988,2026-04-18,SEC_BTE_GGC,75.0,74.0,96.5,1,1,0.373,CLEAR,False,5,10
12988,2026-04-18,SEC_GGC_SWM,42.0,84.0,45.7,1,43,0.649,STORM,True,5,12
12988,2026-04-18,SEC_SWM_KOTA,65.0,77.5,83.6,1,13,0.534,RAIN,False,5,14
12988,2026-04-18,SEC_KOTA_RATL,170.0,177.7,89.8,1,9,0.819,CLEAR,False,5,16
12988,2026-04-18,SEC_RATL_BRC,165.0,168.7,92.8,1,5,0.552,CLEAR,False,5,18
12988,2026-04-18,SEC_BRC_MMCT,250.0,256.3,91.8,1,7,0.712,CLEAR,False,5,20
12910,2026-04-18,SEC_NDLS_MTJ,95.0,141.1,60.0,6,52,0.847,STORM,True,5,21
12910,2026-04-18,SEC_MTJ_BTE,25.0,33.5,60.9,6,14,0.584,RAIN,False,5,23
12910,2026-04-18,SEC_BTE_GGC,75.0,73.1,97.7,6,6,0.651,CLEAR,False,5,1
12910,2026-04-18,SEC_GGC_SWM,42.0,51.7,74.3,6,16,0.21,FOG,False,5,3
12910,2026-04-18,SEC_SWM_KOTA,65.0,71.4,90.8,6,12,0.86,CLEAR,False,5,5
12910,2026-04-18,SEC_KOTA_RATL,170.0,197.5,80.8,6,34,0.492,FOG,False,5,7
12910,2026-04-18,SEC_RATL_BRC,165.0,186.6,83.9,6,28,0.586,FOG,False,5,9
12910,2026-04-18,SEC_BRC_MMCT,250.0,243.5,96.6,6,6,0.801,RAIN,False,5,11
12952,2026-04-19,SEC_NDLS_MTJ,95.0,94.2,89.8,0,0,0.416,CLEAR,False,6,16
12952,2026-04-19,SEC_MTJ_BTE,25.0,23.8,85.7,0,0,0.808,CLEAR,False,6,18
12952,2026-04-19,SEC_BTE_GGC,75.0,72.2,98.9,0,0,0.144,CLEAR,False,6,20
12952,2026-04-19,SEC_GGC_SWM,42.0,41.8,91.9,0,0,0.568,CLEAR,False,6,22
12952,2026-04-19,SEC_SWM_KOTA,65.0,61.8,104.9,0,0,0.243,CLEAR,False,6,0
12952,2026-04-19,SEC_KOTA_RATL,170.0,204.4,78.1,0,34,0.619,STORM,True,6,2
12952,2026-04-19,SEC_RATL_BRC,165.0,209.0,74.9,0,44,0.46,STORM,True,6,4
12952,2026-04-19,SEC_BRC_MMCT,250.0,269.9,87.1,0,20,0.135,FOG,False,6,6
12413,2026-04-19,SEC_NDLS_MTJ,95.0,94.1,89.9,1,1,0.243,CLEAR,False,6,7
12413,2026-04-19,SEC_MTJ_BTE,25.0,59.5,34.3,1,35,0.245,STORM,True,6,9
12413,2026-04-19,SEC_BTE_GGC,75.0,76.8,93.0,1,3,0.784,CLEAR,False,6,11
12413,2026-04-19,SEC_GGC_SWM,42.0,57.3,67.0,1,16,0.454,FOG,False,6,13
12413,2026-04-19,SEC_SWM_KOTA,65.0,67.4,96.1,1,3,0.546,CLEAR,False,6,15
12413,2026-04-19,SEC_KOTA_RATL,170.0,169.5,94.2,1,1,0.77,CLEAR,False,6,17
12413,2026-04-19,SEC_RATL_BRC,165.0,178.0,88.0,1,14,0.229,FOG,False,6,19
12413,2026-04-19,SEC_BRC_MMCT,250.0,275.9,85.2,1,27,0.388,FOG,False,6,21
19020,2026-04-19,SEC_NDLS_MTJ,95.0,106.6,79.4,6,18,0.775,CLEAR,False,6,23
19020,2026-04-19,SEC_MTJ_BTE,25.0,44.2,46.2,6,25,0.657,FOG,False,6,1
19020,2026-04-19,SEC_BTE_GGC,75.0,132.9,53.7,6,64,0.523,STORM,True,6,3
19020,2026-04-19,SEC_GGC_SWM,42.0,48.2,79.7,6,12,0.56,CLEAR,False,6,5
19020,2026-04-19,SEC_SWM_KOTA,65.0,79.6,81.4,6,21,0.605,FOG,False,6,7
19020,2026-04-19,SEC_KOTA_RATL,170.0,173.1,92.2,6,9,0.472,CLEAR,False,6,9
19020,2026-04-19,SEC_RATL_BRC,165.0,164.2,95.4,6,6,0.431,RAIN,False,6,11
19020,2026-04-19,SEC_BRC_MMCT,250.0,265.7,88.5,6,22,0.154,CLEAR,False,6,13
12988,2026-04-19,SEC_NDLS_MTJ,95.0,131.3,64.4,0,36,0.367,STORM,True,6,6
12988,2026-04-19,SEC_MTJ_BTE,25.0,57.3,35.6,0,32,0.483,STORM,True,6,8
12988,2026-04-19,SEC_BTE_GGC,75.0,83.3,85.7,0,8,0.53,FOG,False,6,10
12988,2026-04-19,SEC_GGC_SWM,42.0,48.9,78.5,0,7,0.643,CLEAR,False,6,12
12988,2026-04-19,SEC_SWM_KOTA,65.0,61.8,104.9,0,0,0.81,CLEAR,False,6,14
12988,2026-04-19,SEC_KOTA_RATL,170.0,222.3,71.8,0,52,0.527,STORM,True,6,16
12988,2026-04-19,SEC_RATL_BRC,165.0,176.2,88.9,0,11,0.352,CLEAR,False,6,18
12988,2026-04-19,SEC_BRC_MMCT,250.0,253.7,92.7,0,4,0.342,CLEAR,False,6,20
12910,2026-04-19,SEC_NDLS_MTJ,95.0,112.7,75.1,0,18,0.739,FOG,False,6,21
12910,2026-04-19,SEC_MTJ_BTE,25.0,25.5,80.0,0,0,0.215,CLEAR,False,6,23
12910,2026-04-19,SEC_BTE_GGC,75.0,111.9,63.8,0,37,0.894,STORM,True,6,1
12910,2026-04-19,SEC_GGC_SWM,42.0,46.3,82.9,0,4,0.575,CLEAR,False,6,3
12910,2026-04-19,SEC_SWM_KOTA,65.0,82.4,78.6,0,17,0.696,RAIN,False,6,5
12910,2026-04-19,SEC_KOTA_RATL,170.0,174.5,91.5,0,4,0.355,CLEAR,False,6,7
12910,2026-04-19,SEC_RATL_BRC,165.0,165.9,94.4,0,1,0.867,CLEAR,False,6,9
12910,2026-04-19,SEC_BRC_MMCT,250.0,298.1,78.9,0,48,0.743,STORM,True,6,11
12952,2026-04-20,SEC_NDLS_MTJ,95.0,107.5,78.7,0,12,0.117,FOG,False,0,16
12952,2026-04-20,SEC_MTJ_BTE,25.0,75.5,27.0,0,50,0.458,STORM,True,0,18
12952,2026-04-20,SEC_BTE_GGC,75.0,75.5,94.6,0,0,0.219,CLEAR,False,0,20
12952,2026-04-20,SEC_GGC_SWM,42.0,43.2,88.9,0,1,0.588,RAIN,False,0,22
12952,2026-04-20,SEC_SWM_KOTA,65.0,115.4,56.2,0,50,0.487,STORM,True,0,0
12952,2026-04-20,SEC_KOTA_RATL,170.0,161.5,98.8,0,0,0.52,CLEAR,False,0,2
12952,2026-04-20,SEC_RATL_BRC,165.0,191.3,81.9,0,26,0.139,FOG,False,0,4
12952,2026-04-20,SEC_BRC_MMCT,250.0,270.1,87.1,0,20,0.162,RAIN,False,0,6
12413,2026-04-20,SEC_NDLS_MTJ,95.0,90.7,93.3,5,5,0.42,CLEAR,False,0,7
12413,2026-04-20,SEC_MTJ_BTE,25.0,42.5,48.0,5,23,0.225,FOG,False,0,9
12413,2026-04-20,SEC_BTE_GGC,75.0,88.3,80.9,5,18,0.427,RAIN,False,0,11
12413,2026-04-20,SEC_GGC_SWM,42.0,58.1,66.1,5,21,0.458,FOG,False,0,13
12413,2026-04-20,SEC_SWM_KOTA,65.0,72.5,89.4,5,13,0.142,CLEAR,False,0,15
12413,2026-04-20,SEC_KOTA_RATL,170.0,232.3,68.7,5,67,0.137,STORM,True,0,17
12413,2026-04-20,SEC_RATL_BRC,165.0,158.5,98.8,5,5,0.497,CLEAR,False,0,19
12413,2026-04-20,SEC_BRC_MMCT,250.0,255.0,92.2,5,10,0.577,CLEAR,False,0,21
19020,2026-04-20,SEC_NDLS_MTJ,95.0,91.6,92.4,10,10,0.45,CLEAR,False,0,23
19020,2026-04-20,SEC_MTJ_BTE,25.0,35.6,57.3,10,21,0.101,RAIN,False,0,1
19020,2026-04-20,SEC_BTE_GGC,75.0,75.0,95.2,10,10,0.241,CLEAR,False,0,3
19020,2026-04-20,SEC_GGC_SWM,42.0,48.0,80.0,10,16,0.204,RAIN,False,0,5
19020,2026-04-20,SEC_SWM_KOTA,65.0,73.6,88.0,10,19,0.193,CLEAR,False,0,7
19020,2026-04-20,SEC_KOTA_RATL,170.0,202.3,78.9,10,42,0.631,STORM,True,0,9
19020,2026-04-20,SEC_RATL_BRC,165.0,175.4,89.3,10,20,0.636,FOG,False,0,11
19020,2026-04-20,SEC_BRC_MMCT,250.0,237.5,99.0,10,10,0.235,FOG,False,0,13
12988,2026-04-20,SEC_NDLS_MTJ,95.0,103.6,81.7,5,14,0.262,CLEAR,False,0,6
12988,2026-04-20,SEC_MTJ_BTE,25.0,24.8,82.3,5,5,0.389,CLEAR,False,0,8
12988,2026-04-20,SEC_BTE_GGC,75.0,77.1,92.6,5,7,0.147,CLEAR,False,0,10
12988,2026-04-20,SEC_GGC_SWM,42.0,42.4,90.6,5,5,0.424,CLEAR,False,0,12
12988,2026-04-20,SEC_SWM_KOTA,65.0,67.3,96.3,5,7,0.381,RAIN,False,0,14
12988,2026-04-20,SEC_KOTA_RATL,170.0,169.5,94.2,5,5,0.121,CLEAR,False,0,16
12988,2026-04-20,SEC_RATL_BRC,165.0,160.6,97.5,5,5,0.478,RAIN,False,0,18
12988,2026-04-20,SEC_BRC_MMCT,250.0,242.3,97.1,5,5,0.15,CLEAR,False,0,20
12910,2026-04-20,SEC_NDLS_MTJ,95.0,110.2,76.8,2,17,0.615,RAIN,False,0,21
12910,2026-04-20,SEC_MTJ_BTE,25.0,43.1,47.3,2,20,0.205,FOG,False,0,23
12910,2026-04-20,SEC_BTE_GGC,75.0,83.6,85.4,2,11,0.306,RAIN,False,0,1
12910,2026-04-20,SEC_GGC_SWM,42.0,56.0,68.6,2,16,0.243,FOG,False,0,3
12910,2026-04-20,SEC_SWM_KOTA,65.0,115.0,56.3,2,52,0.605,STORM,True,0,5
12910,2026-04-20,SEC_KOTA_RATL,170.0,188.9,84.5,2,21,0.551,FOG,False,0,7
12910,2026-04-20,SEC_RATL_BRC,165.0,176.9,88.5,2,14,0.418,FOG,False,0,9
12910,2026-04-20,SEC_BRC_MMCT,250.0,263.9,89.1,2,16,0.125,RAIN,False,0,11
12952,2026-04-21,SEC_NDLS_MTJ,95.0,101.2,83.6,0,6,0.615,RAIN,False,1,16
12952,2026-04-21,SEC_MTJ_BTE,25.0,60.2,33.9,0,35,0.549,STORM,True,1,18
12952,2026-04-21,SEC_BTE_GGC,75.0,116.9,61.1,0,42,0.696,STORM,True,1,20
12952,2026-04-21,SEC_GGC_SWM,42.0,70.7,54.3,0,29,0.368,STORM,True,1,22
12952,2026-04-21,SEC_SWM_KOTA,65.0,67.7,95.7,0,3,0.456,CLEAR,False,1,0
12952,2026-04-21,SEC_KOTA_RATL,170.0,165.7,96.3,0,0,0.178,CLEAR,False,1,2
12952,2026-04-21,SEC_RATL_BRC,165.0,164.8,95.0,0,0,0.517,CLEAR,False,1,4
12952,2026-04-21,SEC_BRC_MMCT,250.0,265.0,88.8,0,15,0.515,CLEAR,False,1,6
12413,2026-04-21,SEC_NDLS_MTJ,95.0,94.8,89.2,0,0,0.33,CLEAR,False,1,7
12413,2026-04-21,SEC_MTJ_BTE,25.0,37.3,54.7,0,12,0.22,FOG,False,1,9
12413,2026-04-21,SEC_BTE_GGC,75.0,72.8,98.1,0,0,0.231,RAIN,False,1,11
12413,2026-04-21,SEC_GGC_SWM,42.0,45.4,84.6,0,3,0.566,RAIN,False,1,13
12413,2026-04-21,SEC_SWM_KOTA,65.0,65.7,98.6,0,1,0.499,CLEAR,False,1,15
12413,2026-04-21,SEC_KOTA_RATL,170.0,202.4,78.9,0,32,0.342,FOG,False,1,17
12413,2026-04-21,SEC_RATL_BRC,165.0,191.4,81.8,0,26,0.672,CLEAR,True,1,19
12413,2026-04-21,SEC_BRC_MMCT,250.0,252.9,93.0,0,3,0.698,FOG,False,1,21
19020,2026-04-21,SEC_NDLS_MTJ,95.0,97.2,87.0,4,6,0.556,CLEAR,False,1,23
19020,2026-04-21,SEC_MTJ_BTE,25.0,30.4,67.1,4,9,0.638,CLEAR,False,1,1
19020,2026-04-21,SEC_BTE_GGC,75.0,113.2,63.1,4,42,0.363,STORM,True,1,3
19020,2026-04-21,SEC_GGC_SWM,42.0,55.5,69.2,4,18,0.4,RAIN,False,1,5
19020,2026-04-21,SEC_SWM_KOTA,65.0,66.2,97.9,4,5,0.134,CLEAR,False,1,7
19020,2026-04-21,SEC_KOTA_RATL,170.0,183.9,86.8,4,18,0.622,FOG,False,1,9
19020,2026-04-21,SEC_RATL_BRC,165.0,159.7,98.1,4,4,0.185,CLEAR,False,1,11
19020,2026-04-21,SEC_BRC_MMCT,250.0,258.9,90.8,4,13,0.48,CLEAR,True,1,13
12988,2026-04-21,SEC_NDLS_MTJ,95.0,90.2,93.8,4,4,0.164,CLEAR,False,1,6
12988,2026-04-21,SEC_MTJ_BTE,25.0,66.3,30.8,4,45,0.507,STORM,True,1,8
12988,2026-04-21,SEC_BTE_GGC,75.0,75.1,95.1,4,4,0.456,CLEAR,False,1,10
12988,2026-04-21,SEC_GGC_SWM,42.0,48.4,79.3,4,10,0.246,RAIN,False,1,12
12988,2026-04-21,SEC_SWM_KOTA,65.0,95.6,67.8,4,35,0.467,STORM,True,1,14
12988,2026-04-21,SEC_KOTA_RATL,170.0,220.5,72.4,4,54,0.456,STORM,True,1,16
12988,2026-04-21,SEC_RATL_BRC,165.0,156.8,99.9,4,4,0.484,CLEAR,False,1,18
12988,2026-04-21,SEC_BRC_MMCT,250.0,249.4,94.3,4,4,0.467,CLEAR,False,1,20
12910,2026-04-21,SEC_NDLS_MTJ,95.0,114.5,73.9,6,26,0.215,CLEAR,False,1,21
12910,2026-04-21,SEC_MTJ_BTE,25.0,33.3,61.3,6,14,0.562,RAIN,False,1,23
12910,2026-04-21,SEC_BTE_GGC,75.0,76.0,93.9,6,7,0.681,CLEAR,False,1,1
12910,2026-04-21,SEC_GGC_SWM,42.0,43.8,87.7,6,8,0.251,CLEAR,False,1,3
12910,2026-04-21,SEC_SWM_KOTA,65.0,72.9,88.9,6,14,0.655,CLEAR,False,1,5
12910,2026-04-21,SEC_KOTA_RATL,170.0,244.8,65.2,6,81,0.367,STORM,True,1,7
12910,2026-04-21,SEC_RATL_BRC,165.0,180.1,87.0,6,21,0.296,CLEAR,False,1,9
12910,2026-04-21,SEC_BRC_MMCT,250.0,274.9,85.6,6,31,0.133,FOG,False,1,11
12952,2026-04-22,SEC_NDLS_MTJ,95.0,106.2,79.7,0,11,0.375,FOG,False,2,16
12952,2026-04-22,SEC_MTJ_BTE,25.0,34.2,59.6,0,9,0.182,RAIN,False,2,18
12952,2026-04-22,SEC_BTE_GGC,75.0,79.9,89.4,0,5,0.277,CLEAR,False,2,20
12952,2026-04-22,SEC_GGC_SWM,42.0,54.3,70.7,0,12,0.152,RAIN,False,2,22
12952,2026-04-22,SEC_SWM_KOTA,65.0,75.5,85.8,0,10,0.378,RAIN,False,2,0
12952,2026-04-22,SEC_KOTA_RATL,170.0,171.0,93.3,0,1,0.455,CLEAR,False,2,2
12952,2026-04-22,SEC_RATL_BRC,165.0,165.3,94.7,0,0,0.382,CLEAR,False,2,4
12952,2026-04-22,SEC_BRC_MMCT,250.0,246.5,95.4,0,0,0.244,CLEAR,False,2,6
12413,2026-04-22,SEC_NDLS_MTJ,95.0,96.9,87.3,1,3,0.243,CLEAR,False,2,7
12413,2026-04-22,SEC_MTJ_BTE,25.0,35.3,57.8,1,11,0.115,RAIN,False,2,9
12413,2026-04-22,SEC_BTE_GGC,75.0,76.4,93.5,1,2,0.623,FOG,False,2,11
12413,2026-04-22,SEC_GGC_SWM,42.0,85.0,45.2,1,44,0.3,STORM,True,2,13
12413,2026-04-22,SEC_SWM_KOTA,65.0,74.3,87.2,1,10,0.224,RAIN,False,2,15
12413,2026-04-22,SEC_KOTA_RATL,170.0,193.5,82.5,1,25,0.318,STORM,True,2,17
12413,2026-04-22,SEC_RATL_BRC,165.0,180.7,86.7,1,17,0.435,CLEAR,False,2,19
12413,2026-04-22,SEC_BRC_MMCT,250.0,260.2,90.4,1,11,0.542,CLEAR,False,2,21
19020,2026-04-22,SEC_NDLS_MTJ,95.0,91.8,92.2,10,10,0.639,CLEAR,False,2,23
19020,2026-04-22,SEC_MTJ_BTE,25.0,35.1,58.1,10,20,0.174,RAIN,False,2,1
19020,2026-04-22,SEC_BTE_GGC,75.0,73.4,97.3,10,10,0.321,CLEAR,False,2,3
19020,2026-04-22,SEC_GGC_SWM,42.0,47.1,81.5,10,15,0.334,FOG,False,2,5
19020,2026-04-22,SEC_SWM_KOTA,65.0,61.8,104.9,10,10,0.518,CLEAR,False,2,7
19020,2026-04-22,SEC_KOTA_RATL,170.0,218.1,73.2,10,58,0.425,STORM,True,2,9
19020,2026-04-22,SEC_RATL_BRC,165.0,171.8,91.2,10,17,0.113,CLEAR,False,2,11
19020,2026-04-22,SEC_BRC_MMCT,250.0,283.7,82.9,10,44,0.488,STORM,True,2,13
12988,2026-04-22,SEC_NDLS_MTJ,95.0,105.4,80.3,3,13,0.179,FOG,False,2,6
12988,2026-04-22,SEC_MTJ_BTE,25.0,24.4,83.6,3,3,0.271,CLEAR,False,2,8
12988,2026-04-22,SEC_BTE_GGC,75.0,85.5,83.5,3,13,0.684,RAIN,False,2,10
12988,2026-04-22,SEC_GGC_SWM,42.0,39.9,96.2,3,3,0.445,CLEAR,False,2,12
12988,2026-04-22,SEC_SWM_KOTA,65.0,95.7,67.7,3,34,0.121,STORM,True,2,14
12988,2026-04-22,SEC_KOTA_RATL,170.0,179.6,88.9,3,13,0.4,CLEAR,False,2,16
12988,2026-04-22,SEC_RATL_BRC,165.0,156.8,99.9,3,3,0.428,CLEAR,False,2,18
12988,2026-04-22,SEC_BRC_MMCT,250.0,262.1,89.7,3,15,0.58,RAIN,False,2,20
12910,2026-04-22,SEC_NDLS_MTJ,95.0,149.2,56.7,0,54,0.387,STORM,True,2,21
12910,2026-04-22,SEC_MTJ_BTE,25.0,26.7,76.4,0,2,0.133,CLEAR,False,2,23
12910,2026-04-22,SEC_BTE_GGC,75.0,80.3,88.9,0,5,0.15,CLEAR,False,2,1
12910,2026-04-22,SEC_GGC_SWM,42.0,59.9,64.1,0,18,0.463,FOG,False,2,3
12910,2026-04-22,SEC_SWM_KOTA,65.0,66.6,97.3,0,2,0.357,CLEAR,False,2,5
12910,2026-04-22,SEC_KOTA_RATL,170.0,186.2,85.7,0,16,0.537,RAIN,False,2,7
12910,2026-04-22,SEC_RATL_BRC,165.0,181.2,86.4,0,16,0.537,CLEAR,False,2,9
12910,2026-04-22,SEC_BRC_MMCT,250.0,239.4,98.2,0,0,0.385,CLEAR,False,2,11
12952,2026-04-23,SEC_NDLS_MTJ,95.0,114.3,74.0,0,19,0.346,FOG,False,3,16
12952,2026-04-23,SEC_MTJ_BTE,25.0,23.8,85.7,0,0,0.599,CLEAR,False,3,18
12952,2026-04-23,SEC_BTE_GGC,75.0,71.2,100.3,0,0,0.282,CLEAR,False,3,20
12952,2026-04-23,SEC_GGC_SWM,42.0,93.1,41.2,0,51,0.601,STORM,True,3,22
12952,2026-04-23,SEC_SWM_KOTA,65.0,85.8,75.5,0,21,0.487,FOG,False,3,0
12952,2026-04-23,SEC_KOTA_RATL,170.0,173.0,92.3,0,3,0.439,CLEAR,False,3,2
12952,2026-04-23,SEC_RATL_BRC,165.0,193.7,80.8,0,29,0.591,STORM,True,3,4
12952,2026-04-23,SEC_BRC_MMCT,250.0,272.9,86.2,0,23,0.181,FOG,False,3,6
12413,2026-04-23,SEC_NDLS_MTJ,95.0,103.6,81.7,2,11,0.418,CLEAR,False,3,7
12413,2026-04-23,SEC_MTJ_BTE,25.0,25.8,79.1,2,3,0.623,CLEAR,False,3,9
12413,2026-04-23,SEC_BTE_GGC,75.0,103.7,68.9,2,31,0.519,STORM,True,3,11
12413,2026-04-23,SEC_GGC_SWM,42.0,54.5,70.5,2,14,0.653,FOG,False,3,13
12413,2026-04-23,SEC_SWM_KOTA,65.0,61.8,104.9,2,2,0.435,CLEAR,False,3,15
12413,2026-04-23,SEC_KOTA_RATL,170.0,161.5,98.8,2,2,0.65,CLEAR,False,3,17
12413,2026-04-23,SEC_RATL_BRC,165.0,174.5,89.7,2,12,0.318,CLEAR,False,3,19
12413,2026-04-23,SEC_BRC_MMCT,250.0,263.3,89.3,2,15,0.283,STORM,True,3,21
19020,2026-04-23,SEC_NDLS_MTJ,95.0,103.3,81.9,10,18,0.226,CLEAR,False,3,23
19020,2026-04-23,SEC_MTJ_BTE,25.0,32.1,63.6,10,17,0.126,FOG,False,3,1
19020,2026-04-23,SEC_BTE_GGC,75.0,83.0,86.0,10,18,0.645,CLEAR,False,3,3
19020,2026-04-23,SEC_GGC_SWM,42.0,52.8,72.7,10,21,0.641,RAIN,False,3,5
19020,2026-04-23,SEC_SWM_KOTA,65.0,118.7,54.6,10,64,0.665,STORM,True,3,7
19020,2026-04-23,SEC_KOTA_RATL,170.0,178.4,89.5,10,18,0.592,RAIN,False,3,9
19020,2026-04-23,SEC_RATL_BRC,165.0,184.4,84.9,10,29,0.552,CLEAR,False,3,11
19020,2026-04-23,SEC_BRC_MMCT,250.0,264.9,88.8,10,25,0.454,FOG,False,3,13
12988,2026-04-23,SEC_NDLS_MTJ,95.0,96.5,87.7,2,4,0.409,FOG,False,3,6
12988,2026-04-23,SEC_MTJ_BTE,25.0,42.1,48.5,2,19,0.523,FOG,False,3,8
12988,2026-04-23,SEC_BTE_GGC,75.0,75.5,94.6,2,2,0.374,CLEAR,False,3,10
12988,2026-04-23,SEC_GGC_SWM,42.0,55.0,69.8,2,15,0.142,FOG,False,3,12
12988,2026-04-23,SEC_SWM_KOTA,65.0,78.9,82.1,2,16,0.504,CLEAR,True,3,14
12988,2026-04-23,SEC_KOTA_RATL,170.0,211.0,75.6,2,43,0.454,STORM,True,3,16
12988,2026-04-23,SEC_RATL_BRC,165.0,171.5,91.3,2,8,0.457,CLEAR,False,3,18
12988,2026-04-23,SEC_BRC_MMCT,250.0,310.3,75.8,2,62,0.56,STORM,True,3,20
12910,2026-04-23,SEC_NDLS_MTJ,95.0,114.2,74.1,4,23,0.67,FOG,False,3,21
12910,2026-04-23,SEC_MTJ_BTE,25.0,34.7,58.8,4,14,0.477,FOG,False,3,23
12910,2026-04-23,SEC_BTE_GGC,75.0,78.6,90.8,4,8,0.116,CLEAR,False,3,1
12910,2026-04-23,SEC_GGC_SWM,42.0,48.6,79.0,4,11,0.412,CLEAR,False,3,3
12910,2026-04-23,SEC_SWM_KOTA,65.0,74.2,87.3,4,13,0.257,FOG,False,3,5
12910,2026-04-23,SEC_KOTA_RATL,170.0,199.3,80.1,4,33,0.171,FOG,False,3,7
12910,2026-04-23,SEC_RATL_BRC,165.0,173.0,90.5,4,12,0.434,CLEAR,False,3,9
12910,2026-04-23,SEC_BRC_MMCT,250.0,288.0,81.7,4,42,0.333,STORM,True,3,11
12952,2026-04-24,SEC_NDLS_MTJ,95.0,104.6,80.9,0,10,0.437,RAIN,False,4,16
12952,2026-04-24,SEC_MTJ_BTE,25.0,50.1,40.7,0,25,0.312,STORM,True,4,18
12952,2026-04-24,SEC_BTE_GGC,75.0,85.4,83.6,0,10,0.545,CLEAR,False,4,20
12952,2026-04-24,SEC_GGC_SWM,42.0,43.2,88.9,0,1,0.134,CLEAR,False,4,22
12952,2026-04-24,SEC_SWM_KOTA,65.0,63.5,102.0,0,0,0.139,CLEAR,False,4,0
12952,2026-04-24,SEC_KOTA_RATL,170.0,187.5,85.1,0,18,0.641,FOG,False,4,2
12952,2026-04-24,SEC_RATL_BRC,165.0,156.8,99.9,0,0,0.334,CLEAR,False,4,4
12952,2026-04-24,SEC_BRC_MMCT,250.0,245.0,96.0,0,0,0.5,RAIN,False,4,6
12413,2026-04-24,SEC_NDLS_MTJ,95.0,116.8,72.4,1,23,0.684,FOG,False,4,7
12413,2026-04-24,SEC_MTJ_BTE,25.0,31.6,64.6,1,8,0.236,RAIN,False,4,9
12413,2026-04-24,SEC_BTE_GGC,75.0,71.2,100.3,1,1,0.264,CLEAR,False,4,11
12413,2026-04-24,SEC_GGC_SWM,42.0,41.2,93.2,1,1,0.28,CLEAR,False,4,13
12413,2026-04-24,SEC_SWM_KOTA,65.0,66.4,97.6,1,2,0.372,CLEAR,False,4,15
12413,2026-04-24,SEC_KOTA_RATL,170.0,176.6,90.4,1,8,0.496,RAIN,False,4,17
12413,2026-04-24,SEC_RATL_BRC,165.0,200.9,77.9,1,37,0.42,STORM,True,4,19
12413,2026-04-24,SEC_BRC_MMCT,250.0,237.5,99.0,1,1,0.244,CLEAR,False,4,21
19020,2026-04-24,SEC_NDLS_MTJ,95.0,90.3,93.7,6,6,0.647,CLEAR,False,4,23
19020,2026-04-24,SEC_MTJ_BTE,25.0,56.4,36.2,6,37,0.461,STORM,True,4,1
19020,2026-04-24,SEC_BTE_GGC,75.0,71.2,100.3,6,6,0.436,CLEAR,False,4,3
19020,2026-04-24,SEC_GGC_SWM,42.0,45.5,84.4,6,10,0.267,CLEAR,False,4,5
19020,2026-04-24,SEC_SWM_KOTA,65.0,137.2,47.2,6,78,0.392,STORM,True,4,7
19020,2026-04-24,SEC_KOTA_RATL,170.0,193.8,82.4,6,30,0.503,FOG,False,4,9
19020,2026-04-24,SEC_RATL_BRC,165.0,162.6,96.3,6,6,0.443,CLEAR,False,4,11
19020,2026-04-24,SEC_BRC_MMCT,250.0,257.9,91.2,6,14,0.631,RAIN,False,4,13
12988,2026-04-24,SEC_NDLS_MTJ,95.0,100.1,84.5,2,7,0.584,RAIN,False,4,6
12988,2026-04-24,SEC_MTJ_BTE,25.0,23.8,85.7,2,2,0.253,CLEAR,False,4,8
12988,2026-04-24,SEC_BTE_GGC,75.0,71.2,100.3,2,2,0.354,CLEAR,False,4,10
12988,2026-04-24,SEC_GGC_SWM,42.0,81.4,47.2,2,41,0.321,STORM,True,4,12
12988,2026-04-24,SEC_SWM_KOTA,65.0,115.7,56.0,2,53,0.497,STORM,True,4,14
12988,2026-04-24,SEC_KOTA_RATL,170.0,224.6,71.1,2,57,0.318,STORM,True,4,16
12988,2026-04-24,SEC_RATL_BRC,165.0,209.7,74.7,2,47,0.676,FOG,True,4,18
12988,2026-04-24,SEC_BRC_MMCT,250.0,238.3,98.7,2,2,0.479,CLEAR,False,4,20
12910,2026-04-24,SEC_NDLS_MTJ,95.0,105.6,80.1,0,11,0.594,CLEAR,False,4,21
12910,2026-04-24,SEC_MTJ_BTE,25.0,27.2,75.0,0,2,0.519,CLEAR,False,4,23
12910,2026-04-24,SEC_BTE_GGC,75.0,87.5,81.6,0,12,0.372,RAIN,False,4,1
12910,2026-04-24,SEC_GGC_SWM,42.0,55.7,68.9,0,14,0.22,CLEAR,True,4,3
12910,2026-04-24,SEC_SWM_KOTA,65.0,121.5,53.3,0,56,0.682,STORM,True,4,5
12910,2026-04-24,SEC_KOTA_RATL,170.0,163.8,97.4,0,0,0.18,FOG,False,4,7
12910,2026-04-24,SEC_RATL_BRC,165.0,175.6,89.2,0,11,0.349,CLEAR,False,4,9
12910,2026-04-24,SEC_BRC_MMCT,250.0,277.7,84.7,0,28,0.488,CLEAR,False,4,11
12952,2026-04-25,SEC_NDLS_MTJ,95.0,90.2,93.8,0,0,0.235,CLEAR,False,5,16
12952,2026-04-25,SEC_MTJ_BTE,25.0,37.7,54.1,0,13,0.675,RAIN,False,5,18
12952,2026-04-25,SEC_BTE_GGC,75.0,117.9,60.6,0,43,0.495,STORM,True,5,20
12952,2026-04-25,SEC_GGC_SWM,42.0,58.2,66.0,0,16,0.785,FOG,False,5,22
12952,2026-04-25,SEC_SWM_KOTA,65.0,105.3,61.5,0,40,0.251,STORM,True,5,0
12952,2026-04-25,SEC_KOTA_RATL,170.0,186.1,85.8,0,16,0.647,CLEAR,False,5,2
12952,2026-04-25,SEC_RATL_BRC,165.0,167.3,93.6,0,2,0.418,CLEAR,False,5,4
12952,2026-04-25,SEC_BRC_MMCT,250.0,273.9,85.9,0,24,0.366,RAIN,False,5,6
12413,2026-04-25,SEC_NDLS_MTJ,95.0,116.9,72.4,5,27,0.748,RAIN,False,5,7
12413,2026-04-25,SEC_MTJ_BTE,25.0,26.7,76.4,5,7,0.548,CLEAR,False,5,9
12413,2026-04-25,SEC_BTE_GGC,75.0,73.1,97.7,5,5,0.206,CLEAR,False,5,11
12413,2026-04-25,SEC_GGC_SWM,42.0,48.4,79.3,5,11,0.879,CLEAR,False,5,13
12413,2026-04-25,SEC_SWM_KOTA,65.0,66.8,97.0,5,7,0.709,CLEAR,False,5,15
12413,2026-04-25,SEC_KOTA_RATL,170.0,181.1,88.1,5,16,0.838,CLEAR,False,5,17
12413,2026-04-25,SEC_RATL_BRC,165.0,164.4,95.3,5,5,0.129,CLEAR,False,5,19
12413,2026-04-25,SEC_BRC_MMCT,250.0,273.5,86.0,5,29,0.891,CLEAR,False,5,21
19020,2026-04-25,SEC_NDLS_MTJ,95.0,98.9,85.5,10,14,0.175,CLEAR,False,5,23
19020,2026-04-25,SEC_MTJ_BTE,25.0,73.2,27.9,10,58,0.569,STORM,True,5,1
19020,2026-04-25,SEC_BTE_GGC,75.0,84.5,84.5,10,20,0.297,FOG,False,5,3
19020,2026-04-25,SEC_GGC_SWM,42.0,45.4,84.6,10,13,0.572,CLEAR,False,5,5
19020,2026-04-25,SEC_SWM_KOTA,65.0,62.0,104.5,10,10,0.666,CLEAR,False,5,7
19020,2026-04-25,SEC_KOTA_RATL,170.0,176.9,90.2,10,17,0.861,CLEAR,False,5,9
19020,2026-04-25,SEC_RATL_BRC,165.0,182.0,86.0,10,27,0.791,RAIN,False,5,11
19020,2026-04-25,SEC_BRC_MMCT,250.0,253.9,92.6,10,14,0.419,RAIN,False,5,13
12988,2026-04-25,SEC_NDLS_MTJ,95.0,96.7,87.5,0,2,0.23,CLEAR,False,5,6
12988,2026-04-25,SEC_MTJ_BTE,25.0,44.0,46.4,0,19,0.689,FOG,False,5,8
12988,2026-04-25,SEC_BTE_GGC,75.0,71.5,99.9,0,0,0.766,CLEAR,False,5,10
12988,2026-04-25,SEC_GGC_SWM,42.0,53.5,71.8,0,12,0.438,FOG,False,5,12
12988,2026-04-25,SEC_SWM_KOTA,65.0,62.6,103.5,0,0,0.373,CLEAR,False,5,14
12988,2026-04-25,SEC_KOTA_RATL,170.0,212.1,75.2,0,42,0.618,STORM,True,5,16
12988,2026-04-25,SEC_RATL_BRC,165.0,181.3,86.4,0,16,0.202,CLEAR,False,5,18
12988,2026-04-25,SEC_BRC_MMCT,250.0,237.5,99.0,0,0,0.511,CLEAR,False,5,20
12910,2026-04-25,SEC_NDLS_MTJ,95.0,97.2,87.0,10,12,0.384,RAIN,False,5,21
12910,2026-04-25,SEC_MTJ_BTE,25.0,23.8,85.7,10,10,0.136,CLEAR,False,5,23
12910,2026-04-25,SEC_BTE_GGC,75.0,122.4,58.3,10,57,0.464,STORM,True,5,1
12910,2026-04-25,SEC_GGC_SWM,42.0,43.2,88.9,10,11,0.886,CLEAR,False,5,3
12910,2026-04-25,SEC_SWM_KOTA,65.0,87.1,74.4,10,32,0.193,CLEAR,True,5,5
12910,2026-04-25,SEC_KOTA_RATL,170.0,198.8,80.3,10,39,0.751,FOG,False,5,7
12910,2026-04-25,SEC_RATL_BRC,165.0,205.7,76.1,10,51,0.416,STORM,True,5,9
12910,2026-04-25,SEC_BRC_MMCT,250.0,260.2,90.4,10,20,0.619,CLEAR,False,5,11
12952,2026-04-26,SEC_NDLS_MTJ,95.0,99.2,85.3,0,4,0.716,CLEAR,False,6,16
12952,2026-04-26,SEC_MTJ_BTE,25.0,44.9,45.4,0,20,0.477,FOG,False,6,18
12952,2026-04-26,SEC_BTE_GGC,75.0,80.7,88.5,0,6,0.413,RAIN,False,6,20
12952,2026-04-26,SEC_GGC_SWM,42.0,56.7,67.7,0,15,0.577,FOG,False,6,22
12952,2026-04-26,SEC_SWM_KOTA,65.0,93.0,69.7,0,28,0.68,FOG,False,6,0
12952,2026-04-26,SEC_KOTA_RATL,170.0,161.5,98.8,0,0,0.353,CLEAR,False,6,2
12952,2026-04-26,SEC_RATL_BRC,165.0,169.9,92.2,0,5,0.598,FOG,False,6,4
12952,2026-04-26,SEC_BRC_MMCT,250.0,246.7,95.3,0,0,0.286,FOG,False,6,6
12413,2026-04-26,SEC_NDLS_MTJ,95.0,155.9,54.3,4,65,0.626,STORM,True,6,7
12413,2026-04-26,SEC_MTJ_BTE,25.0,58.2,35.1,4,37,0.388,STORM,True,6,9
12413,2026-04-26,SEC_BTE_GGC,75.0,108.4,65.9,4,37,0.699,STORM,True,6,11
12413,2026-04-26,SEC_GGC_SWM,42.0,47.0,81.7,4,9,0.268,FOG,False,6,13
12413,2026-04-26,SEC_SWM_KOTA,65.0,69.5,93.2,4,8,0.24,CLEAR,False,6,15
12413,2026-04-26,SEC_KOTA_RATL,170.0,161.7,98.7,4,4,0.279,CLEAR,False,6,17
12413,2026-04-26,SEC_RATL_BRC,165.0,182.2,85.9,4,21,0.546,CLEAR,False,6,19
12413,2026-04-26,SEC_BRC_MMCT,250.0,237.5,99.0,4,4,0.45,CLEAR,False,6,21
19020,2026-04-26,SEC_NDLS_MTJ,95.0,111.1,76.1,0,16,0.787,RAIN,False,6,23
19020,2026-04-26,SEC_MTJ_BTE,25.0,28.1,72.6,0,3,0.226,CLEAR,False,6,1
19020,2026-04-26,SEC_BTE_GGC,75.0,127.0,56.2,0,52,0.796,STORM,True,6,3
19020,2026-04-26,SEC_GGC_SWM,42.0,49.1,78.2,0,7,0.747,CLEAR,False,6,5
19020,2026-04-26,SEC_SWM_KOTA,65.0,65.0,99.7,0,0,0.432,CLEAR,False,6,7
19020,2026-04-26,SEC_KOTA_RATL,170.0,167.1,95.5,0,0,0.431,CLEAR,False,6,9
19020,2026-04-26,SEC_RATL_BRC,165.0,220.9,70.9,0,56,0.389,STORM,True,6,11
19020,2026-04-26,SEC_BRC_MMCT,250.0,255.7,92.0,0,6,0.718,CLEAR,False,6,13
12988,2026-04-26,SEC_NDLS_MTJ,95.0,90.2,93.8,5,5,0.146,CLEAR,False,6,6
12988,2026-04-26,SEC_MTJ_BTE,25.0,42.4,48.1,5,22,0.661,FOG,False,6,8
12988,2026-04-26,SEC_BTE_GGC,75.0,82.1,87.0,5,12,0.324,CLEAR,True,6,10
12988,2026-04-26,SEC_GGC_SWM,42.0,52.7,72.9,5,16,0.658,RAIN,False,6,12
12988,2026-04-26,SEC_SWM_KOTA,65.0,61.8,104.9,5,5,0.167,CLEAR,False,6,14
12988,2026-04-26,SEC_KOTA_RATL,170.0,175.9,90.7,5,11,0.174,RAIN,False,6,16
12988,2026-04-26,SEC_RATL_BRC,165.0,176.5,88.7,5,17,0.812,CLEAR,True,6,18
12988,2026-04-26,SEC_BRC_MMCT,250.0,280.6,83.8,5,36,0.148,STORM,True,6,20
12910,2026-04-26,SEC_NDLS_MTJ,95.0,104.4,81.0,10,19,0.558,CLEAR,False,6,21
12910,2026-04-26,SEC_MTJ_BTE,25.0,73.8,27.6,10,59,0.815,STORM,True,6,23
12910,2026-04-26,SEC_BTE_GGC,75.0,77.0,92.7,10,12,0.752,CLEAR,False,6,1
12910,2026-04-26,SEC_GGC_SWM,42.0,49.6,77.4,10,18,0.758,RAIN,False,6,3
12910,2026-04-26,SEC_SWM_KOTA,65.0,81.9,79.1,10,27,0.15,FOG,False,6,5
12910,2026-04-26,SEC_KOTA_RATL,170.0,175.3,91.0,10,15,0.723,RAIN,False,6,7
12910,2026-04-26,SEC_RATL_BRC,165.0,176.4,88.8,10,21,0.858,FOG,False,6,9
12910,2026-04-26,SEC_BRC_MMCT,250.0,258.2,91.1,10,18,0.664,FOG,False,6,11
12952,2026-04-27,SEC_NDLS_MTJ,95.0,90.2,93.8,0,0,0.666,CLEAR,False,0,16
12952,2026-04-27,SEC_MTJ_BTE,25.0,34.9,58.5,0,10,0.414,RAIN,False,0,18
12952,2026-04-27,SEC_BTE_GGC,75.0,79.2,90.2,0,4,0.575,CLEAR,False,0,20
12952,2026-04-27,SEC_GGC_SWM,42.0,45.5,84.4,0,4,0.544,CLEAR,False,0,22
12952,2026-04-27,SEC_SWM_KOTA,65.0,61.8,104.9,0,0,0.444,CLEAR,False,0,0
12952,2026-04-27,SEC_KOTA_RATL,170.0,171.2,93.2,0,1,0.183,RAIN,False,0,2
12952,2026-04-27,SEC_RATL_BRC,165.0,169.6,92.3,0,5,0.295,CLEAR,False,0,4
12952,2026-04-27,SEC_BRC_MMCT,250.0,237.5,99.0,0,0,0.502,RAIN,False,0,6
12413,2026-04-27,SEC_NDLS_MTJ,95.0,128.1,66.0,1,34,0.115,STORM,True,0,7
12413,2026-04-27,SEC_MTJ_BTE,25.0,31.4,65.0,1,7,0.555,RAIN,False,0,9
12413,2026-04-27,SEC_BTE_GGC,75.0,88.5,80.7,1,15,0.172,RAIN,False,0,11
12413,2026-04-27,SEC_GGC_SWM,42.0,84.8,45.3,1,44,0.603,STORM,True,0,13
12413,2026-04-27,SEC_SWM_KOTA,65.0,82.9,78.2,1,19,0.617,RAIN,False,0,15
12413,2026-04-27,SEC_KOTA_RATL,170.0,173.6,91.9,1,5,0.688,CLEAR,False,0,17
12413,2026-04-27,SEC_RATL_BRC,165.0,165.5,94.6,1,1,0.671,CLEAR,False,0,19
12413,2026-04-27,SEC_BRC_MMCT,250.0,246.7,95.3,1,1,0.292,CLEAR,False,0,21
19020,2026-04-27,SEC_NDLS_MTJ,95.0,91.6,92.4,0,0,0.551,CLEAR,False,0,23
19020,2026-04-27,SEC_MTJ_BTE,25.0,26.2,77.9,0,1,0.432,CLEAR,False,0,1
19020,2026-04-27,SEC_BTE_GGC,75.0,77.4,92.2,0,2,0.678,CLEAR,False,0,3
19020,2026-04-27,SEC_GGC_SWM,42.0,55.9,68.7,0,14,0.608,FOG,False,0,5
19020,2026-04-27,SEC_SWM_KOTA,65.0,70.4,92.0,0,5,0.569,RAIN,False,0,7
19020,2026-04-27,SEC_KOTA_RATL,170.0,185.2,86.2,0,15,0.472,FOG,False,0,9
19020,2026-04-27,SEC_RATL_BRC,165.0,168.0,93.2,0,3,0.251,FOG,False,0,11
19020,2026-04-27,SEC_BRC_MMCT,250.0,237.5,99.0,0,0,0.544,CLEAR,False,0,13
12988,2026-04-27,SEC_NDLS_MTJ,95.0,100.4,84.3,0,5,0.699,CLEAR,False,0,6
12988,2026-04-27,SEC_MTJ_BTE,25.0,26.0,78.5,0,1,0.688,CLEAR,False,0,8
12988,2026-04-27,SEC_BTE_GGC,75.0,75.4,94.7,0,0,0.376,CLEAR,False,0,10
12988,2026-04-27,SEC_GGC_SWM,42.0,65.9,58.3,0,24,0.106,FOG,True,0,12
12988,2026-04-27,SEC_SWM_KOTA,65.0,71.0,91.3,0,6,0.572,FOG,False,0,14
12988,2026-04-27,SEC_KOTA_RATL,170.0,211.9,75.3,0,42,0.174,STORM,True,0,16
12988,2026-04-27,SEC_RATL_BRC,165.0,228.4,68.6,0,63,0.69,STORM,True,0,18
12988,2026-04-27,SEC_BRC_MMCT,250.0,304.5,77.2,0,54,0.653,STORM,True,0,20
12910,2026-04-27,SEC_NDLS_MTJ,95.0,93.8,90.2,10,10,0.396,CLEAR,False,0,21
12910,2026-04-27,SEC_MTJ_BTE,25.0,29.3,69.6,10,14,0.483,CLEAR,False,0,23
12910,2026-04-27,SEC_BTE_GGC,75.0,71.2,100.3,10,10,0.496,CLEAR,False,0,1
12910,2026-04-27,SEC_GGC_SWM,42.0,43.9,87.5,10,12,0.66,CLEAR,False,0,3
12910,2026-04-27,SEC_SWM_KOTA,65.0,75.7,85.6,10,21,0.507,CLEAR,False,0,5
12910,2026-04-27,SEC_KOTA_RATL,170.0,199.9,79.8,10,40,0.356,FOG,True,0,7
12910,2026-04-27,SEC_RATL_BRC,165.0,175.2,89.4,10,20,0.508,FOG,False,0,9
12910,2026-04-27,SEC_BRC_MMCT,250.0,255.1,92.2,10,15,0.419,CLEAR,False,0,11
12952,2026-04-28,SEC_NDLS_MTJ,95.0,90.2,93.8,0,0,0.235,CLEAR,False,1,16
12952,2026-04-28,SEC_MTJ_BTE,25.0,23.8,85.7,0,0,0.158,CLEAR,False,1,18
12952,2026-04-28,SEC_BTE_GGC,75.0,134.8,53.0,0,60,0.661,STORM,True,1,20
12952,2026-04-28,SEC_GGC_SWM,42.0,48.5,79.2,0,6,0.666,RAIN,False,1,22
12952,2026-04-28,SEC_SWM_KOTA,65.0,131.6,49.2,0,67,0.368,STORM,True,1,0
12952,2026-04-28,SEC_KOTA_RATL,170.0,189.1,84.4,0,19,0.581,CLEAR,False,1,2
12952,2026-04-28,SEC_RATL_BRC,165.0,162.3,96.5,0,0,0.436,CLEAR,False,1,4
12952,2026-04-28,SEC_BRC_MMCT,250.0,269.7,87.2,0,20,0.474,RAIN,False,1,6
12413,2026-04-28,SEC_NDLS_MTJ,95.0,104.1,81.3,4,13,0.491,RAIN,False,1,7
12413,2026-04-28,SEC_MTJ_BTE,25.0,24.9,81.9,4,4,0.141,CLEAR,False,1,9
12413,2026-04-28,SEC_BTE_GGC,75.0,99.9,71.5,4,29,0.405,STORM,True,1,11
12413,2026-04-28,SEC_GGC_SWM,42.0,46.1,83.3,4,8,0.362,CLEAR,False,1,13
12413,2026-04-28,SEC_SWM_KOTA,65.0,67.0,96.7,4,6,0.188,RAIN,False,1,15
12413,2026-04-28,SEC_KOTA_RATL,170.0,217.0,73.5,4,51,0.187,STORM,True,1,17
12413,2026-04-28,SEC_RATL_BRC,165.0,180.4,86.8,4,19,0.22,CLEAR,False,1,19
12413,2026-04-28,SEC_BRC_MMCT,250.0,251.9,93.4,4,6,0.299,FOG,False,1,21
19020,2026-04-28,SEC_NDLS_MTJ,95.0,97.7,86.6,6,9,0.373,CLEAR,False,1,23
19020,2026-04-28,SEC_MTJ_BTE,25.0,25.7,79.4,6,7,0.228,CLEAR,False,1,1
19020,2026-04-28,SEC_BTE_GGC,75.0,110.8,64.4,6,42,0.326,STORM,True,1,3
19020,2026-04-28,SEC_GGC_SWM,42.0,47.0,81.7,6,11,0.217,CLEAR,False,1,5
19020,2026-04-28,SEC_SWM_KOTA,65.0,67.4,96.1,6,8,0.27,CLEAR,False,1,7
19020,2026-04-28,SEC_KOTA_RATL,170.0,195.7,81.6,6,32,0.606,CLEAR,True,1,9
19020,2026-04-28,SEC_RATL_BRC,165.0,157.1,99.7,6,6,0.226,CLEAR,False,1,11
19020,2026-04-28,SEC_BRC_MMCT,250.0,261.5,89.9,6,18,0.627,RAIN,False,1,13
12988,2026-04-28,SEC_NDLS_MTJ,95.0,93.6,90.4,1,1,0.517,CLEAR,False,1,6
12988,2026-04-28,SEC_MTJ_BTE,25.0,34.5,59.1,1,11,0.421,RAIN,False,1,8
12988,2026-04-28,SEC_BTE_GGC,75.0,87.0,82.1,1,13,0.611,CLEAR,False,1,10
12988,2026-04-28,SEC_GGC_SWM,42.0,99.9,38.4,1,59,0.469,STORM,True,1,12
12988,2026-04-28,SEC_SWM_KOTA,65.0,64.0,101.2,1,1,0.379,CLEAR,False,1,14
12988,2026-04-28,SEC_KOTA_RATL,170.0,180.2,88.6,1,11,0.483,CLEAR,False,1,16
12988,2026-04-28,SEC_RATL_BRC,165.0,167.8,93.3,1,4,0.241,CLEAR,False,1,18
12988,2026-04-28,SEC_BRC_MMCT,250.0,264.3,89.0,1,15,0.181,CLEAR,False,1,20
12910,2026-04-28,SEC_NDLS_MTJ,95.0,91.1,92.9,8,8,0.473,CLEAR,False,1,21
12910,2026-04-28,SEC_MTJ_BTE,25.0,50.4,40.5,8,33,0.365,FOG,True,1,23
12910,2026-04-28,SEC_BTE_GGC,75.0,84.1,84.9,8,17,0.486,RAIN,False,1,1
12910,2026-04-28,SEC_GGC_SWM,42.0,39.9,96.2,8,8,0.505,CLEAR,False,1,3
12910,2026-04-28,SEC_SWM_KOTA,65.0,74.1,87.4,8,17,0.462,CLEAR,False,1,5
12910,2026-04-28,SEC_KOTA_RATL,170.0,186.8,85.4,8,25,0.308,CLEAR,False,1,7
12910,2026-04-28,SEC_RATL_BRC,165.0,189.6,82.6,8,33,0.107,STORM,True,1,9
12910,2026-04-28,SEC_BRC_MMCT,250.0,237.5,99.0,8,8,0.409,CLEAR,False,1,11
12952,2026-04-29,SEC_NDLS_MTJ,95.0,99.4,85.1,0,4,0.288,CLEAR,False,2,16
12952,2026-04-29,SEC_MTJ_BTE,25.0,34.5,59.1,0,10,0.183,RAIN,False,2,18
12952,2026-04-29,SEC_BTE_GGC,75.0,87.5,81.6,0,12,0.601,FOG,False,2,20
12952,2026-04-29,SEC_GGC_SWM,42.0,48.2,79.7,0,6,0.452,RAIN,False,2,22
12952,2026-04-29,SEC_SWM_KOTA,65.0,70.6,91.8,0,6,0.579,CLEAR,False,2,0
12952,2026-04-29,SEC_KOTA_RATL,170.0,163.3,97.7,0,0,0.213,CLEAR,False,2,2
12952,2026-04-29,SEC_RATL_BRC,165.0,162.6,96.3,0,0,0.163,CLEAR,False,2,4
12952,2026-04-29,SEC_BRC_MMCT,250.0,248.9,94.5,0,0,0.332,CLEAR,False,2,6
12413,2026-04-29,SEC_NDLS_MTJ,95.0,90.2,93.8,3,3,0.107,CLEAR,False,2,7
12413,2026-04-29,SEC_MTJ_BTE,25.0,49.3,41.4,3,27,0.141,FOG,False,2,9
12413,2026-04-29,SEC_BTE_GGC,75.0,75.3,94.8,3,3,0.591,CLEAR,False,2,11
12413,2026-04-29,SEC_GGC_SWM,42.0,69.5,55.3,3,31,0.511,STORM,True,2,13
12413,2026-04-29,SEC_SWM_KOTA,65.0,75.0,86.4,3,13,0.248,FOG,False,2,15
12413,2026-04-29,SEC_KOTA_RATL,170.0,183.3,87.1,3,16,0.629,CLEAR,False,2,17
12413,2026-04-29,SEC_RATL_BRC,165.0,172.9,90.6,3,11,0.594,CLEAR,False,2,19
12413,2026-04-29,SEC_BRC_MMCT,250.0,253.0,93.0,3,6,0.21,FOG,False,2,21
19020,2026-04-29,SEC_NDLS_MTJ,95.0,94.0,90.0,2,2,0.477,CLEAR,False,2,23
19020,2026-04-29,SEC_MTJ_BTE,25.0,40.2,50.7,2,17,0.557,FOG,False,2,1
19020,2026-04-29,SEC_BTE_GGC,75.0,80.3,88.9,2,7,0.296,RAIN,False,2,3
19020,2026-04-29,SEC_GGC_SWM,42.0,82.1,46.8,2,42,0.505,STORM,True,2,5
19020,2026-04-29,SEC_SWM_KOTA,65.0,87.2,74.3,2,24,0.169,CLEAR,True,2,7
19020,2026-04-29,SEC_KOTA_RATL,170.0,167.8,95.1,2,2,0.363,CLEAR,False,2,9
19020,2026-04-29,SEC_RATL_BRC,165.0,177.9,88.0,2,15,0.206,CLEAR,False,2,11
19020,2026-04-29,SEC_BRC_MMCT,250.0,267.3,88.0,2,19,0.315,CLEAR,False,2,13
12988,2026-04-29,SEC_NDLS_MTJ,95.0,116.1,72.9,1,22,0.602,FOG,False,2,6
12988,2026-04-29,SEC_MTJ_BTE,25.0,23.8,85.7,1,1,0.459,CLEAR,False,2,8
12988,2026-04-29,SEC_BTE_GGC,75.0,80.1,89.1,1,6,0.243,CLEAR,False,2,10
12988,2026-04-29,SEC_GGC_SWM,42.0,99.5,38.6,1,59,0.138,STORM,True,2,12
12988,2026-04-29,SEC_SWM_KOTA,65.0,94.8,68.4,1,31,0.2,STORM,True,2,14
12988,2026-04-29,SEC_KOTA_RATL,170.0,177.4,90.0,1,8,0.357,RAIN,False,2,16
12988,2026-04-29,SEC_RATL_BRC,165.0,157.4,99.5,1,1,0.29,CLEAR,False,2,18
12988,2026-04-29,SEC_BRC_MMCT,250.0,261.4,90.0,1,12,0.631,CLEAR,False,2,20
12910,2026-04-29,SEC_NDLS_MTJ,95.0,165.2,51.2,0,70,0.422,STORM,True,2,21
12910,2026-04-29,SEC_MTJ_BTE,25.0,56.0,36.4,0,31,0.333,STORM,True,2,23
12910,2026-04-29,SEC_BTE_GGC,75.0,124.3,57.4,0,49,0.291,STORM,True,2,1
12910,2026-04-29,SEC_GGC_SWM,42.0,65.9,58.3,0,24,0.545,STORM,True,2,3
12910,2026-04-29,SEC_SWM_KOTA,65.0,68.6,94.5,0,4,0.543,CLEAR,False,2,5
12910,2026-04-29,SEC_KOTA_RATL,170.0,161.5,98.8,0,0,0.485,CLEAR,False,2,7
12910,2026-04-29,SEC_RATL_BRC,165.0,180.7,86.7,0,16,0.297,FOG,False,2,9
12910,2026-04-29,SEC_BRC_MMCT,250.0,319.5,73.6,0,70,0.588,STORM,True,2,11
12952,2026-04-30,SEC_NDLS_MTJ,95.0,112.0,75.5,0,17,0.651,RAIN,False,3,16
12952,2026-04-30,SEC_MTJ_BTE,25.0,35.5,57.5,0,10,0.365,RAIN,False,3,18
12952,2026-04-30,SEC_BTE_GGC,75.0,77.4,92.2,0,2,0.695,CLEAR,False,3,20
12952,2026-04-30,SEC_GGC_SWM,42.0,41.3,93.0,0,0,0.147,CLEAR,False,3,22
12952,2026-04-30,SEC_SWM_KOTA,65.0,62.9,103.0,0,0,0.464,CLEAR,False,3,0
12952,2026-04-30,SEC_KOTA_RATL,170.0,193.4,82.5,0,23,0.684,FOG,False,3,2
12952,2026-04-30,SEC_RATL_BRC,165.0,188.7,83.0,0,24,0.36,RAIN,False,3,4
12952,2026-04-30,SEC_BRC_MMCT,250.0,277.4,84.8,0,27,0.653,CLEAR,False,3,6
12413,2026-04-30,SEC_NDLS_MTJ,95.0,95.8,88.3,2,3,0.372,FOG,False,3,7
12413,2026-04-30,SEC_MTJ_BTE,25.0,27.6,73.9,2,5,0.103,CLEAR,False,3,9
12413,2026-04-30,SEC_BTE_GGC,75.0,94.1,75.9,2,21,0.664,FOG,False,3,11
12413,2026-04-30,SEC_GGC_SWM,42.0,50.4,76.2,2,10,0.695,FOG,False,3,13
12413,2026-04-30,SEC_SWM_KOTA,65.0,82.4,78.6,2,19,0.563,FOG,False,3,15
12413,2026-04-30,SEC_KOTA_RATL,170.0,162.7,98.1,2,2,0.656,CLEAR,False,3,17
12413,2026-04-30,SEC_RATL_BRC,165.0,161.9,96.7,2,2,0.506,CLEAR,False,3,19
12413,2026-04-30,SEC_BRC_MMCT,250.0,237.5,99.0,2,2,0.447,CLEAR,False,3,21
19020,2026-04-30,SEC_NDLS_MTJ,95.0,151.0,56.0,0,56,0.527,STORM,True,3,23
19020,2026-04-30,SEC_MTJ_BTE,25.0,28.9,70.6,0,4,0.252,CLEAR,False,3,1
19020,2026-04-30,SEC_BTE_GGC,75.0,96.5,74.0,0,22,0.54,FOG,False,3,3
19020,2026-04-30,SEC_GGC_SWM,42.0,39.9,96.2,0,0,0.261,CLEAR,False,3,5
19020,2026-04-30,SEC_SWM_KOTA,65.0,70.4,92.0,0,5,0.59,CLEAR,False,3,7
19020,2026-04-30,SEC_KOTA_RATL,170.0,206.8,77.2,0,37,0.359,STORM,True,3,9
19020,2026-04-30,SEC_RATL_BRC,165.0,174.4,89.8,0,9,0.37,RAIN,False,3,11
19020,2026-04-30,SEC_BRC_MMCT,250.0,245.9,95.6,0,0,0.623,CLEAR,False,3,13
12988,2026-04-30,SEC_NDLS_MTJ,95.0,97.2,87.0,5,7,0.151,CLEAR,False,3,6
12988,2026-04-30,SEC_MTJ_BTE,25.0,35.1,58.1,5,15,0.26,CLEAR,True,3,8
12988,2026-04-30,SEC_BTE_GGC,75.0,71.2,100.3,5,5,0.104,CLEAR,False,3,10
12988,2026-04-30,SEC_GGC_SWM,42.0,39.9,96.2,5,5,0.302,CLEAR,False,3,12
12988,2026-04-30,SEC_SWM_KOTA,65.0,65.3,99.2,5,5,0.499,CLEAR,False,3,14
12988,2026-04-30,SEC_KOTA_RATL,170.0,190.9,83.6,5,26,0.341,FOG,False,3,16
12988,2026-04-30,SEC_RATL_BRC,165.0,160.0,97.9,5,5,0.268,CLEAR,False,3,18
12988,2026-04-30,SEC_BRC_MMCT,250.0,237.5,99.0,5,5,0.496,FOG,False,3,20
12910,2026-04-30,SEC_NDLS_MTJ,95.0,109.4,77.3,4,18,0.624,CLEAR,False,3,21
12910,2026-04-30,SEC_MTJ_BTE,25.0,89.2,22.9,4,68,0.468,STORM,True,3,23
12910,2026-04-30,SEC_BTE_GGC,75.0,120.8,59.1,4,50,0.614,STORM,True,3,1
12910,2026-04-30,SEC_GGC_SWM,42.0,49.6,77.4,4,12,0.53,RAIN,False,3,3
12910,2026-04-30,SEC_SWM_KOTA,65.0,119.0,54.5,4,58,0.698,STORM,True,3,5
12910,2026-04-30,SEC_KOTA_RATL,170.0,172.4,92.6,4,6,0.552,CLEAR,False,3,7
12910,2026-04-30,SEC_RATL_BRC,165.0,226.0,69.3,4,65,0.118,STORM,True,3,9
12910,2026-04-30,SEC_BRC_MMCT,250.0,288.6,81.5,4,43,0.174,STORM,True,3,11
12952,2026-05-01,SEC_NDLS_MTJ,95.0,95.9,88.2,0,1,0.659,CLEAR,False,4,16
12952,2026-05-01,SEC_MTJ_BTE,25.0,76.4,26.7,0,51,0.535,STORM,True,4,18
12952,2026-05-01,SEC_BTE_GGC,75.0,76.8,93.0,0,2,0.169,CLEAR,False,4,20
12952,2026-05-01,SEC_GGC_SWM,42.0,42.8,89.7,0,1,0.176,CLEAR,False,4,22
12952,2026-05-01,SEC_SWM_KOTA,65.0,73.0,88.8,0,8,0.421,CLEAR,False,4,0
12952,2026-05-01,SEC_KOTA_RATL,170.0,161.5,98.8,0,0,0.461,CLEAR,False,4,2
12952,2026-05-01,SEC_RATL_BRC,165.0,178.2,87.9,0,13,0.59,FOG,False,4,4
12952,2026-05-01,SEC_BRC_MMCT,250.0,302.2,77.8,0,52,0.499,STORM,True,4,6
12413,2026-05-01,SEC_NDLS_MTJ,95.0,90.2,93.8,5,5,0.609,CLEAR,False,4,7
12413,2026-05-01,SEC_MTJ_BTE,25.0,24.4,83.6,5,5,0.3,CLEAR,False,4,9
12413,2026-05-01,SEC_BTE_GGC,75.0,77.5,92.1,5,7,0.132,CLEAR,False,4,11
12413,2026-05-01,SEC_GGC_SWM,42.0,82.4,46.6,5,45,0.647,STORM,True,4,13
12413,2026-05-01,SEC_SWM_KOTA,65.0,71.2,91.0,5,11,0.555,FOG,False,4,15
12413,2026-05-01,SEC_KOTA_RATL,170.0,186.5,85.6,5,21,0.179,RAIN,False,4,17
12413,2026-05-01,SEC_RATL_BRC,165.0,207.4,75.5,5,47,0.282,STORM,True,4,19
12413,2026-05-01,SEC_BRC_MMCT,250.0,282.3,83.3,5,37,0.217,STORM,True,4,21
19020,2026-05-01,SEC_NDLS_MTJ,95.0,111.9,75.6,2,19,0.356,FOG,False,4,23
19020,2026-05-01,SEC_MTJ_BTE,25.0,23.8,85.7,2,2,0.409,CLEAR,False,4,1
19020,2026-05-01,SEC_BTE_GGC,75.0,138.6,51.5,2,66,0.342,STORM,True,4,3
19020,2026-05-01,SEC_GGC_SWM,42.0,61.8,62.1,2,22,0.695,FOG,False,4,5
19020,2026-05-01,SEC_SWM_KOTA,65.0,100.3,64.6,2,37,0.329,STORM,True,4,7
19020,2026-05-01,SEC_KOTA_RATL,170.0,172.0,92.8,2,4,0.452,RAIN,False,4,9
19020,2026-05-01,SEC_RATL_BRC,165.0,156.8,99.9,2,2,0.209,CLEAR,False,4,11
19020,2026-05-01,SEC_BRC_MMCT,250.0,255.6,92.0,2,8,0.617,CLEAR,False,4,13
12988,2026-05-01,SEC_NDLS_MTJ,95.0,102.2,82.8,3,10,0.57,RAIN,False,4,6
12988,2026-05-01,SEC_MTJ_BTE,25.0,73.9,27.6,3,52,0.174,STORM,True,4,8
12988,2026-05-01,SEC_BTE_GGC,75.0,79.4,89.9,3,7,0.103,RAIN,False,4,10
12988,2026-05-01,SEC_GGC_SWM,42.0,44.8,85.7,3,6,0.611,CLEAR,False,4,12
12988,2026-05-01,SEC_SWM_KOTA,65.0,72.9,88.9,3,11,0.203,CLEAR,False,4,14
12988,2026-05-01,SEC_KOTA_RATL,170.0,169.0,94.4,3,3,0.367,CLEAR,False,4,16
12988,2026-05-01,SEC_RATL_BRC,165.0,160.6,97.5,3,3,0.406,CLEAR,False,4,18
12988,2026-05-01,SEC_BRC_MMCT,250.0,237.5,99.0,3,3,0.461,CLEAR,False,4,20
12910,2026-05-01,SEC_NDLS_MTJ,95.0,96.9,87.3,8,10,0.253,FOG,False,4,21
12910,2026-05-01,SEC_MTJ_BTE,25.0,37.6,54.3,8,21,0.186,FOG,False,4,23
12910,2026-05-01,SEC_BTE_GGC,75.0,125.1,57.1,8,58,0.518,STORM,True,4,1
12910,2026-05-01,SEC_GGC_SWM,42.0,48.4,79.3,8,14,0.573,CLEAR,False,4,3
12910,2026-05-01,SEC_SWM_KOTA,65.0,64.2,100.9,8,8,0.166,CLEAR,False,4,5
12910,2026-05-01,SEC_KOTA_RATL,170.0,172.4,92.6,8,10,0.579,CLEAR,False,4,7
12910,2026-05-01,SEC_RATL_BRC,165.0,171.5,91.3,8,14,0.163,CLEAR,False,4,9
12910,2026-05-01,SEC_BRC_MMCT,250.0,261.7,89.9,8,20,0.309,FOG,False,4,11
12952,2026-05-02,SEC_NDLS_MTJ,95.0,90.3,93.7,0,0,0.857,CLEAR,False,5,16
12952,2026-05-02,SEC_MTJ_BTE,25.0,31.7,64.4,0,7,0.422,RAIN,False,5,18
12952,2026-05-02,SEC_BTE_GGC,75.0,136.1,52.5,0,61,0.224,STORM,True,5,20
12952,2026-05-02,SEC_GGC_SWM,42.0,86.2,44.5,0,44,0.722,STORM,True,5,22
12952,2026-05-02,SEC_SWM_KOTA,65.0,64.1,101.1,0,0,0.502,CLEAR,False,5,0
12952,2026-05-02,SEC_KOTA_RATL,170.0,180.4,88.5,0,10,0.17,CLEAR,False,5,2
12952,2026-05-02,SEC_RATL_BRC,165.0,213.0,73.5,0,48,0.164,STORM,True,5,4
12952,2026-05-02,SEC_BRC_MMCT,250.0,237.5,99.0,0,0,0.109,FOG,False,5,6
12413,2026-05-02,SEC_NDLS_MTJ,95.0,100.2,84.4,1,6,0.648,FOG,False,5,7
12413,2026-05-02,SEC_MTJ_BTE,25.0,71.3,28.6,1,47,0.106,STORM,True,5,9
12413,2026-05-02,SEC_BTE_GGC,75.0,136.7,52.2,1,63,0.861,STORM,True,5,11
12413,2026-05-02,SEC_GGC_SWM,42.0,72.0,53.3,1,31,0.844,STORM,True,5,13
12413,2026-05-02,SEC_SWM_KOTA,65.0,63.3,102.4,1,1,0.862,CLEAR,False,5,15
12413,2026-05-02,SEC_KOTA_RATL,170.0,176.9,90.2,1,8,0.781,CLEAR,False,5,17
12413,2026-05-02,SEC_RATL_BRC,165.0,160.7,97.4,1,1,0.69,CLEAR,False,5,19
12413,2026-05-02,SEC_BRC_MMCT,250.0,248.5,94.6,1,1,0.814,CLEAR,False,5,21
19020,2026-05-02,SEC_NDLS_MTJ,95.0,90.2,93.8,6,6,0.186,CLEAR,False,5,23
19020,2026-05-02,SEC_MTJ_BTE,25.0,31.1,65.6,6,12,0.511,CLEAR,False,5,1
19020,2026-05-02,SEC_BTE_GGC,75.0,72.0,99.2,6,6,0.3,CLEAR,False,5,3
19020,2026-05-02,SEC_GGC_SWM,42.0,45.3,84.8,6,9,0.451,CLEAR,False,5,5
19020,2026-05-02,SEC_SWM_KOTA,65.0,92.1,70.4,6,33,0.807,FOG,True,5,7
19020,2026-05-02,SEC_KOTA_RATL,170.0,166.9,95.6,6,6,0.259,CLEAR,False,5,9
19020,2026-05-02,SEC_RATL_BRC,165.0,182.1,86.0,6,23,0.496,FOG,False,5,11
19020,2026-05-02,SEC_BRC_MMCT,250.0,276.3,85.1,6,32,0.839,STORM,True,5,13
12988,2026-05-02,SEC_NDLS_MTJ,95.0,97.0,87.2,0,2,0.5,CLEAR,False,5,6
12988,2026-05-02,SEC_MTJ_BTE,25.0,56.0,36.4,0,31,0.106,STORM,True,5,8
12988,2026-05-02,SEC_BTE_GGC,75.0,88.5,80.7,0,14,0.509,RAIN,False,5,10
12988,2026-05-02,SEC_GGC_SWM,42.0,66.8,57.5,0,25,0.665,FOG,False,5,12
12988,2026-05-02,SEC_SWM_KOTA,65.0,65.4,99.1,0,0,0.784,CLEAR,False,5,14
12988,2026-05-02,SEC_KOTA_RATL,170.0,167.2,95.5,0,0,0.441,CLEAR,False,5,16
12988,2026-05-02,SEC_RATL_BRC,165.0,185.4,84.5,0,20,0.66,FOG,False,5,18
12988,2026-05-02,SEC_BRC_MMCT,250.0,249.8,94.2,0,0,0.315,CLEAR,False,5,20
12910,2026-05-02,SEC_NDLS_MTJ,95.0,92.5,91.5,4,4,0.1,CLEAR,False,5,21
12910,2026-05-02,SEC_MTJ_BTE,25.0,38.9,52.4,4,18,0.859,FOG,False,5,23
12910,2026-05-02,SEC_BTE_GGC,75.0,82.5,86.5,4,12,0.716,CLEAR,False,5,1
12910,2026-05-02,SEC_GGC_SWM,42.0,54.5,70.5,4,16,0.62,RAIN,False,5,3
12910,2026-05-02,SEC_SWM_KOTA,65.0,81.2,79.8,4,20,0.581,CLEAR,False,5,5
12910,2026-05-02,SEC_KOTA_RATL,170.0,190.9,83.6,4,25,0.16,FOG,False,5,7
12910,2026-05-02,SEC_RATL_BRC,165.0,173.6,90.2,4,13,0.223,CLEAR,False,5,9
12910,2026-05-02,SEC_BRC_MMCT,250.0,274.3,85.7,4,28,0.816,RAIN,False,5,11
12952,2026-05-03,SEC_NDLS_MTJ,95.0,107.6,78.6,0,13,0.845,FOG,False,6,16
12952,2026-05-03,SEC_MTJ_BTE,25.0,25.0,81.6,0,0,0.149,CLEAR,False,6,18
12952,2026-05-03,SEC_BTE_GGC,75.0,94.2,75.8,0,19,0.796,FOG,False,6,20
12952,2026-05-03,SEC_GGC_SWM,42.0,46.7,82.2,0,5,0.266,FOG,False,6,22
12952,2026-05-03,SEC_SWM_KOTA,65.0,61.8,104.9,0,0,0.733,CLEAR,False,6,0
12952,2026-05-03,SEC_KOTA_RATL,170.0,215.6,74.0,0,46,0.315,STORM,True,6,2
12952,2026-05-03,SEC_RATL_BRC,165.0,225.3,69.5,0,60,0.219,STORM,True,6,4
12952,2026-05-03,SEC_BRC_MMCT,250.0,237.5,99.0,0,0,0.101,CLEAR,False,6,6
12413,2026-05-03,SEC_NDLS_MTJ,95.0,155.4,54.4,0,60,0.807,STORM,True,6,7
12413,2026-05-03,SEC_MTJ_BTE,25.0,27.1,75.3,0,2,0.275,CLEAR,False,6,9
12413,2026-05-03,SEC_BTE_GGC,75.0,92.7,77.0,0,18,0.794,RAIN,False,6,11
12413,2026-05-03,SEC_GGC_SWM,42.0,42.2,91.0,0,0,0.607,CLEAR,False,6,13
12413,2026-05-03,SEC_SWM_KOTA,65.0,70.0,92.6,0,5,0.604,CLEAR,False,6,15
12413,2026-05-03,SEC_KOTA_RATL,170.0,162.7,98.1,0,0,0.175,CLEAR,False,6,17
12413,2026-05-03,SEC_RATL_BRC,165.0,171.0,91.6,0,6,0.855,CLEAR,False,6,19
12413,2026-05-03,SEC_BRC_MMCT,250.0,306.2,76.8,0,56,0.586,STORM,True,6,21
19020,2026-05-03,SEC_NDLS_MTJ,95.0,96.3,87.9,6,7,0.21,CLEAR,False,6,23
19020,2026-05-03,SEC_MTJ_BTE,25.0,28.3,72.1,6,9,0.616,CLEAR,False,6,1
19020,2026-05-03,SEC_BTE_GGC,75.0,78.7,90.7,6,10,0.58,CLEAR,False,6,3
19020,2026-05-03,SEC_GGC_SWM,42.0,101.7,37.8,6,66,0.168,STORM,True,6,5
19020,2026-05-03,SEC_SWM_KOTA,65.0,73.5,88.2,6,14,0.224,CLEAR,False,6,7
19020,2026-05-03,SEC_KOTA_RATL,170.0,176.4,90.5,6,12,0.182,CLEAR,False,6,9
19020,2026-05-03,SEC_RATL_BRC,165.0,199.5,78.5,6,40,0.442,CLEAR,True,6,11
19020,2026-05-03,SEC_BRC_MMCT,250.0,270.9,86.8,6,27,0.893,CLEAR,False,6,13
12988,2026-05-03,SEC_NDLS_MTJ,95.0,103.0,82.1,0,8,0.388,RAIN,False,6,6
12988,2026-05-03,SEC_MTJ_BTE,25.0,26.5,77.0,0,2,0.644,CLEAR,False,6,8
12988,2026-05-03,SEC_BTE_GGC,75.0,81.9,87.2,0,7,0.183,CLEAR,False,6,10
12988,2026-05-03,SEC_GGC_SWM,42.0,41.9,91.6,0,0,0.789,CLEAR,False,6,12
12988,2026-05-03,SEC_SWM_KOTA,65.0,68.3,94.9,0,3,0.677,CLEAR,False,6,14
12988,2026-05-03,SEC_KOTA_RATL,170.0,161.5,98.8,0,0,0.358,CLEAR,False,6,16
12988,2026-05-03,SEC_RATL_BRC,165.0,161.7,96.8,0,0,0.655,FOG,False,6,18
12988,2026-05-03,SEC_BRC_MMCT,250.0,263.8,89.2,0,14,0.539,CLEAR,False,6,20
12910,2026-05-03,SEC_NDLS_MTJ,95.0,104.8,80.7,2,12,0.672,FOG,False,6,21
12910,2026-05-03,SEC_MTJ_BTE,25.0,53.3,38.3,2,30,0.895,CLEAR,True,6,23
12910,2026-05-03,SEC_BTE_GGC,75.0,82.4,86.7,2,9,0.389,CLEAR,False,6,1
12910,2026-05-03,SEC_GGC_SWM,42.0,52.7,72.9,2,13,0.83,RAIN,False,6,3
12910,2026-05-03,SEC_SWM_KOTA,65.0,74.0,87.6,2,11,0.657,CLEAR,False,6,5
12910,2026-05-03,SEC_KOTA_RATL,170.0,183.7,86.9,2,16,0.159,CLEAR,False,6,7
12910,2026-05-03,SEC_RATL_BRC,165.0,185.6,84.4,2,23,0.296,CLEAR,False,6,9
12910,2026-05-03,SEC_BRC_MMCT,250.0,255.9,91.9,2,8,0.659,CLEAR,False,6,11
12952,2026-05-04,SEC_NDLS_MTJ,95.0,126.9,66.7,0,32,0.108,STORM,True,0,16
12952,2026-05-04,SEC_MTJ_BTE,25.0,43.7,46.7,0,19,0.508,FOG,False,0,18
12952,2026-05-04,SEC_BTE_GGC,75.0,80.1,89.1,0,5,0.526,RAIN,False,0,20
12952,2026-05-04,SEC_GGC_SWM,42.0,42.9,89.5,0,1,0.34,CLEAR,False,0,22
12952,2026-05-04,SEC_SWM_KOTA,65.0,69.6,93.1,0,5,0.146,RAIN,False,0,0
12952,2026-05-04,SEC_KOTA_RATL,170.0,161.5,98.8,0,0,0.488,CLEAR,False,0,2
12952,2026-05-04,SEC_RATL_BRC,165.0,170.3,92.0,0,5,0.301,RAIN,False,0,4
12952,2026-05-04,SEC_BRC_MMCT,250.0,257.9,91.2,0,8,0.221,CLEAR,False,0,6
12413,2026-05-04,SEC_NDLS_MTJ,95.0,100.8,83.9,4,10,0.692,RAIN,False,0,7
12413,2026-05-04,SEC_MTJ_BTE,25.0,26.3,77.6,4,5,0.4,CLEAR,False,0,9
12413,2026-05-04,SEC_BTE_GGC,75.0,71.2,100.3,4,4,0.158,CLEAR,False,0,11
12413,2026-05-04,SEC_GGC_SWM,42.0,49.5,77.6,4,12,0.386,RAIN,False,0,13
12413,2026-05-04,SEC_SWM_KOTA,65.0,122.1,53.1,4,61,0.378,STORM,True,0,15
12413,2026-05-04,SEC_KOTA_RATL,170.0,220.0,72.5,4,54,0.197,STORM,True,0,17
12413,2026-05-04,SEC_RATL_BRC,165.0,162.0,96.7,4,4,0.179,CLEAR,False,0,19
12413,2026-05-04,SEC_BRC_MMCT,250.0,296.5,79.3,4,50,0.333,STORM,True,0,21
19020,2026-05-04,SEC_NDLS_MTJ,95.0,114.3,74.0,10,29,0.109,FOG,False,0,23
19020,2026-05-04,SEC_MTJ_BTE,25.0,43.7,46.7,10,29,0.288,FOG,False,0,1
19020,2026-05-04,SEC_BTE_GGC,75.0,74.5,95.8,10,10,0.143,CLEAR,False,0,3
19020,2026-05-04,SEC_GGC_SWM,42.0,46.4,82.8,10,14,0.184,FOG,False,0,5
19020,2026-05-04,SEC_SWM_KOTA,65.0,71.0,91.3,10,16,0.614,CLEAR,False,0,7
19020,2026-05-04,SEC_KOTA_RATL,170.0,169.5,94.2,10,10,0.348,CLEAR,False,0,9
19020,2026-05-04,SEC_RATL_BRC,165.0,167.5,93.5,10,12,0.486,CLEAR,False,0,11
19020,2026-05-04,SEC_BRC_MMCT,250.0,242.7,96.9,10,10,0.442,CLEAR,False,0,13
12988,2026-05-04,SEC_NDLS_MTJ,95.0,90.2,93.8,5,5,0.381,CLEAR,False,0,6
12988,2026-05-04,SEC_MTJ_BTE,25.0,34.6,59.0,5,15,0.22,FOG,False,0,8
12988,2026-05-04,SEC_BTE_GGC,75.0,94.0,76.0,5,24,0.545,FOG,False,0,10
12988,2026-05-04,SEC_GGC_SWM,42.0,44.8,85.7,5,8,0.119,CLEAR,False,0,12
12988,2026-05-04,SEC_SWM_KOTA,65.0,67.8,95.6,5,8,0.687,CLEAR,False,0,14
12988,2026-05-04,SEC_KOTA_RATL,170.0,177.2,90.1,5,12,0.15,CLEAR,False,0,16
12988,2026-05-04,SEC_RATL_BRC,165.0,199.6,78.5,5,40,0.371,STORM,True,0,18
12988,2026-05-04,SEC_BRC_MMCT,250.0,263.6,89.2,5,19,0.552,FOG,False,0,20
12910,2026-05-04,SEC_NDLS_MTJ,95.0,100.6,84.1,6,12,0.196,RAIN,False,0,21
12910,2026-05-04,SEC_MTJ_BTE,25.0,30.4,67.1,6,11,0.534,RAIN,False,0,23
12910,2026-05-04,SEC_BTE_GGC,75.0,119.3,59.8,6,50,0.546,STORM,True,0,1
12910,2026-05-04,SEC_GGC_SWM,42.0,42.1,91.2,6,6,0.504,CLEAR,False,0,3
12910,2026-05-04,SEC_SWM_KOTA,65.0,66.7,97.2,6,8,0.483,CLEAR,False,0,5
12910,2026-05-04,SEC_KOTA_RATL,170.0,170.1,93.8,6,6,0.23,CLEAR,False,0,7
12910,2026-05-04,SEC_RATL_BRC,165.0,164.2,95.4,6,6,0.318,CLEAR,False,0,9
12910,2026-05-04,SEC_BRC_MMCT,250.0,280.1,84.0,6,36,0.311,FOG,False,0,11
12952,2026-05-05,SEC_NDLS_MTJ,95.0,90.2,93.8,0,0,0.375,CLEAR,False,1,16
12952,2026-05-05,SEC_MTJ_BTE,25.0,81.4,25.1,0,56,0.513,STORM,True,1,18
12952,2026-05-05,SEC_BTE_GGC,75.0,80.8,88.4,0,6,0.584,CLEAR,False,1,20
12952,2026-05-05,SEC_GGC_SWM,42.0,53.2,72.2,0,11,0.16,RAIN,False,1,22
12952,2026-05-05,SEC_SWM_KOTA,65.0,66.1,98.0,0,1,0.227,CLEAR,False,1,0
12952,2026-05-05,SEC_KOTA_RATL,170.0,161.5,98.8,0,0,0.648,CLEAR,False,1,2
12952,2026-05-05,SEC_RATL_BRC,165.0,225.9,69.3,0,61,0.337,STORM,True,1,4
12952,2026-05-05,SEC_BRC_MMCT,250.0,260.0,90.5,0,10,0.102,FOG,False,1,6
12413,2026-05-05,SEC_NDLS_MTJ,95.0,93.0,91.0,2,2,0.46,RAIN,False,1,7
12413,2026-05-05,SEC_MTJ_BTE,25.0,31.1,65.6,2,8,0.336,CLEAR,False,1,9
12413,2026-05-05,SEC_BTE_GGC,75.0,116.2,61.4,2,43,0.334,STORM,True,1,11
12413,2026-05-05,SEC_GGC_SWM,42.0,40.1,95.8,2,2,0.479,CLEAR,False,1,13
12413,2026-05-05,SEC_SWM_KOTA,65.0,64.6,100.3,2,2,0.195,CLEAR,False,1,15
12413,2026-05-05,SEC_KOTA_RATL,170.0,196.2,81.3,2,28,0.525,CLEAR,True,1,17
12413,2026-05-05,SEC_RATL_BRC,165.0,167.6,93.4,2,5,0.481,CLEAR,False,1,19
12413,2026-05-05,SEC_BRC_MMCT,250.0,243.3,96.7,2,2,0.584,CLEAR,False,1,21
19020,2026-05-05,SEC_NDLS_MTJ,95.0,95.2,88.9,0,0,0.483,CLEAR,False,1,23
19020,2026-05-05,SEC_MTJ_BTE,25.0,25.7,79.4,0,1,0.208,CLEAR,False,1,1
19020,2026-05-05,SEC_BTE_GGC,75.0,79.3,90.0,0,4,0.395,CLEAR,False,1,3
19020,2026-05-05,SEC_GGC_SWM,42.0,56.8,67.6,0,15,0.48,FOG,False,1,5
19020,2026-05-05,SEC_SWM_KOTA,65.0,69.4,93.4,0,4,0.479,CLEAR,False,1,7
19020,2026-05-05,SEC_KOTA_RATL,170.0,178.6,89.4,0,9,0.195,RAIN,False,1,9
19020,2026-05-05,SEC_RATL_BRC,165.0,167.9,93.3,0,3,0.411,CLEAR,False,1,11
19020,2026-05-05,SEC_BRC_MMCT,250.0,243.9,96.4,0,0,0.537,CLEAR,False,1,13
12988,2026-05-05,SEC_NDLS_MTJ,95.0,90.2,93.8,0,0,0.491,CLEAR,False,1,6
12988,2026-05-05,SEC_MTJ_BTE,25.0,27.4,74.5,0,2,0.512,CLEAR,False,1,8
12988,2026-05-05,SEC_BTE_GGC,75.0,85.0,84.0,0,10,0.453,RAIN,False,1,10
12988,2026-05-05,SEC_GGC_SWM,42.0,54.2,70.8,0,12,0.59,RAIN,False,1,12
12988,2026-05-05,SEC_SWM_KOTA,65.0,80.8,80.2,0,16,0.639,RAIN,False,1,14
12988,2026-05-05,SEC_KOTA_RATL,170.0,176.6,90.4,0,7,0.596,FOG,False,1,16
12988,2026-05-05,SEC_RATL_BRC,165.0,161.0,97.3,0,0,0.585,CLEAR,False,1,18
12988,2026-05-05,SEC_BRC_MMCT,250.0,254.2,92.5,0,4,0.173,CLEAR,False,1,20
12910,2026-05-05,SEC_NDLS_MTJ,95.0,100.5,84.2,6,12,0.639,RAIN,False,1,21
12910,2026-05-05,SEC_MTJ_BTE,25.0,28.1,72.6,6,9,0.668,CLEAR,False,1,23
12910,2026-05-05,SEC_BTE_GGC,75.0,128.8,55.4,6,60,0.353,STORM,True,1,1
12910,2026-05-05,SEC_GGC_SWM,42.0,40.1,95.8,6,6,0.174,CLEAR,False,1,3
12910,2026-05-05,SEC_SWM_KOTA,65.0,98.6,65.7,6,40,0.111,RAIN,True,1,5
12910,2026-05-05,SEC_KOTA_RATL,170.0,161.5,98.8,6,6,0.651,CLEAR,False,1,7
12910,2026-05-05,SEC_RATL_BRC,165.0,164.3,95.3,6,6,0.349,CLEAR,False,1,9
12910,2026-05-05,SEC_BRC_MMCT,250.0,278.5,84.5,6,34,0.336,FOG,False,1,11
12952,2026-05-06,SEC_NDLS_MTJ,95.0,97.0,87.2,0,2,0.162,CLEAR,False,2,16
12952,2026-05-06,SEC_MTJ_BTE,25.0,81.1,25.2,0,56,0.361,STORM,True,2,18
12952,2026-05-06,SEC_BTE_GGC,75.0,81.6,87.5,0,7,0.66,RAIN,False,2,20
12952,2026-05-06,SEC_GGC_SWM,42.0,40.1,95.8,0,0,0.513,CLEAR,False,2,22
12952,2026-05-06,SEC_SWM_KOTA,65.0,63.8,101.6,0,0,0.172,CLEAR,False,2,0
12952,2026-05-06,SEC_KOTA_RATL,170.0,223.8,71.3,0,54,0.368,STORM,True,2,2
12952,2026-05-06,SEC_RATL_BRC,165.0,166.2,94.2,0,1,0.539,CLEAR,False,2,4
12952,2026-05-06,SEC_BRC_MMCT,250.0,260.3,90.4,0,10,0.541,CLEAR,False,2,6
12413,2026-05-06,SEC_NDLS_MTJ,95.0,114.5,73.9,0,20,0.23,CLEAR,True,2,7
12413,2026-05-06,SEC_MTJ_BTE,25.0,24.5,83.3,0,0,0.287,CLEAR,False,2,9
12413,2026-05-06,SEC_BTE_GGC,75.0,85.9,83.1,0,11,0.318,CLEAR,False,2,11
12413,2026-05-06,SEC_GGC_SWM,42.0,42.5,90.4,0,0,0.512,CLEAR,False,2,13
12413,2026-05-06,SEC_SWM_KOTA,65.0,75.1,86.3,0,10,0.547,FOG,False,2,15
12413,2026-05-06,SEC_KOTA_RATL,170.0,204.9,77.9,0,35,0.171,FOG,False,2,17
12413,2026-05-06,SEC_RATL_BRC,165.0,180.2,86.9,0,15,0.405,FOG,False,2,19
12413,2026-05-06,SEC_BRC_MMCT,250.0,261.8,89.8,0,12,0.214,FOG,False,2,21
19020,2026-05-06,SEC_NDLS_MTJ,95.0,102.5,82.5,8,16,0.13,FOG,False,2,23
19020,2026-05-06,SEC_MTJ_BTE,25.0,27.1,75.3,8,10,0.161,CLEAR,False,2,1
19020,2026-05-06,SEC_BTE_GGC,75.0,92.3,77.4,8,25,0.232,FOG,False,2,3
19020,2026-05-06,SEC_GGC_SWM,42.0,73.0,52.6,8,39,0.273,STORM,True,2,5
19020,2026-05-06,SEC_SWM_KOTA,65.0,110.0,58.9,8,53,0.473,STORM,True,2,7
19020,2026-05-06,SEC_KOTA_RATL,170.0,161.5,98.8,8,8,0.185,CLEAR,False,2,9
19020,2026-05-06,SEC_RATL_BRC,165.0,176.8,88.6,8,20,0.629,CLEAR,False,2,11
19020,2026-05-06,SEC_BRC_MMCT,250.0,271.3,86.7,8,29,0.249,CLEAR,False,2,13
12988,2026-05-06,SEC_NDLS_MTJ,95.0,97.4,86.9,2,4,0.2,CLEAR,False,2,6
12988,2026-05-06,SEC_MTJ_BTE,25.0,63.9,31.9,2,41,0.31,STORM,True,2,8
12988,2026-05-06,SEC_BTE_GGC,75.0,71.2,100.3,2,2,0.3,CLEAR,False,2,10
12988,2026-05-06,SEC_GGC_SWM,42.0,43.1,89.1,2,3,0.537,CLEAR,False,2,12
12988,2026-05-06,SEC_SWM_KOTA,65.0,103.6,62.5,2,41,0.696,STORM,True,2,14
12988,2026-05-06,SEC_KOTA_RATL,170.0,174.0,91.7,2,6,0.673,CLEAR,False,2,16
12988,2026-05-06,SEC_RATL_BRC,165.0,243.2,64.4,2,80,0.427,STORM,True,2,18
12988,2026-05-06,SEC_BRC_MMCT,250.0,237.5,99.0,2,2,0.35,CLEAR,False,2,20
12910,2026-05-06,SEC_NDLS_MTJ,95.0,139.1,60.8,8,52,0.306,STORM,True,2,21
12910,2026-05-06,SEC_MTJ_BTE,25.0,26.5,77.0,8,10,0.511,CLEAR,False,2,23
12910,2026-05-06,SEC_BTE_GGC,75.0,81.5,87.6,8,14,0.198,RAIN,False,2,1
12910,2026-05-06,SEC_GGC_SWM,42.0,50.6,75.9,8,17,0.393,RAIN,False,2,3
12910,2026-05-06,SEC_SWM_KOTA,65.0,64.8,100.0,8,8,0.31,CLEAR,False,2,5
12910,2026-05-06,SEC_KOTA_RATL,170.0,190.5,83.8,8,28,0.186,CLEAR,False,2,7
12910,2026-05-06,SEC_RATL_BRC,165.0,156.8,99.9,8,8,0.384,CLEAR,False,2,9
12910,2026-05-06,SEC_BRC_MMCT,250.0,273.2,86.1,8,31,0.652,CLEAR,False,2,11
12952,2026-05-07,SEC_NDLS_MTJ,95.0,100.7,84.0,0,6,0.561,RAIN,False,3,16
12952,2026-05-07,SEC_MTJ_BTE,25.0,72.9,28.0,0,48,0.377,STORM,True,3,18
12952,2026-05-07,SEC_BTE_GGC,75.0,89.1,80.1,0,14,0.288,RAIN,False,3,20
12952,2026-05-07,SEC_GGC_SWM,42.0,45.3,84.8,0,3,0.648,FOG,False,3,22
12952,2026-05-07,SEC_SWM_KOTA,65.0,65.3,99.2,0,0,0.281,CLEAR,False,3,0
12952,2026-05-07,SEC_KOTA_RATL,170.0,182.0,87.7,0,12,0.607,CLEAR,False,3,2
12952,2026-05-07,SEC_RATL_BRC,165.0,188.7,83.0,0,24,0.133,RAIN,False,3,4
12952,2026-05-07,SEC_BRC_MMCT,250.0,258.5,91.0,0,8,0.514,CLEAR,False,3,6
12413,2026-05-07,SEC_NDLS_MTJ,95.0,135.8,62.3,4,45,0.53,STORM,True,3,7
12413,2026-05-07,SEC_MTJ_BTE,25.0,72.0,28.3,4,51,0.611,STORM,True,3,9
12413,2026-05-07,SEC_BTE_GGC,75.0,96.5,74.0,4,26,0.22,FOG,False,3,11
12413,2026-05-07,SEC_GGC_SWM,42.0,44.6,86.1,4,7,0.6,CLEAR,False,3,13
12413,2026-05-07,SEC_SWM_KOTA,65.0,75.5,85.8,4,14,0.21,FOG,False,3,15
12413,2026-05-07,SEC_KOTA_RATL,170.0,232.3,68.7,4,66,0.47,STORM,True,3,17
12413,2026-05-07,SEC_RATL_BRC,165.0,182.2,85.9,4,21,0.244,STORM,True,3,19
12413,2026-05-07,SEC_BRC_MMCT,250.0,259.3,90.7,4,13,0.501,RAIN,False,3,21
19020,2026-05-07,SEC_NDLS_MTJ,95.0,115.2,73.4,6,26,0.27,FOG,False,3,23
19020,2026-05-07,SEC_MTJ_BTE,25.0,84.4,24.2,6,65,0.472,STORM,True,3,1
19020,2026-05-07,SEC_BTE_GGC,75.0,123.8,57.7,6,55,0.375,STORM,True,3,3
19020,2026-05-07,SEC_GGC_SWM,42.0,49.1,78.2,6,13,0.138,RAIN,False,3,5
19020,2026-05-07,SEC_SWM_KOTA,65.0,74.3,87.2,6,15,0.615,CLEAR,False,3,7
19020,2026-05-07,SEC_KOTA_RATL,170.0,225.4,70.8,6,61,0.39,STORM,True,3,9
19020,2026-05-07,SEC_RATL_BRC,165.0,179.7,87.1,6,21,0.415,RAIN,False,3,11
19020,2026-05-07,SEC_BRC_MMCT,250.0,275.3,85.4,6,31,0.118,FOG,False,3,13
12988,2026-05-07,SEC_NDLS_MTJ,95.0,141.5,59.8,3,49,0.386,STORM,True,3,6
12988,2026-05-07,SEC_MTJ_BTE,25.0,23.8,85.7,3,3,0.33,CLEAR,False,3,8
12988,2026-05-07,SEC_BTE_GGC,75.0,84.4,84.6,3,12,0.608,CLEAR,False,3,10
12988,2026-05-07,SEC_GGC_SWM,42.0,45.6,84.2,3,7,0.37,CLEAR,False,3,12
12988,2026-05-07,SEC_SWM_KOTA,65.0,65.3,99.2,3,3,0.363,CLEAR,False,3,14
12988,2026-05-07,SEC_KOTA_RATL,170.0,176.9,90.2,3,10,0.115,CLEAR,False,3,16
12988,2026-05-07,SEC_RATL_BRC,165.0,156.8,99.9,3,3,0.316,CLEAR,False,3,18
12988,2026-05-07,SEC_BRC_MMCT,250.0,305.9,76.9,3,59,0.485,STORM,True,3,20
12910,2026-05-07,SEC_NDLS_MTJ,95.0,99.2,85.3,4,8,0.435,CLEAR,False,3,21
12910,2026-05-07,SEC_MTJ_BTE,25.0,28.1,72.6,4,7,0.41,CLEAR,False,3,23
12910,2026-05-07,SEC_BTE_GGC,75.0,96.3,74.1,4,25,0.234,RAIN,False,3,1
12910,2026-05-07,SEC_GGC_SWM,42.0,40.1,95.8,4,4,0.145,CLEAR,False,3,3
12910,2026-05-07,SEC_SWM_KOTA,65.0,69.1,93.8,4,8,0.471,RAIN,False,3,5
12910,2026-05-07,SEC_KOTA_RATL,170.0,209.1,76.3,4,43,0.118,STORM,True,3,7
12910,2026-05-07,SEC_RATL_BRC,165.0,160.5,97.6,4,4,0.59,CLEAR,False,3,9
12910,2026-05-07,SEC_BRC_MMCT,250.0,276.1,85.2,4,30,0.522,RAIN,False,3,11
12952,2026-05-08,SEC_NDLS_MTJ,95.0,110.3,76.7,0,15,0.658,RAIN,False,4,16
12952,2026-05-08,SEC_MTJ_BTE,25.0,34.7,58.8,0,10,0.49,FOG,False,4,18
12952,2026-05-08,SEC_BTE_GGC,75.0,96.9,73.7,0,22,0.133,CLEAR,True,4,20
12952,2026-05-08,SEC_GGC_SWM,42.0,40.1,95.8,0,0,0.332,RAIN,False,4,22
12952,2026-05-08,SEC_SWM_KOTA,65.0,81.1,79.9,0,16,0.363,RAIN,False,4,0
12952,2026-05-08,SEC_KOTA_RATL,170.0,161.5,98.8,0,0,0.155,CLEAR,False,4,2
12952,2026-05-08,SEC_RATL_BRC,165.0,184.6,84.8,0,20,0.695,RAIN,False,4,4
12952,2026-05-08,SEC_BRC_MMCT,250.0,252.0,93.3,0,2,0.288,CLEAR,False,4,6
12413,2026-05-08,SEC_NDLS_MTJ,95.0,99.9,84.7,1,6,0.495,RAIN,False,4,7
12413,2026-05-08,SEC_MTJ_BTE,25.0,26.1,78.2,1,2,0.615,CLEAR,False,4,9
12413,2026-05-08,SEC_BTE_GGC,75.0,80.1,89.1,1,6,0.492,RAIN,False,4,11
12413,2026-05-08,SEC_GGC_SWM,42.0,52.2,73.6,1,11,0.473,FOG,False,4,13
12413,2026-05-08,SEC_SWM_KOTA,65.0,72.1,89.9,1,8,0.545,RAIN,False,4,15
12413,2026-05-08,SEC_KOTA_RATL,170.0,218.2,73.1,1,49,0.364,STORM,True,4,17
12413,2026-05-08,SEC_RATL_BRC,165.0,168.0,93.2,1,4,0.331,CLEAR,False,4,19
12413,2026-05-08,SEC_BRC_MMCT,250.0,253.5,92.8,1,5,0.127,FOG,False,4,21
19020,2026-05-08,SEC_NDLS_MTJ,95.0,151.8,55.7,0,57,0.283,STORM,True,4,23
19020,2026-05-08,SEC_MTJ_BTE,25.0,27.2,75.0,0,2,0.455,CLEAR,False,4,1
19020,2026-05-08,SEC_BTE_GGC,75.0,103.1,69.3,0,28,0.57,FOG,False,4,3
19020,2026-05-08,SEC_GGC_SWM,42.0,87.0,44.1,0,45,0.272,STORM,True,4,5
19020,2026-05-08,SEC_SWM_KOTA,65.0,64.9,99.8,0,0,0.676,RAIN,False,4,7
19020,2026-05-08,SEC_KOTA_RATL,170.0,222.7,71.7,0,53,0.671,STORM,True,4,9
19020,2026-05-08,SEC_RATL_BRC,165.0,180.5,86.8,0,16,0.265,FOG,False,4,11
19020,2026-05-08,SEC_BRC_MMCT,250.0,261.8,89.8,0,12,0.293,CLEAR,False,4,13
12988,2026-05-08,SEC_NDLS_MTJ,95.0,90.2,93.8,3,3,0.68,CLEAR,False,4,6
12988,2026-05-08,SEC_MTJ_BTE,25.0,26.9,75.8,3,5,0.431,CLEAR,False,4,8
12988,2026-05-08,SEC_BTE_GGC,75.0,76.6,93.2,3,5,0.397,CLEAR,False,4,10
12988,2026-05-08,SEC_GGC_SWM,42.0,82.6,46.5,3,44,0.123,STORM,True,4,12
12988,2026-05-08,SEC_SWM_KOTA,65.0,139.1,46.6,3,77,0.237,STORM,True,4,14
12988,2026-05-08,SEC_KOTA_RATL,170.0,165.8,96.3,3,3,0.46,RAIN,False,4,16
12988,2026-05-08,SEC_RATL_BRC,165.0,156.8,99.9,3,3,0.222,RAIN,False,4,18
12988,2026-05-08,SEC_BRC_MMCT,250.0,240.2,97.9,3,3,0.296,CLEAR,False,4,20
12910,2026-05-08,SEC_NDLS_MTJ,95.0,96.3,87.9,10,11,0.684,CLEAR,False,4,21
12910,2026-05-08,SEC_MTJ_BTE,25.0,25.4,80.3,10,10,0.227,CLEAR,False,4,23
12910,2026-05-08,SEC_BTE_GGC,75.0,78.5,91.0,10,14,0.664,RAIN,False,4,1
12910,2026-05-08,SEC_GGC_SWM,42.0,83.1,46.2,10,51,0.147,STORM,True,4,3
12910,2026-05-08,SEC_SWM_KOTA,65.0,76.0,85.3,10,21,0.54,RAIN,False,4,5
12910,2026-05-08,SEC_KOTA_RATL,170.0,220.1,72.5,10,60,0.415,STORM,True,4,7
12910,2026-05-08,SEC_RATL_BRC,165.0,175.6,89.2,10,21,0.579,CLEAR,False,4,9
12910,2026-05-08,SEC_BRC_MMCT,250.0,262.8,89.5,10,23,0.628,FOG,False,4,11
12952,2026-05-09,SEC_NDLS_MTJ,95.0,159.8,52.9,0,65,0.487,STORM,True,5,16
12952,2026-05-09,SEC_MTJ_BTE,25.0,29.1,70.1,0,4,0.426,CLEAR,False,5,18
12952,2026-05-09,SEC_BTE_GGC,75.0,71.2,100.3,0,0,0.194,CLEAR,False,5,20
12952,2026-05-09,SEC_GGC_SWM,42.0,44.1,87.1,0,2,0.801,CLEAR,False,5,22
12952,2026-05-09,SEC_SWM_KOTA,65.0,76.3,84.9,0,11,0.476,RAIN,False,5,0
12952,2026-05-09,SEC_KOTA_RATL,170.0,182.0,87.7,0,12,0.794,CLEAR,False,5,2
12952,2026-05-09,SEC_RATL_BRC,165.0,179.9,87.0,0,15,0.293,FOG,False,5,4
12952,2026-05-09,SEC_BRC_MMCT,250.0,261.6,89.9,0,12,0.136,CLEAR,False,5,6
12413,2026-05-09,SEC_NDLS_MTJ,95.0,139.8,60.5,3,48,0.46,STORM,True,5,7
12413,2026-05-09,SEC_MTJ_BTE,25.0,32.1,63.6,3,10,0.816,RAIN,False,5,9
12413,2026-05-09,SEC_BTE_GGC,75.0,91.6,77.9,3,20,0.241,FOG,False,5,11
12413,2026-05-09,SEC_GGC_SWM,42.0,41.8,91.9,3,3,0.818,CLEAR,False,5,13
12413,2026-05-09,SEC_SWM_KOTA,65.0,68.5,94.6,3,7,0.706,CLEAR,False,5,15
12413,2026-05-09,SEC_KOTA_RATL,170.0,185.1,86.2,3,18,0.56,FOG,False,5,17
12413,2026-05-09,SEC_RATL_BRC,165.0,167.5,93.5,3,5,0.489,CLEAR,False,5,19
12413,2026-05-09,SEC_BRC_MMCT,250.0,259.9,90.5,3,13,0.633,CLEAR,False,5,21
19020,2026-05-09,SEC_NDLS_MTJ,95.0,102.2,82.8,2,9,0.132,CLEAR,False,5,23
19020,2026-05-09,SEC_MTJ_BTE,25.0,28.3,72.1,2,5,0.853,CLEAR,False,5,1
19020,2026-05-09,SEC_BTE_GGC,75.0,85.2,83.8,2,12,0.188,FOG,False,5,3
19020,2026-05-09,SEC_GGC_SWM,42.0,39.9,96.2,2,2,0.685,CLEAR,False,5,5
19020,2026-05-09,SEC_SWM_KOTA,65.0,63.2,102.5,2,2,0.362,CLEAR,False,5,7
19020,2026-05-09,SEC_KOTA_RATL,170.0,211.0,75.6,2,43,0.65,STORM,True,5,9
19020,2026-05-09,SEC_RATL_BRC,165.0,167.5,93.5,2,4,0.773,RAIN,False,5,11
19020,2026-05-09,SEC_BRC_MMCT,250.0,237.5,99.0,2,2,0.798,CLEAR,False,5,13
12988,2026-05-09,SEC_NDLS_MTJ,95.0,100.3,84.3,3,8,0.326,CLEAR,False,5,6
12988,2026-05-09,SEC_MTJ_BTE,25.0,31.0,65.8,3,9,0.493,CLEAR,False,5,8
12988,2026-05-09,SEC_BTE_GGC,75.0,113.6,62.9,3,42,0.31,STORM,True,5,10
12988,2026-05-09,SEC_GGC_SWM,42.0,47.4,81.0,3,8,0.8,CLEAR,False,5,12
12988,2026-05-09,SEC_SWM_KOTA,65.0,78.3,82.8,3,16,0.485,RAIN,False,5,14
12988,2026-05-09,SEC_KOTA_RATL,170.0,181.4,88.0,3,14,0.63,FOG,False,5,16
12988,2026-05-09,SEC_RATL_BRC,165.0,180.6,86.7,3,19,0.418,CLEAR,False,5,18
12988,2026-05-09,SEC_BRC_MMCT,250.0,329.3,71.4,3,82,0.288,STORM,True,5,20
12910,2026-05-09,SEC_NDLS_MTJ,95.0,100.7,84.0,0,6,0.309,RAIN,False,5,21
12910,2026-05-09,SEC_MTJ_BTE,25.0,28.8,70.8,0,4,0.275,CLEAR,False,5,23
12910,2026-05-09,SEC_BTE_GGC,75.0,78.3,91.2,0,3,0.233,CLEAR,False,5,1
12910,2026-05-09,SEC_GGC_SWM,42.0,58.1,66.1,0,16,0.86,RAIN,False,5,3
12910,2026-05-09,SEC_SWM_KOTA,65.0,62.4,103.8,0,0,0.713,CLEAR,False,5,5
12910,2026-05-09,SEC_KOTA_RATL,170.0,167.7,95.2,0,0,0.416,CLEAR,False,5,7
12910,2026-05-09,SEC_RATL_BRC,165.0,164.2,95.4,0,0,0.272,CLEAR,False,5,9
12910,2026-05-09,SEC_BRC_MMCT,250.0,237.5,99.0,0,0,0.733,CLEAR,False,5,11
12952,2026-05-10,SEC_NDLS_MTJ,95.0,133.4,63.4,0,38,0.298,STORM,True,6,16
12952,2026-05-10,SEC_MTJ_BTE,25.0,26.2,77.9,0,1,0.161,CLEAR,False,6,18
12952,2026-05-10,SEC_BTE_GGC,75.0,91.0,78.5,0,16,0.764,CLEAR,True,6,20
12952,2026-05-10,SEC_GGC_SWM,42.0,40.8,94.1,0,0,0.44,CLEAR,False,6,22
12952,2026-05-10,SEC_SWM_KOTA,65.0,61.8,104.9,0,0,0.625,CLEAR,False,6,0
12952,2026-05-10,SEC_KOTA_RATL,170.0,184.1,86.7,0,14,0.662,FOG,False,6,2
12952,2026-05-10,SEC_RATL_BRC,165.0,210.4,74.4,0,45,0.415,STORM,True,6,4
12952,2026-05-10,SEC_BRC_MMCT,250.0,262.0,89.8,0,12,0.481,CLEAR,False,6,6
12413,2026-05-10,SEC_NDLS_MTJ,95.0,100.8,83.9,5,11,0.235,CLEAR,False,6,7
12413,2026-05-10,SEC_MTJ_BTE,25.0,41.7,48.9,5,22,0.772,FOG,False,6,9
12413,2026-05-10,SEC_BTE_GGC,75.0,92.2,77.4,5,22,0.37,FOG,False,6,11
12413,2026-05-10,SEC_GGC_SWM,42.0,97.0,39.6,5,60,0.267,STORM,True,6,13
12413,2026-05-10,SEC_SWM_KOTA,65.0,61.8,104.9,5,5,0.667,CLEAR,False,6,15
12413,2026-05-10,SEC_KOTA_RATL,170.0,206.8,77.2,5,42,0.162,STORM,True,6,17
12413,2026-05-10,SEC_RATL_BRC,165.0,177.8,88.1,5,18,0.878,CLEAR,False,6,19
12413,2026-05-10,SEC_BRC_MMCT,250.0,298.7,78.7,5,54,0.799,STORM,True,6,21
19020,2026-05-10,SEC_NDLS_MTJ,95.0,132.7,63.8,10,48,0.317,STORM,True,6,23
19020,2026-05-10,SEC_MTJ_BTE,25.0,39.0,52.3,10,24,0.397,RAIN,False,6,1
19020,2026-05-10,SEC_BTE_GGC,75.0,80.7,88.5,10,16,0.676,CLEAR,False,6,3
19020,2026-05-10,SEC_GGC_SWM,42.0,63.3,60.7,10,31,0.476,FOG,False,6,5
19020,2026-05-10,SEC_SWM_KOTA,65.0,67.3,96.3,10,12,0.53,CLEAR,False,6,7
19020,2026-05-10,SEC_KOTA_RATL,170.0,180.1,88.6,10,20,0.376,RAIN,False,6,9
19020,2026-05-10,SEC_RATL_BRC,165.0,168.7,92.8,10,14,0.345,FOG,False,6,11
19020,2026-05-10,SEC_BRC_MMCT,250.0,241.5,97.4,10,10,0.182,CLEAR,False,6,13
12988,2026-05-10,SEC_NDLS_MTJ,95.0,97.1,87.1,1,3,0.713,RAIN,False,6,6
12988,2026-05-10,SEC_MTJ_BTE,25.0,40.0,51.0,1,16,0.479,RAIN,False,6,8
12988,2026-05-10,SEC_BTE_GGC,75.0,80.3,88.9,1,6,0.592,CLEAR,False,6,10
12988,2026-05-10,SEC_GGC_SWM,42.0,46.3,82.9,1,5,0.452,CLEAR,False,6,12
12988,2026-05-10,SEC_SWM_KOTA,65.0,67.4,96.1,1,3,0.415,CLEAR,False,6,14
12988,2026-05-10,SEC_KOTA_RATL,170.0,161.5,98.8,1,1,0.774,CLEAR,False,6,16
12988,2026-05-10,SEC_RATL_BRC,165.0,197.0,79.5,1,33,0.214,STORM,True,6,18
12988,2026-05-10,SEC_BRC_MMCT,250.0,302.7,77.7,1,54,0.379,STORM,True,6,20
12910,2026-05-10,SEC_NDLS_MTJ,95.0,124.8,67.8,10,40,0.548,FOG,False,6,21
12910,2026-05-10,SEC_MTJ_BTE,25.0,27.3,74.7,10,12,0.389,CLEAR,False,6,23
12910,2026-05-10,SEC_BTE_GGC,75.0,82.0,87.1,10,17,0.502,CLEAR,False,6,1
12910,2026-05-10,SEC_GGC_SWM,42.0,84.0,45.7,10,52,0.663,STORM,True,6,3
12910,2026-05-10,SEC_SWM_KOTA,65.0,134.8,48.1,10,80,0.842,STORM,True,6,5
12910,2026-05-10,SEC_KOTA_RATL,170.0,170.5,93.6,10,10,0.123,CLEAR,False,6,7
12910,2026-05-10,SEC_RATL_BRC,165.0,177.5,88.2,10,22,0.767,CLEAR,False,6,9
12910,2026-05-10,SEC_BRC_MMCT,250.0,261.4,90.0,10,21,0.255,CLEAR,False,6,11
12952,2026-05-11,SEC_NDLS_MTJ,95.0,152.3,55.5,0,57,0.202,STORM,True,0,16
12952,2026-05-11,SEC_MTJ_BTE,25.0,72.6,28.1,0,48,0.502,STORM,True,0,18
12952,2026-05-11,SEC_BTE_GGC,75.0,71.2,100.3,0,0,0.127,CLEAR,False,0,20
12952,2026-05-11,SEC_GGC_SWM,42.0,39.9,96.2,0,0,0.436,CLEAR,False,0,22
12952,2026-05-11,SEC_SWM_KOTA,65.0,66.6,97.3,0,2,0.378,CLEAR,False,0,0
12952,2026-05-11,SEC_KOTA_RATL,170.0,172.9,92.3,0,3,0.573,CLEAR,False,0,2
12952,2026-05-11,SEC_RATL_BRC,165.0,213.9,73.2,0,49,0.666,STORM,True,0,4
12952,2026-05-11,SEC_BRC_MMCT,250.0,268.8,87.5,0,19,0.524,CLEAR,False,0,6
12413,2026-05-11,SEC_NDLS_MTJ,95.0,100.8,83.9,1,7,0.22,CLEAR,False,0,7
12413,2026-05-11,SEC_MTJ_BTE,25.0,26.2,77.9,1,2,0.485,CLEAR,False,0,9
12413,2026-05-11,SEC_BTE_GGC,75.0,80.0,89.2,1,6,0.451,CLEAR,False,0,11
12413,2026-05-11,SEC_GGC_SWM,42.0,97.0,39.6,1,56,0.578,STORM,True,0,13
12413,2026-05-11,SEC_SWM_KOTA,65.0,66.4,97.6,1,2,0.564,CLEAR,False,0,15
12413,2026-05-11,SEC_KOTA_RATL,170.0,182.4,87.5,1,13,0.38,CLEAR,False,0,17
12413,2026-05-11,SEC_RATL_BRC,165.0,156.8,99.9,1,1,0.163,CLEAR,False,0,19
12413,2026-05-11,SEC_BRC_MMCT,250.0,273.2,86.1,1,24,0.315,CLEAR,False,0,21
19020,2026-05-11,SEC_NDLS_MTJ,95.0,96.8,87.4,6,8,0.446,RAIN,False,0,23
19020,2026-05-11,SEC_MTJ_BTE,25.0,28.0,72.9,6,9,0.341,CLEAR,False,0,1
19020,2026-05-11,SEC_BTE_GGC,75.0,80.8,88.4,6,12,0.356,RAIN,False,0,3
19020,2026-05-11,SEC_GGC_SWM,42.0,50.4,76.2,6,14,0.679,CLEAR,False,0,5
19020,2026-05-11,SEC_SWM_KOTA,65.0,79.6,81.4,6,21,0.3,CLEAR,False,0,7
19020,2026-05-11,SEC_KOTA_RATL,170.0,180.5,88.4,6,16,0.376,FOG,False,0,9
19020,2026-05-11,SEC_RATL_BRC,165.0,167.7,93.4,6,9,0.242,CLEAR,False,0,11
19020,2026-05-11,SEC_BRC_MMCT,250.0,268.3,87.7,6,24,0.196,CLEAR,True,0,13
12988,2026-05-11,SEC_NDLS_MTJ,95.0,138.0,61.3,3,46,0.326,STORM,True,0,6
12988,2026-05-11,SEC_MTJ_BTE,25.0,44.6,45.7,3,23,0.639,FOG,False,0,8
12988,2026-05-11,SEC_BTE_GGC,75.0,74.9,95.3,3,3,0.308,FOG,False,0,10
12988,2026-05-11,SEC_GGC_SWM,42.0,39.9,96.2,3,3,0.304,CLEAR,False,0,12
12988,2026-05-11,SEC_SWM_KOTA,65.0,66.9,96.9,3,5,0.183,CLEAR,False,0,14
12988,2026-05-11,SEC_KOTA_RATL,170.0,192.4,83.0,3,25,0.287,FOG,False,0,16
12988,2026-05-11,SEC_RATL_BRC,165.0,178.4,87.8,3,16,0.339,FOG,False,0,18
12988,2026-05-11,SEC_BRC_MMCT,250.0,291.9,80.6,3,45,0.617,STORM,True,0,20
12910,2026-05-11,SEC_NDLS_MTJ,95.0,115.4,73.3,6,26,0.373,STORM,True,0,21
12910,2026-05-11,SEC_MTJ_BTE,25.0,75.4,27.1,6,56,0.17,STORM,True,0,23
12910,2026-05-11,SEC_BTE_GGC,75.0,115.0,62.1,6,46,0.301,STORM,True,0,1
12910,2026-05-11,SEC_GGC_SWM,42.0,87.3,44.0,6,51,0.148,STORM,True,0,3
12910,2026-05-11,SEC_SWM_KOTA,65.0,70.8,91.5,6,12,0.537,RAIN,False,0,5
12910,2026-05-11,SEC_KOTA_RATL,170.0,173.6,91.9,6,10,0.46,CLEAR,False,0,7
12910,2026-05-11,SEC_RATL_BRC,165.0,165.1,94.9,6,6,0.207,CLEAR,False,0,9
12910,2026-05-11,SEC_BRC_MMCT,250.0,254.5,92.4,6,10,0.419,CLEAR,False,0,11
12952,2026-05-12,SEC_NDLS_MTJ,95.0,135.0,62.7,0,40,0.187,STORM,True,1,16
12952,2026-05-12,SEC_MTJ_BTE,25.0,57.0,35.8,0,32,0.592,STORM,True,1,18
12952,2026-05-12,SEC_BTE_GGC,75.0,82.3,86.8,0,7,0.483,RAIN,False,1,20
12952,2026-05-12,SEC_GGC_SWM,42.0,93.7,41.0,0,52,0.281,STORM,True,1,22
12952,2026-05-12,SEC_SWM_KOTA,65.0,102.4,63.3,0,37,0.63,STORM,True,1,0
12952,2026-05-12,SEC_KOTA_RATL,170.0,164.3,97.1,0,0,0.576,RAIN,False,1,2
12952,2026-05-12,SEC_RATL_BRC,165.0,164.7,95.1,0,0,0.362,CLEAR,False,1,4
12952,2026-05-12,SEC_BRC_MMCT,250.0,237.5,99.0,0,0,0.264,CLEAR,False,1,6
12413,2026-05-12,SEC_NDLS_MTJ,95.0,102.1,82.9,1,8,0.459,CLEAR,False,1,7
12413,2026-05-12,SEC_MTJ_BTE,25.0,26.3,77.6,1,2,0.537,CLEAR,False,1,9
12413,2026-05-12,SEC_BTE_GGC,75.0,82.8,86.2,1,9,0.333,RAIN,False,1,11
12413,2026-05-12,SEC_GGC_SWM,42.0,56.0,68.6,1,15,0.399,FOG,False,1,13
12413,2026-05-12,SEC_SWM_KOTA,65.0,87.2,74.3,1,23,0.611,FOG,False,1,15
12413,2026-05-12,SEC_KOTA_RATL,170.0,177.0,90.2,1,8,0.275,RAIN,False,1,17
12413,2026-05-12,SEC_RATL_BRC,165.0,166.7,93.9,1,3,0.475,RAIN,False,1,19
12413,2026-05-12,SEC_BRC_MMCT,250.0,282.3,83.3,1,33,0.394,STORM,True,1,21
19020,2026-05-12,SEC_NDLS_MTJ,95.0,100.6,84.1,0,6,0.227,CLEAR,False,1,23
19020,2026-05-12,SEC_MTJ_BTE,25.0,36.4,56.0,0,11,0.311,FOG,False,1,1
19020,2026-05-12,SEC_BTE_GGC,75.0,75.3,94.8,0,0,0.499,CLEAR,False,1,3
19020,2026-05-12,SEC_GGC_SWM,42.0,40.0,96.0,0,0,0.397,CLEAR,False,1,5
19020,2026-05-12,SEC_SWM_KOTA,65.0,69.7,93.0,0,5,0.102,CLEAR,False,1,7
19020,2026-05-12,SEC_KOTA_RATL,170.0,168.0,95.0,0,0,0.685,RAIN,False,1,9
19020,2026-05-12,SEC_RATL_BRC,165.0,178.8,87.6,0,14,0.402,CLEAR,False,1,11
19020,2026-05-12,SEC_BRC_MMCT,250.0,260.7,90.2,0,11,0.383,CLEAR,False,1,13
12988,2026-05-12,SEC_NDLS_MTJ,95.0,109.7,77.1,5,20,0.618,FOG,False,1,6
12988,2026-05-12,SEC_MTJ_BTE,25.0,74.7,27.3,5,55,0.653,STORM,True,1,8
12988,2026-05-12,SEC_BTE_GGC,75.0,80.7,88.5,5,11,0.51,FOG,False,1,10
12988,2026-05-12,SEC_GGC_SWM,42.0,49.9,77.0,5,13,0.623,RAIN,False,1,12
12988,2026-05-12,SEC_SWM_KOTA,65.0,76.0,85.3,5,16,0.119,CLEAR,True,1,14
12988,2026-05-12,SEC_KOTA_RATL,170.0,161.5,98.8,5,5,0.422,CLEAR,False,1,16
12988,2026-05-12,SEC_RATL_BRC,165.0,206.0,76.0,5,46,0.114,STORM,True,1,18
12988,2026-05-12,SEC_BRC_MMCT,250.0,254.5,92.4,5,9,0.656,CLEAR,False,1,20
12910,2026-05-12,SEC_NDLS_MTJ,95.0,90.2,93.8,0,0,0.555,CLEAR,False,1,21
12910,2026-05-12,SEC_MTJ_BTE,25.0,26.5,77.0,0,2,0.577,CLEAR,False,1,23
12910,2026-05-12,SEC_BTE_GGC,75.0,78.3,91.2,0,3,0.525,CLEAR,False,1,1
12910,2026-05-12,SEC_GGC_SWM,42.0,53.0,72.5,0,11,0.441,FOG,False,1,3
12910,2026-05-12,SEC_SWM_KOTA,65.0,74.7,86.7,0,10,0.628,CLEAR,True,1,5
12910,2026-05-12,SEC_KOTA_RATL,170.0,208.9,76.4,0,39,0.364,STORM,True,1,7
12910,2026-05-12,SEC_RATL_BRC,165.0,169.2,92.6,0,4,0.254,CLEAR,False,1,9
12910,2026-05-12,SEC_BRC_MMCT,250.0,279.0,84.3,0,29,0.547,CLEAR,False,1,11
12952,2026-05-13,SEC_NDLS_MTJ,95.0,90.2,93.8,0,0,0.452,CLEAR,False,2,16
12952,2026-05-13,SEC_MTJ_BTE,25.0,34.0,60.0,0,9,0.39,RAIN,False,2,18
12952,2026-05-13,SEC_BTE_GGC,75.0,73.5,97.1,0,0,0.235,CLEAR,False,2,20
12952,2026-05-13,SEC_GGC_SWM,42.0,52.9,72.6,0,11,0.483,FOG,False,2,22
12952,2026-05-13,SEC_SWM_KOTA,65.0,75.7,85.6,0,11,0.545,RAIN,False,2,0
12952,2026-05-13,SEC_KOTA_RATL,170.0,172.0,92.8,0,2,0.421,CLEAR,False,2,2
12952,2026-05-13,SEC_RATL_BRC,165.0,165.6,94.6,0,1,0.414,CLEAR,False,2,4
12952,2026-05-13,SEC_BRC_MMCT,250.0,273.8,85.9,0,24,0.374,CLEAR,False,2,6
12413,2026-05-13,SEC_NDLS_MTJ,95.0,125.2,67.6,0,30,0.214,STORM,True,2,7
12413,2026-05-13,SEC_MTJ_BTE,25.0,36.4,56.0,0,11,0.386,RAIN,False,2,9
12413,2026-05-13,SEC_BTE_GGC,75.0,118.0,60.5,0,43,0.144,STORM,True,2,11
12413,2026-05-13,SEC_GGC_SWM,42.0,43.8,87.7,0,2,0.449,CLEAR,False,2,13
12413,2026-05-13,SEC_SWM_KOTA,65.0,120.1,54.0,0,55,0.217,STORM,True,2,15
12413,2026-05-13,SEC_KOTA_RATL,170.0,170.2,93.8,0,0,0.297,FOG,False,2,17
12413,2026-05-13,SEC_RATL_BRC,165.0,163.7,95.7,0,0,0.249,CLEAR,False,2,19
12413,2026-05-13,SEC_BRC_MMCT,250.0,267.8,87.8,0,18,0.292,CLEAR,False,2,21
19020,2026-05-13,SEC_NDLS_MTJ,95.0,115.2,73.4,0,20,0.157,FOG,False,2,23
19020,2026-05-13,SEC_MTJ_BTE,25.0,24.7,82.6,0,0,0.228,CLEAR,False,2,1
19020,2026-05-13,SEC_BTE_GGC,75.0,80.8,88.4,0,6,0.657,CLEAR,False,2,3
19020,2026-05-13,SEC_GGC_SWM,42.0,49.6,77.4,0,8,0.466,CLEAR,False,2,5
19020,2026-05-13,SEC_SWM_KOTA,65.0,121.3,53.4,0,56,0.457,STORM,True,2,7
19020,2026-05-13,SEC_KOTA_RATL,170.0,179.8,88.8,0,10,0.3,CLEAR,False,2,9
19020,2026-05-13,SEC_RATL_BRC,165.0,197.9,79.1,0,33,0.558,FOG,False,2,11
19020,2026-05-13,SEC_BRC_MMCT,250.0,254.5,92.4,0,4,0.56,CLEAR,False,2,13
12988,2026-05-13,SEC_NDLS_MTJ,95.0,90.8,93.2,5,5,0.324,CLEAR,False,2,6
12988,2026-05-13,SEC_MTJ_BTE,25.0,29.8,68.5,5,10,0.364,CLEAR,False,2,8
12988,2026-05-13,SEC_BTE_GGC,75.0,126.3,56.5,5,56,0.388,STORM,True,2,10
12988,2026-05-13,SEC_GGC_SWM,42.0,73.6,52.2,5,37,0.392,STORM,True,2,12
12988,2026-05-13,SEC_SWM_KOTA,65.0,107.0,60.6,5,47,0.306,STORM,True,2,14
12988,2026-05-13,SEC_KOTA_RATL,170.0,202.4,78.9,5,37,0.348,STORM,True,2,16
12988,2026-05-13,SEC_RATL_BRC,165.0,156.8,99.9,5,5,0.297,CLEAR,False,2,18
12988,2026-05-13,SEC_BRC_MMCT,250.0,244.8,96.1,5,5,0.141,CLEAR,False,2,20
12910,2026-05-13,SEC_NDLS_MTJ,95.0,104.7,80.8,4,14,0.229,FOG,False,2,21
12910,2026-05-13,SEC_MTJ_BTE,25.0,29.8,68.5,4,9,0.549,CLEAR,False,2,23
12910,2026-05-13,SEC_BTE_GGC,75.0,99.2,72.0,4,28,0.579,FOG,False,2,1
12910,2026-05-13,SEC_GGC_SWM,42.0,44.7,85.9,4,7,0.624,CLEAR,False,2,3
12910,2026-05-13,SEC_SWM_KOTA,65.0,61.8,104.9,4,4,0.541,CLEAR,False,2,5
12910,2026-05-13,SEC_KOTA_RATL,170.0,161.5,98.8,4,4,0.381,CLEAR,False,2,7
12910,2026-05-13,SEC_RATL_BRC,165.0,205.8,76.1,4,45,0.359,STORM,True,2,9
12910,2026-05-13,SEC_BRC_MMCT,250.0,324.7,72.4,4,79,0.445,STORM,True,2,11
12952,2026-05-14,SEC_NDLS_MTJ,95.0,104.0,81.3,0,9,0.104,FOG,False,3,16
12952,2026-05-14,SEC_MTJ_BTE,25.0,24.6,82.9,0,0,0.561,CLEAR,False,3,18
12952,2026-05-14,SEC_BTE_GGC,75.0,77.9,91.7,0,3,0.636,RAIN,False,3,20
12952,2026-05-14,SEC_GGC_SWM,42.0,62.0,61.9,0,20,0.461,CLEAR,True,3,22
12952,2026-05-14,SEC_SWM_KOTA,65.0,63.2,102.5,0,0,0.657,CLEAR,False,3,0
12952,2026-05-14,SEC_KOTA_RATL,170.0,164.4,97.1,0,0,0.116,CLEAR,False,3,2
12952,2026-05-14,SEC_RATL_BRC,165.0,196.0,79.9,0,31,0.621,FOG,True,3,4
12952,2026-05-14,SEC_BRC_MMCT,250.0,254.0,92.6,0,4,0.156,RAIN,False,3,6
12413,2026-05-14,SEC_NDLS_MTJ,95.0,90.2,93.8,0,0,0.172,CLEAR,False,3,7
12413,2026-05-14,SEC_MTJ_BTE,25.0,26.2,77.9,0,1,0.316,CLEAR,False,3,9
12413,2026-05-14,SEC_BTE_GGC,75.0,78.3,91.2,0,3,0.352,CLEAR,False,3,11
12413,2026-05-14,SEC_GGC_SWM,42.0,88.2,43.5,0,46,0.28,STORM,True,3,13
12413,2026-05-14,SEC_SWM_KOTA,65.0,79.5,81.5,0,14,0.679,FOG,True,3,15
12413,2026-05-14,SEC_KOTA_RATL,170.0,161.5,98.8,0,0,0.517,RAIN,False,3,17
12413,2026-05-14,SEC_RATL_BRC,165.0,222.1,70.5,0,57,0.497,STORM,True,3,19
12413,2026-05-14,SEC_BRC_MMCT,250.0,321.2,73.2,0,71,0.586,STORM,True,3,21
19020,2026-05-14,SEC_NDLS_MTJ,95.0,102.4,82.6,0,7,0.342,FOG,False,3,23
19020,2026-05-14,SEC_MTJ_BTE,25.0,28.9,70.6,0,4,0.121,CLEAR,False,3,1
19020,2026-05-14,SEC_BTE_GGC,75.0,89.5,79.8,0,14,0.534,FOG,False,3,3
19020,2026-05-14,SEC_GGC_SWM,42.0,45.7,84.0,0,4,0.385,CLEAR,False,3,5
19020,2026-05-14,SEC_SWM_KOTA,65.0,74.2,87.3,0,9,0.586,CLEAR,False,3,7
19020,2026-05-14,SEC_KOTA_RATL,170.0,180.2,88.6,0,10,0.468,RAIN,False,3,9
19020,2026-05-14,SEC_RATL_BRC,165.0,186.5,84.0,0,22,0.232,RAIN,False,3,11
19020,2026-05-14,SEC_BRC_MMCT,250.0,284.7,82.6,0,35,0.469,FOG,False,3,13
12988,2026-05-14,SEC_NDLS_MTJ,95.0,90.2,93.8,2,2,0.377,CLEAR,False,3,6
12988,2026-05-14,SEC_MTJ_BTE,25.0,25.0,81.6,2,2,0.497,CLEAR,False,3,8
12988,2026-05-14,SEC_BTE_GGC,75.0,92.1,77.5,2,19,0.577,FOG,False,3,10
12988,2026-05-14,SEC_GGC_SWM,42.0,55.5,69.2,2,16,0.443,FOG,False,3,12
12988,2026-05-14,SEC_SWM_KOTA,65.0,73.1,88.6,2,10,0.696,RAIN,False,3,14
12988,2026-05-14,SEC_KOTA_RATL,170.0,178.5,89.4,2,10,0.302,RAIN,False,3,16
12988,2026-05-14,SEC_RATL_BRC,165.0,198.8,78.8,2,36,0.374,FOG,False,3,18
12988,2026-05-14,SEC_BRC_MMCT,250.0,273.9,85.9,2,26,0.679,FOG,False,3,20
12910,2026-05-14,SEC_NDLS_MTJ,95.0,100.7,84.0,0,6,0.277,CLEAR,False,3,21
12910,2026-05-14,SEC_MTJ_BTE,25.0,34.7,58.8,0,10,0.592,RAIN,False,3,23
12910,2026-05-14,SEC_BTE_GGC,75.0,125.9,56.7,0,51,0.233,STORM,True,3,1
12910,2026-05-14,SEC_GGC_SWM,42.0,54.3,70.7,0,12,0.42,RAIN,False,3,3
12910,2026-05-14,SEC_SWM_KOTA,65.0,69.5,93.2,0,4,0.16,CLEAR,False,3,5
12910,2026-05-14,SEC_KOTA_RATL,170.0,186.3,85.7,0,16,0.673,CLEAR,False,3,7
12910,2026-05-14,SEC_RATL_BRC,165.0,201.7,77.6,0,37,0.641,FOG,False,3,9
12910,2026-05-14,SEC_BRC_MMCT,250.0,248.2,94.8,0,0,0.525,CLEAR,False,3,11
12952,2026-05-15,SEC_NDLS_MTJ,95.0,102.7,82.4,0,8,0.346,CLEAR,False,4,16
12952,2026-05-15,SEC_MTJ_BTE,25.0,28.4,71.8,0,3,0.196,CLEAR,False,4,18
12952,2026-05-15,SEC_BTE_GGC,75.0,73.3,97.4,0,0,0.678,CLEAR,False,4,20
12952,2026-05-15,SEC_GGC_SWM,42.0,48.9,78.5,0,7,0.185,CLEAR,False,4,22
12952,2026-05-15,SEC_SWM_KOTA,65.0,66.8,97.0,0,2,0.162,RAIN,False,4,0
12952,2026-05-15,SEC_KOTA_RATL,170.0,215.9,73.9,0,46,0.466,STORM,True,4,2
12952,2026-05-15,SEC_RATL_BRC,165.0,169.0,92.7,0,4,0.125,CLEAR,False,4,4
12952,2026-05-15,SEC_BRC_MMCT,250.0,271.7,86.6,0,22,0.515,STORM,True,4,6
12413,2026-05-15,SEC_NDLS_MTJ,95.0,106.9,79.1,5,17,0.619,RAIN,False,4,7
12413,2026-05-15,SEC_MTJ_BTE,25.0,31.4,65.0,5,11,0.619,CLEAR,False,4,9
12413,2026-05-15,SEC_BTE_GGC,75.0,74.0,96.5,5,5,0.297,CLEAR,False,4,11
12413,2026-05-15,SEC_GGC_SWM,42.0,54.9,69.9,5,18,0.397,FOG,False,4,13
12413,2026-05-15,SEC_SWM_KOTA,65.0,101.5,63.8,5,41,0.393,STORM,True,4,15
12413,2026-05-15,SEC_KOTA_RATL,170.0,163.7,97.5,5,5,0.576,CLEAR,False,4,17
12413,2026-05-15,SEC_RATL_BRC,165.0,175.1,89.4,5,15,0.504,CLEAR,False,4,19
12413,2026-05-15,SEC_BRC_MMCT,250.0,256.2,91.8,5,11,0.444,FOG,False,4,21
19020,2026-05-15,SEC_NDLS_MTJ,95.0,146.0,57.9,10,61,0.567,STORM,True,4,23
19020,2026-05-15,SEC_MTJ_BTE,25.0,45.5,44.8,10,30,0.537,FOG,False,4,1
19020,2026-05-15,SEC_BTE_GGC,75.0,77.6,92.0,10,13,0.679,CLEAR,False,4,3
19020,2026-05-15,SEC_GGC_SWM,42.0,51.1,75.1,10,19,0.562,CLEAR,False,4,5
19020,2026-05-15,SEC_SWM_KOTA,65.0,64.1,101.1,10,10,0.203,CLEAR,False,4,7
19020,2026-05-15,SEC_KOTA_RATL,170.0,171.7,93.0,10,12,0.284,CLEAR,False,4,9
19020,2026-05-15,SEC_RATL_BRC,165.0,166.6,94.0,10,12,0.212,RAIN,False,4,11
19020,2026-05-15,SEC_BRC_MMCT,250.0,261.1,90.1,10,21,0.676,CLEAR,False,4,13
12988,2026-05-15,SEC_NDLS_MTJ,95.0,120.5,70.2,4,30,0.485,STORM,True,4,6
12988,2026-05-15,SEC_MTJ_BTE,25.0,71.0,28.7,4,50,0.459,STORM,True,4,8
12988,2026-05-15,SEC_BTE_GGC,75.0,79.2,90.2,4,8,0.18,RAIN,False,4,10
12988,2026-05-15,SEC_GGC_SWM,42.0,53.7,71.5,4,16,0.149,RAIN,False,4,12
12988,2026-05-15,SEC_SWM_KOTA,65.0,75.6,85.7,4,15,0.696,RAIN,False,4,14
12988,2026-05-15,SEC_KOTA_RATL,170.0,177.1,90.1,4,11,0.23,FOG,False,4,16
12988,2026-05-15,SEC_RATL_BRC,165.0,156.8,99.9,4,4,0.363,RAIN,False,4,18
12988,2026-05-15,SEC_BRC_MMCT,250.0,255.0,92.2,4,9,0.633,FOG,False,4,20
12910,2026-05-15,SEC_NDLS_MTJ,95.0,101.3,83.5,4,10,0.319,CLEAR,False,4,21
12910,2026-05-15,SEC_MTJ_BTE,25.0,28.4,71.8,4,7,0.692,CLEAR,False,4,23
12910,2026-05-15,SEC_BTE_GGC,75.0,91.1,78.4,4,20,0.421,RAIN,False,4,1
12910,2026-05-15,SEC_GGC_SWM,42.0,57.8,66.4,4,20,0.234,RAIN,False,4,3
12910,2026-05-15,SEC_SWM_KOTA,65.0,83.5,77.6,4,22,0.362,FOG,False,4,5
12910,2026-05-15,SEC_KOTA_RATL,170.0,171.4,93.1,4,5,0.524,CLEAR,False,4,7
12910,2026-05-15,SEC_RATL_BRC,165.0,166.8,93.9,4,6,0.668,CLEAR,False,4,9
12910,2026-05-15,SEC_BRC_MMCT,250.0,244.4,96.2,4,4,0.371,FOG,False,4,11
12952,2026-05-16,SEC_NDLS_MTJ,95.0,90.2,93.8,0,0,0.215,RAIN,False,5,16
12952,2026-05-16,SEC_MTJ_BTE,25.0,50.0,40.8,0,25,0.704,STORM,True,5,18
12952,2026-05-16,SEC_BTE_GGC,75.0,91.4,78.1,0,16,0.686,FOG,False,5,20
12952,2026-05-16,SEC_GGC_SWM,42.0,78.7,48.8,0,37,0.843,STORM,True,5,22
12952,2026-05-16,SEC_SWM_KOTA,65.0,94.3,68.7,0,29,0.859,STORM,True,5,0
12952,2026-05-16,SEC_KOTA_RATL,170.0,176.6,90.4,0,7,0.444,CLEAR,False,5,2
12952,2026-05-16,SEC_RATL_BRC,165.0,158.9,98.6,0,0,0.889,CLEAR,False,5,4
12952,2026-05-16,SEC_BRC_MMCT,250.0,244.8,96.1,0,0,0.546,RAIN,False,5,6
12413,2026-05-16,SEC_NDLS_MTJ,95.0,121.7,69.5,4,31,0.408,CLEAR,True,5,7
12413,2026-05-16,SEC_MTJ_BTE,25.0,31.3,65.2,4,10,0.528,RAIN,False,5,9
12413,2026-05-16,SEC_BTE_GGC,75.0,82.8,86.2,4,12,0.559,CLEAR,False,5,11
12413,2026-05-16,SEC_GGC_SWM,42.0,52.2,73.6,4,14,0.131,FOG,False,5,13
12413,2026-05-16,SEC_SWM_KOTA,65.0,62.8,103.2,4,4,0.186,CLEAR,False,5,15
12413,2026-05-16,SEC_KOTA_RATL,170.0,161.5,98.8,4,4,0.836,CLEAR,False,5,17
12413,2026-05-16,SEC_RATL_BRC,165.0,174.5,89.7,4,14,0.855,FOG,False,5,19
12413,2026-05-16,SEC_BRC_MMCT,250.0,257.4,91.4,4,11,0.423,FOG,False,5,21
19020,2026-05-16,SEC_NDLS_MTJ,95.0,143.7,58.9,10,59,0.704,STORM,True,5,23
19020,2026-05-16,SEC_MTJ_BTE,25.0,59.2,34.5,10,44,0.526,STORM,True,5,1
19020,2026-05-16,SEC_BTE_GGC,75.0,84.1,84.9,10,19,0.334,FOG,False,5,3
19020,2026-05-16,SEC_GGC_SWM,42.0,43.1,89.1,10,11,0.588,CLEAR,False,5,5
19020,2026-05-16,SEC_SWM_KOTA,65.0,120.5,53.8,10,66,0.659,STORM,True,5,7
19020,2026-05-16,SEC_KOTA_RATL,170.0,174.9,91.3,10,15,0.351,RAIN,False,5,9
19020,2026-05-16,SEC_RATL_BRC,165.0,206.0,76.0,10,51,0.871,FOG,False,5,11
19020,2026-05-16,SEC_BRC_MMCT,250.0,261.9,89.8,10,22,0.645,CLEAR,False,5,13
12988,2026-05-16,SEC_NDLS_MTJ,95.0,96.8,87.4,1,3,0.158,CLEAR,False,5,6
12988,2026-05-16,SEC_MTJ_BTE,25.0,27.1,75.3,1,3,0.193,CLEAR,False,5,8
12988,2026-05-16,SEC_BTE_GGC,75.0,79.9,89.4,1,6,0.89,CLEAR,False,5,10
12988,2026-05-16,SEC_GGC_SWM,42.0,40.1,95.8,1,1,0.307,CLEAR,False,5,12
12988,2026-05-16,SEC_SWM_KOTA,65.0,110.1,58.9,1,46,0.348,STORM,True,5,14
12988,2026-05-16,SEC_KOTA_RATL,170.0,184.4,86.6,1,15,0.821,FOG,False,5,16
12988,2026-05-16,SEC_RATL_BRC,165.0,210.2,74.5,1,46,0.654,STORM,True,5,18
12988,2026-05-16,SEC_BRC_MMCT,250.0,257.4,91.4,1,8,0.491,CLEAR,False,5,20
12910,2026-05-16,SEC_NDLS_MTJ,95.0,139.7,60.6,4,49,0.672,STORM,True,5,21
12910,2026-05-16,SEC_MTJ_BTE,25.0,47.3,43.1,4,26,0.807,FOG,False,5,23
12910,2026-05-16,SEC_BTE_GGC,75.0,73.4,97.3,4,4,0.129,CLEAR,False,5,1
12910,2026-05-16,SEC_GGC_SWM,42.0,83.1,46.2,4,45,0.745,STORM,True,5,3
12910,2026-05-16,SEC_SWM_KOTA,65.0,64.8,100.0,4,4,0.63,RAIN,False,5,5
12910,2026-05-16,SEC_KOTA_RATL,170.0,171.6,93.0,4,6,0.373,CLEAR,False,5,7
12910,2026-05-16,SEC_RATL_BRC,165.0,156.8,99.9,4,4,0.145,CLEAR,False,5,9
12910,2026-05-16,SEC_BRC_MMCT,250.0,274.8,85.6,4,29,0.451,CLEAR,False,5,11
12952,2026-05-17,SEC_NDLS_MTJ,95.0,97.2,87.0,0,2,0.215,CLEAR,False,6,16
12952,2026-05-17,SEC_MTJ_BTE,25.0,28.2,72.3,0,3,0.679,RAIN,False,6,18
12952,2026-05-17,SEC_BTE_GGC,75.0,100.1,71.3,0,25,0.287,STORM,True,6,20
12952,2026-05-17,SEC_GGC_SWM,42.0,96.6,39.8,0,55,0.128,STORM,True,6,22
12952,2026-05-17,SEC_SWM_KOTA,65.0,70.1,92.4,0,5,0.326,RAIN,False,6,0
12952,2026-05-17,SEC_KOTA_RATL,170.0,162.7,98.1,0,0,0.609,CLEAR,False,6,2
12952,2026-05-17,SEC_RATL_BRC,165.0,161.9,96.7,0,0,0.329,CLEAR,False,6,4
12952,2026-05-17,SEC_BRC_MMCT,250.0,262.6,89.6,0,13,0.117,STORM,True,6,6
12413,2026-05-17,SEC_NDLS_MTJ,95.0,92.4,91.6,4,4,0.2,CLEAR,False,6,7
12413,2026-05-17,SEC_MTJ_BTE,25.0,35.5,57.5,4,14,0.411,FOG,False,6,9
12413,2026-05-17,SEC_BTE_GGC,75.0,131.3,54.4,4,60,0.524,STORM,True,6,11
12413,2026-05-17,SEC_GGC_SWM,42.0,48.9,78.5,4,11,0.539,CLEAR,False,6,13
12413,2026-05-17,SEC_SWM_KOTA,65.0,61.8,104.9,4,4,0.476,CLEAR,False,6,15
12413,2026-05-17,SEC_KOTA_RATL,170.0,181.2,88.1,4,15,0.274,FOG,False,6,17
12413,2026-05-17,SEC_RATL_BRC,165.0,178.8,87.6,4,18,0.855,RAIN,False,6,19
12413,2026-05-17,SEC_BRC_MMCT,250.0,298.9,78.7,4,53,0.551,STORM,True,6,21
19020,2026-05-17,SEC_NDLS_MTJ,95.0,110.3,76.7,6,21,0.794,CLEAR,False,6,23
19020,2026-05-17,SEC_MTJ_BTE,25.0,57.6,35.4,6,39,0.602,STORM,True,6,1
19020,2026-05-17,SEC_BTE_GGC,75.0,80.3,88.9,6,11,0.172,CLEAR,False,6,3
19020,2026-05-17,SEC_GGC_SWM,42.0,45.7,84.0,6,10,0.827,CLEAR,False,6,5
19020,2026-05-17,SEC_SWM_KOTA,65.0,92.6,70.0,6,34,0.24,STORM,True,6,7
19020,2026-05-17,SEC_KOTA_RATL,170.0,199.6,80.0,6,36,0.549,RAIN,False,6,9
19020,2026-05-17,SEC_RATL_BRC,165.0,175.3,89.3,6,16,0.631,CLEAR,False,6,11
19020,2026-05-17,SEC_BRC_MMCT,250.0,279.6,84.1,6,36,0.714,FOG,False,6,13
12988,2026-05-17,SEC_NDLS_MTJ,95.0,110.2,76.8,3,18,0.458,RAIN,False,6,6
12988,2026-05-17,SEC_MTJ_BTE,25.0,25.8,79.1,3,4,0.155,CLEAR,False,6,8
12988,2026-05-17,SEC_BTE_GGC,75.0,80.8,88.4,3,9,0.848,CLEAR,False,6,10
12988,2026-05-17,SEC_GGC_SWM,42.0,44.1,87.1,3,5,0.887,CLEAR,False,6,12
12988,2026-05-17,SEC_SWM_KOTA,65.0,61.8,104.9,3,3,0.302,CLEAR,False,6,14
12988,2026-05-17,SEC_KOTA_RATL,170.0,168.5,94.7,3,3,0.291,CLEAR,False,6,16
12988,2026-05-17,SEC_RATL_BRC,165.0,159.6,98.1,3,3,0.896,CLEAR,False,6,18
12988,2026-05-17,SEC_BRC_MMCT,250.0,254.8,92.3,3,8,0.559,RAIN,True,6,20
12910,2026-05-17,SEC_NDLS_MTJ,95.0,138.0,61.3,10,53,0.316,STORM,True,6,21
12910,2026-05-17,SEC_MTJ_BTE,25.0,30.6,66.7,10,16,0.675,CLEAR,False,6,23
12910,2026-05-17,SEC_BTE_GGC,75.0,86.4,82.6,10,21,0.168,FOG,False,6,1
12910,2026-05-17,SEC_GGC_SWM,42.0,40.9,93.9,10,10,0.242,CLEAR,False,6,3
12910,2026-05-17,SEC_SWM_KOTA,65.0,74.7,86.7,10,20,0.108,CLEAR,False,6,5
12910,2026-05-17,SEC_KOTA_RATL,170.0,219.3,72.8,10,59,0.873,STORM,True,6,7
12910,2026-05-17,SEC_RATL_BRC,165.0,178.0,88.0,10,23,0.663,RAIN,False,6,9
12910,2026-05-17,SEC_BRC_MMCT,250.0,274.9,85.6,10,35,0.648,CLEAR,False,6,11
12952,2026-05-18,SEC_NDLS_MTJ,95.0,100.2,84.4,0,5,0.591,RAIN,False,0,16
12952,2026-05-18,SEC_MTJ_BTE,25.0,25.4,80.3,0,0,0.137,RAIN,False,0,18
12952,2026-05-18,SEC_BTE_GGC,75.0,72.1,99.0,0,0,0.627,CLEAR,False,0,20
12952,2026-05-18,SEC_GGC_SWM,42.0,41.0,93.7,0,0,0.237,CLEAR,False,0,22
12952,2026-05-18,SEC_SWM_KOTA,65.0,72.7,89.1,0,8,0.271,FOG,False,0,0
12952,2026-05-18,SEC_KOTA_RATL,170.0,208.7,76.5,0,39,0.251,STORM,True,0,2
12952,2026-05-18,SEC_RATL_BRC,165.0,216.1,72.5,0,51,0.136,STORM,True,0,4
12952,2026-05-18,SEC_BRC_MMCT,250.0,279.5,84.2,0,30,0.153,STORM,True,0,6
12413,2026-05-18,SEC_NDLS_MTJ,95.0,94.0,90.0,5,5,0.536,CLEAR,False,0,7
12413,2026-05-18,SEC_MTJ_BTE,25.0,36.9,55.3,5,17,0.699,FOG,False,0,9
12413,2026-05-18,SEC_BTE_GGC,75.0,72.9,97.9,5,5,0.628,CLEAR,False,0,11
12413,2026-05-18,SEC_GGC_SWM,42.0,64.1,59.9,5,27,0.185,FOG,False,0,13
12413,2026-05-18,SEC_SWM_KOTA,65.0,67.9,95.4,5,8,0.329,CLEAR,False,0,15
12413,2026-05-18,SEC_KOTA_RATL,170.0,167.9,95.1,5,5,0.668,CLEAR,False,0,17
12413,2026-05-18,SEC_RATL_BRC,165.0,158.7,98.7,5,5,0.113,CLEAR,False,0,19
12413,2026-05-18,SEC_BRC_MMCT,250.0,269.8,87.2,5,25,0.399,FOG,False,0,21
19020,2026-05-18,SEC_NDLS_MTJ,95.0,106.0,79.8,10,21,0.164,CLEAR,False,0,23
19020,2026-05-18,SEC_MTJ_BTE,25.0,31.2,65.4,10,16,0.35,FOG,False,0,1
19020,2026-05-18,SEC_BTE_GGC,75.0,109.5,65.2,10,44,0.286,STORM,True,0,3
19020,2026-05-18,SEC_GGC_SWM,42.0,74.8,51.3,10,43,0.618,STORM,True,0,5
19020,2026-05-18,SEC_SWM_KOTA,65.0,83.4,77.7,10,28,0.667,FOG,False,0,7
19020,2026-05-18,SEC_KOTA_RATL,170.0,165.9,96.2,10,10,0.433,FOG,False,0,9
19020,2026-05-18,SEC_RATL_BRC,165.0,156.8,99.9,10,10,0.569,CLEAR,False,0,11
19020,2026-05-18,SEC_BRC_MMCT,250.0,239.4,98.2,10,10,0.382,CLEAR,False,0,13
12988,2026-05-18,SEC_NDLS_MTJ,95.0,91.9,92.1,1,1,0.418,RAIN,False,0,6
12988,2026-05-18,SEC_MTJ_BTE,25.0,37.0,55.1,1,13,0.575,FOG,False,0,8
12988,2026-05-18,SEC_BTE_GGC,75.0,80.4,88.8,1,6,0.234,CLEAR,False,0,10
12988,2026-05-18,SEC_GGC_SWM,42.0,42.9,89.5,1,2,0.289,CLEAR,False,0,12
12988,2026-05-18,SEC_SWM_KOTA,65.0,72.3,89.6,1,8,0.459,CLEAR,False,0,14
12988,2026-05-18,SEC_KOTA_RATL,170.0,182.1,87.6,1,13,0.326,CLEAR,False,0,16
12988,2026-05-18,SEC_RATL_BRC,165.0,156.8,99.9,1,1,0.115,CLEAR,False,0,18
12988,2026-05-18,SEC_BRC_MMCT,250.0,237.5,99.0,1,1,0.329,CLEAR,False,0,20
12910,2026-05-18,SEC_NDLS_MTJ,95.0,101.3,83.5,4,10,0.524,FOG,False,0,21
12910,2026-05-18,SEC_MTJ_BTE,25.0,27.3,74.7,4,6,0.321,CLEAR,False,0,23
12910,2026-05-18,SEC_BTE_GGC,75.0,120.4,59.3,4,49,0.361,STORM,True,0,1
12910,2026-05-18,SEC_GGC_SWM,42.0,55.7,68.9,4,18,0.407,RAIN,False,0,3
12910,2026-05-18,SEC_SWM_KOTA,65.0,70.1,92.4,4,9,0.161,CLEAR,False,0,5
12910,2026-05-18,SEC_KOTA_RATL,170.0,186.8,85.4,4,21,0.551,CLEAR,False,0,7
12910,2026-05-18,SEC_RATL_BRC,165.0,204.1,76.7,4,43,0.574,STORM,True,0,9
12910,2026-05-18,SEC_BRC_MMCT,250.0,237.5,99.0,4,4,0.134,CLEAR,False,0,11
12952,2026-05-19,SEC_NDLS_MTJ,95.0,95.9,88.2,0,1,0.125,CLEAR,False,1,16
12952,2026-05-19,SEC_MTJ_BTE,25.0,24.6,82.9,0,0,0.502,FOG,False,1,18
12952,2026-05-19,SEC_BTE_GGC,75.0,110.5,64.6,0,36,0.529,STORM,True,1,20
12952,2026-05-19,SEC_GGC_SWM,42.0,42.6,90.1,0,1,0.449,CLEAR,False,1,22
12952,2026-05-19,SEC_SWM_KOTA,65.0,61.8,104.9,0,0,0.104,CLEAR,False,1,0
12952,2026-05-19,SEC_KOTA_RATL,170.0,161.5,98.8,0,0,0.254,CLEAR,False,1,2
12952,2026-05-19,SEC_RATL_BRC,165.0,214.7,72.9,0,50,0.271,STORM,True,1,4
12952,2026-05-19,SEC_BRC_MMCT,250.0,253.3,92.9,0,3,0.164,CLEAR,False,1,6
12413,2026-05-19,SEC_NDLS_MTJ,95.0,139.7,60.6,5,50,0.279,STORM,True,1,7
12413,2026-05-19,SEC_MTJ_BTE,25.0,25.4,80.3,5,5,0.631,CLEAR,False,1,9
12413,2026-05-19,SEC_BTE_GGC,75.0,80.1,89.1,5,10,0.616,CLEAR,False,1,11
12413,2026-05-19,SEC_GGC_SWM,42.0,60.1,63.9,5,23,0.652,RAIN,False,1,13
12413,2026-05-19,SEC_SWM_KOTA,65.0,120.0,54.0,5,60,0.614,STORM,True,1,15
12413,2026-05-19,SEC_KOTA_RATL,170.0,184.7,86.4,5,20,0.282,CLEAR,False,1,17
12413,2026-05-19,SEC_RATL_BRC,165.0,182.6,85.8,5,23,0.487,CLEAR,False,1,19
12413,2026-05-19,SEC_BRC_MMCT,250.0,247.9,94.9,5,5,0.639,CLEAR,False,1,21
19020,2026-05-19,SEC_NDLS_MTJ,95.0,97.6,86.7,2,5,0.547,CLEAR,False,1,23
19020,2026-05-19,SEC_MTJ_BTE,25.0,26.7,76.4,2,4,0.373,CLEAR,False,1,1
19020,2026-05-19,SEC_BTE_GGC,75.0,77.0,92.7,2,4,0.388,CLEAR,False,1,3
19020,2026-05-19,SEC_GGC_SWM,42.0,50.0,76.8,2,10,0.379,FOG,False,1,5
19020,2026-05-19,SEC_SWM_KOTA,65.0,109.8,59.0,2,47,0.138,STORM,True,1,7
19020,2026-05-19,SEC_KOTA_RATL,170.0,163.2,97.8,2,2,0.213,CLEAR,False,1,9
19020,2026-05-19,SEC_RATL_BRC,165.0,156.8,99.9,2,2,0.601,CLEAR,False,1,11
19020,2026-05-19,SEC_BRC_MMCT,250.0,263.9,89.1,2,16,0.153,CLEAR,False,1,13
12988,2026-05-19,SEC_NDLS_MTJ,95.0,138.7,61.0,2,46,0.641,STORM,True,1,6
12988,2026-05-19,SEC_MTJ_BTE,25.0,23.8,85.7,2,2,0.308,CLEAR,False,1,8
12988,2026-05-19,SEC_BTE_GGC,75.0,86.9,82.2,2,14,0.345,FOG,False,1,10
12988,2026-05-19,SEC_GGC_SWM,42.0,70.6,54.4,2,31,0.38,STORM,True,1,12
12988,2026-05-19,SEC_SWM_KOTA,65.0,79.6,81.4,2,17,0.69,RAIN,False,1,14
12988,2026-05-19,SEC_KOTA_RATL,170.0,188.2,84.8,2,20,0.59,RAIN,False,1,16
12988,2026-05-19,SEC_RATL_BRC,165.0,169.1,92.6,2,6,0.694,FOG,False,1,18
12988,2026-05-19,SEC_BRC_MMCT,250.0,247.1,95.2,2,2,0.51,CLEAR,False,1,20
12910,2026-05-19,SEC_NDLS_MTJ,95.0,106.1,79.7,4,15,0.414,RAIN,False,1,21
12910,2026-05-19,SEC_MTJ_BTE,25.0,26.4,77.3,4,5,0.486,CLEAR,False,1,23
12910,2026-05-19,SEC_BTE_GGC,75.0,118.2,60.4,4,47,0.1,STORM,True,1,1
12910,2026-05-19,SEC_GGC_SWM,42.0,39.9,96.2,4,4,0.282,CLEAR,False,1,3
12910,2026-05-19,SEC_SWM_KOTA,65.0,92.2,70.3,4,31,0.119,CLEAR,True,1,5
12910,2026-05-19,SEC_KOTA_RATL,170.0,182.6,87.4,4,17,0.497,FOG,False,1,7
12910,2026-05-19,SEC_RATL_BRC,165.0,157.5,99.4,4,4,0.357,CLEAR,False,1,9
12910,2026-05-19,SEC_BRC_MMCT,250.0,243.7,96.5,4,4,0.311,CLEAR,False,1,11
12952,2026-05-20,SEC_NDLS_MTJ,95.0,106.9,79.1,0,12,0.452,CLEAR,False,2,16
12952,2026-05-20,SEC_MTJ_BTE,25.0,29.9,68.2,0,5,0.152,FOG,False,2,18
12952,2026-05-20,SEC_BTE_GGC,75.0,119.3,59.8,0,44,0.479,STORM,True,2,20
12952,2026-05-20,SEC_GGC_SWM,42.0,50.5,76.0,0,8,0.613,RAIN,False,2,22
12952,2026-05-20,SEC_SWM_KOTA,65.0,70.8,91.5,0,6,0.505,CLEAR,False,2,0
12952,2026-05-20,SEC_KOTA_RATL,170.0,175.5,90.9,0,6,0.655,RAIN,False,2,2
12952,2026-05-20,SEC_RATL_BRC,165.0,215.3,72.7,0,50,0.41,STORM,True,2,4
12952,2026-05-20,SEC_BRC_MMCT,250.0,298.2,78.9,0,48,0.193,STORM,True,2,6
12413,2026-05-20,SEC_NDLS_MTJ,95.0,151.7,55.8,5,62,0.643,STORM,True,2,7
12413,2026-05-20,SEC_MTJ_BTE,25.0,26.1,78.2,5,6,0.585,CLEAR,False,2,9
12413,2026-05-20,SEC_BTE_GGC,75.0,72.0,99.2,5,5,0.668,CLEAR,False,2,11
12413,2026-05-20,SEC_GGC_SWM,42.0,48.4,79.3,5,11,0.321,RAIN,False,2,13
12413,2026-05-20,SEC_SWM_KOTA,65.0,88.9,72.9,5,29,0.353,FOG,False,2,15
12413,2026-05-20,SEC_KOTA_RATL,170.0,175.0,91.2,5,10,0.625,CLEAR,False,2,17
12413,2026-05-20,SEC_RATL_BRC,165.0,217.3,72.1,5,57,0.218,STORM,True,2,19
12413,2026-05-20,SEC_BRC_MMCT,250.0,241.5,97.4,5,5,0.436,RAIN,False,2,21
19020,2026-05-20,SEC_NDLS_MTJ,95.0,134.5,62.9,10,50,0.136,FOG,True,2,23
19020,2026-05-20,SEC_MTJ_BTE,25.0,25.4,80.3,10,10,0.246,CLEAR,False,2,1
19020,2026-05-20,SEC_BTE_GGC,75.0,83.7,85.3,10,19,0.159,FOG,False,2,3
19020,2026-05-20,SEC_GGC_SWM,42.0,46.2,83.1,10,14,0.187,CLEAR,False,2,5
19020,2026-05-20,SEC_SWM_KOTA,65.0,66.7,97.2,10,12,0.248,CLEAR,False,2,7
19020,2026-05-20,SEC_KOTA_RATL,170.0,161.5,98.8,10,10,0.126,CLEAR,False,2,9
19020,2026-05-20,SEC_RATL_BRC,165.0,195.0,80.3,10,40,0.658,STORM,True,2,11
19020,2026-05-20,SEC_BRC_MMCT,250.0,268.9,87.5,10,29,0.488,RAIN,False,2,13
12988,2026-05-20,SEC_NDLS_MTJ,95.0,104.8,80.7,2,12,0.36,FOG,False,2,6
12988,2026-05-20,SEC_MTJ_BTE,25.0,81.6,25.0,2,59,0.124,STORM,True,2,8
12988,2026-05-20,SEC_BTE_GGC,75.0,74.3,96.1,2,2,0.421,CLEAR,False,2,10
12988,2026-05-20,SEC_GGC_SWM,42.0,97.2,39.5,2,57,0.454,STORM,True,2,12
12988,2026-05-20,SEC_SWM_KOTA,65.0,61.8,104.9,2,2,0.155,CLEAR,False,2,14
12988,2026-05-20,SEC_KOTA_RATL,170.0,172.5,92.5,2,4,0.625,CLEAR,False,2,16
12988,2026-05-20,SEC_RATL_BRC,165.0,161.4,97.0,2,2,0.44,CLEAR,False,2,18
12988,2026-05-20,SEC_BRC_MMCT,250.0,260.8,90.2,2,13,0.502,CLEAR,False,2,20
12910,2026-05-20,SEC_NDLS_MTJ,95.0,96.1,88.0,10,11,0.512,CLEAR,False,2,21
12910,2026-05-20,SEC_MTJ_BTE,25.0,25.9,78.8,10,11,0.626,CLEAR,False,2,23
12910,2026-05-20,SEC_BTE_GGC,75.0,74.2,96.2,10,10,0.488,CLEAR,False,2,1
12910,2026-05-20,SEC_GGC_SWM,42.0,47.7,80.5,10,16,0.253,RAIN,False,2,3
12910,2026-05-20,SEC_SWM_KOTA,65.0,77.1,84.0,10,22,0.102,RAIN,False,2,5
12910,2026-05-20,SEC_KOTA_RATL,170.0,199.5,80.0,10,40,0.407,RAIN,False,2,7
12910,2026-05-20,SEC_RATL_BRC,165.0,193.4,81.0,10,38,0.689,STORM,True,2,9
12910,2026-05-20,SEC_BRC_MMCT,250.0,242.3,97.1,10,10,0.142,CLEAR,False,2,11
12952,2026-05-21,SEC_NDLS_MTJ,95.0,141.0,60.0,0,46,0.512,STORM,True,3,16
12952,2026-05-21,SEC_MTJ_BTE,25.0,29.7,68.7,0,5,0.244,CLEAR,False,3,18
12952,2026-05-21,SEC_BTE_GGC,75.0,86.1,82.9,0,11,0.242,RAIN,False,3,20
12952,2026-05-21,SEC_GGC_SWM,42.0,62.0,61.9,0,20,0.47,FOG,False,3,22
12952,2026-05-21,SEC_SWM_KOTA,65.0,65.1,99.5,0,0,0.175,CLEAR,False,3,0
12952,2026-05-21,SEC_KOTA_RATL,170.0,180.2,88.6,0,10,0.102,CLEAR,False,3,2
12952,2026-05-21,SEC_RATL_BRC,165.0,182.5,85.8,0,18,0.239,FOG,False,3,4
12952,2026-05-21,SEC_BRC_MMCT,250.0,243.7,96.5,0,0,0.114,RAIN,False,3,6
12413,2026-05-21,SEC_NDLS_MTJ,95.0,93.6,90.4,3,3,0.112,RAIN,False,3,7
12413,2026-05-21,SEC_MTJ_BTE,25.0,26.4,77.3,3,4,0.519,CLEAR,False,3,9
12413,2026-05-21,SEC_BTE_GGC,75.0,73.5,97.1,3,3,0.264,CLEAR,False,3,11
12413,2026-05-21,SEC_GGC_SWM,42.0,84.9,45.2,3,46,0.661,STORM,True,3,13
12413,2026-05-21,SEC_SWM_KOTA,65.0,82.9,78.2,3,21,0.316,FOG,False,3,15
12413,2026-05-21,SEC_KOTA_RATL,170.0,172.3,92.6,3,5,0.32,CLEAR,False,3,17
12413,2026-05-21,SEC_RATL_BRC,165.0,179.8,87.1,3,18,0.459,RAIN,False,3,19
12413,2026-05-21,SEC_BRC_MMCT,250.0,237.5,99.0,3,3,0.195,CLEAR,False,3,21
19020,2026-05-21,SEC_NDLS_MTJ,95.0,100.1,84.5,8,13,0.276,CLEAR,False,3,23
19020,2026-05-21,SEC_MTJ_BTE,25.0,35.4,57.6,8,18,0.623,RAIN,False,3,1
19020,2026-05-21,SEC_BTE_GGC,75.0,111.4,64.1,8,44,0.206,STORM,True,3,3
19020,2026-05-21,SEC_GGC_SWM,42.0,92.2,41.6,8,58,0.146,STORM,True,3,5
19020,2026-05-21,SEC_SWM_KOTA,65.0,77.4,83.7,8,20,0.321,FOG,False,3,7
19020,2026-05-21,SEC_KOTA_RATL,170.0,183.6,86.9,8,22,0.408,CLEAR,False,3,9
19020,2026-05-21,SEC_RATL_BRC,165.0,171.5,91.3,8,14,0.381,CLEAR,False,3,11
19020,2026-05-21,SEC_BRC_MMCT,250.0,249.7,94.2,8,8,0.205,FOG,False,3,13
12988,2026-05-21,SEC_NDLS_MTJ,95.0,93.7,90.3,0,0,0.182,CLEAR,False,3,6
12988,2026-05-21,SEC_MTJ_BTE,25.0,81.4,25.1,0,56,0.342,STORM,True,3,8
12988,2026-05-21,SEC_BTE_GGC,75.0,78.2,91.3,0,3,0.603,RAIN,False,3,10
12988,2026-05-21,SEC_GGC_SWM,42.0,44.1,87.1,0,2,0.224,CLEAR,False,3,12
12988,2026-05-21,SEC_SWM_KOTA,65.0,75.4,85.9,0,10,0.33,RAIN,False,3,14
12988,2026-05-21,SEC_KOTA_RATL,170.0,218.1,73.2,0,48,0.55,STORM,True,3,16
12988,2026-05-21,SEC_RATL_BRC,165.0,183.1,85.5,0,18,0.185,CLEAR,False,3,18
12988,2026-05-21,SEC_BRC_MMCT,250.0,237.5,99.0,0,0,0.378,CLEAR,False,3,20
12910,2026-05-21,SEC_NDLS_MTJ,95.0,90.2,93.8,10,10,0.132,CLEAR,False,3,21
12910,2026-05-21,SEC_MTJ_BTE,25.0,28.1,72.6,10,13,0.431,CLEAR,False,3,23
12910,2026-05-21,SEC_BTE_GGC,75.0,79.0,90.4,10,14,0.216,CLEAR,False,3,1
12910,2026-05-21,SEC_GGC_SWM,42.0,43.5,88.3,10,12,0.406,CLEAR,False,3,3
12910,2026-05-21,SEC_SWM_KOTA,65.0,64.3,100.8,10,10,0.376,CLEAR,False,3,5
12910,2026-05-21,SEC_KOTA_RATL,170.0,179.2,89.1,10,19,0.36,FOG,False,3,7
12910,2026-05-21,SEC_RATL_BRC,165.0,238.6,65.6,10,84,0.44,STORM,True,3,9
12910,2026-05-21,SEC_BRC_MMCT,250.0,305.6,77.0,10,66,0.481,STORM,True,3,11
12952,2026-05-22,SEC_NDLS_MTJ,95.0,109.8,77.0,0,15,0.126,FOG,False,4,16
12952,2026-05-22,SEC_MTJ_BTE,25.0,25.1,81.3,0,0,0.441,CLEAR,False,4,18
12952,2026-05-22,SEC_BTE_GGC,75.0,73.2,97.5,0,0,0.259,CLEAR,False,4,20
12952,2026-05-22,SEC_GGC_SWM,42.0,59.3,64.8,0,17,0.502,FOG,False,4,22
12952,2026-05-22,SEC_SWM_KOTA,65.0,64.7,100.2,0,0,0.673,CLEAR,False,4,0
12952,2026-05-22,SEC_KOTA_RATL,170.0,232.5,68.6,0,62,0.296,STORM,True,4,2
12952,2026-05-22,SEC_RATL_BRC,165.0,165.5,94.6,0,0,0.567,CLEAR,False,4,4
12952,2026-05-22,SEC_BRC_MMCT,250.0,274.5,85.7,0,24,0.535,CLEAR,False,4,6
12413,2026-05-22,SEC_NDLS_MTJ,95.0,98.9,85.5,2,6,0.433,CLEAR,False,4,7
12413,2026-05-22,SEC_MTJ_BTE,25.0,24.9,81.9,2,2,0.404,CLEAR,False,4,9
12413,2026-05-22,SEC_BTE_GGC,75.0,71.2,100.3,2,2,0.197,CLEAR,False,4,11
12413,2026-05-22,SEC_GGC_SWM,42.0,55.2,69.6,2,15,0.359,FOG,False,4,13
12413,2026-05-22,SEC_SWM_KOTA,65.0,69.9,92.7,2,7,0.241,CLEAR,False,4,15
12413,2026-05-22,SEC_KOTA_RATL,170.0,163.4,97.7,2,2,0.466,CLEAR,False,4,17
12413,2026-05-22,SEC_RATL_BRC,165.0,186.9,83.8,2,24,0.16,FOG,False,4,19
12413,2026-05-22,SEC_BRC_MMCT,250.0,292.0,80.5,2,44,0.489,STORM,True,4,21
19020,2026-05-22,SEC_NDLS_MTJ,95.0,151.9,55.7,4,61,0.511,STORM,True,4,23
19020,2026-05-22,SEC_MTJ_BTE,25.0,24.0,85.0,4,4,0.149,CLEAR,False,4,1
19020,2026-05-22,SEC_BTE_GGC,75.0,74.6,95.7,4,4,0.595,CLEAR,False,4,3
19020,2026-05-22,SEC_GGC_SWM,42.0,48.3,79.5,4,10,0.139,RAIN,False,4,5
19020,2026-05-22,SEC_SWM_KOTA,65.0,98.1,66.1,4,37,0.409,STORM,True,4,7
19020,2026-05-22,SEC_KOTA_RATL,170.0,184.7,86.4,4,19,0.315,FOG,False,4,9
19020,2026-05-22,SEC_RATL_BRC,165.0,189.3,82.7,4,28,0.658,FOG,False,4,11
19020,2026-05-22,SEC_BRC_MMCT,250.0,254.1,92.6,4,8,0.193,STORM,True,4,13
12988,2026-05-22,SEC_NDLS_MTJ,95.0,96.7,87.5,3,5,0.144,CLEAR,False,4,6
12988,2026-05-22,SEC_MTJ_BTE,25.0,23.8,85.7,3,3,0.501,CLEAR,False,4,8
12988,2026-05-22,SEC_BTE_GGC,75.0,99.6,71.7,3,28,0.226,STORM,True,4,10
12988,2026-05-22,SEC_GGC_SWM,42.0,43.9,87.5,3,5,0.588,CLEAR,False,4,12
12988,2026-05-22,SEC_SWM_KOTA,65.0,66.5,97.4,3,5,0.589,CLEAR,False,4,14
12988,2026-05-22,SEC_KOTA_RATL,170.0,185.8,85.9,3,19,0.21,STORM,True,4,16
12988,2026-05-22,SEC_RATL_BRC,165.0,167.7,93.4,3,6,0.631,CLEAR,False,4,18
12988,2026-05-22,SEC_BRC_MMCT,250.0,278.8,84.4,3,32,0.106,FOG,False,4,20
12910,2026-05-22,SEC_NDLS_MTJ,95.0,102.8,82.3,4,12,0.563,CLEAR,False,4,21
12910,2026-05-22,SEC_MTJ_BTE,25.0,85.4,23.9,4,64,0.403,STORM,True,4,23
12910,2026-05-22,SEC_BTE_GGC,75.0,86.5,82.5,4,16,0.562,RAIN,False,4,1
12910,2026-05-22,SEC_GGC_SWM,42.0,54.0,71.1,4,16,0.3,FOG,False,4,3
12910,2026-05-22,SEC_SWM_KOTA,65.0,70.6,91.8,4,10,0.35,FOG,False,4,5
12910,2026-05-22,SEC_KOTA_RATL,170.0,176.4,90.5,4,10,0.28,CLEAR,False,4,7
12910,2026-05-22,SEC_RATL_BRC,165.0,170.8,91.7,4,10,0.259,RAIN,False,4,9
12910,2026-05-22,SEC_BRC_MMCT,250.0,267.2,88.0,4,21,0.146,FOG,False,4,11
12952,2026-05-23,SEC_NDLS_MTJ,95.0,97.6,86.7,0,3,0.862,CLEAR,False,5,16
12952,2026-05-23,SEC_MTJ_BTE,25.0,25.8,79.1,0,1,0.629,RAIN,False,5,18
12952,2026-05-23,SEC_BTE_GGC,75.0,87.1,82.0,0,12,0.363,FOG,False,5,20
12952,2026-05-23,SEC_GGC_SWM,42.0,77.0,49.9,0,35,0.204,FOG,True,5,22
12952,2026-05-23,SEC_SWM_KOTA,65.0,80.9,80.1,0,16,0.441,FOG,False,5,0
12952,2026-05-23,SEC_KOTA_RATL,170.0,219.9,72.6,0,50,0.539,STORM,True,5,2
12952,2026-05-23,SEC_RATL_BRC,165.0,167.1,93.7,0,2,0.153,CLEAR,False,5,4
12952,2026-05-23,SEC_BRC_MMCT,250.0,237.5,99.0,0,0,0.713,CLEAR,False,5,6
12413,2026-05-23,SEC_NDLS_MTJ,95.0,101.7,83.2,5,12,0.167,RAIN,False,5,7
12413,2026-05-23,SEC_MTJ_BTE,25.0,67.5,30.2,5,47,0.115,STORM,True,5,9
12413,2026-05-23,SEC_BTE_GGC,75.0,71.2,100.3,5,5,0.374,CLEAR,False,5,11
12413,2026-05-23,SEC_GGC_SWM,42.0,64.8,59.3,5,28,0.783,CLEAR,True,5,13
12413,2026-05-23,SEC_SWM_KOTA,65.0,76.4,84.8,5,16,0.252,FOG,False,5,15
12413,2026-05-23,SEC_KOTA_RATL,170.0,161.5,98.8,5,5,0.847,CLEAR,False,5,17
12413,2026-05-23,SEC_RATL_BRC,165.0,176.4,88.8,5,16,0.259,CLEAR,False,5,19
12413,2026-05-23,SEC_BRC_MMCT,250.0,255.1,92.2,5,10,0.432,CLEAR,False,5,21
19020,2026-05-23,SEC_NDLS_MTJ,95.0,95.4,88.7,0,0,0.576,CLEAR,False,5,23
19020,2026-05-23,SEC_MTJ_BTE,25.0,82.3,24.8,0,57,0.709,STORM,True,5,1
19020,2026-05-23,SEC_BTE_GGC,75.0,76.9,92.8,0,2,0.758,CLEAR,False,5,3
19020,2026-05-23,SEC_GGC_SWM,42.0,52.9,72.6,0,11,0.753,CLEAR,False,5,5
19020,2026-05-23,SEC_SWM_KOTA,65.0,61.8,104.9,0,0,0.391,CLEAR,False,5,7
19020,2026-05-23,SEC_KOTA_RATL,170.0,175.0,91.2,0,5,0.796,CLEAR,False,5,9
19020,2026-05-23,SEC_RATL_BRC,165.0,171.3,91.4,0,6,0.88,CLEAR,False,5,11
19020,2026-05-23,SEC_BRC_MMCT,250.0,240.3,97.9,0,0,0.321,CLEAR,False,5,13
12988,2026-05-23,SEC_NDLS_MTJ,95.0,133.2,63.5,0,38,0.539,STORM,True,5,6
12988,2026-05-23,SEC_MTJ_BTE,25.0,25.7,79.4,0,1,0.802,CLEAR,False,5,8
12988,2026-05-23,SEC_BTE_GGC,75.0,75.6,94.4,0,1,0.859,CLEAR,False,5,10
12988,2026-05-23,SEC_GGC_SWM,42.0,52.9,72.6,0,11,0.227,RAIN,False,5,12
12988,2026-05-23,SEC_SWM_KOTA,65.0,61.8,104.9,0,0,0.619,CLEAR,False,5,14
12988,2026-05-23,SEC_KOTA_RATL,170.0,206.3,77.4,0,36,0.201,STORM,True,5,16
12988,2026-05-23,SEC_RATL_BRC,165.0,189.6,82.6,0,25,0.518,FOG,True,5,18
12988,2026-05-23,SEC_BRC_MMCT,250.0,274.7,85.6,0,25,0.411,CLEAR,False,5,20
12910,2026-05-23,SEC_NDLS_MTJ,95.0,103.9,81.4,8,17,0.33,FOG,False,5,21
12910,2026-05-23,SEC_MTJ_BTE,25.0,62.4,32.7,8,45,0.192,FOG,True,5,23
12910,2026-05-23,SEC_BTE_GGC,75.0,112.1,63.7,8,45,0.564,STORM,True,5,1
12910,2026-05-23,SEC_GGC_SWM,42.0,42.7,89.9,8,9,0.206,CLEAR,False,5,3
12910,2026-05-23,SEC_SWM_KOTA,65.0,109.2,59.3,8,52,0.268,STORM,True,5,5
12910,2026-05-23,SEC_KOTA_RATL,170.0,228.8,69.8,8,67,0.728,STORM,True,5,7
12910,2026-05-23,SEC_RATL_BRC,165.0,195.7,80.0,8,39,0.32,STORM,True,5,9
12910,2026-05-23,SEC_BRC_MMCT,250.0,253.5,92.8,8,12,0.294,STORM,True,5,11
12952,2026-05-24,SEC_NDLS_MTJ,95.0,101.9,83.0,0,7,0.811,CLEAR,False,6,16
12952,2026-05-24,SEC_MTJ_BTE,25.0,25.9,78.8,0,1,0.242,CLEAR,False,6,18
12952,2026-05-24,SEC_BTE_GGC,75.0,71.6,99.7,0,0,0.378,CLEAR,False,6,20
12952,2026-05-24,SEC_GGC_SWM,42.0,50.7,75.7,0,9,0.484,FOG,False,6,22
12952,2026-05-24,SEC_SWM_KOTA,65.0,105.4,61.5,0,40,0.489,STORM,True,6,0
12952,2026-05-24,SEC_KOTA_RATL,170.0,201.5,79.2,0,32,0.179,RAIN,False,6,2
12952,2026-05-24,SEC_RATL_BRC,165.0,199.2,78.6,0,34,0.554,FOG,True,6,4
12952,2026-05-24,SEC_BRC_MMCT,250.0,254.7,92.3,0,5,0.56,RAIN,False,6,6
12413,2026-05-24,SEC_NDLS_MTJ,95.0,96.7,87.5,4,6,0.116,CLEAR,False,6,7
12413,2026-05-24,SEC_MTJ_BTE,25.0,23.8,85.7,4,4,0.345,CLEAR,False,6,9
12413,2026-05-24,SEC_BTE_GGC,75.0,83.8,85.2,4,13,0.422,RAIN,False,6,11
12413,2026-05-24,SEC_GGC_SWM,42.0,39.9,96.2,4,4,0.36,CLEAR,False,6,13
12413,2026-05-24,SEC_SWM_KOTA,65.0,74.8,86.6,4,14,0.282,RAIN,False,6,15
12413,2026-05-24,SEC_KOTA_RATL,170.0,181.5,87.9,4,16,0.264,FOG,False,6,17
12413,2026-05-24,SEC_RATL_BRC,165.0,185.4,84.5,4,24,0.892,STORM,True,6,19
12413,2026-05-24,SEC_BRC_MMCT,250.0,244.9,96.0,4,4,0.427,CLEAR,False,6,21
19020,2026-05-24,SEC_NDLS_MTJ,95.0,105.6,80.1,2,13,0.289,CLEAR,False,6,23
19020,2026-05-24,SEC_MTJ_BTE,25.0,31.8,64.2,2,9,0.651,CLEAR,False,6,1
19020,2026-05-24,SEC_BTE_GGC,75.0,86.9,82.2,2,14,0.492,CLEAR,False,6,3
19020,2026-05-24,SEC_GGC_SWM,42.0,43.6,88.1,2,4,0.322,CLEAR,False,6,5
19020,2026-05-24,SEC_SWM_KOTA,65.0,79.0,82.0,2,16,0.231,FOG,False,6,7
19020,2026-05-24,SEC_KOTA_RATL,170.0,161.5,98.8,2,2,0.136,CLEAR,False,6,9
19020,2026-05-24,SEC_RATL_BRC,165.0,169.6,92.3,2,7,0.629,CLEAR,False,6,11
19020,2026-05-24,SEC_BRC_MMCT,250.0,306.8,76.7,2,59,0.705,STORM,True,6,13
12988,2026-05-24,SEC_NDLS_MTJ,95.0,117.4,72.1,1,23,0.237,FOG,False,6,6
12988,2026-05-24,SEC_MTJ_BTE,25.0,26.0,78.5,1,2,0.223,CLEAR,False,6,8
12988,2026-05-24,SEC_BTE_GGC,75.0,81.6,87.5,1,8,0.671,CLEAR,False,6,10
12988,2026-05-24,SEC_GGC_SWM,42.0,53.7,71.5,1,13,0.809,RAIN,False,6,12
12988,2026-05-24,SEC_SWM_KOTA,65.0,76.7,84.5,1,13,0.459,RAIN,False,6,14
12988,2026-05-24,SEC_KOTA_RATL,170.0,232.5,68.6,1,63,0.739,STORM,True,6,16
12988,2026-05-24,SEC_RATL_BRC,165.0,197.4,79.3,1,33,0.8,FOG,False,6,18
12988,2026-05-24,SEC_BRC_MMCT,250.0,264.9,88.8,1,16,0.416,CLEAR,False,6,20
12910,2026-05-24,SEC_NDLS_MTJ,95.0,112.0,75.5,0,17,0.801,RAIN,False,6,21
12910,2026-05-24,SEC_MTJ_BTE,25.0,26.6,76.7,0,2,0.542,CLEAR,False,6,23
12910,2026-05-24,SEC_BTE_GGC,75.0,85.2,83.8,0,10,0.762,CLEAR,False,6,1
12910,2026-05-24,SEC_GGC_SWM,42.0,83.8,45.8,0,42,0.609,STORM,True,6,3
12910,2026-05-24,SEC_SWM_KOTA,65.0,68.0,95.3,0,3,0.708,RAIN,False,6,5
12910,2026-05-24,SEC_KOTA_RATL,170.0,178.0,89.7,0,8,0.72,CLEAR,False,6,7
12910,2026-05-24,SEC_RATL_BRC,165.0,174.0,90.0,0,9,0.706,CLEAR,False,6,9
12910,2026-05-24,SEC_BRC_MMCT,250.0,238.3,98.7,0,0,0.815,CLEAR,False,6,11
12952,2026-05-25,SEC_NDLS_MTJ,95.0,91.2,92.8,0,0,0.693,CLEAR,False,0,16
12952,2026-05-25,SEC_MTJ_BTE,25.0,28.2,72.3,0,3,0.151,CLEAR,False,0,18
12952,2026-05-25,SEC_BTE_GGC,75.0,92.7,77.0,0,18,0.413,FOG,False,0,20
12952,2026-05-25,SEC_GGC_SWM,42.0,40.1,95.8,0,0,0.381,CLEAR,False,0,22
12952,2026-05-25,SEC_SWM_KOTA,65.0,82.1,78.9,0,17,0.257,CLEAR,True,0,0
12952,2026-05-25,SEC_KOTA_RATL,170.0,190.4,83.8,0,20,0.174,FOG,False,0,2
12952,2026-05-25,SEC_RATL_BRC,165.0,162.7,96.3,0,0,0.129,CLEAR,False,0,4
12952,2026-05-25,SEC_BRC_MMCT,250.0,257.6,91.3,0,8,0.132,CLEAR,False,0,6
12413,2026-05-25,SEC_NDLS_MTJ,95.0,120.5,70.2,4,30,0.572,FOG,False,0,7
12413,2026-05-25,SEC_MTJ_BTE,25.0,25.8,79.1,4,5,0.136,CLEAR,False,0,9
12413,2026-05-25,SEC_BTE_GGC,75.0,71.2,100.3,4,4,0.175,CLEAR,False,0,11
12413,2026-05-25,SEC_GGC_SWM,42.0,96.3,39.9,4,58,0.206,STORM,True,0,13
12413,2026-05-25,SEC_SWM_KOTA,65.0,71.2,91.0,4,10,0.213,FOG,False,0,15
12413,2026-05-25,SEC_KOTA_RATL,170.0,170.3,93.7,4,4,0.277,FOG,False,0,17
12413,2026-05-25,SEC_RATL_BRC,165.0,203.8,76.8,4,43,0.284,STORM,True,0,19
12413,2026-05-25,SEC_BRC_MMCT,250.0,258.4,91.0,4,12,0.162,RAIN,False,0,21
19020,2026-05-25,SEC_NDLS_MTJ,95.0,110.6,76.5,0,16,0.689,FOG,False,0,23
19020,2026-05-25,SEC_MTJ_BTE,25.0,29.8,68.5,0,5,0.573,CLEAR,False,0,1
19020,2026-05-25,SEC_BTE_GGC,75.0,80.0,89.2,0,5,0.676,CLEAR,False,0,3
19020,2026-05-25,SEC_GGC_SWM,42.0,44.1,87.1,0,2,0.408,CLEAR,False,0,5
19020,2026-05-25,SEC_SWM_KOTA,65.0,63.9,101.4,0,0,0.538,CLEAR,False,0,7
19020,2026-05-25,SEC_KOTA_RATL,170.0,180.5,88.4,0,10,0.181,CLEAR,False,0,9
19020,2026-05-25,SEC_RATL_BRC,165.0,186.4,84.0,0,21,0.512,CLEAR,False,0,11
19020,2026-05-25,SEC_BRC_MMCT,250.0,261.7,89.9,0,12,0.416,CLEAR,False,0,13
12988,2026-05-25,SEC_NDLS_MTJ,95.0,105.6,80.1,5,16,0.584,CLEAR,False,0,6
12988,2026-05-25,SEC_MTJ_BTE,25.0,28.4,71.8,5,8,0.464,CLEAR,False,0,8
12988,2026-05-25,SEC_BTE_GGC,75.0,71.2,100.3,5,5,0.181,CLEAR,False,0,10
12988,2026-05-25,SEC_GGC_SWM,42.0,39.9,96.2,5,5,0.651,CLEAR,False,0,12
12988,2026-05-25,SEC_SWM_KOTA,65.0,75.1,86.3,5,15,0.157,CLEAR,False,0,14
12988,2026-05-25,SEC_KOTA_RATL,170.0,175.6,90.9,5,11,0.211,CLEAR,True,0,16
12988,2026-05-25,SEC_RATL_BRC,165.0,156.8,99.9,5,5,0.177,FOG,False,0,18
12988,2026-05-25,SEC_BRC_MMCT,250.0,288.0,81.7,5,43,0.398,STORM,True,0,20
12910,2026-05-25,SEC_NDLS_MTJ,95.0,90.9,93.1,6,6,0.508,CLEAR,False,0,21
12910,2026-05-25,SEC_MTJ_BTE,25.0,38.0,53.7,6,19,0.174,RAIN,False,0,23
12910,2026-05-25,SEC_BTE_GGC,75.0,76.2,93.7,6,7,0.239,RAIN,False,0,1
12910,2026-05-25,SEC_GGC_SWM,42.0,44.6,86.1,6,9,0.534,CLEAR,False,0,3
12910,2026-05-25,SEC_SWM_KOTA,65.0,65.5,98.9,6,6,0.265,CLEAR,False,0,5
12910,2026-05-25,SEC_KOTA_RATL,170.0,230.8,69.2,6,67,0.276,STORM,True,0,7
12910,2026-05-25,SEC_RATL_BRC,165.0,227.4,68.9,6,68,0.113,STORM,True,0,9
12910,2026-05-25,SEC_BRC_MMCT,250.0,251.6,93.5,6,8,0.17,RAIN,False,0,11
12952,2026-05-26,SEC_NDLS_MTJ,95.0,99.7,84.9,0,5,0.133,CLEAR,False,1,16
12952,2026-05-26,SEC_MTJ_BTE,25.0,23.8,85.7,0,0,0.511,CLEAR,False,1,18
12952,2026-05-26,SEC_BTE_GGC,75.0,74.1,96.4,0,0,0.252,CLEAR,False,1,20
12952,2026-05-26,SEC_GGC_SWM,42.0,42.9,89.5,0,1,0.608,CLEAR,False,1,22
12952,2026-05-26,SEC_SWM_KOTA,65.0,69.5,93.2,0,4,0.415,RAIN,False,1,0
12952,2026-05-26,SEC_KOTA_RATL,170.0,186.6,85.5,0,17,0.691,CLEAR,False,1,2
12952,2026-05-26,SEC_RATL_BRC,165.0,213.5,73.3,0,48,0.648,STORM,True,1,4
12952,2026-05-26,SEC_BRC_MMCT,250.0,237.5,99.0,0,0,0.5,CLEAR,False,1,6
12413,2026-05-26,SEC_NDLS_MTJ,95.0,97.8,86.5,0,3,0.439,RAIN,False,1,7
12413,2026-05-26,SEC_MTJ_BTE,25.0,29.8,68.5,0,5,0.45,FOG,False,1,9
12413,2026-05-26,SEC_BTE_GGC,75.0,78.5,91.0,0,4,0.352,RAIN,False,1,11
12413,2026-05-26,SEC_GGC_SWM,42.0,95.8,40.1,0,54,0.463,STORM,True,1,13
12413,2026-05-26,SEC_SWM_KOTA,65.0,85.3,76.0,0,20,0.413,FOG,False,1,15
12413,2026-05-26,SEC_KOTA_RATL,170.0,184.3,86.6,0,14,0.162,CLEAR,False,1,17
12413,2026-05-26,SEC_RATL_BRC,165.0,197.5,79.3,0,32,0.614,RAIN,False,1,19
12413,2026-05-26,SEC_BRC_MMCT,250.0,242.4,97.0,0,0,0.185,CLEAR,False,1,21
19020,2026-05-26,SEC_NDLS_MTJ,95.0,106.7,79.3,0,12,0.114,FOG,False,1,23
19020,2026-05-26,SEC_MTJ_BTE,25.0,25.7,79.4,0,1,0.204,CLEAR,False,1,1
19020,2026-05-26,SEC_BTE_GGC,75.0,73.1,97.7,0,0,0.232,CLEAR,False,1,3
19020,2026-05-26,SEC_GGC_SWM,42.0,40.7,94.3,0,0,0.437,CLEAR,False,1,5
19020,2026-05-26,SEC_SWM_KOTA,65.0,71.0,91.3,0,6,0.676,CLEAR,False,1,7
19020,2026-05-26,SEC_KOTA_RATL,170.0,187.5,85.1,0,18,0.583,CLEAR,True,1,9
19020,2026-05-26,SEC_RATL_BRC,165.0,168.6,92.9,0,4,0.26,CLEAR,False,1,11
19020,2026-05-26,SEC_BRC_MMCT,250.0,250.0,94.1,0,0,0.389,CLEAR,True,1,13
12988,2026-05-26,SEC_NDLS_MTJ,95.0,108.9,77.7,1,15,0.302,RAIN,False,1,6
12988,2026-05-26,SEC_MTJ_BTE,25.0,26.2,77.9,1,2,0.578,CLEAR,False,1,8
12988,2026-05-26,SEC_BTE_GGC,75.0,81.1,88.0,1,7,0.6,CLEAR,False,1,10
12988,2026-05-26,SEC_GGC_SWM,42.0,52.2,73.6,1,11,0.631,RAIN,False,1,12
12988,2026-05-26,SEC_SWM_KOTA,65.0,71.0,91.3,1,7,0.145,FOG,False,1,14
12988,2026-05-26,SEC_KOTA_RATL,170.0,161.5,98.8,1,1,0.325,CLEAR,False,1,16
12988,2026-05-26,SEC_RATL_BRC,165.0,225.4,69.5,1,61,0.464,STORM,True,1,18
12988,2026-05-26,SEC_BRC_MMCT,250.0,245.8,95.7,1,1,0.485,RAIN,False,1,20
12910,2026-05-26,SEC_NDLS_MTJ,95.0,90.4,93.6,10,10,0.637,CLEAR,False,1,21
12910,2026-05-26,SEC_MTJ_BTE,25.0,29.5,69.2,10,14,0.558,CLEAR,False,1,23
12910,2026-05-26,SEC_BTE_GGC,75.0,81.5,87.6,10,16,0.155,CLEAR,False,1,1
12910,2026-05-26,SEC_GGC_SWM,42.0,42.1,91.2,10,10,0.659,CLEAR,False,1,3
12910,2026-05-26,SEC_SWM_KOTA,65.0,73.6,88.0,10,19,0.258,RAIN,False,1,5
12910,2026-05-26,SEC_KOTA_RATL,170.0,172.7,92.4,10,13,0.658,CLEAR,False,1,7
12910,2026-05-26,SEC_RATL_BRC,165.0,203.8,76.8,10,49,0.147,FOG,False,1,9
12910,2026-05-26,SEC_BRC_MMCT,250.0,260.5,90.3,10,20,0.328,RAIN,False,1,11
12952,2026-05-27,SEC_NDLS_MTJ,95.0,90.2,93.8,0,0,0.397,CLEAR,False,2,16
12952,2026-05-27,SEC_MTJ_BTE,25.0,68.1,30.0,0,43,0.427,STORM,True,2,18
12952,2026-05-27,SEC_BTE_GGC,75.0,74.1,96.4,0,0,0.185,RAIN,False,2,20
12952,2026-05-27,SEC_GGC_SWM,42.0,44.4,86.5,0,2,0.223,CLEAR,False,2,22
12952,2026-05-27,SEC_SWM_KOTA,65.0,64.7,100.2,0,0,0.643,CLEAR,False,2,0
12952,2026-05-27,SEC_KOTA_RATL,170.0,161.5,98.8,0,0,0.627,CLEAR,False,2,2
12952,2026-05-27,SEC_RATL_BRC,165.0,174.5,89.7,0,10,0.257,CLEAR,False,2,4
12952,2026-05-27,SEC_BRC_MMCT,250.0,292.7,80.4,0,43,0.512,STORM,True,2,6
12413,2026-05-27,SEC_NDLS_MTJ,95.0,101.3,83.5,4,10,0.609,CLEAR,False,2,7
12413,2026-05-27,SEC_MTJ_BTE,25.0,45.3,45.0,4,24,0.114,FOG,False,2,9
12413,2026-05-27,SEC_BTE_GGC,75.0,87.1,82.0,4,16,0.656,FOG,False,2,11
12413,2026-05-27,SEC_GGC_SWM,42.0,64.2,59.8,4,26,0.585,FOG,False,2,13
12413,2026-05-27,SEC_SWM_KOTA,65.0,81.6,79.4,4,21,0.151,FOG,False,2,15
12413,2026-05-27,SEC_KOTA_RATL,170.0,171.4,93.1,4,5,0.496,FOG,False,2,17
12413,2026-05-27,SEC_RATL_BRC,165.0,168.3,93.0,4,7,0.343,CLEAR,False,2,19
12413,2026-05-27,SEC_BRC_MMCT,250.0,265.3,88.7,4,19,0.441,RAIN,False,2,21
19020,2026-05-27,SEC_NDLS_MTJ,95.0,109.0,77.6,8,22,0.509,RAIN,False,2,23
19020,2026-05-27,SEC_MTJ_BTE,25.0,32.2,63.4,8,15,0.651,CLEAR,False,2,1
19020,2026-05-27,SEC_BTE_GGC,75.0,123.9,57.6,8,57,0.538,STORM,True,2,3
19020,2026-05-27,SEC_GGC_SWM,42.0,40.1,95.8,8,8,0.279,CLEAR,False,2,5
19020,2026-05-27,SEC_SWM_KOTA,65.0,73.9,87.7,8,17,0.488,RAIN,False,2,7
19020,2026-05-27,SEC_KOTA_RATL,170.0,182.9,87.3,8,21,0.365,CLEAR,False,2,9
19020,2026-05-27,SEC_RATL_BRC,165.0,156.8,99.9,8,8,0.387,FOG,False,2,11
19020,2026-05-27,SEC_BRC_MMCT,250.0,251.3,93.6,8,9,0.678,FOG,False,2,13
12988,2026-05-27,SEC_NDLS_MTJ,95.0,109.0,77.6,3,17,0.331,RAIN,False,2,6
12988,2026-05-27,SEC_MTJ_BTE,25.0,28.2,72.3,3,6,0.178,CLEAR,False,2,8
12988,2026-05-27,SEC_BTE_GGC,75.0,76.2,93.7,3,4,0.419,CLEAR,False,2,10
12988,2026-05-27,SEC_GGC_SWM,42.0,42.7,89.9,3,4,0.262,CLEAR,False,2,12
12988,2026-05-27,SEC_SWM_KOTA,65.0,69.3,93.5,3,7,0.472,FOG,False,2,14
12988,2026-05-27,SEC_KOTA_RATL,170.0,165.1,96.7,3,3,0.548,RAIN,False,2,16
12988,2026-05-27,SEC_RATL_BRC,165.0,175.1,89.4,3,13,0.456,RAIN,False,2,18
12988,2026-05-27,SEC_BRC_MMCT,250.0,321.3,73.2,3,74,0.671,STORM,True,2,20
12910,2026-05-27,SEC_NDLS_MTJ,95.0,96.1,88.0,2,3,0.641,CLEAR,False,2,21
12910,2026-05-27,SEC_MTJ_BTE,25.0,27.9,73.1,2,5,0.557,CLEAR,False,2,23
12910,2026-05-27,SEC_BTE_GGC,75.0,84.8,84.2,2,12,0.681,CLEAR,False,2,1
12910,2026-05-27,SEC_GGC_SWM,42.0,63.0,61.0,2,23,0.322,RAIN,False,2,3
12910,2026-05-27,SEC_SWM_KOTA,65.0,85.6,75.7,2,23,0.322,RAIN,False,2,5
12910,2026-05-27,SEC_KOTA_RATL,170.0,185.1,86.2,2,17,0.466,RAIN,False,2,7
12910,2026-05-27,SEC_RATL_BRC,165.0,162.8,96.2,2,2,0.216,CLEAR,False,2,9
12910,2026-05-27,SEC_BRC_MMCT,250.0,247.9,94.9,2,2,0.459,CLEAR,False,2,11
12952,2026-05-28,SEC_NDLS_MTJ,95.0,104.2,81.2,0,9,0.576,RAIN,False,3,16
12952,2026-05-28,SEC_MTJ_BTE,25.0,26.1,78.2,0,1,0.297,CLEAR,False,3,18
12952,2026-05-28,SEC_BTE_GGC,75.0,78.5,91.0,0,4,0.386,CLEAR,False,3,20
12952,2026-05-28,SEC_GGC_SWM,42.0,60.3,63.7,0,18,0.472,CLEAR,True,3,22
12952,2026-05-28,SEC_SWM_KOTA,65.0,69.6,93.1,0,5,0.575,CLEAR,False,3,0
12952,2026-05-28,SEC_KOTA_RATL,170.0,172.0,92.8,0,2,0.414,CLEAR,False,3,2
12952,2026-05-28,SEC_RATL_BRC,165.0,202.6,77.3,0,38,0.317,FOG,True,3,4
12952,2026-05-28,SEC_BRC_MMCT,250.0,266.0,88.4,0,16,0.648,CLEAR,False,3,6
12413,2026-05-28,SEC_NDLS_MTJ,95.0,95.7,88.4,4,5,0.553,RAIN,False,3,7
12413,2026-05-28,SEC_MTJ_BTE,25.0,34.0,60.0,4,13,0.544,RAIN,False,3,9
12413,2026-05-28,SEC_BTE_GGC,75.0,87.4,81.7,4,16,0.318,RAIN,False,3,11
12413,2026-05-28,SEC_GGC_SWM,42.0,39.9,96.2,4,4,0.646,CLEAR,False,3,13
12413,2026-05-28,SEC_SWM_KOTA,65.0,86.4,75.0,4,25,0.66,CLEAR,True,3,15
12413,2026-05-28,SEC_KOTA_RATL,170.0,170.8,93.4,4,5,0.242,CLEAR,False,3,17
12413,2026-05-28,SEC_RATL_BRC,165.0,167.8,93.3,4,7,0.621,CLEAR,False,3,19
12413,2026-05-28,SEC_BRC_MMCT,250.0,286.6,82.1,4,41,0.355,STORM,True,3,21
19020,2026-05-28,SEC_NDLS_MTJ,95.0,100.9,83.8,8,14,0.331,RAIN,False,3,23
19020,2026-05-28,SEC_MTJ_BTE,25.0,26.3,77.6,8,9,0.639,CLEAR,False,3,1
19020,2026-05-28,SEC_BTE_GGC,75.0,87.7,81.4,8,21,0.104,FOG,False,3,3
19020,2026-05-28,SEC_GGC_SWM,42.0,45.8,83.8,8,12,0.142,CLEAR,False,3,5
19020,2026-05-28,SEC_SWM_KOTA,65.0,69.4,93.4,8,12,0.214,CLEAR,False,3,7
19020,2026-05-28,SEC_KOTA_RATL,170.0,173.4,92.0,8,11,0.135,CLEAR,False,3,9
19020,2026-05-28,SEC_RATL_BRC,165.0,169.3,92.5,8,12,0.196,FOG,False,3,11
19020,2026-05-28,SEC_BRC_MMCT,250.0,243.1,96.8,8,8,0.499,RAIN,False,3,13
12988,2026-05-28,SEC_NDLS_MTJ,95.0,92.2,91.8,3,3,0.684,CLEAR,False,3,6
12988,2026-05-28,SEC_MTJ_BTE,25.0,25.7,79.4,3,4,0.471,CLEAR,False,3,8
12988,2026-05-28,SEC_BTE_GGC,75.0,82.4,86.7,3,10,0.495,FOG,False,3,10
12988,2026-05-28,SEC_GGC_SWM,42.0,44.2,86.9,3,5,0.205,CLEAR,False,3,12
12988,2026-05-28,SEC_SWM_KOTA,65.0,124.8,51.9,3,63,0.537,STORM,True,3,14
12988,2026-05-28,SEC_KOTA_RATL,170.0,165.5,96.4,3,3,0.673,CLEAR,False,3,16
12988,2026-05-28,SEC_RATL_BRC,165.0,171.1,91.5,3,9,0.54,CLEAR,False,3,18
12988,2026-05-28,SEC_BRC_MMCT,250.0,239.6,98.2,3,3,0.638,RAIN,False,3,20
12910,2026-05-28,SEC_NDLS_MTJ,95.0,103.9,81.4,8,17,0.434,RAIN,False,3,21
12910,2026-05-28,SEC_MTJ_BTE,25.0,40.1,50.9,8,23,0.585,FOG,False,3,23
12910,2026-05-28,SEC_BTE_GGC,75.0,83.3,85.7,8,16,0.447,CLEAR,False,3,1
12910,2026-05-28,SEC_GGC_SWM,42.0,49.2,78.0,8,15,0.616,RAIN,False,3,3
12910,2026-05-28,SEC_SWM_KOTA,65.0,63.4,102.2,8,8,0.299,CLEAR,False,3,5
12910,2026-05-28,SEC_KOTA_RATL,170.0,162.2,98.4,8,8,0.637,CLEAR,False,3,7
12910,2026-05-28,SEC_RATL_BRC,165.0,182.7,85.7,8,26,0.19,RAIN,False,3,9
12910,2026-05-28,SEC_BRC_MMCT,250.0,282.7,83.2,8,41,0.618,STORM,True,3,11
12952,2026-05-29,SEC_NDLS_MTJ,95.0,113.6,74.5,0,19,0.664,FOG,False,4,16
12952,2026-05-29,SEC_MTJ_BTE,25.0,23.8,85.7,0,0,0.533,CLEAR,False,4,18
12952,2026-05-29,SEC_BTE_GGC,75.0,83.8,85.2,0,9,0.337,CLEAR,False,4,20
12952,2026-05-29,SEC_GGC_SWM,42.0,62.1,61.8,0,20,0.687,CLEAR,True,4,22
12952,2026-05-29,SEC_SWM_KOTA,65.0,70.1,92.4,0,5,0.376,RAIN,False,4,0
12952,2026-05-29,SEC_KOTA_RATL,170.0,204.6,78.0,0,35,0.19,CLEAR,True,4,2
12952,2026-05-29,SEC_RATL_BRC,165.0,167.5,93.5,0,2,0.155,CLEAR,False,4,4
12952,2026-05-29,SEC_BRC_MMCT,250.0,260.2,90.4,0,10,0.446,CLEAR,False,4,6
12413,2026-05-29,SEC_NDLS_MTJ,95.0,90.2,93.8,3,3,0.169,CLEAR,False,4,7
12413,2026-05-29,SEC_MTJ_BTE,25.0,73.1,27.9,3,51,0.654,STORM,True,4,9
12413,2026-05-29,SEC_BTE_GGC,75.0,78.7,90.7,3,7,0.548,CLEAR,False,4,11
12413,2026-05-29,SEC_GGC_SWM,42.0,43.2,88.9,3,4,0.119,CLEAR,False,4,13
12413,2026-05-29,SEC_SWM_KOTA,65.0,72.6,89.3,3,11,0.659,RAIN,False,4,15
12413,2026-05-29,SEC_KOTA_RATL,170.0,189.1,84.4,3,22,0.225,FOG,False,4,17
12413,2026-05-29,SEC_RATL_BRC,165.0,197.9,79.1,3,36,0.587,STORM,True,4,19
12413,2026-05-29,SEC_BRC_MMCT,250.0,251.3,93.6,3,4,0.475,RAIN,False,4,21
19020,2026-05-29,SEC_NDLS_MTJ,95.0,95.3,88.8,10,10,0.19,CLEAR,False,4,23
19020,2026-05-29,SEC_MTJ_BTE,25.0,28.1,72.6,10,13,0.31,CLEAR,False,4,1
19020,2026-05-29,SEC_BTE_GGC,75.0,117.2,60.9,10,52,0.493,STORM,True,4,3
19020,2026-05-29,SEC_GGC_SWM,42.0,51.7,74.3,10,20,0.566,FOG,False,4,5
19020,2026-05-29,SEC_SWM_KOTA,65.0,64.7,100.2,10,10,0.315,CLEAR,False,4,7
19020,2026-05-29,SEC_KOTA_RATL,170.0,179.3,89.0,10,19,0.145,CLEAR,False,4,9
19020,2026-05-29,SEC_RATL_BRC,165.0,171.7,91.2,10,17,0.353,FOG,False,4,11
19020,2026-05-29,SEC_BRC_MMCT,250.0,262.0,89.8,10,22,0.366,RAIN,False,4,13
12988,2026-05-29,SEC_NDLS_MTJ,95.0,100.8,83.9,4,10,0.178,CLEAR,False,4,6
12988,2026-05-29,SEC_MTJ_BTE,25.0,24.3,84.0,4,4,0.511,CLEAR,False,4,8
12988,2026-05-29,SEC_BTE_GGC,75.0,80.1,89.1,4,9,0.135,CLEAR,False,4,10
12988,2026-05-29,SEC_GGC_SWM,42.0,88.3,43.5,4,50,0.371,STORM,True,4,12
12988,2026-05-29,SEC_SWM_KOTA,65.0,68.7,94.3,4,8,0.699,RAIN,False,4,14
12988,2026-05-29,SEC_KOTA_RATL,170.0,179.3,89.0,4,13,0.586,CLEAR,False,4,16
12988,2026-05-29,SEC_RATL_BRC,165.0,163.9,95.5,4,4,0.578,CLEAR,False,4,18
12988,2026-05-29,SEC_BRC_MMCT,250.0,262.3,89.7,4,16,0.37,RAIN,False,4,20
12910,2026-05-29,SEC_NDLS_MTJ,95.0,108.4,78.0,6,19,0.108,RAIN,False,4,21
12910,2026-05-29,SEC_MTJ_BTE,25.0,61.9,33.0,6,43,0.165,STORM,True,4,23
12910,2026-05-29,SEC_BTE_GGC,75.0,79.2,90.2,6,10,0.248,FOG,False,4,1
12910,2026-05-29,SEC_GGC_SWM,42.0,46.6,82.4,6,11,0.672,CLEAR,False,4,3
12910,2026-05-29,SEC_SWM_KOTA,65.0,62.8,103.2,6,6,0.115,CLEAR,False,4,5
12910,2026-05-29,SEC_KOTA_RATL,170.0,182.7,87.4,6,19,0.458,FOG,False,4,7
12910,2026-05-29,SEC_RATL_BRC,165.0,172.7,90.7,6,14,0.503,CLEAR,False,4,9
12910,2026-05-29,SEC_BRC_MMCT,250.0,265.5,88.6,6,22,0.603,FOG,False,4,11
12952,2026-05-30,SEC_NDLS_MTJ,95.0,107.0,79.1,0,12,0.292,RAIN,False,5,16
12952,2026-05-30,SEC_MTJ_BTE,25.0,38.4,53.1,0,13,0.348,FOG,False,5,18
12952,2026-05-30,SEC_BTE_GGC,75.0,73.7,96.9,0,0,0.571,CLEAR,False,5,20
12952,2026-05-30,SEC_GGC_SWM,42.0,50.9,75.4,0,9,0.715,RAIN,False,5,22
12952,2026-05-30,SEC_SWM_KOTA,65.0,111.4,58.2,0,46,0.786,STORM,True,5,0
12952,2026-05-30,SEC_KOTA_RATL,170.0,164.2,97.2,0,0,0.588,CLEAR,False,5,2
12952,2026-05-30,SEC_RATL_BRC,165.0,163.0,96.1,0,0,0.843,RAIN,False,5,4
12952,2026-05-30,SEC_BRC_MMCT,250.0,261.2,90.0,0,11,0.451,CLEAR,False,5,6
12413,2026-05-30,SEC_NDLS_MTJ,95.0,101.1,83.7,5,11,0.826,CLEAR,False,5,7
12413,2026-05-30,SEC_MTJ_BTE,25.0,31.4,65.0,5,11,0.287,RAIN,False,5,9
12413,2026-05-30,SEC_BTE_GGC,75.0,106.5,67.0,5,37,0.651,STORM,True,5,11
12413,2026-05-30,SEC_GGC_SWM,42.0,43.8,87.7,5,7,0.758,CLEAR,False,5,13
12413,2026-05-30,SEC_SWM_KOTA,65.0,111.9,57.9,5,52,0.212,STORM,True,5,15
12413,2026-05-30,SEC_KOTA_RATL,170.0,188.8,84.5,5,24,0.227,FOG,False,5,17
12413,2026-05-30,SEC_RATL_BRC,165.0,209.9,74.6,5,50,0.308,STORM,True,5,19
12413,2026-05-30,SEC_BRC_MMCT,250.0,287.2,81.9,5,42,0.701,STORM,True,5,21
19020,2026-05-30,SEC_NDLS_MTJ,95.0,94.7,89.3,6,6,0.167,CLEAR,False,5,23
19020,2026-05-30,SEC_MTJ_BTE,25.0,28.2,72.3,6,9,0.507,CLEAR,False,5,1
19020,2026-05-30,SEC_BTE_GGC,75.0,94.3,75.7,6,25,0.343,FOG,False,5,3
19020,2026-05-30,SEC_GGC_SWM,42.0,59.8,64.2,6,24,0.287,RAIN,False,5,5
19020,2026-05-30,SEC_SWM_KOTA,65.0,72.0,90.0,6,13,0.149,CLEAR,False,5,7
19020,2026-05-30,SEC_KOTA_RATL,170.0,174.4,91.5,6,10,0.404,CLEAR,False,5,9
19020,2026-05-30,SEC_RATL_BRC,165.0,212.3,73.8,6,53,0.634,STORM,True,5,11
19020,2026-05-30,SEC_BRC_MMCT,250.0,294.0,80.0,6,50,0.439,STORM,True,5,13
12988,2026-05-30,SEC_NDLS_MTJ,95.0,117.1,72.2,5,27,0.14,FOG,False,5,6
12988,2026-05-30,SEC_MTJ_BTE,25.0,37.8,54.0,5,18,0.384,RAIN,False,5,8
12988,2026-05-30,SEC_BTE_GGC,75.0,79.2,90.2,5,9,0.639,CLEAR,False,5,10
12988,2026-05-30,SEC_GGC_SWM,42.0,55.3,69.4,5,18,0.787,FOG,False,5,12
12988,2026-05-30,SEC_SWM_KOTA,65.0,103.0,62.9,5,43,0.136,STORM,True,5,14
12988,2026-05-30,SEC_KOTA_RATL,170.0,204.2,78.2,5,39,0.312,STORM,True,5,16
12988,2026-05-30,SEC_RATL_BRC,165.0,160.5,97.6,5,5,0.222,CLEAR,False,5,18
12988,2026-05-30,SEC_BRC_MMCT,250.0,262.5,89.6,5,17,0.425,CLEAR,False,5,20
12910,2026-05-30,SEC_NDLS_MTJ,95.0,95.9,88.2,8,9,0.42,CLEAR,False,5,21
12910,2026-05-30,SEC_MTJ_BTE,25.0,45.1,45.2,8,28,0.892,FOG,False,5,23
12910,2026-05-30,SEC_BTE_GGC,75.0,126.1,56.6,8,59,0.766,FOG,True,5,1
12910,2026-05-30,SEC_GGC_SWM,42.0,46.9,81.9,8,13,0.704,CLEAR,False,5,3
12910,2026-05-30,SEC_SWM_KOTA,65.0,67.9,95.4,8,11,0.186,CLEAR,False,5,5
12910,2026-05-30,SEC_KOTA_RATL,170.0,187.7,85.0,8,26,0.357,CLEAR,False,5,7
12910,2026-05-30,SEC_RATL_BRC,165.0,205.5,76.2,8,48,0.118,STORM,True,5,9
12910,2026-05-30,SEC_BRC_MMCT,250.0,278.8,84.4,8,37,0.62,CLEAR,False,5,11
12952,2026-05-31,SEC_NDLS_MTJ,95.0,113.9,74.3,0,19,0.151,FOG,False,6,16
12952,2026-05-31,SEC_MTJ_BTE,25.0,23.8,85.7,0,0,0.576,CLEAR,False,6,18
12952,2026-05-31,SEC_BTE_GGC,75.0,82.6,86.4,0,8,0.684,RAIN,False,6,20
12952,2026-05-31,SEC_GGC_SWM,42.0,39.9,96.2,0,0,0.778,CLEAR,False,6,22
12952,2026-05-31,SEC_SWM_KOTA,65.0,70.9,91.4,0,6,0.601,CLEAR,False,6,0
12952,2026-05-31,SEC_KOTA_RATL,170.0,165.9,96.2,0,0,0.565,CLEAR,False,6,2
12952,2026-05-31,SEC_RATL_BRC,165.0,173.7,90.2,0,9,0.35,RAIN,False,6,4
12952,2026-05-31,SEC_BRC_MMCT,250.0,287.4,81.8,0,37,0.139,STORM,True,6,6
12413,2026-05-31,SEC_NDLS_MTJ,95.0,114.2,74.1,5,24,0.297,FOG,False,6,7
12413,2026-05-31,SEC_MTJ_BTE,25.0,40.8,50.0,5,21,0.149,FOG,False,6,9
12413,2026-05-31,SEC_BTE_GGC,75.0,76.3,93.6,5,6,0.352,FOG,False,6,11
12413,2026-05-31,SEC_GGC_SWM,42.0,46.0,83.5,5,9,0.403,CLEAR,False,6,13
12413,2026-05-31,SEC_SWM_KOTA,65.0,64.8,100.0,5,5,0.209,RAIN,False,6,15
12413,2026-05-31,SEC_KOTA_RATL,170.0,187.0,85.3,5,22,0.319,FOG,False,6,17
12413,2026-05-31,SEC_RATL_BRC,165.0,172.5,90.8,5,13,0.14,FOG,False,6,19
12413,2026-05-31,SEC_BRC_MMCT,250.0,253.0,93.0,5,8,0.492,FOG,False,6,21
19020,2026-05-31,SEC_NDLS_MTJ,95.0,103.0,82.1,6,14,0.872,CLEAR,False,6,23
19020,2026-05-31,SEC_MTJ_BTE,25.0,30.1,67.8,6,11,0.424,CLEAR,False,6,1
19020,2026-05-31,SEC_BTE_GGC,75.0,96.5,74.0,6,28,0.331,FOG,False,6,3
19020,2026-05-31,SEC_GGC_SWM,42.0,48.8,78.7,6,13,0.64,CLEAR,False,6,5
19020,2026-05-31,SEC_SWM_KOTA,65.0,61.8,104.9,6,6,0.71,CLEAR,False,6,7
19020,2026-05-31,SEC_KOTA_RATL,170.0,181.2,88.1,6,17,0.591,CLEAR,False,6,9
19020,2026-05-31,SEC_RATL_BRC,165.0,231.5,67.6,6,72,0.887,STORM,True,6,11
19020,2026-05-31,SEC_BRC_MMCT,250.0,316.3,74.4,6,72,0.411,STORM,True,6,13
12988,2026-05-31,SEC_NDLS_MTJ,95.0,102.1,82.9,3,10,0.417,RAIN,False,6,6
12988,2026-05-31,SEC_MTJ_BTE,25.0,30.2,67.5,3,8,0.387,RAIN,False,6,8
12988,2026-05-31,SEC_BTE_GGC,75.0,74.4,96.0,3,3,0.895,CLEAR,False,6,10
12988,2026-05-31,SEC_GGC_SWM,42.0,85.8,44.8,3,47,0.189,STORM,True,6,12
12988,2026-05-31,SEC_SWM_KOTA,65.0,81.7,79.3,3,20,0.444,FOG,False,6,14
12988,2026-05-31,SEC_KOTA_RATL,170.0,161.5,98.8,3,3,0.608,CLEAR,False,6,16
12988,2026-05-31,SEC_RATL_BRC,165.0,164.4,95.3,3,3,0.637,CLEAR,False,6,18
12988,2026-05-31,SEC_BRC_MMCT,250.0,242.8,96.9,3,3,0.641,CLEAR,False,6,20
12910,2026-05-31,SEC_NDLS_MTJ,95.0,107.5,78.7,10,22,0.217,FOG,False,6,21
12910,2026-05-31,SEC_MTJ_BTE,25.0,89.4,22.8,10,74,0.888,STORM,True,6,23
12910,2026-05-31,SEC_BTE_GGC,75.0,91.0,78.5,10,26,0.597,FOG,False,6,1
12910,2026-05-31,SEC_GGC_SWM,42.0,44.4,86.5,10,12,0.616,CLEAR,False,6,3
12910,2026-05-31,SEC_SWM_KOTA,65.0,66.0,98.2,10,11,0.544,CLEAR,False,6,5
12910,2026-05-31,SEC_KOTA_RATL,170.0,236.4,67.5,10,76,0.534,STORM,True,6,7
12910,2026-05-31,SEC_RATL_BRC,165.0,172.4,90.8,10,17,0.672,CLEAR,False,6,9
12910,2026-05-31,SEC_BRC_MMCT,250.0,268.7,87.5,10,29,0.216,RAIN,False,6,11
12952,2026-06-01,SEC_NDLS_MTJ,95.0,92.1,91.9,0,0,0.652,CLEAR,False,0,16
12952,2026-06-01,SEC_MTJ_BTE,25.0,40.4,50.5,0,15,0.272,FOG,False,0,18
12952,2026-06-01,SEC_BTE_GGC,75.0,72.7,98.2,0,0,0.253,CLEAR,False,0,20
12952,2026-06-01,SEC_GGC_SWM,42.0,47.8,80.3,0,6,0.513,RAIN,False,0,22
12952,2026-06-01,SEC_SWM_KOTA,65.0,64.5,100.5,0,0,0.485,RAIN,False,0,0
12952,2026-06-01,SEC_KOTA_RATL,170.0,161.5,98.8,0,0,0.374,CLEAR,False,0,2
12952,2026-06-01,SEC_RATL_BRC,165.0,213.0,73.5,0,48,0.332,STORM,True,0,4
12952,2026-06-01,SEC_BRC_MMCT,250.0,284.8,82.6,0,35,0.459,STORM,True,0,6
12413,2026-06-01,SEC_NDLS_MTJ,95.0,100.3,84.3,3,8,0.37,CLEAR,False,0,7
12413,2026-06-01,SEC_MTJ_BTE,25.0,33.3,61.3,3,11,0.678,RAIN,False,0,9
12413,2026-06-01,SEC_BTE_GGC,75.0,74.0,96.5,3,3,0.489,CLEAR,False,0,11
12413,2026-06-01,SEC_GGC_SWM,42.0,42.4,90.6,3,3,0.496,CLEAR,False,0,13
12413,2026-06-01,SEC_SWM_KOTA,65.0,81.2,79.8,3,19,0.203,RAIN,False,0,15
12413,2026-06-01,SEC_KOTA_RATL,170.0,161.5,98.8,3,3,0.59,CLEAR,False,0,17
12413,2026-06-01,SEC_RATL_BRC,165.0,156.8,99.9,3,3,0.413,CLEAR,False,0,19
12413,2026-06-01,SEC_BRC_MMCT,250.0,261.8,89.8,3,15,0.435,RAIN,False,0,21
19020,2026-06-01,SEC_NDLS_MTJ,95.0,99.6,84.9,0,5,0.277,RAIN,False,0,23
19020,2026-06-01,SEC_MTJ_BTE,25.0,41.2,49.5,0,16,0.292,RAIN,False,0,1
19020,2026-06-01,SEC_BTE_GGC,75.0,78.4,91.1,0,3,0.266,CLEAR,False,0,3
19020,2026-06-01,SEC_GGC_SWM,42.0,56.6,67.8,0,15,0.453,FOG,False,0,5
19020,2026-06-01,SEC_SWM_KOTA,65.0,61.8,104.9,0,0,0.697,CLEAR,False,0,7
19020,2026-06-01,SEC_KOTA_RATL,170.0,178.5,89.4,0,8,0.671,CLEAR,False,0,9
19020,2026-06-01,SEC_RATL_BRC,165.0,156.8,99.9,0,0,0.128,CLEAR,False,0,11
19020,2026-06-01,SEC_BRC_MMCT,250.0,316.3,74.4,0,66,0.336,STORM,True,0,13
12988,2026-06-01,SEC_NDLS_MTJ,95.0,111.6,75.8,1,18,0.368,CLEAR,True,0,6
12988,2026-06-01,SEC_MTJ_BTE,25.0,27.4,74.5,1,3,0.109,CLEAR,False,0,8
12988,2026-06-01,SEC_BTE_GGC,75.0,77.2,92.5,1,3,0.432,RAIN,False,0,10
12988,2026-06-01,SEC_GGC_SWM,42.0,60.1,63.9,1,19,0.417,FOG,False,0,12
12988,2026-06-01,SEC_SWM_KOTA,65.0,94.8,68.4,1,31,0.439,STORM,True,0,14
12988,2026-06-01,SEC_KOTA_RATL,170.0,176.7,90.3,1,8,0.357,CLEAR,False,0,16
12988,2026-06-01,SEC_RATL_BRC,165.0,204.2,76.7,1,40,0.457,FOG,True,0,18
12988,2026-06-01,SEC_BRC_MMCT,250.0,311.7,75.5,1,63,0.413,STORM,True,0,20
12910,2026-06-01,SEC_NDLS_MTJ,95.0,118.4,71.5,0,23,0.557,RAIN,False,0,21
12910,2026-06-01,SEC_MTJ_BTE,25.0,26.4,77.3,0,1,0.289,CLEAR,False,0,23
12910,2026-06-01,SEC_BTE_GGC,75.0,109.9,65.0,0,35,0.154,STORM,True,0,1
12910,2026-06-01,SEC_GGC_SWM,42.0,94.5,40.6,0,52,0.431,STORM,True,0,3
12910,2026-06-01,SEC_SWM_KOTA,65.0,74.3,87.2,0,9,0.198,FOG,False,0,5
12910,2026-06-01,SEC_KOTA_RATL,170.0,212.7,75.0,0,43,0.629,STORM,True,0,7
12910,2026-06-01,SEC_RATL_BRC,165.0,163.5,95.8,0,0,0.432,CLEAR,False,0,9
12910,2026-06-01,SEC_BRC_MMCT,250.0,252.6,93.1,0,3,0.607,RAIN,False,0,11
12952,2026-06-02,SEC_NDLS_MTJ,95.0,143.4,59.0,0,48,0.445,STORM,True,1,16
12952,2026-06-02,SEC_MTJ_BTE,25.0,24.7,82.6,0,0,0.376,CLEAR,False,1,18
12952,2026-06-02,SEC_BTE_GGC,75.0,99.3,71.9,0,24,0.402,FOG,False,1,20
12952,2026-06-02,SEC_GGC_SWM,42.0,39.9,96.2,0,0,0.412,CLEAR,False,1,22
12952,2026-06-02,SEC_SWM_KOTA,65.0,118.7,54.6,0,54,0.257,STORM,True,1,0
12952,2026-06-02,SEC_KOTA_RATL,170.0,192.1,83.1,0,22,0.14,CLEAR,True,1,2
12952,2026-06-02,SEC_RATL_BRC,165.0,178.6,87.7,0,14,0.445,CLEAR,False,1,4
12952,2026-06-02,SEC_BRC_MMCT,250.0,304.8,77.2,0,55,0.152,STORM,True,1,6
12413,2026-06-02,SEC_NDLS_MTJ,95.0,102.9,82.2,1,9,0.442,FOG,False,1,7
12413,2026-06-02,SEC_MTJ_BTE,25.0,49.7,41.0,1,26,0.39,CLEAR,True,1,9
12413,2026-06-02,SEC_BTE_GGC,75.0,78.6,90.8,1,5,0.437,RAIN,False,1,11
12413,2026-06-02,SEC_GGC_SWM,42.0,54.0,71.1,1,13,0.433,FOG,False,1,13
12413,2026-06-02,SEC_SWM_KOTA,65.0,79.2,81.8,1,15,0.674,RAIN,False,1,15
12413,2026-06-02,SEC_KOTA_RATL,170.0,167.6,95.2,1,1,0.686,RAIN,False,1,17
12413,2026-06-02,SEC_RATL_BRC,165.0,173.6,90.2,1,10,0.535,CLEAR,False,1,19
12413,2026-06-02,SEC_BRC_MMCT,250.0,267.0,88.1,1,18,0.511,RAIN,False,1,21
19020,2026-06-02,SEC_NDLS_MTJ,95.0,101.1,83.7,10,16,0.414,CLEAR,False,1,23
19020,2026-06-02,SEC_MTJ_BTE,25.0,39.5,51.6,10,24,0.687,FOG,False,1,1
19020,2026-06-02,SEC_BTE_GGC,75.0,97.2,73.5,10,32,0.694,RAIN,False,1,3
19020,2026-06-02,SEC_GGC_SWM,42.0,43.3,88.7,10,11,0.237,CLEAR,False,1,5
19020,2026-06-02,SEC_SWM_KOTA,65.0,70.4,92.0,10,15,0.183,CLEAR,False,1,7
19020,2026-06-02,SEC_KOTA_RATL,170.0,174.9,91.3,10,15,0.369,CLEAR,False,1,9
19020,2026-06-02,SEC_RATL_BRC,165.0,172.3,90.9,10,17,0.21,CLEAR,False,1,11
19020,2026-06-02,SEC_BRC_MMCT,250.0,237.5,99.0,10,10,0.477,CLEAR,False,1,13
12988,2026-06-02,SEC_NDLS_MTJ,95.0,104.8,80.7,0,10,0.15,CLEAR,False,1,6
12988,2026-06-02,SEC_MTJ_BTE,25.0,29.1,70.1,0,4,0.583,CLEAR,False,1,8
12988,2026-06-02,SEC_BTE_GGC,75.0,119.8,59.6,0,45,0.522,STORM,True,1,10
12988,2026-06-02,SEC_GGC_SWM,42.0,43.1,89.1,0,1,0.15,CLEAR,False,1,12
12988,2026-06-02,SEC_SWM_KOTA,65.0,69.3,93.5,0,4,0.641,CLEAR,False,1,14
12988,2026-06-02,SEC_KOTA_RATL,170.0,161.5,98.8,0,0,0.52,FOG,False,1,16
12988,2026-06-02,SEC_RATL_BRC,165.0,219.8,71.2,0,55,0.658,STORM,True,1,18
12988,2026-06-02,SEC_BRC_MMCT,250.0,254.8,92.3,0,5,0.363,RAIN,False,1,20
12910,2026-06-02,SEC_NDLS_MTJ,95.0,155.5,54.4,6,66,0.215,STORM,True,1,21
12910,2026-06-02,SEC_MTJ_BTE,25.0,52.8,38.6,6,34,0.117,STORM,True,1,23
12910,2026-06-02,SEC_BTE_GGC,75.0,94.8,75.3,6,26,0.507,FOG,False,1,1
12910,2026-06-02,SEC_GGC_SWM,42.0,63.2,60.8,6,27,0.309,CLEAR,True,1,3
12910,2026-06-02,SEC_SWM_KOTA,65.0,97.8,66.3,6,39,0.683,STORM,True,1,5
12910,2026-06-02,SEC_KOTA_RATL,170.0,228.7,69.8,6,65,0.302,STORM,True,1,7
12910,2026-06-02,SEC_RATL_BRC,165.0,166.4,94.1,6,7,0.512,CLEAR,False,1,9
12910,2026-06-02,SEC_BRC_MMCT,250.0,270.8,86.9,6,27,0.447,FOG,False,1,11
12952,2026-06-03,SEC_NDLS_MTJ,95.0,90.2,93.8,0,0,0.332,CLEAR,False,2,16
12952,2026-06-03,SEC_MTJ_BTE,25.0,37.3,54.7,0,12,0.508,RAIN,False,2,18
12952,2026-06-03,SEC_BTE_GGC,75.0,73.6,97.0,0,0,0.284,RAIN,False,2,20
12952,2026-06-03,SEC_GGC_SWM,42.0,40.1,95.8,0,0,0.609,FOG,False,2,22
12952,2026-06-03,SEC_SWM_KOTA,65.0,103.7,62.5,0,39,0.309,STORM,True,2,0
12952,2026-06-03,SEC_KOTA_RATL,170.0,170.8,93.4,0,1,0.422,CLEAR,False,2,2
12952,2026-06-03,SEC_RATL_BRC,165.0,170.7,91.7,0,6,0.19,RAIN,False,2,4
12952,2026-06-03,SEC_BRC_MMCT,250.0,238.9,98.5,0,0,0.486,CLEAR,False,2,6
12413,2026-06-03,SEC_NDLS_MTJ,95.0,90.6,93.4,1,1,0.675,CLEAR,False,2,7
12413,2026-06-03,SEC_MTJ_BTE,25.0,25.2,81.0,1,1,0.336,CLEAR,False,2,9
12413,2026-06-03,SEC_BTE_GGC,75.0,86.8,82.3,1,13,0.301,CLEAR,False,2,11
12413,2026-06-03,SEC_GGC_SWM,42.0,46.5,82.6,1,5,0.614,RAIN,False,2,13
12413,2026-06-03,SEC_SWM_KOTA,65.0,69.8,92.8,1,6,0.287,RAIN,False,2,15
12413,2026-06-03,SEC_KOTA_RATL,170.0,176.3,90.5,1,7,0.631,CLEAR,False,2,17
12413,2026-06-03,SEC_RATL_BRC,165.0,178.9,87.5,1,15,0.69,CLEAR,False,2,19
12413,2026-06-03,SEC_BRC_MMCT,250.0,237.6,99.0,1,1,0.235,CLEAR,False,2,21
19020,2026-06-03,SEC_NDLS_MTJ,95.0,97.8,86.5,10,13,0.577,CLEAR,False,2,23
19020,2026-06-03,SEC_MTJ_BTE,25.0,32.2,63.4,10,17,0.393,RAIN,False,2,1
19020,2026-06-03,SEC_BTE_GGC,75.0,78.6,90.8,10,14,0.402,CLEAR,False,2,3
19020,2026-06-03,SEC_GGC_SWM,42.0,47.4,81.0,10,15,0.378,CLEAR,False,2,5
19020,2026-06-03,SEC_SWM_KOTA,65.0,90.7,71.4,10,36,0.127,FOG,False,2,7
19020,2026-06-03,SEC_KOTA_RATL,170.0,230.9,69.1,10,71,0.462,STORM,True,2,9
19020,2026-06-03,SEC_RATL_BRC,165.0,183.9,85.2,10,29,0.388,RAIN,False,2,11
19020,2026-06-03,SEC_BRC_MMCT,250.0,309.6,76.0,10,70,0.158,STORM,True,2,13
12988,2026-06-03,SEC_NDLS_MTJ,95.0,90.2,93.8,0,0,0.469,CLEAR,False,2,6
12988,2026-06-03,SEC_MTJ_BTE,25.0,24.7,82.6,0,0,0.153,CLEAR,False,2,8
12988,2026-06-03,SEC_BTE_GGC,75.0,128.5,55.6,0,54,0.179,STORM,True,2,10
12988,2026-06-03,SEC_GGC_SWM,42.0,49.1,78.2,0,7,0.521,RAIN,False,2,12
12988,2026-06-03,SEC_SWM_KOTA,65.0,76.8,84.4,0,12,0.225,CLEAR,False,2,14
12988,2026-06-03,SEC_KOTA_RATL,170.0,220.6,72.3,0,51,0.363,STORM,True,2,16
12988,2026-06-03,SEC_RATL_BRC,165.0,166.3,94.2,0,1,0.125,CLEAR,False,2,18
12988,2026-06-03,SEC_BRC_MMCT,250.0,243.4,96.6,0,0,0.102,CLEAR,False,2,20
12910,2026-06-03,SEC_NDLS_MTJ,95.0,90.7,93.3,8,8,0.364,CLEAR,False,2,21
12910,2026-06-03,SEC_MTJ_BTE,25.0,28.5,71.6,8,12,0.491,CLEAR,False,2,23
12910,2026-06-03,SEC_BTE_GGC,75.0,139.4,51.2,8,72,0.687,STORM,True,2,1
12910,2026-06-03,SEC_GGC_SWM,42.0,52.5,73.1,8,18,0.666,RAIN,False,2,3
12910,2026-06-03,SEC_SWM_KOTA,65.0,73.8,87.8,8,17,0.14,RAIN,False,2,5
12910,2026-06-03,SEC_KOTA_RATL,170.0,174.5,91.5,8,12,0.108,CLEAR,False,2,7
12910,2026-06-03,SEC_RATL_BRC,165.0,171.0,91.6,8,14,0.644,FOG,False,2,9
12910,2026-06-03,SEC_BRC_MMCT,250.0,257.9,91.2,8,16,0.407,CLEAR,False,2,11
12952,2026-06-04,SEC_NDLS_MTJ,95.0,101.5,83.3,0,6,0.122,CLEAR,False,3,16
12952,2026-06-04,SEC_MTJ_BTE,25.0,70.1,29.1,0,45,0.235,STORM,True,3,18
12952,2026-06-04,SEC_BTE_GGC,75.0,88.5,80.7,0,14,0.608,FOG,False,3,20
12952,2026-06-04,SEC_GGC_SWM,42.0,44.3,86.7,0,2,0.347,CLEAR,False,3,22
12952,2026-06-04,SEC_SWM_KOTA,65.0,112.7,57.5,0,48,0.433,STORM,True,3,0
12952,2026-06-04,SEC_KOTA_RATL,170.0,183.5,87.0,0,14,0.396,CLEAR,False,3,2
12952,2026-06-04,SEC_RATL_BRC,165.0,205.0,76.4,0,40,0.474,STORM,True,3,4
12952,2026-06-04,SEC_BRC_MMCT,250.0,266.5,88.3,0,16,0.258,RAIN,False,3,6
12413,2026-06-04,SEC_NDLS_MTJ,95.0,146.3,57.8,1,52,0.679,STORM,True,3,7
12413,2026-06-04,SEC_MTJ_BTE,25.0,36.9,55.3,1,13,0.247,RAIN,False,3,9
12413,2026-06-04,SEC_BTE_GGC,75.0,123.6,57.8,1,50,0.245,STORM,True,3,11
12413,2026-06-04,SEC_GGC_SWM,42.0,90.3,42.5,1,49,0.26,STORM,True,3,13
12413,2026-06-04,SEC_SWM_KOTA,65.0,110.6,58.6,1,47,0.261,STORM,True,3,15
12413,2026-06-04,SEC_KOTA_RATL,170.0,224.0,71.2,1,55,0.301,STORM,True,3,17
12413,2026-06-04,SEC_RATL_BRC,165.0,157.2,99.6,1,1,0.659,CLEAR,False,3,19
12413,2026-06-04,SEC_BRC_MMCT,250.0,241.8,97.3,1,1,0.206,CLEAR,False,3,21
19020,2026-06-04,SEC_NDLS_MTJ,95.0,97.3,86.9,0,2,0.603,RAIN,False,3,23
19020,2026-06-04,SEC_MTJ_BTE,25.0,42.1,48.5,0,17,0.294,FOG,False,3,1
19020,2026-06-04,SEC_BTE_GGC,75.0,98.7,72.3,0,24,0.612,FOG,False,3,3
19020,2026-06-04,SEC_GGC_SWM,42.0,88.3,43.5,0,46,0.453,STORM,True,3,5
19020,2026-06-04,SEC_SWM_KOTA,65.0,65.2,99.4,0,0,0.672,CLEAR,False,3,7
19020,2026-06-04,SEC_KOTA_RATL,170.0,161.5,98.8,0,0,0.29,CLEAR,False,3,9
19020,2026-06-04,SEC_RATL_BRC,165.0,174.6,89.7,0,10,0.495,RAIN,False,3,11
19020,2026-06-04,SEC_BRC_MMCT,250.0,313.9,74.9,0,64,0.512,STORM,True,3,13
12988,2026-06-04,SEC_NDLS_MTJ,95.0,90.2,93.8,1,1,0.538,CLEAR,False,3,6
12988,2026-06-04,SEC_MTJ_BTE,25.0,86.7,23.5,1,63,0.268,STORM,True,3,8
12988,2026-06-04,SEC_BTE_GGC,75.0,81.1,88.0,1,7,0.508,CLEAR,False,3,10
12988,2026-06-04,SEC_GGC_SWM,42.0,80.6,47.6,1,40,0.66,STORM,True,3,12
12988,2026-06-04,SEC_SWM_KOTA,65.0,106.2,61.0,1,42,0.592,STORM,True,3,14
12988,2026-06-04,SEC_KOTA_RATL,170.0,181.0,88.2,1,12,0.102,CLEAR,False,3,16
12988,2026-06-04,SEC_RATL_BRC,165.0,226.3,69.2,1,62,0.52,STORM,True,3,18
12988,2026-06-04,SEC_BRC_MMCT,250.0,283.1,83.1,1,34,0.411,STORM,True,3,20
12910,2026-06-04,SEC_NDLS_MTJ,95.0,98.7,85.7,10,14,0.139,CLEAR,False,3,21
12910,2026-06-04,SEC_MTJ_BTE,25.0,35.6,57.3,10,21,0.681,RAIN,False,3,23
12910,2026-06-04,SEC_BTE_GGC,75.0,110.0,64.9,10,45,0.477,FOG,False,3,1
12910,2026-06-04,SEC_GGC_SWM,42.0,57.2,67.1,10,25,0.526,RAIN,False,3,3
12910,2026-06-04,SEC_SWM_KOTA,65.0,64.8,100.0,10,10,0.212,CLEAR,False,3,5
12910,2026-06-04,SEC_KOTA_RATL,170.0,161.5,98.8,10,10,0.636,RAIN,False,3,7
12910,2026-06-04,SEC_RATL_BRC,165.0,170.9,91.6,10,16,0.516,CLEAR,False,3,9
12910,2026-06-04,SEC_BRC_MMCT,250.0,265.3,88.7,10,25,0.318,CLEAR,True,3,11
12952,2026-06-05,SEC_NDLS_MTJ,95.0,100.3,84.3,0,5,0.354,CLEAR,False,4,16
12952,2026-06-05,SEC_MTJ_BTE,25.0,34.6,59.0,0,10,0.127,RAIN,False,4,18
12952,2026-06-05,SEC_BTE_GGC,75.0,76.6,93.2,0,2,0.584,CLEAR,False,4,20
12952,2026-06-05,SEC_GGC_SWM,42.0,59.3,64.8,0,17,0.487,FOG,False,4,22
12952,2026-06-05,SEC_SWM_KOTA,65.0,74.9,86.5,0,10,0.479,RAIN,False,4,0
12952,2026-06-05,SEC_KOTA_RATL,170.0,187.0,85.3,0,17,0.557,FOG,False,4,2
12952,2026-06-05,SEC_RATL_BRC,165.0,169.7,92.3,0,5,0.552,CLEAR,False,4,4
12952,2026-06-05,SEC_BRC_MMCT,250.0,256.7,91.6,0,7,0.197,CLEAR,False,4,6
12413,2026-06-05,SEC_NDLS_MTJ,95.0,90.2,93.8,4,4,0.192,CLEAR,False,4,7
12413,2026-06-05,SEC_MTJ_BTE,25.0,58.0,35.2,4,37,0.479,STORM,True,4,9
12413,2026-06-05,SEC_BTE_GGC,75.0,79.9,89.4,4,9,0.471,CLEAR,False,4,11
12413,2026-06-05,SEC_GGC_SWM,42.0,79.3,48.4,4,41,0.574,STORM,True,4,13
12413,2026-06-05,SEC_SWM_KOTA,65.0,70.1,92.4,4,9,0.338,RAIN,False,4,15
12413,2026-06-05,SEC_KOTA_RATL,170.0,164.3,97.1,4,4,0.67,CLEAR,False,4,17
12413,2026-06-05,SEC_RATL_BRC,165.0,166.4,94.1,4,5,0.143,CLEAR,False,4,19
12413,2026-06-05,SEC_BRC_MMCT,250.0,255.7,92.0,4,10,0.597,FOG,False,4,21
19020,2026-06-05,SEC_NDLS_MTJ,95.0,92.2,91.8,10,10,0.127,CLEAR,False,4,23
19020,2026-06-05,SEC_MTJ_BTE,25.0,31.9,63.9,10,17,0.686,CLEAR,False,4,1
19020,2026-06-05,SEC_BTE_GGC,75.0,127.1,56.2,10,62,0.305,STORM,True,4,3
19020,2026-06-05,SEC_GGC_SWM,42.0,44.5,86.3,10,12,0.371,CLEAR,False,4,5
19020,2026-06-05,SEC_SWM_KOTA,65.0,72.4,89.5,10,17,0.111,CLEAR,False,4,7
19020,2026-06-05,SEC_KOTA_RATL,170.0,203.4,78.5,10,43,0.537,FOG,False,4,9
19020,2026-06-05,SEC_RATL_BRC,165.0,187.8,83.4,10,33,0.53,RAIN,False,4,11
19020,2026-06-05,SEC_BRC_MMCT,250.0,242.1,97.1,10,10,0.414,CLEAR,False,4,13
12988,2026-06-05,SEC_NDLS_MTJ,95.0,96.8,87.4,3,5,0.461,CLEAR,False,4,6
12988,2026-06-05,SEC_MTJ_BTE,25.0,25.8,79.1,3,4,0.678,CLEAR,False,4,8
12988,2026-06-05,SEC_BTE_GGC,75.0,78.3,91.2,3,6,0.482,CLEAR,False,4,10
12988,2026-06-05,SEC_GGC_SWM,42.0,47.0,81.7,3,8,0.155,CLEAR,False,4,12
12988,2026-06-05,SEC_SWM_KOTA,65.0,68.1,95.2,3,6,0.571,RAIN,False,4,14
12988,2026-06-05,SEC_KOTA_RATL,170.0,165.5,96.4,3,3,0.114,CLEAR,False,4,16
12988,2026-06-05,SEC_RATL_BRC,165.0,176.2,88.9,3,14,0.374,CLEAR,False,4,18
12988,2026-06-05,SEC_BRC_MMCT,250.0,253.5,92.8,3,7,0.284,RAIN,False,4,20
12910,2026-06-05,SEC_NDLS_MTJ,95.0,96.2,87.9,4,5,0.37,RAIN,False,4,21
12910,2026-06-05,SEC_MTJ_BTE,25.0,48.8,41.8,4,28,0.12,FOG,False,4,23
12910,2026-06-05,SEC_BTE_GGC,75.0,78.5,91.0,4,8,0.232,CLEAR,False,4,1
12910,2026-06-05,SEC_GGC_SWM,42.0,48.4,79.3,4,10,0.365,CLEAR,False,4,3
12910,2026-06-05,SEC_SWM_KOTA,65.0,66.3,97.7,4,5,0.328,CLEAR,False,4,5
12910,2026-06-05,SEC_KOTA_RATL,170.0,174.1,91.7,4,8,0.197,CLEAR,False,4,7
12910,2026-06-05,SEC_RATL_BRC,165.0,162.6,96.3,4,4,0.147,CLEAR,False,4,9
12910,2026-06-05,SEC_BRC_MMCT,250.0,262.0,89.8,4,16,0.309,CLEAR,False,4,11
12952,2026-06-06,SEC_NDLS_MTJ,95.0,93.8,90.2,0,0,0.854,CLEAR,False,5,16
12952,2026-06-06,SEC_MTJ_BTE,25.0,26.6,76.7,0,2,0.416,CLEAR,False,5,18
12952,2026-06-06,SEC_BTE_GGC,75.0,74.7,95.6,0,0,0.856,CLEAR,False,5,20
12952,2026-06-06,SEC_GGC_SWM,42.0,61.5,62.4,0,20,0.521,FOG,False,5,22
12952,2026-06-06,SEC_SWM_KOTA,65.0,62.4,103.8,0,0,0.575,CLEAR,False,5,0
12952,2026-06-06,SEC_KOTA_RATL,170.0,177.7,89.8,0,8,0.527,RAIN,False,5,2
12952,2026-06-06,SEC_RATL_BRC,165.0,199.1,78.7,0,34,0.226,CLEAR,False,5,4
12952,2026-06-06,SEC_BRC_MMCT,250.0,240.5,97.8,0,0,0.483,CLEAR,False,5,6
12413,2026-06-06,SEC_NDLS_MTJ,95.0,98.2,86.2,4,7,0.604,CLEAR,False,5,7
12413,2026-06-06,SEC_MTJ_BTE,25.0,23.8,85.7,4,4,0.108,CLEAR,False,5,9
12413,2026-06-06,SEC_BTE_GGC,75.0,88.0,81.1,4,17,0.219,FOG,False,5,11
12413,2026-06-06,SEC_GGC_SWM,42.0,41.4,92.8,4,4,0.723,CLEAR,False,5,13
12413,2026-06-06,SEC_SWM_KOTA,65.0,77.6,83.5,4,17,0.523,FOG,False,5,15
12413,2026-06-06,SEC_KOTA_RATL,170.0,167.7,95.2,4,4,0.444,CLEAR,False,5,17
12413,2026-06-06,SEC_RATL_BRC,165.0,163.8,95.6,4,4,0.388,CLEAR,False,5,19
12413,2026-06-06,SEC_BRC_MMCT,250.0,261.5,89.9,4,16,0.541,CLEAR,False,5,21
19020,2026-06-06,SEC_NDLS_MTJ,95.0,115.4,73.3,2,22,0.637,FOG,False,5,23
19020,2026-06-06,SEC_MTJ_BTE,25.0,39.1,52.2,2,16,0.186,FOG,False,5,1
19020,2026-06-06,SEC_BTE_GGC,75.0,97.8,73.0,2,25,0.655,FOG,False,5,3
19020,2026-06-06,SEC_GGC_SWM,42.0,91.9,41.8,2,52,0.351,STORM,True,5,5
19020,2026-06-06,SEC_SWM_KOTA,65.0,74.4,87.1,2,11,0.222,RAIN,False,5,7
19020,2026-06-06,SEC_KOTA_RATL,170.0,167.4,95.3,2,2,0.251,CLEAR,False,5,9
19020,2026-06-06,SEC_RATL_BRC,165.0,181.7,86.2,2,19,0.735,CLEAR,False,5,11
19020,2026-06-06,SEC_BRC_MMCT,250.0,237.5,99.0,2,2,0.371,CLEAR,False,5,13
12988,2026-06-06,SEC_NDLS_MTJ,95.0,103.3,81.9,1,9,0.516,CLEAR,False,5,6
12988,2026-06-06,SEC_MTJ_BTE,25.0,34.3,59.5,1,10,0.272,RAIN,False,5,8
12988,2026-06-06,SEC_BTE_GGC,75.0,76.1,93.8,1,2,0.453,CLEAR,False,5,10
12988,2026-06-06,SEC_GGC_SWM,42.0,41.6,92.3,1,1,0.441,CLEAR,False,5,12
12988,2026-06-06,SEC_SWM_KOTA,65.0,70.4,92.0,1,6,0.699,CLEAR,False,5,14
12988,2026-06-06,SEC_KOTA_RATL,170.0,184.3,86.6,1,15,0.545,CLEAR,False,5,16
12988,2026-06-06,SEC_RATL_BRC,165.0,168.3,93.0,1,4,0.834,CLEAR,False,5,18
12988,2026-06-06,SEC_BRC_MMCT,250.0,251.4,93.6,1,2,0.738,RAIN,False,5,20
12910,2026-06-06,SEC_NDLS_MTJ,95.0,102.3,82.7,2,9,0.206,CLEAR,False,5,21
12910,2026-06-06,SEC_MTJ_BTE,25.0,28.9,70.6,2,6,0.537,CLEAR,False,5,23
12910,2026-06-06,SEC_BTE_GGC,75.0,83.8,85.2,2,11,0.653,FOG,False,5,1
12910,2026-06-06,SEC_GGC_SWM,42.0,45.2,85.0,2,5,0.14,CLEAR,False,5,3
12910,2026-06-06,SEC_SWM_KOTA,65.0,83.8,77.3,2,21,0.642,FOG,False,5,5
12910,2026-06-06,SEC_KOTA_RATL,170.0,174.7,91.4,2,7,0.865,RAIN,False,5,7
12910,2026-06-06,SEC_RATL_BRC,165.0,157.8,99.2,2,2,0.304,RAIN,False,5,9
12910,2026-06-06,SEC_BRC_MMCT,250.0,271.0,86.8,2,23,0.852,FOG,False,5,11
12952,2026-06-07,SEC_NDLS_MTJ,95.0,104.9,80.6,0,10,0.873,CLEAR,False,6,16
12952,2026-06-07,SEC_MTJ_BTE,25.0,79.1,25.8,0,54,0.591,STORM,True,6,18
12952,2026-06-07,SEC_BTE_GGC,75.0,71.9,99.3,0,0,0.488,CLEAR,False,6,20
12952,2026-06-07,SEC_GGC_SWM,42.0,41.0,93.7,0,0,0.594,RAIN,False,6,22
12952,2026-06-07,SEC_SWM_KOTA,65.0,68.7,94.3,0,4,0.238,CLEAR,False,6,0
12952,2026-06-07,SEC_KOTA_RATL,170.0,196.9,81.1,0,27,0.117,FOG,False,6,2
12952,2026-06-07,SEC_RATL_BRC,165.0,170.0,92.1,0,5,0.356,CLEAR,False,6,4
12952,2026-06-07,SEC_BRC_MMCT,250.0,237.5,99.0,0,0,0.101,CLEAR,False,6,6
12413,2026-06-07,SEC_NDLS_MTJ,95.0,105.3,80.3,2,12,0.824,CLEAR,False,6,7
12413,2026-06-07,SEC_MTJ_BTE,25.0,46.3,44.1,2,23,0.472,CLEAR,True,6,9
12413,2026-06-07,SEC_BTE_GGC,75.0,82.9,86.1,2,10,0.157,RAIN,False,6,11
12413,2026-06-07,SEC_GGC_SWM,42.0,85.9,44.7,2,46,0.823,STORM,True,6,13
12413,2026-06-07,SEC_SWM_KOTA,65.0,71.5,90.6,2,8,0.431,RAIN,False,6,15
12413,2026-06-07,SEC_KOTA_RATL,170.0,181.2,88.1,2,13,0.114,CLEAR,False,6,17
12413,2026-06-07,SEC_RATL_BRC,165.0,158.2,99.0,2,2,0.207,CLEAR,False,6,19
12413,2026-06-07,SEC_BRC_MMCT,250.0,238.0,98.8,2,2,0.792,CLEAR,False,6,21
19020,2026-06-07,SEC_NDLS_MTJ,95.0,94.6,89.4,8,8,0.632,CLEAR,False,6,23
19020,2026-06-07,SEC_MTJ_BTE,25.0,82.5,24.7,8,66,0.427,STORM,True,6,1
19020,2026-06-07,SEC_BTE_GGC,75.0,72.3,98.8,8,8,0.161,CLEAR,False,6,3
19020,2026-06-07,SEC_GGC_SWM,42.0,39.9,96.2,8,8,0.186,CLEAR,False,6,5
19020,2026-06-07,SEC_SWM_KOTA,65.0,71.3,90.9,8,14,0.781,CLEAR,False,6,7
19020,2026-06-07,SEC_KOTA_RATL,170.0,194.0,82.3,8,32,0.763,CLEAR,False,6,9
19020,2026-06-07,SEC_RATL_BRC,165.0,219.2,71.4,8,62,0.829,STORM,True,6,11
19020,2026-06-07,SEC_BRC_MMCT,250.0,275.5,85.4,8,34,0.107,FOG,False,6,13
12988,2026-06-07,SEC_NDLS_MTJ,95.0,97.8,86.5,4,7,0.347,RAIN,False,6,6
12988,2026-06-07,SEC_MTJ_BTE,25.0,27.7,73.6,4,7,0.502,CLEAR,False,6,8
12988,2026-06-07,SEC_BTE_GGC,75.0,78.6,90.8,4,8,0.517,CLEAR,False,6,10
12988,2026-06-07,SEC_GGC_SWM,42.0,79.5,48.3,4,42,0.349,STORM,True,6,12
12988,2026-06-07,SEC_SWM_KOTA,65.0,87.6,74.0,4,27,0.244,STORM,True,6,14
12988,2026-06-07,SEC_KOTA_RATL,170.0,161.5,98.8,4,4,0.136,CLEAR,False,6,16
12988,2026-06-07,SEC_RATL_BRC,165.0,156.8,99.9,4,4,0.488,CLEAR,False,6,18
12988,2026-06-07,SEC_BRC_MMCT,250.0,266.8,88.2,4,21,0.457,FOG,False,6,20
12910,2026-06-07,SEC_NDLS_MTJ,95.0,93.5,90.5,8,8,0.521,CLEAR,False,6,21
12910,2026-06-07,SEC_MTJ_BTE,25.0,25.3,80.6,8,8,0.438,CLEAR,False,6,23
12910,2026-06-07,SEC_BTE_GGC,75.0,78.2,91.3,8,11,0.378,CLEAR,False,6,1
12910,2026-06-07,SEC_GGC_SWM,42.0,64.5,59.5,8,30,0.605,CLEAR,True,6,3
12910,2026-06-07,SEC_SWM_KOTA,65.0,61.8,104.9,8,8,0.102,CLEAR,False,6,5
12910,2026-06-07,SEC_KOTA_RATL,170.0,229.8,69.5,8,68,0.723,STORM,True,6,7
12910,2026-06-07,SEC_RATL_BRC,165.0,169.3,92.5,8,12,0.466,FOG,False,6,9
12910,2026-06-07,SEC_BRC_MMCT,250.0,256.9,91.6,8,15,0.501,CLEAR,False,6,11
12952,2026-06-08,SEC_NDLS_MTJ,95.0,94.9,89.1,0,0,0.345,CLEAR,False,0,16
12952,2026-06-08,SEC_MTJ_BTE,25.0,30.9,66.0,0,6,0.373,FOG,False,0,18
12952,2026-06-08,SEC_BTE_GGC,75.0,88.9,80.3,0,14,0.145,CLEAR,True,0,20
12952,2026-06-08,SEC_GGC_SWM,42.0,80.2,47.9,0,38,0.424,STORM,True,0,22
12952,2026-06-08,SEC_SWM_KOTA,65.0,122.1,53.1,0,57,0.46,STORM,True,0,0
12952,2026-06-08,SEC_KOTA_RATL,170.0,171.2,93.2,0,1,0.389,FOG,False,0,2
12952,2026-06-08,SEC_RATL_BRC,165.0,218.4,71.7,0,53,0.534,STORM,True,0,4
12952,2026-06-08,SEC_BRC_MMCT,250.0,242.8,96.9,0,0,0.145,CLEAR,False,0,6
12413,2026-06-08,SEC_NDLS_MTJ,95.0,104.9,80.6,0,10,0.517,FOG,False,0,7
12413,2026-06-08,SEC_MTJ_BTE,25.0,85.1,24.0,0,60,0.279,STORM,True,0,9
12413,2026-06-08,SEC_BTE_GGC,75.0,107.4,66.5,0,32,0.19,STORM,True,0,11
12413,2026-06-08,SEC_GGC_SWM,42.0,44.5,86.3,0,2,0.157,CLEAR,False,0,13
12413,2026-06-08,SEC_SWM_KOTA,65.0,72.0,90.0,0,7,0.671,RAIN,False,0,15
12413,2026-06-08,SEC_KOTA_RATL,170.0,191.5,83.3,0,22,0.632,FOG,False,0,17
12413,2026-06-08,SEC_RATL_BRC,165.0,199.1,78.7,0,34,0.385,STORM,True,0,19
12413,2026-06-08,SEC_BRC_MMCT,250.0,246.7,95.3,0,0,0.113,RAIN,False,0,21
19020,2026-06-08,SEC_NDLS_MTJ,95.0,134.1,63.1,10,49,0.399,STORM,True,0,23
19020,2026-06-08,SEC_MTJ_BTE,25.0,27.2,75.0,10,12,0.581,CLEAR,False,0,1
19020,2026-06-08,SEC_BTE_GGC,75.0,75.1,95.1,10,10,0.411,CLEAR,False,0,3
19020,2026-06-08,SEC_GGC_SWM,42.0,48.5,79.2,10,16,0.451,FOG,False,0,5
19020,2026-06-08,SEC_SWM_KOTA,65.0,76.0,85.3,10,21,0.484,RAIN,False,0,7
19020,2026-06-08,SEC_KOTA_RATL,170.0,161.5,98.8,10,10,0.184,CLEAR,False,0,9
19020,2026-06-08,SEC_RATL_BRC,165.0,164.3,95.3,10,10,0.111,RAIN,False,0,11
19020,2026-06-08,SEC_BRC_MMCT,250.0,259.5,90.6,10,20,0.626,CLEAR,True,0,13
12988,2026-06-08,SEC_NDLS_MTJ,95.0,97.0,87.2,3,5,0.425,CLEAR,False,0,6
12988,2026-06-08,SEC_MTJ_BTE,25.0,29.2,69.9,3,7,0.35,CLEAR,False,0,8
12988,2026-06-08,SEC_BTE_GGC,75.0,95.4,74.8,3,23,0.649,FOG,False,0,10
12988,2026-06-08,SEC_GGC_SWM,42.0,61.3,62.6,3,22,0.633,FOG,False,0,12
12988,2026-06-08,SEC_SWM_KOTA,65.0,65.0,99.7,3,3,0.158,CLEAR,False,0,14
12988,2026-06-08,SEC_KOTA_RATL,170.0,184.2,86.6,3,17,0.442,CLEAR,False,0,16
12988,2026-06-08,SEC_RATL_BRC,165.0,177.0,88.5,3,15,0.418,CLEAR,False,0,18
12988,2026-06-08,SEC_BRC_MMCT,250.0,275.2,85.5,3,28,0.633,CLEAR,False,0,20
12910,2026-06-08,SEC_NDLS_MTJ,95.0,105.1,80.5,4,14,0.457,CLEAR,False,0,21
12910,2026-06-08,SEC_MTJ_BTE,25.0,37.2,54.8,4,16,0.325,FOG,False,0,23
12910,2026-06-08,SEC_BTE_GGC,75.0,74.8,95.5,4,4,0.646,CLEAR,False,0,1
12910,2026-06-08,SEC_GGC_SWM,42.0,43.4,88.5,4,5,0.613,CLEAR,False,0,3
12910,2026-06-08,SEC_SWM_KOTA,65.0,116.1,55.8,4,55,0.489,STORM,True,0,5
12910,2026-06-08,SEC_KOTA_RATL,170.0,188.8,84.5,4,23,0.295,CLEAR,False,0,7
12910,2026-06-08,SEC_RATL_BRC,165.0,160.1,97.8,4,4,0.591,CLEAR,False,0,9
12910,2026-06-08,SEC_BRC_MMCT,250.0,248.9,94.5,4,4,0.231,CLEAR,False,0,11
12952,2026-06-09,SEC_NDLS_MTJ,95.0,90.2,93.8,0,0,0.337,CLEAR,False,1,16
12952,2026-06-09,SEC_MTJ_BTE,25.0,27.4,74.5,0,2,0.567,FOG,False,1,18
12952,2026-06-09,SEC_BTE_GGC,75.0,81.6,87.5,0,7,0.422,FOG,False,1,20
12952,2026-06-09,SEC_GGC_SWM,42.0,45.8,83.8,0,4,0.209,RAIN,False,1,22
12952,2026-06-09,SEC_SWM_KOTA,65.0,61.8,104.9,0,0,0.288,CLEAR,False,1,0
12952,2026-06-09,SEC_KOTA_RATL,170.0,185.3,86.1,0,15,0.65,CLEAR,False,1,2
12952,2026-06-09,SEC_RATL_BRC,165.0,169.8,92.2,0,5,0.369,RAIN,False,1,4
12952,2026-06-09,SEC_BRC_MMCT,250.0,264.1,89.1,0,14,0.624,CLEAR,False,1,6
12413,2026-06-09,SEC_NDLS_MTJ,95.0,98.8,85.6,3,7,0.28,CLEAR,False,1,7
12413,2026-06-09,SEC_MTJ_BTE,25.0,23.8,85.7,3,3,0.239,CLEAR,False,1,9
12413,2026-06-09,SEC_BTE_GGC,75.0,86.0,83.0,3,14,0.15,RAIN,False,1,11
12413,2026-06-09,SEC_GGC_SWM,42.0,39.9,96.2,3,3,0.122,CLEAR,False,1,13
12413,2026-06-09,SEC_SWM_KOTA,65.0,71.5,90.6,3,9,0.577,RAIN,False,1,15
12413,2026-06-09,SEC_KOTA_RATL,170.0,172.3,92.6,3,5,0.288,CLEAR,False,1,17
12413,2026-06-09,SEC_RATL_BRC,165.0,195.3,80.2,3,33,0.228,STORM,True,1,19
12413,2026-06-09,SEC_BRC_MMCT,250.0,260.0,90.5,3,13,0.511,CLEAR,False,1,21
19020,2026-06-09,SEC_NDLS_MTJ,95.0,159.7,53.0,0,65,0.388,STORM,True,1,23
19020,2026-06-09,SEC_MTJ_BTE,25.0,23.8,85.7,0,0,0.338,CLEAR,False,1,1
19020,2026-06-09,SEC_BTE_GGC,75.0,115.8,61.7,0,41,0.576,STORM,True,1,3
19020,2026-06-09,SEC_GGC_SWM,42.0,51.7,74.3,0,10,0.419,CLEAR,False,1,5
19020,2026-06-09,SEC_SWM_KOTA,65.0,70.5,91.9,0,6,0.6,RAIN,False,1,7
19020,2026-06-09,SEC_KOTA_RATL,170.0,199.2,80.1,0,29,0.413,STORM,True,1,9
19020,2026-06-09,SEC_RATL_BRC,165.0,176.3,88.8,0,11,0.279,RAIN,False,1,11
19020,2026-06-09,SEC_BRC_MMCT,250.0,237.5,99.0,0,0,0.647,FOG,False,1,13
12988,2026-06-09,SEC_NDLS_MTJ,95.0,137.3,61.6,5,47,0.443,STORM,True,1,6
12988,2026-06-09,SEC_MTJ_BTE,25.0,25.1,81.3,5,5,0.45,CLEAR,False,1,8
12988,2026-06-09,SEC_BTE_GGC,75.0,132.0,54.1,5,62,0.603,STORM,True,1,10
12988,2026-06-09,SEC_GGC_SWM,42.0,41.4,92.8,5,5,0.656,CLEAR,False,1,12
12988,2026-06-09,SEC_SWM_KOTA,65.0,69.0,93.9,5,9,0.587,CLEAR,False,1,14
12988,2026-06-09,SEC_KOTA_RATL,170.0,161.5,98.8,5,5,0.689,RAIN,False,1,16
12988,2026-06-09,SEC_RATL_BRC,165.0,166.4,94.1,5,6,0.402,CLEAR,False,1,18
12988,2026-06-09,SEC_BRC_MMCT,250.0,243.7,96.5,5,5,0.148,FOG,False,1,20
12910,2026-06-09,SEC_NDLS_MTJ,95.0,149.4,56.6,0,54,0.577,STORM,True,1,21
12910,2026-06-09,SEC_MTJ_BTE,25.0,31.6,64.6,0,7,0.128,FOG,False,1,23
12910,2026-06-09,SEC_BTE_GGC,75.0,94.4,75.6,0,19,0.233,FOG,False,1,1
12910,2026-06-09,SEC_GGC_SWM,42.0,42.9,89.5,0,1,0.379,CLEAR,False,1,3
12910,2026-06-09,SEC_SWM_KOTA,65.0,67.0,96.7,0,2,0.337,CLEAR,False,1,5
12910,2026-06-09,SEC_KOTA_RATL,170.0,167.4,95.3,0,0,0.42,CLEAR,False,1,7
12910,2026-06-09,SEC_RATL_BRC,165.0,210.2,74.5,0,45,0.62,STORM,True,1,9
12910,2026-06-09,SEC_BRC_MMCT,250.0,265.1,88.7,0,15,0.613,RAIN,False,1,11
12952,2026-06-10,SEC_NDLS_MTJ,95.0,90.2,93.8,0,0,0.377,CLEAR,False,2,16
12952,2026-06-10,SEC_MTJ_BTE,25.0,28.0,72.9,0,3,0.341,CLEAR,False,2,18
12952,2026-06-10,SEC_BTE_GGC,75.0,78.7,90.7,0,4,0.341,RAIN,False,2,20
12952,2026-06-10,SEC_GGC_SWM,42.0,45.1,85.1,0,3,0.685,CLEAR,False,2,22
12952,2026-06-10,SEC_SWM_KOTA,65.0,63.9,101.4,0,0,0.275,CLEAR,False,2,0
12952,2026-06-10,SEC_KOTA_RATL,170.0,177.2,90.1,0,7,0.212,RAIN,False,2,2
12952,2026-06-10,SEC_RATL_BRC,165.0,156.8,99.9,0,0,0.674,CLEAR,False,2,4
12952,2026-06-10,SEC_BRC_MMCT,250.0,237.5,99.0,0,0,0.613,CLEAR,False,2,6
12413,2026-06-10,SEC_NDLS_MTJ,95.0,125.3,67.5,3,33,0.648,FOG,True,2,7
12413,2026-06-10,SEC_MTJ_BTE,25.0,44.0,46.4,3,22,0.636,FOG,False,2,9
12413,2026-06-10,SEC_BTE_GGC,75.0,71.2,100.3,3,3,0.223,CLEAR,False,2,11
12413,2026-06-10,SEC_GGC_SWM,42.0,41.0,93.7,3,3,0.122,CLEAR,False,2,13
12413,2026-06-10,SEC_SWM_KOTA,65.0,79.7,81.3,3,18,0.186,CLEAR,True,2,15
12413,2026-06-10,SEC_KOTA_RATL,170.0,210.0,76.0,3,43,0.262,STORM,True,2,17
12413,2026-06-10,SEC_RATL_BRC,165.0,163.6,95.7,3,3,0.445,CLEAR,False,2,19
12413,2026-06-10,SEC_BRC_MMCT,250.0,276.1,85.2,3,29,0.616,STORM,True,2,21
19020,2026-06-10,SEC_NDLS_MTJ,95.0,96.9,87.3,8,10,0.267,RAIN,False,2,23
19020,2026-06-10,SEC_MTJ_BTE,25.0,24.8,82.3,8,8,0.242,CLEAR,False,2,1
19020,2026-06-10,SEC_BTE_GGC,75.0,72.7,98.2,8,8,0.395,FOG,False,2,3
19020,2026-06-10,SEC_GGC_SWM,42.0,58.0,66.2,8,24,0.573,RAIN,False,2,5
19020,2026-06-10,SEC_SWM_KOTA,65.0,109.7,59.1,8,53,0.559,STORM,True,2,7
19020,2026-06-10,SEC_KOTA_RATL,170.0,188.9,84.5,8,27,0.382,FOG,False,2,9
19020,2026-06-10,SEC_RATL_BRC,165.0,190.0,82.4,8,33,0.24,STORM,True,2,11
19020,2026-06-10,SEC_BRC_MMCT,250.0,291.6,80.7,8,50,0.648,RAIN,True,2,13
12988,2026-06-10,SEC_NDLS_MTJ,95.0,99.0,85.5,3,7,0.177,CLEAR,False,2,6
12988,2026-06-10,SEC_MTJ_BTE,25.0,53.9,37.8,3,32,0.608,STORM,True,2,8
12988,2026-06-10,SEC_BTE_GGC,75.0,111.5,64.0,3,39,0.314,STORM,True,2,10
12988,2026-06-10,SEC_GGC_SWM,42.0,76.4,50.3,3,37,0.455,STORM,True,2,12
12988,2026-06-10,SEC_SWM_KOTA,65.0,71.8,90.3,3,10,0.486,CLEAR,False,2,14
12988,2026-06-10,SEC_KOTA_RATL,170.0,175.0,91.2,3,8,0.266,CLEAR,False,2,16
12988,2026-06-10,SEC_RATL_BRC,165.0,191.4,81.8,3,29,0.547,RAIN,False,2,18
12988,2026-06-10,SEC_BRC_MMCT,250.0,249.0,94.5,3,3,0.605,CLEAR,False,2,20
12910,2026-06-10,SEC_NDLS_MTJ,95.0,128.5,65.8,10,44,0.504,STORM,True,2,21
12910,2026-06-10,SEC_MTJ_BTE,25.0,36.3,56.2,10,21,0.513,RAIN,False,2,23
12910,2026-06-10,SEC_BTE_GGC,75.0,105.5,67.7,10,40,0.492,FOG,False,2,1
12910,2026-06-10,SEC_GGC_SWM,42.0,48.1,79.8,10,16,0.582,CLEAR,False,2,3
12910,2026-06-10,SEC_SWM_KOTA,65.0,87.4,74.1,10,32,0.45,FOG,False,2,5
12910,2026-06-10,SEC_KOTA_RATL,170.0,174.7,91.4,10,15,0.673,CLEAR,False,2,7
12910,2026-06-10,SEC_RATL_BRC,165.0,166.0,94.3,10,11,0.154,CLEAR,False,2,9
12910,2026-06-10,SEC_BRC_MMCT,250.0,256.4,91.7,10,16,0.44,RAIN,False,2,11
12952,2026-06-11,SEC_NDLS_MTJ,95.0,114.8,73.7,0,20,0.172,FOG,False,3,16
12952,2026-06-11,SEC_MTJ_BTE,25.0,30.0,68.0,0,5,0.699,FOG,False,3,18
12952,2026-06-11,SEC_BTE_GGC,75.0,74.8,95.5,0,0,0.104,CLEAR,False,3,20
12952,2026-06-11,SEC_GGC_SWM,42.0,44.5,86.3,0,2,0.572,CLEAR,False,3,22
12952,2026-06-11,SEC_SWM_KOTA,65.0,108.2,59.9,0,43,0.338,STORM,True,3,0
12952,2026-06-11,SEC_KOTA_RATL,170.0,232.1,68.8,0,62,0.538,STORM,True,3,2
12952,2026-06-11,SEC_RATL_BRC,165.0,191.1,81.9,0,26,0.325,FOG,False,3,4
12952,2026-06-11,SEC_BRC_MMCT,250.0,252.8,93.0,0,3,0.382,CLEAR,False,3,6
12413,2026-06-11,SEC_NDLS_MTJ,95.0,124.0,68.2,5,34,0.682,RAIN,True,3,7
12413,2026-06-11,SEC_MTJ_BTE,25.0,29.7,68.7,5,10,0.164,CLEAR,False,3,9
12413,2026-06-11,SEC_BTE_GGC,75.0,87.4,81.7,5,17,0.155,RAIN,False,3,11
12413,2026-06-11,SEC_GGC_SWM,42.0,48.0,80.0,5,11,0.631,RAIN,False,3,13
12413,2026-06-11,SEC_SWM_KOTA,65.0,61.8,104.9,5,5,0.176,RAIN,False,3,15
12413,2026-06-11,SEC_KOTA_RATL,170.0,188.2,84.8,5,23,0.407,FOG,False,3,17
12413,2026-06-11,SEC_RATL_BRC,165.0,173.6,90.2,5,14,0.166,CLEAR,False,3,19
12413,2026-06-11,SEC_BRC_MMCT,250.0,253.6,92.7,5,9,0.443,CLEAR,False,3,21
19020,2026-06-11,SEC_NDLS_MTJ,95.0,111.2,76.1,2,18,0.538,FOG,False,3,23
19020,2026-06-11,SEC_MTJ_BTE,25.0,35.9,56.8,2,13,0.369,RAIN,False,3,1
19020,2026-06-11,SEC_BTE_GGC,75.0,79.7,89.6,2,7,0.346,RAIN,False,3,3
19020,2026-06-11,SEC_GGC_SWM,42.0,47.3,81.2,2,7,0.536,CLEAR,False,3,5
19020,2026-06-11,SEC_SWM_KOTA,65.0,66.5,97.4,2,4,0.101,CLEAR,False,3,7
19020,2026-06-11,SEC_KOTA_RATL,170.0,180.0,88.7,2,12,0.546,CLEAR,False,3,9
19020,2026-06-11,SEC_RATL_BRC,165.0,177.5,88.2,2,14,0.41,RAIN,True,3,11
19020,2026-06-11,SEC_BRC_MMCT,250.0,243.6,96.6,2,2,0.614,CLEAR,False,3,13
12988,2026-06-11,SEC_NDLS_MTJ,95.0,106.2,79.7,1,12,0.397,CLEAR,False,3,6
12988,2026-06-11,SEC_MTJ_BTE,25.0,61.3,33.3,1,37,0.376,STORM,True,3,8
12988,2026-06-11,SEC_BTE_GGC,75.0,88.5,80.7,1,15,0.693,CLEAR,False,3,10
12988,2026-06-11,SEC_GGC_SWM,42.0,40.0,96.0,1,1,0.124,CLEAR,False,3,12
12988,2026-06-11,SEC_SWM_KOTA,65.0,77.1,84.0,1,13,0.511,RAIN,False,3,14
12988,2026-06-11,SEC_KOTA_RATL,170.0,176.3,90.5,1,7,0.414,CLEAR,False,3,16
12988,2026-06-11,SEC_RATL_BRC,165.0,212.6,73.7,1,49,0.322,STORM,True,3,18
12988,2026-06-11,SEC_BRC_MMCT,250.0,267.5,87.9,1,19,0.583,CLEAR,False,3,20
12910,2026-06-11,SEC_NDLS_MTJ,95.0,90.2,93.8,2,2,0.118,CLEAR,False,3,21
12910,2026-06-11,SEC_MTJ_BTE,25.0,74.1,27.5,2,51,0.264,STORM,True,3,23
12910,2026-06-11,SEC_BTE_GGC,75.0,85.0,84.0,2,12,0.629,RAIN,False,3,1
12910,2026-06-11,SEC_GGC_SWM,42.0,44.1,87.1,2,4,0.183,RAIN,False,3,3
12910,2026-06-11,SEC_SWM_KOTA,65.0,68.3,94.9,2,5,0.19,CLEAR,False,3,5
12910,2026-06-11,SEC_KOTA_RATL,170.0,170.4,93.7,2,2,0.643,CLEAR,False,3,7
12910,2026-06-11,SEC_RATL_BRC,165.0,174.5,89.7,2,12,0.196,CLEAR,False,3,9
12910,2026-06-11,SEC_BRC_MMCT,250.0,256.2,91.8,2,8,0.563,RAIN,False,3,11
12952,2026-06-12,SEC_NDLS_MTJ,95.0,90.2,93.8,0,0,0.663,CLEAR,False,4,16
12952,2026-06-12,SEC_MTJ_BTE,25.0,56.8,35.9,0,32,0.62,STORM,True,4,18
12952,2026-06-12,SEC_BTE_GGC,75.0,77.1,92.6,0,2,0.356,CLEAR,False,4,20
12952,2026-06-12,SEC_GGC_SWM,42.0,42.2,91.0,0,0,0.627,CLEAR,False,4,22
12952,2026-06-12,SEC_SWM_KOTA,65.0,69.7,93.0,0,5,0.655,RAIN,False,4,0
12952,2026-06-12,SEC_KOTA_RATL,170.0,181.0,88.2,0,11,0.107,RAIN,False,4,2
12952,2026-06-12,SEC_RATL_BRC,165.0,198.9,78.7,0,34,0.648,STORM,True,4,4
12952,2026-06-12,SEC_BRC_MMCT,250.0,238.5,98.6,0,0,0.351,CLEAR,False,4,6
12413,2026-06-12,SEC_NDLS_MTJ,95.0,103.7,81.6,0,9,0.3,CLEAR,False,4,7
12413,2026-06-12,SEC_MTJ_BTE,25.0,74.1,27.5,0,49,0.285,STORM,True,4,9
12413,2026-06-12,SEC_BTE_GGC,75.0,81.8,87.3,0,7,0.346,CLEAR,False,4,11
12413,2026-06-12,SEC_GGC_SWM,42.0,61.3,62.6,0,19,0.21,FOG,False,4,13
12413,2026-06-12,SEC_SWM_KOTA,65.0,72.4,89.5,0,7,0.332,FOG,False,4,15
12413,2026-06-12,SEC_KOTA_RATL,170.0,183.9,86.8,0,14,0.473,CLEAR,False,4,17
12413,2026-06-12,SEC_RATL_BRC,165.0,180.9,86.6,0,16,0.607,FOG,False,4,19
12413,2026-06-12,SEC_BRC_MMCT,250.0,240.2,97.9,0,0,0.317,CLEAR,False,4,21
19020,2026-06-12,SEC_NDLS_MTJ,95.0,96.2,87.9,8,9,0.39,CLEAR,False,4,23
19020,2026-06-12,SEC_MTJ_BTE,25.0,29.5,69.2,8,12,0.536,CLEAR,False,4,1
19020,2026-06-12,SEC_BTE_GGC,75.0,71.2,100.3,8,8,0.302,CLEAR,False,4,3
19020,2026-06-12,SEC_GGC_SWM,42.0,39.9,96.2,8,8,0.203,CLEAR,False,4,5
19020,2026-06-12,SEC_SWM_KOTA,65.0,71.2,91.0,8,14,0.153,CLEAR,False,4,7
19020,2026-06-12,SEC_KOTA_RATL,170.0,182.7,87.4,8,21,0.378,CLEAR,False,4,9
19020,2026-06-12,SEC_RATL_BRC,165.0,163.0,96.1,8,8,0.452,CLEAR,False,4,11
19020,2026-06-12,SEC_BRC_MMCT,250.0,291.8,80.6,8,50,0.581,RAIN,False,4,13
12988,2026-06-12,SEC_NDLS_MTJ,95.0,101.0,83.8,0,6,0.59,CLEAR,False,4,6
12988,2026-06-12,SEC_MTJ_BTE,25.0,56.3,36.2,0,31,0.55,STORM,True,4,8
12988,2026-06-12,SEC_BTE_GGC,75.0,128.0,55.8,0,53,0.341,STORM,True,4,10
12988,2026-06-12,SEC_GGC_SWM,42.0,48.6,79.0,0,7,0.485,CLEAR,False,4,12
12988,2026-06-12,SEC_SWM_KOTA,65.0,70.9,91.4,0,6,0.519,CLEAR,False,4,14
12988,2026-06-12,SEC_KOTA_RATL,170.0,178.4,89.5,0,8,0.585,CLEAR,False,4,16
12988,2026-06-12,SEC_RATL_BRC,165.0,172.2,90.9,0,7,0.244,FOG,False,4,18
12988,2026-06-12,SEC_BRC_MMCT,250.0,244.8,96.1,0,0,0.568,RAIN,False,4,20
12910,2026-06-12,SEC_NDLS_MTJ,95.0,97.8,86.5,2,5,0.47,CLEAR,False,4,21
12910,2026-06-12,SEC_MTJ_BTE,25.0,83.2,24.5,2,60,0.38,STORM,True,4,23
12910,2026-06-12,SEC_BTE_GGC,75.0,78.2,91.3,2,5,0.363,CLEAR,False,4,1
12910,2026-06-12,SEC_GGC_SWM,42.0,59.5,64.5,2,20,0.62,RAIN,False,4,3
12910,2026-06-12,SEC_SWM_KOTA,65.0,77.4,83.7,2,14,0.134,FOG,False,4,5
12910,2026-06-12,SEC_KOTA_RATL,170.0,182.0,87.7,2,14,0.469,RAIN,False,4,7
12910,2026-06-12,SEC_RATL_BRC,165.0,219.9,71.2,2,57,0.457,STORM,True,4,9
12910,2026-06-12,SEC_BRC_MMCT,250.0,244.3,96.3,2,2,0.236,FOG,False,4,11
12952,2026-06-13,SEC_NDLS_MTJ,95.0,90.2,93.8,0,0,0.538,CLEAR,False,5,16
12952,2026-06-13,SEC_MTJ_BTE,25.0,32.5,62.8,0,8,0.236,RAIN,False,5,18
12952,2026-06-13,SEC_BTE_GGC,75.0,80.2,89.0,0,5,0.416,CLEAR,False,5,20
12952,2026-06-13,SEC_GGC_SWM,42.0,63.4,60.6,0,21,0.711,FOG,False,5,22
12952,2026-06-13,SEC_SWM_KOTA,65.0,101.4,63.9,0,36,0.478,STORM,True,5,0
12952,2026-06-13,SEC_KOTA_RATL,170.0,186.7,85.5,0,17,0.832,RAIN,False,5,2
12952,2026-06-13,SEC_RATL_BRC,165.0,172.6,90.7,0,8,0.144,CLEAR,False,5,4
12952,2026-06-13,SEC_BRC_MMCT,250.0,269.5,87.3,0,20,0.274,FOG,False,5,6
12413,2026-06-13,SEC_NDLS_MTJ,95.0,113.9,74.3,5,24,0.814,RAIN,False,5,7
12413,2026-06-13,SEC_MTJ_BTE,25.0,29.8,68.5,5,10,0.331,CLEAR,False,5,9
12413,2026-06-13,SEC_BTE_GGC,75.0,71.2,100.3,5,5,0.186,CLEAR,False,5,11
12413,2026-06-13,SEC_GGC_SWM,42.0,45.9,83.7,5,9,0.395,CLEAR,False,5,13
12413,2026-06-13,SEC_SWM_KOTA,65.0,119.1,54.4,5,59,0.54,STORM,True,5,15
12413,2026-06-13,SEC_KOTA_RATL,170.0,177.0,90.2,5,12,0.54,CLEAR,False,5,17
12413,2026-06-13,SEC_RATL_BRC,165.0,167.0,93.8,5,7,0.436,CLEAR,False,5,19
12413,2026-06-13,SEC_BRC_MMCT,250.0,243.2,96.7,5,5,0.297,CLEAR,False,5,21
19020,2026-06-13,SEC_NDLS_MTJ,95.0,90.2,93.8,0,0,0.161,CLEAR,False,5,23
19020,2026-06-13,SEC_MTJ_BTE,25.0,31.3,65.2,0,6,0.179,RAIN,False,5,1
19020,2026-06-13,SEC_BTE_GGC,75.0,101.1,70.6,0,26,0.136,STORM,True,5,3
19020,2026-06-13,SEC_GGC_SWM,42.0,42.2,91.0,0,0,0.691,CLEAR,False,5,5
19020,2026-06-13,SEC_SWM_KOTA,65.0,79.8,81.2,0,15,0.129,FOG,False,5,7
19020,2026-06-13,SEC_KOTA_RATL,170.0,176.3,90.5,0,6,0.744,CLEAR,False,5,9
19020,2026-06-13,SEC_RATL_BRC,165.0,171.5,91.3,0,6,0.678,CLEAR,False,5,11
19020,2026-06-13,SEC_BRC_MMCT,250.0,267.1,88.1,0,17,0.337,CLEAR,False,5,13
12988,2026-06-13,SEC_NDLS_MTJ,95.0,107.3,78.8,5,17,0.407,FOG,False,5,6
12988,2026-06-13,SEC_MTJ_BTE,25.0,36.5,55.9,5,17,0.815,FOG,False,5,8
12988,2026-06-13,SEC_BTE_GGC,75.0,79.9,89.4,5,10,0.443,CLEAR,False,5,10
12988,2026-06-13,SEC_GGC_SWM,42.0,46.7,82.2,5,10,0.665,CLEAR,False,5,12
12988,2026-06-13,SEC_SWM_KOTA,65.0,83.7,77.4,5,24,0.653,FOG,False,5,14
12988,2026-06-13,SEC_KOTA_RATL,170.0,190.4,83.8,5,25,0.425,FOG,False,5,16
12988,2026-06-13,SEC_RATL_BRC,165.0,173.4,90.3,5,13,0.573,RAIN,False,5,18
12988,2026-06-13,SEC_BRC_MMCT,250.0,254.9,92.3,5,10,0.12,CLEAR,False,5,20
12910,2026-06-13,SEC_NDLS_MTJ,95.0,104.9,80.6,6,16,0.694,CLEAR,False,5,21
12910,2026-06-13,SEC_MTJ_BTE,25.0,28.3,72.1,6,9,0.645,CLEAR,False,5,23
12910,2026-06-13,SEC_BTE_GGC,75.0,84.1,84.9,6,15,0.805,FOG,False,5,1
12910,2026-06-13,SEC_GGC_SWM,42.0,90.6,42.4,6,55,0.79,STORM,True,5,3
12910,2026-06-13,SEC_SWM_KOTA,65.0,78.5,82.5,6,20,0.422,FOG,False,5,5
12910,2026-06-13,SEC_KOTA_RATL,170.0,219.9,72.6,6,56,0.218,STORM,True,5,7
12910,2026-06-13,SEC_RATL_BRC,165.0,194.8,80.4,6,36,0.81,STORM,True,5,9
12910,2026-06-13,SEC_BRC_MMCT,250.0,266.0,88.4,6,22,0.398,RAIN,False,5,11
12952,2026-06-14,SEC_NDLS_MTJ,95.0,100.6,84.1,0,6,0.241,CLEAR,False,6,16
12952,2026-06-14,SEC_MTJ_BTE,25.0,26.5,77.0,0,2,0.819,CLEAR,False,6,18
12952,2026-06-14,SEC_BTE_GGC,75.0,100.1,71.3,0,25,0.898,RAIN,True,6,20
12952,2026-06-14,SEC_GGC_SWM,42.0,40.6,94.6,0,0,0.46,CLEAR,False,6,22
12952,2026-06-14,SEC_SWM_KOTA,65.0,66.1,98.0,0,1,0.255,CLEAR,False,6,0
12952,2026-06-14,SEC_KOTA_RATL,170.0,172.8,92.4,0,3,0.248,RAIN,False,6,2
12952,2026-06-14,SEC_RATL_BRC,165.0,185.5,84.4,0,20,0.782,FOG,False,6,4
12952,2026-06-14,SEC_BRC_MMCT,250.0,239.1,98.4,0,0,0.104,CLEAR,False,6,6
12413,2026-06-14,SEC_NDLS_MTJ,95.0,90.6,93.4,2,2,0.805,CLEAR,False,6,7
12413,2026-06-14,SEC_MTJ_BTE,25.0,23.8,85.7,2,2,0.28,CLEAR,False,6,9
12413,2026-06-14,SEC_BTE_GGC,75.0,77.5,92.1,2,4,0.17,CLEAR,False,6,11
12413,2026-06-14,SEC_GGC_SWM,42.0,50.9,75.4,2,11,0.148,RAIN,False,6,13
12413,2026-06-14,SEC_SWM_KOTA,65.0,128.2,50.5,2,65,0.365,STORM,True,6,15
12413,2026-06-14,SEC_KOTA_RATL,170.0,189.4,84.3,2,21,0.601,CLEAR,False,6,17
12413,2026-06-14,SEC_RATL_BRC,165.0,163.8,95.6,2,2,0.753,RAIN,False,6,19
12413,2026-06-14,SEC_BRC_MMCT,250.0,257.9,91.2,2,10,0.108,CLEAR,False,6,21
19020,2026-06-14,SEC_NDLS_MTJ,95.0,107.9,78.4,2,15,0.249,RAIN,False,6,23
19020,2026-06-14,SEC_MTJ_BTE,25.0,31.2,65.4,2,8,0.307,RAIN,False,6,1
19020,2026-06-14,SEC_BTE_GGC,75.0,76.7,93.1,2,4,0.254,CLEAR,False,6,3
19020,2026-06-14,SEC_GGC_SWM,42.0,46.8,82.1,2,7,0.744,CLEAR,False,6,5
19020,2026-06-14,SEC_SWM_KOTA,65.0,99.9,64.9,2,37,0.281,STORM,True,6,7
19020,2026-06-14,SEC_KOTA_RATL,170.0,192.1,83.1,2,24,0.747,RAIN,False,6,9
19020,2026-06-14,SEC_RATL_BRC,165.0,172.3,90.9,2,9,0.23,CLEAR,False,6,11
19020,2026-06-14,SEC_BRC_MMCT,250.0,264.6,88.9,2,17,0.551,RAIN,True,6,13
12988,2026-06-14,SEC_NDLS_MTJ,95.0,108.3,78.1,2,15,0.804,CLEAR,False,6,6
12988,2026-06-14,SEC_MTJ_BTE,25.0,31.3,65.2,2,8,0.207,RAIN,False,6,8
12988,2026-06-14,SEC_BTE_GGC,75.0,82.1,87.0,2,9,0.485,FOG,False,6,10
12988,2026-06-14,SEC_GGC_SWM,42.0,50.8,75.6,2,11,0.315,RAIN,False,6,12
12988,2026-06-14,SEC_SWM_KOTA,65.0,74.0,87.6,2,11,0.178,RAIN,False,6,14
12988,2026-06-14,SEC_KOTA_RATL,170.0,178.0,89.7,2,10,0.202,CLEAR,False,6,16
12988,2026-06-14,SEC_RATL_BRC,165.0,173.1,90.5,2,10,0.507,CLEAR,False,6,18
12988,2026-06-14,SEC_BRC_MMCT,250.0,249.6,94.2,2,2,0.459,RAIN,False,6,20
12910,2026-06-14,SEC_NDLS_MTJ,95.0,133.8,63.2,2,41,0.693,STORM,True,6,21
12910,2026-06-14,SEC_MTJ_BTE,25.0,26.3,77.6,2,3,0.284,CLEAR,False,6,23
12910,2026-06-14,SEC_BTE_GGC,75.0,74.2,96.2,2,2,0.212,CLEAR,False,6,1
12910,2026-06-14,SEC_GGC_SWM,42.0,59.2,64.9,2,19,0.573,FOG,False,6,3
12910,2026-06-14,SEC_SWM_KOTA,65.0,71.0,91.3,2,8,0.693,CLEAR,False,6,5
12910,2026-06-14,SEC_KOTA_RATL,170.0,169.4,94.2,2,2,0.64,CLEAR,False,6,7
12910,2026-06-14,SEC_RATL_BRC,165.0,166.2,94.2,2,3,0.875,CLEAR,False,6,9
12910,2026-06-14,SEC_BRC_MMCT,250.0,271.9,86.5,2,24,0.267,RAIN,False,6,11
12952,2026-06-15,SEC_NDLS_MTJ,95.0,103.4,81.8,0,8,0.315,FOG,False,0,16
12952,2026-06-15,SEC_MTJ_BTE,25.0,34.5,59.1,0,10,0.63,FOG,False,0,18
12952,2026-06-15,SEC_BTE_GGC,75.0,130.5,54.7,0,56,0.416,STORM,True,0,20
12952,2026-06-15,SEC_GGC_SWM,42.0,52.4,73.3,0,10,0.573,FOG,False,0,22
12952,2026-06-15,SEC_SWM_KOTA,65.0,61.8,104.9,0,0,0.567,CLEAR,False,0,0
12952,2026-06-15,SEC_KOTA_RATL,170.0,187.3,85.2,0,17,0.451,CLEAR,False,0,2
12952,2026-06-15,SEC_RATL_BRC,165.0,194.6,80.5,0,30,0.164,CLEAR,True,0,4
12952,2026-06-15,SEC_BRC_MMCT,250.0,269.7,87.2,0,20,0.431,CLEAR,False,0,6
12413,2026-06-15,SEC_NDLS_MTJ,95.0,98.3,86.1,5,8,0.667,CLEAR,False,0,7
12413,2026-06-15,SEC_MTJ_BTE,25.0,50.2,40.6,5,30,0.108,RAIN,True,0,9
12413,2026-06-15,SEC_BTE_GGC,75.0,75.3,94.8,5,5,0.339,CLEAR,False,0,11
12413,2026-06-15,SEC_GGC_SWM,42.0,48.9,78.5,5,12,0.211,CLEAR,False,0,13
12413,2026-06-15,SEC_SWM_KOTA,65.0,108.7,59.6,5,49,0.239,STORM,True,0,15
12413,2026-06-15,SEC_KOTA_RATL,170.0,181.8,87.8,5,17,0.196,RAIN,False,0,17
12413,2026-06-15,SEC_RATL_BRC,165.0,190.1,82.4,5,30,0.103,CLEAR,False,0,19
12413,2026-06-15,SEC_BRC_MMCT,250.0,260.8,90.2,5,16,0.269,CLEAR,False,0,21
19020,2026-06-15,SEC_NDLS_MTJ,95.0,108.0,78.3,0,13,0.622,FOG,False,0,23
19020,2026-06-15,SEC_MTJ_BTE,25.0,35.1,58.1,0,10,0.378,RAIN,False,0,1
19020,2026-06-15,SEC_BTE_GGC,75.0,95.1,75.1,0,20,0.614,FOG,False,0,3
19020,2026-06-15,SEC_GGC_SWM,42.0,43.5,88.3,0,2,0.576,CLEAR,False,0,5
19020,2026-06-15,SEC_SWM_KOTA,65.0,70.1,92.4,0,5,0.22,CLEAR,False,0,7
19020,2026-06-15,SEC_KOTA_RATL,170.0,177.7,89.8,0,8,0.378,CLEAR,False,0,9
19020,2026-06-15,SEC_RATL_BRC,165.0,171.6,91.3,0,7,0.551,FOG,False,0,11
19020,2026-06-15,SEC_BRC_MMCT,250.0,263.4,89.3,0,13,0.628,CLEAR,False,0,13
12988,2026-06-15,SEC_NDLS_MTJ,95.0,114.5,73.9,0,20,0.112,RAIN,False,0,6
12988,2026-06-15,SEC_MTJ_BTE,25.0,61.7,33.1,0,37,0.21,STORM,True,0,8
12988,2026-06-15,SEC_BTE_GGC,75.0,77.1,92.6,0,2,0.398,CLEAR,False,0,10
12988,2026-06-15,SEC_GGC_SWM,42.0,62.5,61.4,0,20,0.369,FOG,False,0,12
12988,2026-06-15,SEC_SWM_KOTA,65.0,67.4,96.1,0,2,0.322,CLEAR,False,0,14
12988,2026-06-15,SEC_KOTA_RATL,170.0,231.9,68.8,0,62,0.381,STORM,True,0,16
12988,2026-06-15,SEC_RATL_BRC,165.0,159.1,98.4,0,0,0.102,CLEAR,False,0,18
12988,2026-06-15,SEC_BRC_MMCT,250.0,264.3,89.0,0,14,0.334,CLEAR,False,0,20
12910,2026-06-15,SEC_NDLS_MTJ,95.0,91.3,92.7,0,0,0.232,CLEAR,False,0,21
12910,2026-06-15,SEC_MTJ_BTE,25.0,77.7,26.3,0,53,0.346,STORM,True,0,23
12910,2026-06-15,SEC_BTE_GGC,75.0,73.4,97.3,0,0,0.374,CLEAR,False,0,1
12910,2026-06-15,SEC_GGC_SWM,42.0,45.5,84.4,0,4,0.254,CLEAR,False,0,3
12910,2026-06-15,SEC_SWM_KOTA,65.0,93.4,69.4,0,28,0.342,FOG,False,0,5
12910,2026-06-15,SEC_KOTA_RATL,170.0,199.9,79.8,0,30,0.152,STORM,True,0,7
12910,2026-06-15,SEC_RATL_BRC,165.0,162.9,96.1,0,0,0.385,CLEAR,False,0,9
12910,2026-06-15,SEC_BRC_MMCT,250.0,237.5,99.0,0,0,0.49,CLEAR,False,0,11
12952,2026-06-16,SEC_NDLS_MTJ,95.0,109.0,77.6,0,14,0.629,CLEAR,False,1,16
12952,2026-06-16,SEC_MTJ_BTE,25.0,31.4,65.0,0,6,0.247,FOG,False,1,18
12952,2026-06-16,SEC_BTE_GGC,75.0,82.9,86.1,0,8,0.343,CLEAR,True,1,20
12952,2026-06-16,SEC_GGC_SWM,42.0,49.0,78.4,0,7,0.385,FOG,False,1,22
12952,2026-06-16,SEC_SWM_KOTA,65.0,61.8,104.9,0,0,0.371,CLEAR,False,1,0
12952,2026-06-16,SEC_KOTA_RATL,170.0,161.5,98.8,0,0,0.551,CLEAR,False,1,2
12952,2026-06-16,SEC_RATL_BRC,165.0,173.0,90.5,0,8,0.516,CLEAR,False,1,4
12952,2026-06-16,SEC_BRC_MMCT,250.0,238.4,98.7,0,0,0.483,CLEAR,False,1,6
12413,2026-06-16,SEC_NDLS_MTJ,95.0,90.5,93.5,4,4,0.171,CLEAR,False,1,7
12413,2026-06-16,SEC_MTJ_BTE,25.0,26.5,77.0,4,6,0.341,CLEAR,False,1,9
12413,2026-06-16,SEC_BTE_GGC,75.0,74.2,96.2,4,4,0.558,CLEAR,False,1,11
12413,2026-06-16,SEC_GGC_SWM,42.0,58.6,65.5,4,21,0.586,FOG,False,1,13
12413,2026-06-16,SEC_SWM_KOTA,65.0,79.8,81.2,4,19,0.697,RAIN,False,1,15
12413,2026-06-16,SEC_KOTA_RATL,170.0,161.5,98.8,4,4,0.562,CLEAR,False,1,17
12413,2026-06-16,SEC_RATL_BRC,165.0,214.7,72.9,4,54,0.649,STORM,True,1,19
12413,2026-06-16,SEC_BRC_MMCT,250.0,252.1,93.3,4,6,0.531,CLEAR,False,1,21
19020,2026-06-16,SEC_NDLS_MTJ,95.0,132.1,64.0,0,37,0.563,STORM,True,1,23
19020,2026-06-16,SEC_MTJ_BTE,25.0,33.0,61.8,0,8,0.351,RAIN,False,1,1
19020,2026-06-16,SEC_BTE_GGC,75.0,87.1,82.0,0,12,0.423,RAIN,False,1,3
19020,2026-06-16,SEC_GGC_SWM,42.0,48.8,78.7,0,7,0.647,CLEAR,False,1,5
19020,2026-06-16,SEC_SWM_KOTA,65.0,65.2,99.4,0,0,0.57,CLEAR,False,1,7
19020,2026-06-16,SEC_KOTA_RATL,170.0,167.3,95.4,0,0,0.656,FOG,False,1,9
19020,2026-06-16,SEC_RATL_BRC,165.0,239.7,65.3,0,75,0.233,STORM,True,1,11
19020,2026-06-16,SEC_BRC_MMCT,250.0,271.8,86.5,0,22,0.611,CLEAR,False,1,13
12988,2026-06-16,SEC_NDLS_MTJ,95.0,144.9,58.4,1,51,0.407,STORM,True,1,6
12988,2026-06-16,SEC_MTJ_BTE,25.0,27.2,75.0,1,3,0.279,CLEAR,False,1,8
12988,2026-06-16,SEC_BTE_GGC,75.0,95.2,75.0,1,21,0.424,STORM,True,1,10
12988,2026-06-16,SEC_GGC_SWM,42.0,42.3,90.8,1,1,0.349,CLEAR,False,1,12
12988,2026-06-16,SEC_SWM_KOTA,65.0,72.8,89.0,1,9,0.296,CLEAR,False,1,14
12988,2026-06-16,SEC_KOTA_RATL,170.0,176.0,90.7,1,7,0.671,RAIN,False,1,16
12988,2026-06-16,SEC_RATL_BRC,165.0,156.8,99.9,1,1,0.424,CLEAR,False,1,18
12988,2026-06-16,SEC_BRC_MMCT,250.0,259.5,90.6,1,11,0.383,CLEAR,False,1,20
12910,2026-06-16,SEC_NDLS_MTJ,95.0,106.5,79.4,2,14,0.172,CLEAR,False,1,21
12910,2026-06-16,SEC_MTJ_BTE,25.0,27.8,73.4,2,5,0.231,CLEAR,False,1,23
12910,2026-06-16,SEC_BTE_GGC,75.0,109.3,65.3,2,36,0.252,STORM,True,1,1
12910,2026-06-16,SEC_GGC_SWM,42.0,85.2,45.1,2,45,0.277,STORM,True,1,3
12910,2026-06-16,SEC_SWM_KOTA,65.0,61.8,104.9,2,2,0.458,CLEAR,False,1,5
12910,2026-06-16,SEC_KOTA_RATL,170.0,161.8,98.6,2,2,0.646,CLEAR,False,1,7
12910,2026-06-16,SEC_RATL_BRC,165.0,200.6,78.1,2,38,0.135,STORM,True,1,9
12910,2026-06-16,SEC_BRC_MMCT,250.0,241.1,97.6,2,2,0.559,CLEAR,False,1,11
12952,2026-06-17,SEC_NDLS_MTJ,95.0,108.1,78.3,0,13,0.552,FOG,False,2,16
12952,2026-06-17,SEC_MTJ_BTE,25.0,23.8,85.7,0,0,0.624,CLEAR,False,2,18
12952,2026-06-17,SEC_BTE_GGC,75.0,84.8,84.2,0,10,0.171,RAIN,False,2,20
12952,2026-06-17,SEC_GGC_SWM,42.0,72.4,53.0,0,30,0.34,STORM,True,2,22
12952,2026-06-17,SEC_SWM_KOTA,65.0,78.2,82.9,0,13,0.378,FOG,False,2,0
12952,2026-06-17,SEC_KOTA_RATL,170.0,161.5,98.8,0,0,0.59,RAIN,False,2,2
12952,2026-06-17,SEC_RATL_BRC,165.0,164.4,95.3,0,0,0.13,CLEAR,False,2,4
12952,2026-06-17,SEC_BRC_MMCT,250.0,279.9,84.0,0,30,0.33,RAIN,False,2,6
12413,2026-06-17,SEC_NDLS_MTJ,95.0,101.5,83.3,4,10,0.213,RAIN,False,2,7
12413,2026-06-17,SEC_MTJ_BTE,25.0,29.3,69.6,4,8,0.542,CLEAR,False,2,9
12413,2026-06-17,SEC_BTE_GGC,75.0,80.0,89.2,4,9,0.541,CLEAR,False,2,11
12413,2026-06-17,SEC_GGC_SWM,42.0,41.2,93.2,4,4,0.569,CLEAR,False,2,13
12413,2026-06-17,SEC_SWM_KOTA,65.0,70.8,91.5,4,10,0.669,CLEAR,False,2,15
12413,2026-06-17,SEC_KOTA_RATL,170.0,161.5,98.8,4,4,0.686,RAIN,False,2,17
12413,2026-06-17,SEC_RATL_BRC,165.0,176.6,88.7,4,16,0.638,CLEAR,True,2,19
12413,2026-06-17,SEC_BRC_MMCT,250.0,261.9,89.8,4,16,0.666,RAIN,False,2,21
19020,2026-06-17,SEC_NDLS_MTJ,95.0,93.9,90.1,2,2,0.539,CLEAR,False,2,23
19020,2026-06-17,SEC_MTJ_BTE,25.0,45.9,44.4,2,23,0.641,FOG,False,2,1
19020,2026-06-17,SEC_BTE_GGC,75.0,90.4,79.0,2,17,0.487,RAIN,False,2,3
19020,2026-06-17,SEC_GGC_SWM,42.0,39.9,96.2,2,2,0.107,CLEAR,False,2,5
19020,2026-06-17,SEC_SWM_KOTA,65.0,74.4,87.1,2,11,0.302,RAIN,False,2,7
19020,2026-06-17,SEC_KOTA_RATL,170.0,184.5,86.5,2,16,0.257,CLEAR,False,2,9
19020,2026-06-17,SEC_RATL_BRC,165.0,156.8,99.9,2,2,0.596,RAIN,False,2,11
19020,2026-06-17,SEC_BRC_MMCT,250.0,250.0,94.1,2,2,0.628,FOG,False,2,13
12988,2026-06-17,SEC_NDLS_MTJ,95.0,112.6,75.1,0,18,0.345,FOG,False,2,6
12988,2026-06-17,SEC_MTJ_BTE,25.0,70.3,29.0,0,45,0.649,STORM,True,2,8
12988,2026-06-17,SEC_BTE_GGC,75.0,75.5,94.6,0,0,0.284,CLEAR,False,2,10
12988,2026-06-17,SEC_GGC_SWM,42.0,59.2,64.9,0,17,0.289,FOG,False,2,12
12988,2026-06-17,SEC_SWM_KOTA,65.0,61.8,104.9,0,0,0.202,FOG,False,2,14
12988,2026-06-17,SEC_KOTA_RATL,170.0,227.7,70.1,0,58,0.208,STORM,True,2,16
12988,2026-06-17,SEC_RATL_BRC,165.0,172.5,90.8,0,8,0.143,RAIN,False,2,18
12988,2026-06-17,SEC_BRC_MMCT,250.0,266.4,88.3,0,16,0.611,CLEAR,False,2,20
12910,2026-06-17,SEC_NDLS_MTJ,95.0,108.3,78.1,8,21,0.396,CLEAR,False,2,21
12910,2026-06-17,SEC_MTJ_BTE,25.0,29.5,69.2,8,12,0.654,CLEAR,False,2,23
12910,2026-06-17,SEC_BTE_GGC,75.0,83.4,85.6,8,16,0.554,CLEAR,False,2,1
12910,2026-06-17,SEC_GGC_SWM,42.0,46.7,82.2,8,13,0.517,CLEAR,False,2,3
12910,2026-06-17,SEC_SWM_KOTA,65.0,68.2,95.0,8,11,0.311,CLEAR,False,2,5
12910,2026-06-17,SEC_KOTA_RATL,170.0,202.1,79.0,8,40,0.308,RAIN,True,2,7
12910,2026-06-17,SEC_RATL_BRC,165.0,166.0,94.3,8,9,0.531,FOG,False,2,9
12910,2026-06-17,SEC_BRC_MMCT,250.0,240.1,98.0,8,8,0.593,CLEAR,False,2,11
12952,2026-06-18,SEC_NDLS_MTJ,95.0,149.9,56.4,0,55,0.287,STORM,True,3,16
12952,2026-06-18,SEC_MTJ_BTE,25.0,51.4,39.7,0,26,0.428,STORM,True,3,18
12952,2026-06-18,SEC_BTE_GGC,75.0,91.1,78.4,0,16,0.196,FOG,False,3,20
12952,2026-06-18,SEC_GGC_SWM,42.0,49.2,78.0,0,7,0.669,RAIN,False,3,22
12952,2026-06-18,SEC_SWM_KOTA,65.0,78.2,82.9,0,13,0.107,FOG,False,3,0
12952,2026-06-18,SEC_KOTA_RATL,170.0,173.7,91.9,0,4,0.526,CLEAR,False,3,2
12952,2026-06-18,SEC_RATL_BRC,165.0,202.1,77.5,0,37,0.351,STORM,True,3,4
12952,2026-06-18,SEC_BRC_MMCT,250.0,286.8,82.0,0,37,0.557,RAIN,False,3,6
12413,2026-06-18,SEC_NDLS_MTJ,95.0,99.5,85.0,4,8,0.681,RAIN,False,3,7
12413,2026-06-18,SEC_MTJ_BTE,25.0,26.2,77.9,4,5,0.534,CLEAR,False,3,9
12413,2026-06-18,SEC_BTE_GGC,75.0,77.4,92.2,4,6,0.22,CLEAR,False,3,11
12413,2026-06-18,SEC_GGC_SWM,42.0,41.8,91.9,4,4,0.437,CLEAR,False,3,13
12413,2026-06-18,SEC_SWM_KOTA,65.0,118.2,54.8,4,57,0.172,STORM,True,3,15
12413,2026-06-18,SEC_KOTA_RATL,170.0,189.2,84.4,4,23,0.236,CLEAR,True,3,17
12413,2026-06-18,SEC_RATL_BRC,165.0,162.1,96.6,4,4,0.278,CLEAR,False,3,19
12413,2026-06-18,SEC_BRC_MMCT,250.0,237.5,99.0,4,4,0.637,CLEAR,False,3,21
19020,2026-06-18,SEC_NDLS_MTJ,95.0,96.5,87.7,10,12,0.443,CLEAR,False,3,23
19020,2026-06-18,SEC_MTJ_BTE,25.0,32.8,62.2,10,18,0.344,FOG,False,3,1
19020,2026-06-18,SEC_BTE_GGC,75.0,82.3,86.8,10,17,0.686,CLEAR,False,3,3
19020,2026-06-18,SEC_GGC_SWM,42.0,53.5,71.8,10,22,0.644,FOG,False,3,5
19020,2026-06-18,SEC_SWM_KOTA,65.0,67.4,96.1,10,12,0.588,CLEAR,False,3,7
19020,2026-06-18,SEC_KOTA_RATL,170.0,174.3,91.6,10,14,0.419,CLEAR,False,3,9
19020,2026-06-18,SEC_RATL_BRC,165.0,174.7,89.6,10,20,0.453,CLEAR,False,3,11
19020,2026-06-18,SEC_BRC_MMCT,250.0,280.1,84.0,10,40,0.242,STORM,True,3,13
12988,2026-06-18,SEC_NDLS_MTJ,95.0,152.9,55.3,1,59,0.22,STORM,True,3,6
12988,2026-06-18,SEC_MTJ_BTE,25.0,27.7,73.6,1,4,0.212,RAIN,False,3,8
12988,2026-06-18,SEC_BTE_GGC,75.0,85.2,83.8,1,11,0.618,FOG,False,3,10
12988,2026-06-18,SEC_GGC_SWM,42.0,45.8,83.8,1,5,0.689,CLEAR,False,3,12
12988,2026-06-18,SEC_SWM_KOTA,65.0,95.0,68.2,1,31,0.434,STORM,True,3,14
12988,2026-06-18,SEC_KOTA_RATL,170.0,199.5,80.0,1,31,0.437,STORM,True,3,16
12988,2026-06-18,SEC_RATL_BRC,165.0,165.0,94.9,1,1,0.603,CLEAR,False,3,18
12988,2026-06-18,SEC_BRC_MMCT,250.0,298.8,78.7,1,50,0.323,STORM,True,3,20
12910,2026-06-18,SEC_NDLS_MTJ,95.0,104.1,81.3,6,15,0.587,CLEAR,False,3,21
12910,2026-06-18,SEC_MTJ_BTE,25.0,30.2,67.5,6,11,0.618,CLEAR,False,3,23
12910,2026-06-18,SEC_BTE_GGC,75.0,81.6,87.5,6,13,0.312,CLEAR,False,3,1
12910,2026-06-18,SEC_GGC_SWM,42.0,82.9,46.3,6,47,0.103,STORM,True,3,3
12910,2026-06-18,SEC_SWM_KOTA,65.0,86.1,75.3,6,27,0.29,FOG,False,3,5
12910,2026-06-18,SEC_KOTA_RATL,170.0,175.5,90.9,6,12,0.247,CLEAR,False,3,7
12910,2026-06-18,SEC_RATL_BRC,165.0,212.4,73.7,6,53,0.325,STORM,True,3,9
12910,2026-06-18,SEC_BRC_MMCT,250.0,285.6,82.4,6,42,0.292,FOG,False,3,11
12952,2026-06-19,SEC_NDLS_MTJ,95.0,94.4,89.6,0,0,0.419,RAIN,False,4,16
12952,2026-06-19,SEC_MTJ_BTE,25.0,39.8,51.3,0,15,0.631,FOG,False,4,18
12952,2026-06-19,SEC_BTE_GGC,75.0,76.7,93.1,0,2,0.476,RAIN,False,4,20
12952,2026-06-19,SEC_GGC_SWM,42.0,40.8,94.1,0,0,0.696,CLEAR,False,4,22
12952,2026-06-19,SEC_SWM_KOTA,65.0,72.2,89.8,0,7,0.247,CLEAR,False,4,0
12952,2026-06-19,SEC_KOTA_RATL,170.0,188.3,84.8,0,18,0.23,FOG,False,4,2
12952,2026-06-19,SEC_RATL_BRC,165.0,197.1,79.5,0,32,0.387,STORM,True,4,4
12952,2026-06-19,SEC_BRC_MMCT,250.0,253.4,92.8,0,3,0.293,RAIN,False,4,6
12413,2026-06-19,SEC_NDLS_MTJ,95.0,110.0,76.9,3,18,0.456,FOG,False,4,7
12413,2026-06-19,SEC_MTJ_BTE,25.0,27.6,73.9,3,6,0.421,CLEAR,False,4,9
12413,2026-06-19,SEC_BTE_GGC,75.0,114.5,62.4,3,43,0.209,STORM,True,4,11
12413,2026-06-19,SEC_GGC_SWM,42.0,41.7,92.1,3,3,0.276,CLEAR,False,4,13
12413,2026-06-19,SEC_SWM_KOTA,65.0,69.0,93.9,3,7,0.19,RAIN,False,4,15
12413,2026-06-19,SEC_KOTA_RATL,170.0,161.5,98.8,3,3,0.514,CLEAR,False,4,17
12413,2026-06-19,SEC_RATL_BRC,165.0,176.7,88.6,3,15,0.441,FOG,False,4,19
12413,2026-06-19,SEC_BRC_MMCT,250.0,279.6,84.1,3,33,0.599,STORM,True,4,21
19020,2026-06-19,SEC_NDLS_MTJ,95.0,129.6,65.3,6,41,0.535,STORM,True,4,23
19020,2026-06-19,SEC_MTJ_BTE,25.0,66.5,30.7,6,48,0.404,STORM,True,4,1
19020,2026-06-19,SEC_BTE_GGC,75.0,109.1,65.4,6,40,0.582,FOG,True,4,3
19020,2026-06-19,SEC_GGC_SWM,42.0,45.6,84.2,6,10,0.578,CLEAR,False,4,5
19020,2026-06-19,SEC_SWM_KOTA,65.0,68.0,95.3,6,9,0.575,CLEAR,False,4,7
19020,2026-06-19,SEC_KOTA_RATL,170.0,189.1,84.4,6,25,0.555,FOG,False,4,9
19020,2026-06-19,SEC_RATL_BRC,165.0,182.4,85.9,6,23,0.101,CLEAR,False,4,11
19020,2026-06-19,SEC_BRC_MMCT,250.0,241.7,97.3,6,6,0.497,CLEAR,False,4,13
12988,2026-06-19,SEC_NDLS_MTJ,95.0,95.1,89.0,3,3,0.537,CLEAR,False,4,6
12988,2026-06-19,SEC_MTJ_BTE,25.0,28.2,72.3,3,6,0.231,CLEAR,False,4,8
12988,2026-06-19,SEC_BTE_GGC,75.0,117.4,60.8,3,45,0.445,STORM,True,4,10
12988,2026-06-19,SEC_GGC_SWM,42.0,48.5,79.2,3,9,0.454,RAIN,False,4,12
12988,2026-06-19,SEC_SWM_KOTA,65.0,69.2,93.6,3,7,0.58,CLEAR,False,4,14
12988,2026-06-19,SEC_KOTA_RATL,170.0,190.0,84.0,3,23,0.685,CLEAR,False,4,16
12988,2026-06-19,SEC_RATL_BRC,165.0,177.7,88.1,3,16,0.451,CLEAR,False,4,18
12988,2026-06-19,SEC_BRC_MMCT,250.0,244.7,96.1,3,3,0.437,CLEAR,False,4,20
12910,2026-06-19,SEC_NDLS_MTJ,95.0,92.5,91.5,0,0,0.362,CLEAR,False,4,21
12910,2026-06-19,SEC_MTJ_BTE,25.0,26.3,77.6,0,1,0.283,RAIN,False,4,23
12910,2026-06-19,SEC_BTE_GGC,75.0,129.1,55.3,0,54,0.197,STORM,True,4,1
12910,2026-06-19,SEC_GGC_SWM,42.0,56.0,68.6,0,14,0.679,RAIN,False,4,3
12910,2026-06-19,SEC_SWM_KOTA,65.0,82.9,78.2,0,18,0.494,FOG,False,4,5
12910,2026-06-19,SEC_KOTA_RATL,170.0,207.4,77.0,0,37,0.22,STORM,True,4,7
12910,2026-06-19,SEC_RATL_BRC,165.0,194.7,80.4,0,30,0.688,STORM,True,4,9
12910,2026-06-19,SEC_BRC_MMCT,250.0,245.4,95.8,0,0,0.474,FOG,False,4,11
12952,2026-06-20,SEC_NDLS_MTJ,95.0,90.7,93.3,0,0,0.103,RAIN,False,5,16
12952,2026-06-20,SEC_MTJ_BTE,25.0,27.9,73.1,0,3,0.804,RAIN,False,5,18
12952,2026-06-20,SEC_BTE_GGC,75.0,72.7,98.2,0,0,0.385,CLEAR,False,5,20
12952,2026-06-20,SEC_GGC_SWM,42.0,93.2,41.2,0,51,0.841,STORM,True,5,22
12952,2026-06-20,SEC_SWM_KOTA,65.0,76.8,84.4,0,12,0.893,FOG,False,5,0
12952,2026-06-20,SEC_KOTA_RATL,170.0,191.2,83.5,0,21,0.73,FOG,False,5,2
12952,2026-06-20,SEC_RATL_BRC,165.0,205.6,76.2,0,41,0.146,STORM,True,5,4
12952,2026-06-20,SEC_BRC_MMCT,250.0,255.7,92.0,0,6,0.716,CLEAR,False,5,6
12413,2026-06-20,SEC_NDLS_MTJ,95.0,90.2,93.8,1,1,0.425,CLEAR,False,5,7
12413,2026-06-20,SEC_MTJ_BTE,25.0,38.3,53.3,1,14,0.684,FOG,False,5,9
12413,2026-06-20,SEC_BTE_GGC,75.0,78.7,90.7,1,5,0.339,CLEAR,False,5,11
12413,2026-06-20,SEC_GGC_SWM,42.0,42.4,90.6,1,1,0.366,CLEAR,False,5,13
12413,2026-06-20,SEC_SWM_KOTA,65.0,66.8,97.0,1,3,0.721,CLEAR,False,5,15
12413,2026-06-20,SEC_KOTA_RATL,170.0,188.1,84.8,1,19,0.759,FOG,False,5,17
12413,2026-06-20,SEC_RATL_BRC,165.0,165.3,94.7,1,1,0.208,RAIN,False,5,19
12413,2026-06-20,SEC_BRC_MMCT,250.0,293.8,80.1,1,45,0.111,RAIN,False,5,21
19020,2026-06-20,SEC_NDLS_MTJ,95.0,171.1,49.4,6,82,0.494,STORM,True,5,23
19020,2026-06-20,SEC_MTJ_BTE,25.0,35.7,57.1,6,17,0.115,RAIN,False,5,1
19020,2026-06-20,SEC_BTE_GGC,75.0,88.3,80.9,6,19,0.886,CLEAR,False,5,3
19020,2026-06-20,SEC_GGC_SWM,42.0,47.3,81.2,6,11,0.876,CLEAR,False,5,5
19020,2026-06-20,SEC_SWM_KOTA,65.0,67.5,96.0,6,8,0.324,CLEAR,False,5,7
19020,2026-06-20,SEC_KOTA_RATL,170.0,171.1,93.3,6,7,0.452,CLEAR,False,5,9
19020,2026-06-20,SEC_RATL_BRC,165.0,176.7,88.6,6,18,0.865,CLEAR,False,5,11
19020,2026-06-20,SEC_BRC_MMCT,250.0,309.0,76.1,6,65,0.518,STORM,True,5,13
12988,2026-06-20,SEC_NDLS_MTJ,95.0,90.2,93.8,4,4,0.516,CLEAR,False,5,6
12988,2026-06-20,SEC_MTJ_BTE,25.0,27.5,74.2,4,6,0.276,CLEAR,False,5,8
12988,2026-06-20,SEC_BTE_GGC,75.0,73.3,97.4,4,4,0.401,CLEAR,False,5,10
12988,2026-06-20,SEC_GGC_SWM,42.0,51.8,74.1,4,14,0.779,RAIN,False,5,12
12988,2026-06-20,SEC_SWM_KOTA,65.0,76.7,84.5,4,16,0.271,CLEAR,False,5,14
12988,2026-06-20,SEC_KOTA_RATL,170.0,166.9,95.6,4,4,0.501,CLEAR,False,5,16
12988,2026-06-20,SEC_RATL_BRC,165.0,156.8,99.9,4,4,0.551,CLEAR,False,5,18
12988,2026-06-20,SEC_BRC_MMCT,250.0,260.7,90.2,4,15,0.68,CLEAR,False,5,20
12910,2026-06-20,SEC_NDLS_MTJ,95.0,125.0,67.7,8,38,0.221,RAIN,True,5,21
12910,2026-06-20,SEC_MTJ_BTE,25.0,46.2,44.2,8,29,0.318,FOG,False,5,23
12910,2026-06-20,SEC_BTE_GGC,75.0,83.6,85.4,8,17,0.542,CLEAR,False,5,1
12910,2026-06-20,SEC_GGC_SWM,42.0,43.2,88.9,8,9,0.351,FOG,False,5,3
12910,2026-06-20,SEC_SWM_KOTA,65.0,77.1,84.0,8,20,0.648,RAIN,False,5,5
12910,2026-06-20,SEC_KOTA_RATL,170.0,161.5,98.8,8,8,0.146,CLEAR,False,5,7
12910,2026-06-20,SEC_RATL_BRC,165.0,220.7,71.0,8,64,0.602,STORM,True,5,9
12910,2026-06-20,SEC_BRC_MMCT,250.0,292.4,80.4,8,50,0.224,RAIN,True,5,11
12952,2026-06-21,SEC_NDLS_MTJ,95.0,158.9,53.2,0,64,0.187,STORM,True,6,16
12952,2026-06-21,SEC_MTJ_BTE,25.0,35.3,57.8,0,10,0.537,RAIN,False,6,18
12952,2026-06-21,SEC_BTE_GGC,75.0,85.8,83.2,0,11,0.778,RAIN,False,6,20
12952,2026-06-21,SEC_GGC_SWM,42.0,79.1,48.5,0,37,0.421,FOG,True,6,22
12952,2026-06-21,SEC_SWM_KOTA,65.0,62.2,104.2,0,0,0.206,CLEAR,False,6,0
12952,2026-06-21,SEC_KOTA_RATL,170.0,170.7,93.5,0,1,0.824,CLEAR,False,6,2
12952,2026-06-21,SEC_RATL_BRC,165.0,180.2,86.9,0,15,0.463,CLEAR,False,6,4
12952,2026-06-21,SEC_BRC_MMCT,250.0,261.1,90.1,0,11,0.515,RAIN,False,6,6
12413,2026-06-21,SEC_NDLS_MTJ,95.0,90.5,93.5,2,2,0.111,CLEAR,False,6,7
12413,2026-06-21,SEC_MTJ_BTE,25.0,26.2,77.9,2,3,0.363,CLEAR,False,6,9
12413,2026-06-21,SEC_BTE_GGC,75.0,89.1,80.1,2,16,0.126,FOG,False,6,11
12413,2026-06-21,SEC_GGC_SWM,42.0,45.1,85.1,2,5,0.669,CLEAR,False,6,13
12413,2026-06-21,SEC_SWM_KOTA,65.0,78.7,82.3,2,16,0.184,RAIN,False,6,15
12413,2026-06-21,SEC_KOTA_RATL,170.0,216.9,73.6,2,49,0.182,STORM,True,6,17
12413,2026-06-21,SEC_RATL_BRC,165.0,158.3,98.9,2,2,0.529,CLEAR,False,6,19
12413,2026-06-21,SEC_BRC_MMCT,250.0,265.4,88.6,2,17,0.13,RAIN,False,6,21
19020,2026-06-21,SEC_NDLS_MTJ,95.0,110.5,76.6,6,22,0.806,RAIN,False,6,23
19020,2026-06-21,SEC_MTJ_BTE,25.0,44.1,46.3,6,25,0.43,RAIN,False,6,1
19020,2026-06-21,SEC_BTE_GGC,75.0,85.3,83.7,6,16,0.439,CLEAR,False,6,3
19020,2026-06-21,SEC_GGC_SWM,42.0,39.9,96.2,6,6,0.484,CLEAR,False,6,5
19020,2026-06-21,SEC_SWM_KOTA,65.0,64.9,99.8,6,6,0.856,CLEAR,False,6,7
19020,2026-06-21,SEC_KOTA_RATL,170.0,234.0,68.2,6,70,0.451,STORM,True,6,9
19020,2026-06-21,SEC_RATL_BRC,165.0,212.3,73.8,6,53,0.13,STORM,True,6,11
19020,2026-06-21,SEC_BRC_MMCT,250.0,249.8,94.2,6,6,0.34,CLEAR,False,6,13
12988,2026-06-21,SEC_NDLS_MTJ,95.0,96.0,88.1,4,5,0.303,CLEAR,False,6,6
12988,2026-06-21,SEC_MTJ_BTE,25.0,28.7,71.1,4,8,0.407,CLEAR,False,6,8
12988,2026-06-21,SEC_BTE_GGC,75.0,74.3,96.1,4,4,0.606,CLEAR,False,6,10
12988,2026-06-21,SEC_GGC_SWM,42.0,47.7,80.5,4,10,0.151,RAIN,False,6,12
12988,2026-06-21,SEC_SWM_KOTA,65.0,61.8,104.9,4,4,0.632,CLEAR,False,6,14
12988,2026-06-21,SEC_KOTA_RATL,170.0,179.3,89.0,4,13,0.711,CLEAR,False,6,16
12988,2026-06-21,SEC_RATL_BRC,165.0,156.8,99.9,4,4,0.304,CLEAR,False,6,18
12988,2026-06-21,SEC_BRC_MMCT,250.0,244.2,96.3,4,4,0.675,CLEAR,False,6,20
12910,2026-06-21,SEC_NDLS_MTJ,95.0,105.6,80.1,2,13,0.123,CLEAR,False,6,21
12910,2026-06-21,SEC_MTJ_BTE,25.0,37.9,53.8,2,15,0.568,RAIN,False,6,23
12910,2026-06-21,SEC_BTE_GGC,75.0,83.7,85.3,2,11,0.462,CLEAR,False,6,1
12910,2026-06-21,SEC_GGC_SWM,42.0,48.0,80.0,2,8,0.351,CLEAR,False,6,3
12910,2026-06-21,SEC_SWM_KOTA,65.0,74.9,86.5,2,12,0.779,CLEAR,False,6,5
12910,2026-06-21,SEC_KOTA_RATL,170.0,186.2,85.7,2,18,0.891,CLEAR,False,6,7
12910,2026-06-21,SEC_RATL_BRC,165.0,191.6,81.7,2,29,0.594,FOG,False,6,9
12910,2026-06-21,SEC_BRC_MMCT,250.0,254.1,92.6,2,6,0.423,CLEAR,False,6,11
12952,2026-06-22,SEC_NDLS_MTJ,95.0,90.2,93.8,0,0,0.282,CLEAR,False,0,16
12952,2026-06-22,SEC_MTJ_BTE,25.0,26.3,77.6,0,1,0.33,CLEAR,False,0,18
12952,2026-06-22,SEC_BTE_GGC,75.0,83.0,86.0,0,8,0.55,RAIN,False,0,20
12952,2026-06-22,SEC_GGC_SWM,42.0,39.9,96.2,0,0,0.392,CLEAR,False,0,22
12952,2026-06-22,SEC_SWM_KOTA,65.0,67.1,96.6,0,2,0.127,CLEAR,False,0,0
12952,2026-06-22,SEC_KOTA_RATL,170.0,189.3,84.3,0,19,0.301,CLEAR,False,0,2
12952,2026-06-22,SEC_RATL_BRC,165.0,164.5,95.2,0,0,0.655,CLEAR,False,0,4
12952,2026-06-22,SEC_BRC_MMCT,250.0,266.8,88.2,0,17,0.28,CLEAR,False,0,6
12413,2026-06-22,SEC_NDLS_MTJ,95.0,105.4,80.3,2,12,0.543,CLEAR,False,0,7
12413,2026-06-22,SEC_MTJ_BTE,25.0,28.3,72.1,2,5,0.518,CLEAR,False,0,9
12413,2026-06-22,SEC_BTE_GGC,75.0,74.0,96.5,2,2,0.18,CLEAR,False,0,11
12413,2026-06-22,SEC_GGC_SWM,42.0,94.7,40.5,2,55,0.361,STORM,True,0,13
12413,2026-06-22,SEC_SWM_KOTA,65.0,69.4,93.4,2,6,0.16,RAIN,False,0,15
12413,2026-06-22,SEC_KOTA_RATL,170.0,161.5,98.8,2,2,0.139,CLEAR,False,0,17
12413,2026-06-22,SEC_RATL_BRC,165.0,205.0,76.4,2,42,0.162,STORM,True,0,19
12413,2026-06-22,SEC_BRC_MMCT,250.0,245.8,95.7,2,2,0.292,FOG,False,0,21
19020,2026-06-22,SEC_NDLS_MTJ,95.0,128.6,65.8,0,34,0.491,FOG,False,0,23
19020,2026-06-22,SEC_MTJ_BTE,25.0,67.7,30.1,0,43,0.143,STORM,True,0,1
19020,2026-06-22,SEC_BTE_GGC,75.0,78.6,90.8,0,4,0.217,CLEAR,False,0,3
19020,2026-06-22,SEC_GGC_SWM,42.0,46.3,82.9,0,4,0.111,CLEAR,False,0,5
19020,2026-06-22,SEC_SWM_KOTA,65.0,92.1,70.4,0,27,0.157,STORM,True,0,7
19020,2026-06-22,SEC_KOTA_RATL,170.0,178.2,89.6,0,8,0.44,CLEAR,False,0,9
19020,2026-06-22,SEC_RATL_BRC,165.0,171.7,91.2,0,7,0.544,CLEAR,False,0,11
19020,2026-06-22,SEC_BRC_MMCT,250.0,258.3,91.1,0,8,0.452,CLEAR,False,0,13
12988,2026-06-22,SEC_NDLS_MTJ,95.0,135.3,62.5,1,41,0.117,STORM,True,0,6
12988,2026-06-22,SEC_MTJ_BTE,25.0,29.8,68.5,1,6,0.234,RAIN,False,0,8
12988,2026-06-22,SEC_BTE_GGC,75.0,79.6,89.7,1,6,0.673,CLEAR,False,0,10
12988,2026-06-22,SEC_GGC_SWM,42.0,52.7,72.9,1,12,0.3,FOG,False,0,12
12988,2026-06-22,SEC_SWM_KOTA,65.0,70.0,92.6,1,6,0.357,CLEAR,False,0,14
12988,2026-06-22,SEC_KOTA_RATL,170.0,212.6,75.1,1,44,0.133,STORM,True,0,16
12988,2026-06-22,SEC_RATL_BRC,165.0,199.7,78.4,1,36,0.502,STORM,True,0,18
12988,2026-06-22,SEC_BRC_MMCT,250.0,237.5,99.0,1,1,0.598,CLEAR,False,0,20
12910,2026-06-22,SEC_NDLS_MTJ,95.0,90.2,93.8,10,10,0.689,CLEAR,False,0,21
12910,2026-06-22,SEC_MTJ_BTE,25.0,38.0,53.7,10,23,0.322,FOG,False,0,23
12910,2026-06-22,SEC_BTE_GGC,75.0,71.2,100.3,10,10,0.163,FOG,False,0,1
12910,2026-06-22,SEC_GGC_SWM,42.0,47.5,80.8,10,16,0.627,CLEAR,False,0,3
12910,2026-06-22,SEC_SWM_KOTA,65.0,80.8,80.2,10,26,0.291,FOG,False,0,5
12910,2026-06-22,SEC_KOTA_RATL,170.0,180.6,88.4,10,21,0.628,CLEAR,False,0,7
12910,2026-06-22,SEC_RATL_BRC,165.0,160.7,97.4,10,10,0.626,CLEAR,False,0,9
12910,2026-06-22,SEC_BRC_MMCT,250.0,237.5,99.0,10,10,0.194,CLEAR,False,0,11
12952,2026-06-23,SEC_NDLS_MTJ,95.0,139.2,60.8,0,44,0.475,STORM,True,1,16
12952,2026-06-23,SEC_MTJ_BTE,25.0,73.4,27.8,0,48,0.357,STORM,True,1,18
12952,2026-06-23,SEC_BTE_GGC,75.0,82.9,86.1,0,8,0.439,RAIN,False,1,20
12952,2026-06-23,SEC_GGC_SWM,42.0,89.0,43.1,0,47,0.146,STORM,True,1,22
12952,2026-06-23,SEC_SWM_KOTA,65.0,61.8,104.9,0,0,0.569,CLEAR,False,1,0
12952,2026-06-23,SEC_KOTA_RATL,170.0,161.5,98.8,0,0,0.328,CLEAR,False,1,2
12952,2026-06-23,SEC_RATL_BRC,165.0,156.8,99.9,0,0,0.264,CLEAR,False,1,4
12952,2026-06-23,SEC_BRC_MMCT,250.0,237.5,99.0,0,0,0.265,CLEAR,False,1,6
12413,2026-06-23,SEC_NDLS_MTJ,95.0,103.9,81.4,2,11,0.455,FOG,False,1,7
12413,2026-06-23,SEC_MTJ_BTE,25.0,30.9,66.0,2,8,0.695,CLEAR,False,1,9
12413,2026-06-23,SEC_BTE_GGC,75.0,78.4,91.1,2,5,0.223,CLEAR,False,1,11
12413,2026-06-23,SEC_GGC_SWM,42.0,49.1,78.2,2,9,0.28,RAIN,False,1,13
12413,2026-06-23,SEC_SWM_KOTA,65.0,114.5,56.6,2,52,0.148,STORM,True,1,15
12413,2026-06-23,SEC_KOTA_RATL,170.0,165.6,96.4,2,2,0.371,CLEAR,False,1,17
12413,2026-06-23,SEC_RATL_BRC,165.0,169.3,92.5,2,6,0.232,CLEAR,False,1,19
12413,2026-06-23,SEC_BRC_MMCT,250.0,281.1,83.7,2,33,0.341,RAIN,True,1,21
19020,2026-06-23,SEC_NDLS_MTJ,95.0,95.5,88.6,0,0,0.263,CLEAR,False,1,23
19020,2026-06-23,SEC_MTJ_BTE,25.0,29.2,69.9,0,4,0.264,CLEAR,False,1,1
19020,2026-06-23,SEC_BTE_GGC,75.0,82.3,86.8,0,7,0.259,RAIN,False,1,3
19020,2026-06-23,SEC_GGC_SWM,42.0,39.9,96.2,0,0,0.645,CLEAR,False,1,5
19020,2026-06-23,SEC_SWM_KOTA,65.0,68.8,94.2,0,4,0.454,RAIN,False,1,7
19020,2026-06-23,SEC_KOTA_RATL,170.0,161.5,98.8,0,0,0.123,CLEAR,False,1,9
19020,2026-06-23,SEC_RATL_BRC,165.0,184.0,85.1,0,19,0.343,FOG,False,1,11
19020,2026-06-23,SEC_BRC_MMCT,250.0,250.1,94.0,0,0,0.173,CLEAR,False,1,13
12988,2026-06-23,SEC_NDLS_MTJ,95.0,97.1,87.1,5,7,0.257,CLEAR,False,1,6
12988,2026-06-23,SEC_MTJ_BTE,25.0,39.5,51.6,5,19,0.503,FOG,False,1,8
12988,2026-06-23,SEC_BTE_GGC,75.0,83.7,85.3,5,14,0.329,CLEAR,False,1,10
12988,2026-06-23,SEC_GGC_SWM,42.0,63.4,60.6,5,26,0.626,FOG,False,1,12
12988,2026-06-23,SEC_SWM_KOTA,65.0,61.8,104.9,5,5,0.282,CLEAR,False,1,14
12988,2026-06-23,SEC_KOTA_RATL,170.0,225.8,70.7,5,61,0.153,STORM,True,1,16
12988,2026-06-23,SEC_RATL_BRC,165.0,170.5,91.8,5,11,0.645,CLEAR,False,1,18
12988,2026-06-23,SEC_BRC_MMCT,250.0,253.5,92.8,5,9,0.328,RAIN,False,1,20
12910,2026-06-23,SEC_NDLS_MTJ,95.0,92.2,91.8,8,8,0.482,CLEAR,False,1,21
12910,2026-06-23,SEC_MTJ_BTE,25.0,33.8,60.4,8,17,0.485,CLEAR,False,1,23
12910,2026-06-23,SEC_BTE_GGC,75.0,124.6,57.3,8,58,0.242,STORM,True,1,1
12910,2026-06-23,SEC_GGC_SWM,42.0,60.7,63.3,8,27,0.429,FOG,False,1,3
12910,2026-06-23,SEC_SWM_KOTA,65.0,66.6,97.3,8,10,0.398,CLEAR,False,1,5
12910,2026-06-23,SEC_KOTA_RATL,170.0,175.9,90.7,8,14,0.38,CLEAR,False,1,7
12910,2026-06-23,SEC_RATL_BRC,165.0,172.1,91.0,8,15,0.315,RAIN,False,1,9
12910,2026-06-23,SEC_BRC_MMCT,250.0,257.9,91.2,8,16,0.164,CLEAR,False,1,11
12952,2026-06-24,SEC_NDLS_MTJ,95.0,96.6,87.6,0,2,0.65,CLEAR,False,2,16
12952,2026-06-24,SEC_MTJ_BTE,25.0,27.1,75.3,0,2,0.535,CLEAR,False,2,18
12952,2026-06-24,SEC_BTE_GGC,75.0,113.4,63.0,0,38,0.317,STORM,True,2,20
12952,2026-06-24,SEC_GGC_SWM,42.0,98.0,39.2,0,56,0.653,STORM,True,2,22
12952,2026-06-24,SEC_SWM_KOTA,65.0,110.1,58.9,0,45,0.673,STORM,True,2,0
12952,2026-06-24,SEC_KOTA_RATL,170.0,192.4,83.0,0,22,0.483,CLEAR,True,2,2
12952,2026-06-24,SEC_RATL_BRC,165.0,175.2,89.4,0,10,0.422,CLEAR,False,2,4
12952,2026-06-24,SEC_BRC_MMCT,250.0,287.6,81.8,0,38,0.197,STORM,True,2,6
12413,2026-06-24,SEC_NDLS_MTJ,95.0,101.6,83.3,2,9,0.383,CLEAR,False,2,7
12413,2026-06-24,SEC_MTJ_BTE,25.0,45.0,45.3,2,22,0.155,CLEAR,True,2,9
12413,2026-06-24,SEC_BTE_GGC,75.0,73.4,97.3,2,2,0.569,CLEAR,False,2,11
12413,2026-06-24,SEC_GGC_SWM,42.0,39.9,96.2,2,2,0.68,CLEAR,False,2,13
12413,2026-06-24,SEC_SWM_KOTA,65.0,110.4,58.7,2,47,0.418,STORM,True,2,15
12413,2026-06-24,SEC_KOTA_RATL,170.0,230.5,69.2,2,62,0.316,STORM,True,2,17
12413,2026-06-24,SEC_RATL_BRC,165.0,193.6,80.9,2,31,0.656,CLEAR,True,2,19
12413,2026-06-24,SEC_BRC_MMCT,250.0,251.0,93.7,2,3,0.146,CLEAR,False,2,21
19020,2026-06-24,SEC_NDLS_MTJ,95.0,90.2,93.8,8,8,0.258,CLEAR,False,2,23
19020,2026-06-24,SEC_MTJ_BTE,25.0,34.4,59.3,8,17,0.151,RAIN,False,2,1
19020,2026-06-24,SEC_BTE_GGC,75.0,71.2,100.3,8,8,0.554,CLEAR,False,2,3
19020,2026-06-24,SEC_GGC_SWM,42.0,44.8,85.7,8,11,0.451,CLEAR,False,2,5
19020,2026-06-24,SEC_SWM_KOTA,65.0,122.7,52.8,8,66,0.472,STORM,True,2,7
19020,2026-06-24,SEC_KOTA_RATL,170.0,200.4,79.6,8,38,0.589,RAIN,True,2,9
19020,2026-06-24,SEC_RATL_BRC,165.0,195.9,79.9,8,39,0.519,RAIN,False,2,11
19020,2026-06-24,SEC_BRC_MMCT,250.0,269.7,87.2,8,28,0.358,FOG,False,2,13
12988,2026-06-24,SEC_NDLS_MTJ,95.0,104.7,80.8,1,11,0.426,RAIN,False,2,6
12988,2026-06-24,SEC_MTJ_BTE,25.0,25.9,78.8,1,2,0.264,CLEAR,False,2,8
12988,2026-06-24,SEC_BTE_GGC,75.0,76.7,93.1,1,3,0.156,CLEAR,False,2,10
12988,2026-06-24,SEC_GGC_SWM,42.0,48.3,79.5,1,7,0.481,CLEAR,False,2,12
12988,2026-06-24,SEC_SWM_KOTA,65.0,78.9,82.1,1,15,0.484,RAIN,False,2,14
12988,2026-06-24,SEC_KOTA_RATL,170.0,165.1,96.7,1,1,0.626,CLEAR,False,2,16
12988,2026-06-24,SEC_RATL_BRC,165.0,203.1,77.1,1,39,0.185,STORM,True,2,18
12988,2026-06-24,SEC_BRC_MMCT,250.0,260.8,90.2,1,12,0.532,CLEAR,False,2,20
12910,2026-06-24,SEC_NDLS_MTJ,95.0,93.4,90.6,0,0,0.289,CLEAR,False,2,21
12910,2026-06-24,SEC_MTJ_BTE,25.0,37.7,54.1,0,13,0.109,RAIN,False,2,23
12910,2026-06-24,SEC_BTE_GGC,75.0,78.2,91.3,0,3,0.187,CLEAR,False,2,1
12910,2026-06-24,SEC_GGC_SWM,42.0,39.9,96.2,0,0,0.423,CLEAR,False,2,3
12910,2026-06-24,SEC_SWM_KOTA,65.0,80.2,80.8,0,15,0.597,CLEAR,True,2,5
12910,2026-06-24,SEC_KOTA_RATL,170.0,167.9,95.1,0,0,0.671,CLEAR,False,2,7
12910,2026-06-24,SEC_RATL_BRC,165.0,170.1,92.1,0,5,0.425,CLEAR,False,2,9
12910,2026-06-24,SEC_BRC_MMCT,250.0,240.5,97.8,0,0,0.226,FOG,False,2,11
12952,2026-06-25,SEC_NDLS_MTJ,95.0,98.5,85.9,0,4,0.683,CLEAR,False,3,16
12952,2026-06-25,SEC_MTJ_BTE,25.0,44.0,46.4,0,19,0.191,CLEAR,True,3,18
12952,2026-06-25,SEC_BTE_GGC,75.0,98.0,72.9,0,23,0.246,STORM,True,3,20
12952,2026-06-25,SEC_GGC_SWM,42.0,43.7,87.9,0,2,0.449,CLEAR,False,3,22
12952,2026-06-25,SEC_SWM_KOTA,65.0,63.9,101.4,0,0,0.531,CLEAR,False,3,0
12952,2026-06-25,SEC_KOTA_RATL,170.0,189.4,84.3,0,19,0.37,CLEAR,True,3,2
12952,2026-06-25,SEC_RATL_BRC,165.0,169.8,92.2,0,5,0.686,CLEAR,False,3,4
12952,2026-06-25,SEC_BRC_MMCT,250.0,264.3,89.0,0,14,0.271,RAIN,False,3,6
12413,2026-06-25,SEC_NDLS_MTJ,95.0,104.7,80.8,1,11,0.544,FOG,True,3,7
12413,2026-06-25,SEC_MTJ_BTE,25.0,23.8,85.7,1,1,0.684,CLEAR,False,3,9
12413,2026-06-25,SEC_BTE_GGC,75.0,71.4,100.0,1,1,0.495,CLEAR,False,3,11
12413,2026-06-25,SEC_GGC_SWM,42.0,47.0,81.7,1,6,0.52,RAIN,False,3,13
12413,2026-06-25,SEC_SWM_KOTA,65.0,68.5,94.6,1,5,0.475,CLEAR,False,3,15
12413,2026-06-25,SEC_KOTA_RATL,170.0,220.4,72.4,1,51,0.656,STORM,True,3,17
12413,2026-06-25,SEC_RATL_BRC,165.0,163.5,95.8,1,1,0.191,CLEAR,False,3,19
12413,2026-06-25,SEC_BRC_MMCT,250.0,254.2,92.5,1,5,0.41,FOG,False,3,21
19020,2026-06-25,SEC_NDLS_MTJ,95.0,95.2,88.9,6,6,0.607,CLEAR,False,3,23
19020,2026-06-25,SEC_MTJ_BTE,25.0,25.5,80.0,6,6,0.247,CLEAR,False,3,1
19020,2026-06-25,SEC_BTE_GGC,75.0,79.2,90.2,6,10,0.144,CLEAR,False,3,3
19020,2026-06-25,SEC_GGC_SWM,42.0,58.0,66.2,6,22,0.176,FOG,False,3,5
19020,2026-06-25,SEC_SWM_KOTA,65.0,69.5,93.2,6,10,0.432,CLEAR,False,3,7
19020,2026-06-25,SEC_KOTA_RATL,170.0,161.5,98.8,6,6,0.184,CLEAR,False,3,9
19020,2026-06-25,SEC_RATL_BRC,165.0,173.9,90.1,6,15,0.582,CLEAR,False,3,11
19020,2026-06-25,SEC_BRC_MMCT,250.0,264.0,89.1,6,20,0.321,CLEAR,False,3,13
12988,2026-06-25,SEC_NDLS_MTJ,95.0,96.9,87.3,2,4,0.585,CLEAR,False,3,6
12988,2026-06-25,SEC_MTJ_BTE,25.0,41.7,48.9,2,19,0.686,FOG,False,3,8
12988,2026-06-25,SEC_BTE_GGC,75.0,87.6,81.5,2,15,0.267,FOG,False,3,10
12988,2026-06-25,SEC_GGC_SWM,42.0,75.8,50.7,2,36,0.183,STORM,True,3,12
12988,2026-06-25,SEC_SWM_KOTA,65.0,68.7,94.3,2,6,0.657,CLEAR,False,3,14
12988,2026-06-25,SEC_KOTA_RATL,170.0,175.0,91.2,2,7,0.527,FOG,False,3,16
12988,2026-06-25,SEC_RATL_BRC,165.0,195.1,80.3,2,32,0.113,STORM,True,3,18
12988,2026-06-25,SEC_BRC_MMCT,250.0,265.8,88.5,2,18,0.362,RAIN,False,3,20
12910,2026-06-25,SEC_NDLS_MTJ,95.0,90.2,93.8,2,2,0.396,CLEAR,False,3,21
12910,2026-06-25,SEC_MTJ_BTE,25.0,25.4,80.3,2,2,0.307,CLEAR,False,3,23
12910,2026-06-25,SEC_BTE_GGC,75.0,76.8,93.0,2,4,0.618,CLEAR,False,3,1
12910,2026-06-25,SEC_GGC_SWM,42.0,58.9,65.2,2,19,0.276,RAIN,False,3,3
12910,2026-06-25,SEC_SWM_KOTA,65.0,61.8,104.9,2,2,0.216,CLEAR,False,3,5
12910,2026-06-25,SEC_KOTA_RATL,170.0,161.5,98.8,2,2,0.531,CLEAR,False,3,7
12910,2026-06-25,SEC_RATL_BRC,165.0,168.1,93.2,2,5,0.344,CLEAR,False,3,9
12910,2026-06-25,SEC_BRC_MMCT,250.0,280.0,84.0,2,32,0.14,CLEAR,True,3,11
12952,2026-06-26,SEC_NDLS_MTJ,95.0,148.2,57.1,0,53,0.506,STORM,True,4,16
12952,2026-06-26,SEC_MTJ_BTE,25.0,30.0,68.0,0,5,0.552,CLEAR,False,4,18
12952,2026-06-26,SEC_BTE_GGC,75.0,82.1,87.0,0,7,0.406,CLEAR,False,4,20
12952,2026-06-26,SEC_GGC_SWM,42.0,40.1,95.8,0,0,0.329,CLEAR,False,4,22
12952,2026-06-26,SEC_SWM_KOTA,65.0,64.1,101.1,0,0,0.626,CLEAR,False,4,0
12952,2026-06-26,SEC_KOTA_RATL,170.0,204.5,78.0,0,34,0.6,STORM,True,4,2
12952,2026-06-26,SEC_RATL_BRC,165.0,156.8,99.9,0,0,0.658,CLEAR,False,4,4
12952,2026-06-26,SEC_BRC_MMCT,250.0,267.7,87.9,0,18,0.166,CLEAR,False,4,6
12413,2026-06-26,SEC_NDLS_MTJ,95.0,150.1,56.4,5,60,0.136,STORM,True,4,7
12413,2026-06-26,SEC_MTJ_BTE,25.0,25.3,80.6,5,5,0.483,CLEAR,False,4,9
12413,2026-06-26,SEC_BTE_GGC,75.0,72.8,98.1,5,5,0.636,CLEAR,False,4,11
12413,2026-06-26,SEC_GGC_SWM,42.0,47.8,80.3,5,11,0.487,CLEAR,False,4,13
12413,2026-06-26,SEC_SWM_KOTA,65.0,77.7,83.4,5,18,0.475,CLEAR,False,4,15
12413,2026-06-26,SEC_KOTA_RATL,170.0,173.5,92.0,5,9,0.589,CLEAR,False,4,17
12413,2026-06-26,SEC_RATL_BRC,165.0,179.0,87.5,5,19,0.633,RAIN,False,4,19
12413,2026-06-26,SEC_BRC_MMCT,250.0,264.2,89.0,5,19,0.522,STORM,True,4,21
19020,2026-06-26,SEC_NDLS_MTJ,95.0,108.5,78.0,6,20,0.41,FOG,False,4,23
19020,2026-06-26,SEC_MTJ_BTE,25.0,28.6,71.3,6,10,0.528,CLEAR,False,4,1
19020,2026-06-26,SEC_BTE_GGC,75.0,100.8,70.8,6,32,0.532,FOG,False,4,3
19020,2026-06-26,SEC_GGC_SWM,42.0,40.6,94.6,6,6,0.14,CLEAR,False,4,5
19020,2026-06-26,SEC_SWM_KOTA,65.0,77.1,84.0,6,18,0.319,RAIN,False,4,7
19020,2026-06-26,SEC_KOTA_RATL,170.0,179.6,88.9,6,16,0.34,CLEAR,False,4,9
19020,2026-06-26,SEC_RATL_BRC,165.0,169.6,92.3,6,11,0.126,FOG,False,4,11
19020,2026-06-26,SEC_BRC_MMCT,250.0,240.4,97.8,6,6,0.103,RAIN,False,4,13
12988,2026-06-26,SEC_NDLS_MTJ,95.0,90.2,93.8,4,4,0.641,CLEAR,False,4,6
12988,2026-06-26,SEC_MTJ_BTE,25.0,26.1,78.2,4,5,0.142,CLEAR,False,4,8
12988,2026-06-26,SEC_BTE_GGC,75.0,81.2,87.9,4,10,0.411,CLEAR,False,4,10
12988,2026-06-26,SEC_GGC_SWM,42.0,41.1,93.4,4,4,0.105,CLEAR,False,4,12
12988,2026-06-26,SEC_SWM_KOTA,65.0,121.6,53.3,4,61,0.605,STORM,True,4,14
12988,2026-06-26,SEC_KOTA_RATL,170.0,178.2,89.6,4,12,0.652,FOG,False,4,16
12988,2026-06-26,SEC_RATL_BRC,165.0,168.4,93.0,4,7,0.291,RAIN,False,4,18
12988,2026-06-26,SEC_BRC_MMCT,250.0,240.5,97.8,4,4,0.366,RAIN,False,4,20
12910,2026-06-26,SEC_NDLS_MTJ,95.0,95.5,88.6,10,10,0.277,CLEAR,False,4,21
12910,2026-06-26,SEC_MTJ_BTE,25.0,41.4,49.3,10,26,0.515,FOG,False,4,23
12910,2026-06-26,SEC_BTE_GGC,75.0,130.2,54.8,10,65,0.642,STORM,True,4,1
12910,2026-06-26,SEC_GGC_SWM,42.0,58.6,65.5,10,27,0.339,FOG,False,4,3
12910,2026-06-26,SEC_SWM_KOTA,65.0,72.1,89.9,10,17,0.327,RAIN,False,4,5
12910,2026-06-26,SEC_KOTA_RATL,170.0,168.8,94.5,10,10,0.662,CLEAR,False,4,7
12910,2026-06-26,SEC_RATL_BRC,165.0,188.9,82.9,10,34,0.319,FOG,False,4,9
12910,2026-06-26,SEC_BRC_MMCT,250.0,242.5,97.0,10,10,0.255,RAIN,False,4,11
12952,2026-06-27,SEC_NDLS_MTJ,95.0,144.4,58.6,0,49,0.328,STORM,True,5,16
12952,2026-06-27,SEC_MTJ_BTE,25.0,23.8,85.7,0,0,0.363,CLEAR,False,5,18
12952,2026-06-27,SEC_BTE_GGC,75.0,116.8,61.1,0,42,0.763,STORM,True,5,20
12952,2026-06-27,SEC_GGC_SWM,42.0,42.4,90.6,0,0,0.776,CLEAR,False,5,22
12952,2026-06-27,SEC_SWM_KOTA,65.0,61.8,104.9,0,0,0.331,CLEAR,False,5,0
12952,2026-06-27,SEC_KOTA_RATL,170.0,170.0,93.9,0,0,0.478,CLEAR,False,5,2
12952,2026-06-27,SEC_RATL_BRC,165.0,184.5,84.9,0,20,0.504,STORM,True,5,4
12952,2026-06-27,SEC_BRC_MMCT,250.0,259.8,90.5,0,10,0.896,CLEAR,False,5,6
12413,2026-06-27,SEC_NDLS_MTJ,95.0,93.5,90.5,3,3,0.515,CLEAR,False,5,7
12413,2026-06-27,SEC_MTJ_BTE,25.0,84.2,24.2,3,62,0.498,STORM,True,5,9
12413,2026-06-27,SEC_BTE_GGC,75.0,127.0,56.2,3,55,0.64,STORM,True,5,11
12413,2026-06-27,SEC_GGC_SWM,42.0,47.0,81.7,3,8,0.571,CLEAR,False,5,13
12413,2026-06-27,SEC_SWM_KOTA,65.0,68.8,94.2,3,7,0.192,CLEAR,False,5,15
12413,2026-06-27,SEC_KOTA_RATL,170.0,169.4,94.2,3,3,0.437,CLEAR,False,5,17
12413,2026-06-27,SEC_RATL_BRC,165.0,180.5,86.8,3,19,0.172,CLEAR,False,5,19
12413,2026-06-27,SEC_BRC_MMCT,250.0,259.0,90.8,3,12,0.455,CLEAR,False,5,21
19020,2026-06-27,SEC_NDLS_MTJ,95.0,104.4,81.0,8,17,0.615,CLEAR,False,5,23
19020,2026-06-27,SEC_MTJ_BTE,25.0,37.6,54.3,8,21,0.6,RAIN,False,5,1
19020,2026-06-27,SEC_BTE_GGC,75.0,76.8,93.0,8,10,0.607,CLEAR,False,5,3
19020,2026-06-27,SEC_GGC_SWM,42.0,102.5,37.5,8,68,0.12,STORM,True,5,5
19020,2026-06-27,SEC_SWM_KOTA,65.0,85.2,76.1,8,28,0.379,FOG,False,5,7
19020,2026-06-27,SEC_KOTA_RATL,170.0,173.0,92.3,8,11,0.777,CLEAR,False,5,9
19020,2026-06-27,SEC_RATL_BRC,165.0,160.7,97.4,8,8,0.379,CLEAR,False,5,11
19020,2026-06-27,SEC_BRC_MMCT,250.0,260.5,90.3,8,18,0.262,FOG,False,5,13
12988,2026-06-27,SEC_NDLS_MTJ,95.0,99.3,85.2,0,4,0.2,RAIN,False,5,6
12988,2026-06-27,SEC_MTJ_BTE,25.0,30.3,67.3,0,5,0.706,CLEAR,False,5,8
12988,2026-06-27,SEC_BTE_GGC,75.0,121.7,58.7,0,47,0.793,STORM,True,5,10
12988,2026-06-27,SEC_GGC_SWM,42.0,42.6,90.1,0,1,0.289,CLEAR,False,5,12
12988,2026-06-27,SEC_SWM_KOTA,65.0,73.2,88.5,0,8,0.624,CLEAR,False,5,14
12988,2026-06-27,SEC_KOTA_RATL,170.0,161.5,98.8,0,0,0.446,CLEAR,False,5,16
12988,2026-06-27,SEC_RATL_BRC,165.0,173.5,90.3,0,8,0.256,RAIN,False,5,18
12988,2026-06-27,SEC_BRC_MMCT,250.0,255.2,92.2,0,5,0.582,RAIN,False,5,20
12910,2026-06-27,SEC_NDLS_MTJ,95.0,93.3,90.7,6,6,0.293,CLEAR,False,5,21
12910,2026-06-27,SEC_MTJ_BTE,25.0,43.8,46.6,6,25,0.358,FOG,False,5,23
12910,2026-06-27,SEC_BTE_GGC,75.0,77.6,92.0,6,9,0.83,RAIN,False,5,1
12910,2026-06-27,SEC_GGC_SWM,42.0,93.0,41.3,6,57,0.853,STORM,True,5,3
12910,2026-06-27,SEC_SWM_KOTA,65.0,86.3,75.1,6,27,0.541,FOG,False,5,5
12910,2026-06-27,SEC_KOTA_RATL,170.0,175.8,90.8,6,12,0.381,CLEAR,False,5,7
12910,2026-06-27,SEC_RATL_BRC,165.0,164.0,95.5,6,6,0.347,CLEAR,False,5,9
12910,2026-06-27,SEC_BRC_MMCT,250.0,258.5,91.0,6,14,0.316,RAIN,False,5,11
12952,2026-06-28,SEC_NDLS_MTJ,95.0,104.9,80.6,0,10,0.47,FOG,False,6,16
12952,2026-06-28,SEC_MTJ_BTE,25.0,25.5,80.0,0,0,0.802,CLEAR,False,6,18
12952,2026-06-28,SEC_BTE_GGC,75.0,93.5,76.4,0,18,0.129,FOG,False,6,20
12952,2026-06-28,SEC_GGC_SWM,42.0,46.3,82.9,0,4,0.245,CLEAR,False,6,22
12952,2026-06-28,SEC_SWM_KOTA,65.0,65.7,98.6,0,1,0.113,CLEAR,False,6,0
12952,2026-06-28,SEC_KOTA_RATL,170.0,172.5,92.5,0,2,0.728,CLEAR,False,6,2
12952,2026-06-28,SEC_RATL_BRC,165.0,157.6,99.4,0,0,0.559,CLEAR,False,6,4
12952,2026-06-28,SEC_BRC_MMCT,250.0,297.6,79.0,0,48,0.747,STORM,True,6,6
12413,2026-06-28,SEC_NDLS_MTJ,95.0,90.2,93.8,2,2,0.631,CLEAR,False,6,7
12413,2026-06-28,SEC_MTJ_BTE,25.0,60.5,33.7,2,38,0.404,STORM,True,6,9
12413,2026-06-28,SEC_BTE_GGC,75.0,80.6,88.6,2,8,0.364,CLEAR,False,6,11
12413,2026-06-28,SEC_GGC_SWM,42.0,53.7,71.5,2,14,0.799,FOG,False,6,13
12413,2026-06-28,SEC_SWM_KOTA,65.0,71.2,91.0,2,8,0.549,CLEAR,False,6,15
12413,2026-06-28,SEC_KOTA_RATL,170.0,199.6,80.0,2,32,0.228,STORM,True,6,17
12413,2026-06-28,SEC_RATL_BRC,165.0,180.4,86.8,2,17,0.292,CLEAR,False,6,19
12413,2026-06-28,SEC_BRC_MMCT,250.0,265.6,88.6,2,18,0.333,RAIN,False,6,21
19020,2026-06-28,SEC_NDLS_MTJ,95.0,106.4,79.5,8,19,0.763,RAIN,False,6,23
19020,2026-06-28,SEC_MTJ_BTE,25.0,27.5,74.2,8,10,0.125,CLEAR,False,6,1
19020,2026-06-28,SEC_BTE_GGC,75.0,74.0,96.5,8,8,0.677,CLEAR,False,6,3
19020,2026-06-28,SEC_GGC_SWM,42.0,41.6,92.3,8,8,0.324,CLEAR,False,6,5
19020,2026-06-28,SEC_SWM_KOTA,65.0,79.6,81.4,8,23,0.474,RAIN,False,6,7
19020,2026-06-28,SEC_KOTA_RATL,170.0,191.2,83.5,8,29,0.838,CLEAR,False,6,9
19020,2026-06-28,SEC_RATL_BRC,165.0,180.4,86.8,8,23,0.151,RAIN,False,6,11
19020,2026-06-28,SEC_BRC_MMCT,250.0,293.7,80.1,8,52,0.658,STORM,True,6,13
12988,2026-06-28,SEC_NDLS_MTJ,95.0,98.9,85.5,4,8,0.375,CLEAR,False,6,6
12988,2026-06-28,SEC_MTJ_BTE,25.0,78.8,25.9,4,58,0.648,STORM,True,6,8
12988,2026-06-28,SEC_BTE_GGC,75.0,76.9,92.8,4,6,0.738,CLEAR,False,6,10
12988,2026-06-28,SEC_GGC_SWM,42.0,41.2,93.2,4,4,0.233,CLEAR,False,6,12
12988,2026-06-28,SEC_SWM_KOTA,65.0,65.0,99.7,4,4,0.772,CLEAR,False,6,14
12988,2026-06-28,SEC_KOTA_RATL,170.0,175.9,90.7,4,10,0.523,CLEAR,False,6,16
12988,2026-06-28,SEC_RATL_BRC,165.0,167.1,93.7,4,6,0.308,CLEAR,False,6,18
12988,2026-06-28,SEC_BRC_MMCT,250.0,237.5,99.0,4,4,0.175,RAIN,False,6,20
12910,2026-06-28,SEC_NDLS_MTJ,95.0,95.0,89.1,4,4,0.276,CLEAR,False,6,21
12910,2026-06-28,SEC_MTJ_BTE,25.0,26.7,76.4,4,6,0.26,CLEAR,False,6,23
12910,2026-06-28,SEC_BTE_GGC,75.0,81.1,88.0,4,10,0.634,CLEAR,False,6,1
12910,2026-06-28,SEC_GGC_SWM,42.0,41.0,93.7,4,4,0.306,CLEAR,False,6,3
12910,2026-06-28,SEC_SWM_KOTA,65.0,69.2,93.6,4,8,0.509,CLEAR,False,6,5
12910,2026-06-28,SEC_KOTA_RATL,170.0,177.9,89.7,4,12,0.167,FOG,False,6,7
12910,2026-06-28,SEC_RATL_BRC,165.0,178.6,87.7,4,18,0.578,CLEAR,False,6,9
12910,2026-06-28,SEC_BRC_MMCT,250.0,288.3,81.6,4,42,0.364,STORM,True,6,11
12952,2026-06-29,SEC_NDLS_MTJ,95.0,132.5,63.8,0,38,0.534,STORM,True,0,16
12952,2026-06-29,SEC_MTJ_BTE,25.0,26.3,77.6,0,1,0.419,CLEAR,False,0,18
12952,2026-06-29,SEC_BTE_GGC,75.0,74.3,96.1,0,0,0.154,CLEAR,False,0,20
12952,2026-06-29,SEC_GGC_SWM,42.0,43.9,87.5,0,2,0.615,CLEAR,False,0,22
12952,2026-06-29,SEC_SWM_KOTA,65.0,61.9,104.7,0,0,0.18,CLEAR,False,0,0
12952,2026-06-29,SEC_KOTA_RATL,170.0,177.4,90.0,0,7,0.276,CLEAR,False,0,2
12952,2026-06-29,SEC_RATL_BRC,165.0,160.4,97.6,0,0,0.524,CLEAR,False,0,4
12952,2026-06-29,SEC_BRC_MMCT,250.0,242.0,97.2,0,0,0.511,CLEAR,False,0,6
12413,2026-06-29,SEC_NDLS_MTJ,95.0,99.2,85.3,3,7,0.164,CLEAR,False,0,7
12413,2026-06-29,SEC_MTJ_BTE,25.0,37.3,54.7,3,15,0.642,RAIN,False,0,9
12413,2026-06-29,SEC_BTE_GGC,75.0,77.7,91.9,3,6,0.406,CLEAR,False,0,11
12413,2026-06-29,SEC_GGC_SWM,42.0,49.2,78.0,3,10,0.471,FOG,False,0,13
12413,2026-06-29,SEC_SWM_KOTA,65.0,67.0,96.7,3,5,0.572,RAIN,False,0,15
12413,2026-06-29,SEC_KOTA_RATL,170.0,176.5,90.4,3,9,0.408,CLEAR,False,0,17
12413,2026-06-29,SEC_RATL_BRC,165.0,168.8,92.8,3,7,0.544,CLEAR,False,0,19
12413,2026-06-29,SEC_BRC_MMCT,250.0,269.2,87.4,3,22,0.693,CLEAR,True,0,21
19020,2026-06-29,SEC_NDLS_MTJ,95.0,112.3,75.3,2,19,0.468,RAIN,False,0,23
19020,2026-06-29,SEC_MTJ_BTE,25.0,28.0,72.9,2,5,0.34,RAIN,False,0,1
19020,2026-06-29,SEC_BTE_GGC,75.0,77.1,92.6,2,4,0.463,CLEAR,False,0,3
19020,2026-06-29,SEC_GGC_SWM,42.0,42.3,90.8,2,2,0.422,CLEAR,False,0,5
19020,2026-06-29,SEC_SWM_KOTA,65.0,70.7,91.7,2,8,0.145,RAIN,False,0,7
19020,2026-06-29,SEC_KOTA_RATL,170.0,184.1,86.7,2,16,0.247,CLEAR,False,0,9
19020,2026-06-29,SEC_RATL_BRC,165.0,183.7,85.2,2,21,0.241,CLEAR,True,0,11
19020,2026-06-29,SEC_BRC_MMCT,250.0,294.8,79.8,2,47,0.539,STORM,True,0,13
12988,2026-06-29,SEC_NDLS_MTJ,95.0,112.5,75.2,5,23,0.605,FOG,False,0,6
12988,2026-06-29,SEC_MTJ_BTE,25.0,43.6,46.8,5,24,0.543,FOG,False,0,8
12988,2026-06-29,SEC_BTE_GGC,75.0,100.7,70.9,5,31,0.284,STORM,True,0,10
12988,2026-06-29,SEC_GGC_SWM,42.0,68.0,56.5,5,31,0.16,STORM,True,0,12
12988,2026-06-29,SEC_SWM_KOTA,65.0,68.4,94.7,5,8,0.319,CLEAR,False,0,14
12988,2026-06-29,SEC_KOTA_RATL,170.0,161.5,98.8,5,5,0.104,CLEAR,False,0,16
12988,2026-06-29,SEC_RATL_BRC,165.0,175.2,89.4,5,15,0.473,RAIN,False,0,18
12988,2026-06-29,SEC_BRC_MMCT,250.0,240.1,98.0,5,5,0.306,CLEAR,False,0,20
12910,2026-06-29,SEC_NDLS_MTJ,95.0,111.3,76.0,6,22,0.364,FOG,False,0,21
12910,2026-06-29,SEC_MTJ_BTE,25.0,23.8,85.7,6,6,0.244,CLEAR,False,0,23
12910,2026-06-29,SEC_BTE_GGC,75.0,87.9,81.2,6,19,0.364,FOG,False,0,1
12910,2026-06-29,SEC_GGC_SWM,42.0,55.6,69.1,6,20,0.415,RAIN,False,0,3
12910,2026-06-29,SEC_SWM_KOTA,65.0,95.4,67.9,6,36,0.184,STORM,True,0,5
12910,2026-06-29,SEC_KOTA_RATL,170.0,161.5,98.8,6,6,0.631,CLEAR,False,0,7
12910,2026-06-29,SEC_RATL_BRC,165.0,178.0,88.0,6,19,0.508,CLEAR,False,0,9
12910,2026-06-29,SEC_BRC_MMCT,250.0,289.9,81.1,6,46,0.161,STORM,True,0,11
12952,2026-06-30,SEC_NDLS_MTJ,95.0,139.4,60.7,0,44,0.353,STORM,True,1,16
12952,2026-06-30,SEC_MTJ_BTE,25.0,26.6,76.7,0,2,0.406,RAIN,False,1,18
12952,2026-06-30,SEC_BTE_GGC,75.0,89.6,79.7,0,15,0.239,RAIN,False,1,20
12952,2026-06-30,SEC_GGC_SWM,42.0,48.9,78.5,0,7,0.514,FOG,False,1,22
12952,2026-06-30,SEC_SWM_KOTA,65.0,113.7,57.0,0,49,0.671,STORM,True,1,0
12952,2026-06-30,SEC_KOTA_RATL,170.0,161.5,98.8,0,0,0.459,CLEAR,False,1,2
12952,2026-06-30,SEC_RATL_BRC,165.0,173.1,90.5,0,8,0.511,FOG,False,1,4
12952,2026-06-30,SEC_BRC_MMCT,250.0,253.7,92.7,0,4,0.216,FOG,False,1,6
12413,2026-06-30,SEC_NDLS_MTJ,95.0,153.3,55.2,3,61,0.132,STORM,True,1,7
12413,2026-06-30,SEC_MTJ_BTE,25.0,69.1,29.5,3,47,0.251,STORM,True,1,9
12413,2026-06-30,SEC_BTE_GGC,75.0,82.7,86.3,3,11,0.197,RAIN,False,1,11
12413,2026-06-30,SEC_GGC_SWM,42.0,41.8,91.9,3,3,0.314,CLEAR,False,1,13
12413,2026-06-30,SEC_SWM_KOTA,65.0,68.9,94.0,3,7,0.635,CLEAR,False,1,15
12413,2026-06-30,SEC_KOTA_RATL,170.0,218.4,73.1,3,51,0.288,STORM,True,1,17
12413,2026-06-30,SEC_RATL_BRC,165.0,160.8,97.4,3,3,0.689,CLEAR,False,1,19
12413,2026-06-30,SEC_BRC_MMCT,250.0,260.1,90.4,3,13,0.283,CLEAR,False,1,21
19020,2026-06-30,SEC_NDLS_MTJ,95.0,90.2,93.8,0,0,0.635,CLEAR,False,1,23
19020,2026-06-30,SEC_MTJ_BTE,25.0,43.9,46.5,0,19,0.669,FOG,False,1,1
19020,2026-06-30,SEC_BTE_GGC,75.0,73.9,96.6,0,0,0.356,CLEAR,False,1,3
19020,2026-06-30,SEC_GGC_SWM,42.0,80.4,47.8,0,38,0.217,STORM,True,1,5
19020,2026-06-30,SEC_SWM_KOTA,65.0,78.2,82.9,0,13,0.447,RAIN,False,1,7
19020,2026-06-30,SEC_KOTA_RATL,170.0,209.7,76.1,0,40,0.198,STORM,True,1,9
19020,2026-06-30,SEC_RATL_BRC,165.0,186.8,83.8,0,22,0.353,CLEAR,False,1,11
19020,2026-06-30,SEC_BRC_MMCT,250.0,248.3,94.7,0,0,0.61,CLEAR,False,1,13
12988,2026-06-30,SEC_NDLS_MTJ,95.0,106.4,79.5,1,12,0.635,CLEAR,False,1,6
12988,2026-06-30,SEC_MTJ_BTE,25.0,29.5,69.2,1,5,0.627,CLEAR,False,1,8
12988,2026-06-30,SEC_BTE_GGC,75.0,85.6,83.4,1,12,0.621,CLEAR,False,1,10
12988,2026-06-30,SEC_GGC_SWM,42.0,39.9,96.2,1,1,0.122,CLEAR,False,1,12
12988,2026-06-30,SEC_SWM_KOTA,65.0,67.7,95.7,1,4,0.159,CLEAR,False,1,14
12988,2026-06-30,SEC_KOTA_RATL,170.0,188.0,84.9,1,19,0.462,CLEAR,False,1,16
12988,2026-06-30,SEC_RATL_BRC,165.0,183.6,85.3,1,20,0.542,FOG,False,1,18
12988,2026-06-30,SEC_BRC_MMCT,250.0,237.5,99.0,1,1,0.448,CLEAR,False,1,20
12910,2026-06-30,SEC_NDLS_MTJ,95.0,113.5,74.5,0,18,0.467,RAIN,False,1,21
12910,2026-06-30,SEC_MTJ_BTE,25.0,25.6,79.7,0,1,0.556,CLEAR,False,1,23
12910,2026-06-30,SEC_BTE_GGC,75.0,79.7,89.6,0,5,0.473,CLEAR,False,1,1
12910,2026-06-30,SEC_GGC_SWM,42.0,97.9,39.2,0,56,0.236,STORM,True,1,3
12910,2026-06-30,SEC_SWM_KOTA,65.0,120.5,53.8,0,56,0.203,STORM,True,1,5
12910,2026-06-30,SEC_KOTA_RATL,170.0,237.5,67.2,0,68,0.238,STORM,True,1,7
12910,2026-06-30,SEC_RATL_BRC,165.0,187.7,83.4,0,23,0.285,CLEAR,False,1,9
12910,2026-06-30,SEC_BRC_MMCT,250.0,256.6,91.7,0,7,0.683,CLEAR,False,1,11
12952,2026-07-01,SEC_NDLS_MTJ,95.0,99.0,85.5,0,4,0.268,CLEAR,False,2,16
12952,2026-07-01,SEC_MTJ_BTE,25.0,23.8,85.7,0,0,0.663,CLEAR,False,2,18
12952,2026-07-01,SEC_BTE_GGC,75.0,74.0,96.5,0,0,0.35,CLEAR,False,2,20
12952,2026-07-01,SEC_GGC_SWM,42.0,46.5,82.6,0,4,0.472,CLEAR,False,2,22
12952,2026-07-01,SEC_SWM_KOTA,65.0,73.0,88.8,0,8,0.181,CLEAR,False,2,0
12952,2026-07-01,SEC_KOTA_RATL,170.0,161.5,98.8,0,0,0.146,CLEAR,False,2,2
12952,2026-07-01,SEC_RATL_BRC,165.0,163.2,96.0,0,0,0.292,CLEAR,False,2,4
12952,2026-07-01,SEC_BRC_MMCT,250.0,272.1,86.4,0,22,0.329,CLEAR,False,2,6
12413,2026-07-01,SEC_NDLS_MTJ,95.0,101.0,83.8,3,9,0.201,RAIN,False,2,7
12413,2026-07-01,SEC_MTJ_BTE,25.0,27.7,73.6,3,6,0.425,CLEAR,False,2,9
12413,2026-07-01,SEC_BTE_GGC,75.0,79.7,89.6,3,8,0.57,RAIN,False,2,11
12413,2026-07-01,SEC_GGC_SWM,42.0,53.6,71.6,3,15,0.407,FOG,False,2,13
12413,2026-07-01,SEC_SWM_KOTA,65.0,66.7,97.2,3,5,0.423,CLEAR,False,2,15
12413,2026-07-01,SEC_KOTA_RATL,170.0,228.5,69.8,3,61,0.416,STORM,True,2,17
12413,2026-07-01,SEC_RATL_BRC,165.0,165.7,94.5,3,4,0.205,CLEAR,False,2,19
12413,2026-07-01,SEC_BRC_MMCT,250.0,268.2,87.7,3,21,0.37,CLEAR,False,2,21
19020,2026-07-01,SEC_NDLS_MTJ,95.0,90.2,93.8,4,4,0.612,CLEAR,False,2,23
19020,2026-07-01,SEC_MTJ_BTE,25.0,33.4,61.1,4,12,0.619,FOG,False,2,1
19020,2026-07-01,SEC_BTE_GGC,75.0,80.7,88.5,4,10,0.226,FOG,False,2,3
19020,2026-07-01,SEC_GGC_SWM,42.0,40.7,94.3,4,4,0.414,CLEAR,False,2,5
19020,2026-07-01,SEC_SWM_KOTA,65.0,70.9,91.4,4,10,0.43,CLEAR,False,2,7
19020,2026-07-01,SEC_KOTA_RATL,170.0,213.6,74.7,4,48,0.341,STORM,True,2,9
19020,2026-07-01,SEC_RATL_BRC,165.0,174.0,90.0,4,13,0.374,RAIN,False,2,11
19020,2026-07-01,SEC_BRC_MMCT,250.0,263.3,89.3,4,17,0.151,FOG,False,2,13
12988,2026-07-01,SEC_NDLS_MTJ,95.0,105.9,79.9,0,11,0.256,CLEAR,False,2,6
12988,2026-07-01,SEC_MTJ_BTE,25.0,25.5,80.0,0,0,0.537,CLEAR,False,2,8
12988,2026-07-01,SEC_BTE_GGC,75.0,88.2,81.0,0,13,0.112,RAIN,False,2,10
12988,2026-07-01,SEC_GGC_SWM,42.0,45.7,84.0,0,4,0.517,CLEAR,False,2,12
12988,2026-07-01,SEC_SWM_KOTA,65.0,86.6,74.8,0,22,0.297,FOG,False,2,14
12988,2026-07-01,SEC_KOTA_RATL,170.0,161.5,98.8,0,0,0.345,CLEAR,False,2,16
12988,2026-07-01,SEC_RATL_BRC,165.0,160.4,97.6,0,0,0.181,CLEAR,False,2,18
12988,2026-07-01,SEC_BRC_MMCT,250.0,237.5,99.0,0,0,0.422,FOG,False,2,20
12910,2026-07-01,SEC_NDLS_MTJ,95.0,106.8,79.2,4,16,0.298,CLEAR,False,2,21
12910,2026-07-01,SEC_MTJ_BTE,25.0,36.4,56.0,4,15,0.203,FOG,False,2,23
12910,2026-07-01,SEC_BTE_GGC,75.0,78.4,91.1,4,7,0.556,CLEAR,False,2,1
12910,2026-07-01,SEC_GGC_SWM,42.0,57.4,66.9,4,19,0.503,RAIN,False,2,3
12910,2026-07-01,SEC_SWM_KOTA,65.0,118.3,54.8,4,57,0.604,STORM,True,2,5
12910,2026-07-01,SEC_KOTA_RATL,170.0,173.4,92.0,4,7,0.466,CLEAR,False,2,7
12910,2026-07-01,SEC_RATL_BRC,165.0,184.5,84.9,4,24,0.188,RAIN,False,2,9
12910,2026-07-01,SEC_BRC_MMCT,250.0,237.5,99.0,4,4,0.332,CLEAR,False,2,11
12952,2026-07-02,SEC_NDLS_MTJ,95.0,97.2,87.0,0,2,0.508,CLEAR,False,3,16
12952,2026-07-02,SEC_MTJ_BTE,25.0,70.5,28.9,0,46,0.531,STORM,True,3,18
12952,2026-07-02,SEC_BTE_GGC,75.0,81.7,87.4,0,7,0.508,CLEAR,False,3,20
12952,2026-07-02,SEC_GGC_SWM,42.0,44.8,85.7,0,3,0.281,CLEAR,False,3,22
12952,2026-07-02,SEC_SWM_KOTA,65.0,61.8,104.9,0,0,0.634,CLEAR,False,3,0
12952,2026-07-02,SEC_KOTA_RATL,170.0,192.9,82.7,0,23,0.433,RAIN,False,3,2
12952,2026-07-02,SEC_RATL_BRC,165.0,168.3,93.0,0,3,0.615,FOG,False,3,4
12952,2026-07-02,SEC_BRC_MMCT,250.0,278.7,84.4,0,29,0.301,STORM,True,3,6
12413,2026-07-02,SEC_NDLS_MTJ,95.0,90.2,93.8,2,2,0.57,CLEAR,False,3,7
12413,2026-07-02,SEC_MTJ_BTE,25.0,42.8,47.7,2,20,0.62,CLEAR,True,3,9
12413,2026-07-02,SEC_BTE_GGC,75.0,75.7,94.3,2,3,0.146,CLEAR,False,3,11
12413,2026-07-02,SEC_GGC_SWM,42.0,39.9,96.2,2,2,0.486,CLEAR,False,3,13
12413,2026-07-02,SEC_SWM_KOTA,65.0,71.6,90.5,2,9,0.314,FOG,False,3,15
12413,2026-07-02,SEC_KOTA_RATL,170.0,170.8,93.4,2,3,0.354,CLEAR,False,3,17
12413,2026-07-02,SEC_RATL_BRC,165.0,181.1,86.5,2,18,0.178,STORM,True,3,19
12413,2026-07-02,SEC_BRC_MMCT,250.0,270.5,87.0,2,22,0.117,CLEAR,False,3,21
19020,2026-07-02,SEC_NDLS_MTJ,95.0,97.8,86.5,10,13,0.451,CLEAR,False,3,23
19020,2026-07-02,SEC_MTJ_BTE,25.0,31.3,65.2,10,16,0.455,RAIN,False,3,1
19020,2026-07-02,SEC_BTE_GGC,75.0,81.8,87.3,10,17,0.632,RAIN,False,3,3
19020,2026-07-02,SEC_GGC_SWM,42.0,43.6,88.1,10,12,0.284,CLEAR,False,3,5
19020,2026-07-02,SEC_SWM_KOTA,65.0,111.7,58.0,10,57,0.345,STORM,True,3,7
19020,2026-07-02,SEC_KOTA_RATL,170.0,185.3,86.1,10,25,0.188,FOG,False,3,9
19020,2026-07-02,SEC_RATL_BRC,165.0,167.5,93.5,10,12,0.687,CLEAR,False,3,11
19020,2026-07-02,SEC_BRC_MMCT,250.0,290.7,80.9,10,51,0.24,STORM,True,3,13
12988,2026-07-02,SEC_NDLS_MTJ,95.0,101.2,83.6,3,9,0.289,CLEAR,False,3,6
12988,2026-07-02,SEC_MTJ_BTE,25.0,23.8,85.7,3,3,0.313,CLEAR,False,3,8
12988,2026-07-02,SEC_BTE_GGC,75.0,78.2,91.3,3,6,0.285,CLEAR,False,3,10
12988,2026-07-02,SEC_GGC_SWM,42.0,100.2,38.3,3,61,0.4,STORM,True,3,12
12988,2026-07-02,SEC_SWM_KOTA,65.0,66.2,97.9,3,4,0.463,CLEAR,False,3,14
12988,2026-07-02,SEC_KOTA_RATL,170.0,233.3,68.4,3,66,0.236,STORM,True,3,16
12988,2026-07-02,SEC_RATL_BRC,165.0,177.6,88.2,3,16,0.509,RAIN,False,3,18
12988,2026-07-02,SEC_BRC_MMCT,250.0,237.5,99.0,3,3,0.154,CLEAR,False,3,20
12910,2026-07-02,SEC_NDLS_MTJ,95.0,102.3,82.7,2,9,0.408,CLEAR,False,3,21
12910,2026-07-02,SEC_MTJ_BTE,25.0,33.8,60.4,2,11,0.671,CLEAR,False,3,23
12910,2026-07-02,SEC_BTE_GGC,75.0,73.7,96.9,2,2,0.393,CLEAR,False,3,1
12910,2026-07-02,SEC_GGC_SWM,42.0,47.6,80.7,2,8,0.632,RAIN,False,3,3
12910,2026-07-02,SEC_SWM_KOTA,65.0,74.2,87.3,2,11,0.298,RAIN,False,3,5
12910,2026-07-02,SEC_KOTA_RATL,170.0,161.5,98.8,2,2,0.423,RAIN,False,3,7
12910,2026-07-02,SEC_RATL_BRC,165.0,156.8,99.9,2,2,0.443,RAIN,False,3,9
12910,2026-07-02,SEC_BRC_MMCT,250.0,250.6,93.9,2,3,0.255,RAIN,False,3,11
12952,2026-07-03,SEC_NDLS_MTJ,95.0,90.2,93.8,0,0,0.162,CLEAR,False,4,16
12952,2026-07-03,SEC_MTJ_BTE,25.0,23.8,85.7,0,0,0.541,CLEAR,False,4,18
12952,2026-07-03,SEC_BTE_GGC,75.0,90.2,79.2,0,15,0.277,FOG,False,4,20
12952,2026-07-03,SEC_GGC_SWM,42.0,70.2,54.7,0,28,0.314,STORM,True,4,22
12952,2026-07-03,SEC_SWM_KOTA,65.0,70.4,92.0,0,5,0.284,CLEAR,False,4,0
12952,2026-07-03,SEC_KOTA_RATL,170.0,178.6,89.4,0,9,0.544,RAIN,False,4,2
12952,2026-07-03,SEC_RATL_BRC,165.0,170.7,91.7,0,6,0.344,CLEAR,False,4,4
12952,2026-07-03,SEC_BRC_MMCT,250.0,238.0,98.8,0,0,0.435,CLEAR,False,4,6
12413,2026-07-03,SEC_NDLS_MTJ,95.0,98.9,85.5,3,7,0.459,RAIN,False,4,7
12413,2026-07-03,SEC_MTJ_BTE,25.0,86.1,23.7,3,64,0.582,STORM,True,4,9
12413,2026-07-03,SEC_BTE_GGC,75.0,131.9,54.1,3,60,0.328,STORM,True,4,11
12413,2026-07-03,SEC_GGC_SWM,42.0,90.5,42.4,3,51,0.179,STORM,True,4,13
12413,2026-07-03,SEC_SWM_KOTA,65.0,71.6,90.5,3,10,0.402,CLEAR,False,4,15
12413,2026-07-03,SEC_KOTA_RATL,170.0,200.1,79.8,3,33,0.569,FOG,False,4,17
12413,2026-07-03,SEC_RATL_BRC,165.0,163.9,95.5,3,3,0.216,CLEAR,False,4,19
12413,2026-07-03,SEC_BRC_MMCT,250.0,267.8,87.8,3,21,0.183,CLEAR,False,4,21
19020,2026-07-03,SEC_NDLS_MTJ,95.0,91.4,92.6,10,10,0.556,CLEAR,False,4,23
19020,2026-07-03,SEC_MTJ_BTE,25.0,67.0,30.4,10,52,0.497,STORM,True,4,1
19020,2026-07-03,SEC_BTE_GGC,75.0,73.8,96.7,10,10,0.215,CLEAR,False,4,3
19020,2026-07-03,SEC_GGC_SWM,42.0,104.7,36.7,10,73,0.587,STORM,True,4,5
19020,2026-07-03,SEC_SWM_KOTA,65.0,62.1,104.3,10,10,0.188,CLEAR,False,4,7
19020,2026-07-03,SEC_KOTA_RATL,170.0,165.1,96.7,10,10,0.661,CLEAR,False,4,9
19020,2026-07-03,SEC_RATL_BRC,165.0,176.2,88.9,10,21,0.258,CLEAR,False,4,11
19020,2026-07-03,SEC_BRC_MMCT,250.0,275.3,85.4,10,35,0.622,RAIN,True,4,13
12988,2026-07-03,SEC_NDLS_MTJ,95.0,145.8,58.0,3,54,0.256,STORM,True,4,6
12988,2026-07-03,SEC_MTJ_BTE,25.0,34.3,59.5,3,12,0.419,RAIN,False,4,8
12988,2026-07-03,SEC_BTE_GGC,75.0,84.0,85.0,3,12,0.69,CLEAR,False,4,10
12988,2026-07-03,SEC_GGC_SWM,42.0,41.8,91.9,3,3,0.177,CLEAR,False,4,12
12988,2026-07-03,SEC_SWM_KOTA,65.0,71.0,91.3,3,9,0.58,CLEAR,False,4,14
12988,2026-07-03,SEC_KOTA_RATL,170.0,161.7,98.7,3,3,0.368,CLEAR,False,4,16
12988,2026-07-03,SEC_RATL_BRC,165.0,177.2,88.4,3,15,0.224,CLEAR,False,4,18
12988,2026-07-03,SEC_BRC_MMCT,250.0,266.0,88.4,3,19,0.436,CLEAR,False,4,20
12910,2026-07-03,SEC_NDLS_MTJ,95.0,133.9,63.2,8,47,0.552,STORM,True,4,21
12910,2026-07-03,SEC_MTJ_BTE,25.0,40.7,50.1,8,24,0.315,RAIN,False,4,23
12910,2026-07-03,SEC_BTE_GGC,75.0,117.4,60.8,8,50,0.134,STORM,True,4,1
12910,2026-07-03,SEC_GGC_SWM,42.0,43.2,88.9,8,9,0.555,CLEAR,False,4,3
12910,2026-07-03,SEC_SWM_KOTA,65.0,84.1,77.1,8,27,0.299,FOG,False,4,5
12910,2026-07-03,SEC_KOTA_RATL,170.0,206.2,77.4,8,44,0.421,STORM,True,4,7
12910,2026-07-03,SEC_RATL_BRC,165.0,178.6,87.7,8,22,0.556,RAIN,False,4,9
12910,2026-07-03,SEC_BRC_MMCT,250.0,267.3,88.0,8,25,0.356,RAIN,False,4,11
12952,2026-07-04,SEC_NDLS_MTJ,95.0,99.7,84.9,0,5,0.502,FOG,False,5,16
12952,2026-07-04,SEC_MTJ_BTE,25.0,23.8,85.7,0,0,0.56,CLEAR,False,5,18
12952,2026-07-04,SEC_BTE_GGC,75.0,79.1,90.3,0,4,0.261,CLEAR,False,5,20
12952,2026-07-04,SEC_GGC_SWM,42.0,82.8,46.4,0,41,0.227,STORM,True,5,22
12952,2026-07-04,SEC_SWM_KOTA,65.0,63.9,101.4,0,0,0.649,CLEAR,False,5,0
12952,2026-07-04,SEC_KOTA_RATL,170.0,162.0,98.5,0,0,0.359,CLEAR,False,5,2
12952,2026-07-04,SEC_RATL_BRC,165.0,171.1,91.5,0,6,0.44,RAIN,False,5,4
12952,2026-07-04,SEC_BRC_MMCT,250.0,259.1,90.8,0,9,0.449,CLEAR,False,5,6
12413,2026-07-04,SEC_NDLS_MTJ,95.0,118.2,71.6,4,27,0.678,FOG,False,5,7
12413,2026-07-04,SEC_MTJ_BTE,25.0,25.2,81.0,4,4,0.188,CLEAR,False,5,9
12413,2026-07-04,SEC_BTE_GGC,75.0,100.0,71.4,4,29,0.362,STORM,True,5,11
12413,2026-07-04,SEC_GGC_SWM,42.0,52.0,73.8,4,14,0.272,RAIN,False,5,13
12413,2026-07-04,SEC_SWM_KOTA,65.0,77.7,83.4,4,17,0.554,FOG,False,5,15
12413,2026-07-04,SEC_KOTA_RATL,170.0,217.6,73.3,4,52,0.799,STORM,True,5,17
12413,2026-07-04,SEC_RATL_BRC,165.0,177.8,88.1,4,17,0.158,CLEAR,False,5,19
12413,2026-07-04,SEC_BRC_MMCT,250.0,242.7,96.9,4,4,0.889,RAIN,False,5,21
19020,2026-07-04,SEC_NDLS_MTJ,95.0,90.8,93.2,4,4,0.376,FOG,False,5,23
19020,2026-07-04,SEC_MTJ_BTE,25.0,27.0,75.6,4,6,0.76,CLEAR,False,5,1
19020,2026-07-04,SEC_BTE_GGC,75.0,73.1,97.7,4,4,0.7,CLEAR,False,5,3
19020,2026-07-04,SEC_GGC_SWM,42.0,55.3,69.4,4,17,0.668,RAIN,False,5,5
19020,2026-07-04,SEC_SWM_KOTA,65.0,113.5,57.1,4,52,0.84,STORM,True,5,7
19020,2026-07-04,SEC_KOTA_RATL,170.0,183.8,86.8,4,18,0.678,CLEAR,False,5,9
19020,2026-07-04,SEC_RATL_BRC,165.0,160.8,97.4,4,4,0.116,RAIN,False,5,11
19020,2026-07-04,SEC_BRC_MMCT,250.0,271.2,86.7,4,25,0.308,FOG,False,5,13
12988,2026-07-04,SEC_NDLS_MTJ,95.0,90.2,93.8,4,4,0.416,CLEAR,False,5,6
12988,2026-07-04,SEC_MTJ_BTE,25.0,28.5,71.6,4,8,0.815,CLEAR,False,5,8
12988,2026-07-04,SEC_BTE_GGC,75.0,82.1,87.0,4,11,0.4,CLEAR,False,5,10
12988,2026-07-04,SEC_GGC_SWM,42.0,51.8,74.1,4,14,0.371,RAIN,False,5,12
12988,2026-07-04,SEC_SWM_KOTA,65.0,76.5,84.7,4,16,0.707,RAIN,False,5,14
12988,2026-07-04,SEC_KOTA_RATL,170.0,175.8,90.8,4,10,0.38,FOG,False,5,16
12988,2026-07-04,SEC_RATL_BRC,165.0,156.8,99.9,4,4,0.342,CLEAR,False,5,18
12988,2026-07-04,SEC_BRC_MMCT,250.0,245.9,95.6,4,4,0.626,FOG,False,5,20
12910,2026-07-04,SEC_NDLS_MTJ,95.0,98.7,85.7,2,6,0.764,CLEAR,False,5,21
12910,2026-07-04,SEC_MTJ_BTE,25.0,69.8,29.2,2,47,0.293,STORM,True,5,23
12910,2026-07-04,SEC_BTE_GGC,75.0,88.2,81.0,2,15,0.631,CLEAR,False,5,1
12910,2026-07-04,SEC_GGC_SWM,42.0,49.0,78.4,2,9,0.31,CLEAR,False,5,3
12910,2026-07-04,SEC_SWM_KOTA,65.0,107.0,60.6,2,44,0.529,STORM,True,5,5
12910,2026-07-04,SEC_KOTA_RATL,170.0,180.6,88.4,2,13,0.619,CLEAR,False,5,7
12910,2026-07-04,SEC_RATL_BRC,165.0,160.2,97.8,2,2,0.619,RAIN,False,5,9
12910,2026-07-04,SEC_BRC_MMCT,250.0,256.0,91.9,2,8,0.38,CLEAR,False,5,11
12952,2026-07-05,SEC_NDLS_MTJ,95.0,90.2,93.8,0,0,0.341,FOG,False,6,16
12952,2026-07-05,SEC_MTJ_BTE,25.0,35.4,57.6,0,10,0.31,RAIN,False,6,18
12952,2026-07-05,SEC_BTE_GGC,75.0,76.6,93.2,0,2,0.689,CLEAR,False,6,20
12952,2026-07-05,SEC_GGC_SWM,42.0,39.9,96.2,0,0,0.574,CLEAR,False,6,22
12952,2026-07-05,SEC_SWM_KOTA,65.0,96.3,67.3,0,31,0.883,STORM,True,6,0
12952,2026-07-05,SEC_KOTA_RATL,170.0,163.2,97.8,0,0,0.355,RAIN,False,6,2
12952,2026-07-05,SEC_RATL_BRC,165.0,177.2,88.4,0,12,0.398,FOG,False,6,4
12952,2026-07-05,SEC_BRC_MMCT,250.0,267.2,88.0,0,17,0.468,CLEAR,True,6,6
12413,2026-07-05,SEC_NDLS_MTJ,95.0,131.5,64.3,3,39,0.128,STORM,True,6,7
12413,2026-07-05,SEC_MTJ_BTE,25.0,32.5,62.8,3,11,0.523,RAIN,False,6,9
12413,2026-07-05,SEC_BTE_GGC,75.0,71.2,100.3,3,3,0.739,CLEAR,False,6,11
12413,2026-07-05,SEC_GGC_SWM,42.0,51.5,74.6,3,13,0.641,FOG,False,6,13
12413,2026-07-05,SEC_SWM_KOTA,65.0,63.1,102.7,3,3,0.639,CLEAR,False,6,15
12413,2026-07-05,SEC_KOTA_RATL,170.0,180.4,88.5,3,13,0.272,CLEAR,False,6,17
12413,2026-07-05,SEC_RATL_BRC,165.0,164.1,95.4,3,3,0.703,CLEAR,False,6,19
12413,2026-07-05,SEC_BRC_MMCT,250.0,248.4,94.7,3,3,0.608,CLEAR,False,6,21
19020,2026-07-05,SEC_NDLS_MTJ,95.0,98.0,86.3,10,13,0.67,CLEAR,False,6,23
19020,2026-07-05,SEC_MTJ_BTE,25.0,23.8,85.7,10,10,0.118,CLEAR,False,6,1
19020,2026-07-05,SEC_BTE_GGC,75.0,78.3,91.2,10,13,0.831,CLEAR,False,6,3
19020,2026-07-05,SEC_GGC_SWM,42.0,46.9,81.9,10,15,0.412,RAIN,False,6,5
19020,2026-07-05,SEC_SWM_KOTA,65.0,69.5,93.2,10,14,0.636,CLEAR,False,6,7
19020,2026-07-05,SEC_KOTA_RATL,170.0,189.1,84.4,10,29,0.505,CLEAR,False,6,9
19020,2026-07-05,SEC_RATL_BRC,165.0,170.8,91.7,10,16,0.201,CLEAR,False,6,11
19020,2026-07-05,SEC_BRC_MMCT,250.0,257.7,91.3,10,18,0.227,CLEAR,False,6,13
12988,2026-07-05,SEC_NDLS_MTJ,95.0,110.9,76.3,5,21,0.883,RAIN,False,6,6
12988,2026-07-05,SEC_MTJ_BTE,25.0,23.8,85.7,5,5,0.311,CLEAR,False,6,8
12988,2026-07-05,SEC_BTE_GGC,75.0,75.3,94.8,5,5,0.649,CLEAR,False,6,10
12988,2026-07-05,SEC_GGC_SWM,42.0,81.3,47.2,5,44,0.526,STORM,True,6,12
12988,2026-07-05,SEC_SWM_KOTA,65.0,74.6,86.9,5,15,0.873,FOG,False,6,14
12988,2026-07-05,SEC_KOTA_RATL,170.0,165.7,96.3,5,5,0.273,CLEAR,False,6,16
12988,2026-07-05,SEC_RATL_BRC,165.0,182.8,85.7,5,23,0.818,CLEAR,False,6,18
12988,2026-07-05,SEC_BRC_MMCT,250.0,237.5,99.0,5,5,0.518,CLEAR,False,6,20
12910,2026-07-05,SEC_NDLS_MTJ,95.0,98.2,86.2,0,3,0.235,CLEAR,False,6,21
12910,2026-07-05,SEC_MTJ_BTE,25.0,42.3,48.2,0,17,0.475,FOG,False,6,23
12910,2026-07-05,SEC_BTE_GGC,75.0,99.4,71.8,0,24,0.487,FOG,False,6,1
12910,2026-07-05,SEC_GGC_SWM,42.0,58.4,65.8,0,16,0.437,CLEAR,True,6,3
12910,2026-07-05,SEC_SWM_KOTA,65.0,61.8,104.9,0,0,0.133,CLEAR,False,6,5
12910,2026-07-05,SEC_KOTA_RATL,170.0,178.9,89.2,0,9,0.559,RAIN,False,6,7
12910,2026-07-05,SEC_RATL_BRC,165.0,182.4,85.9,0,17,0.623,FOG,False,6,9
12910,2026-07-05,SEC_BRC_MMCT,250.0,242.3,97.1,0,0,0.358,CLEAR,False,6,11
12952,2026-07-06,SEC_NDLS_MTJ,95.0,109.0,77.6,0,14,0.25,FOG,False,0,16
12952,2026-07-06,SEC_MTJ_BTE,25.0,24.4,83.6,0,0,0.178,CLEAR,False,0,18
12952,2026-07-06,SEC_BTE_GGC,75.0,75.4,94.7,0,0,0.132,RAIN,False,0,20
12952,2026-07-06,SEC_GGC_SWM,42.0,47.4,81.0,0,5,0.335,RAIN,False,0,22
12952,2026-07-06,SEC_SWM_KOTA,65.0,65.1,99.5,0,0,0.14,CLEAR,False,0,0
12952,2026-07-06,SEC_KOTA_RATL,170.0,191.5,83.3,0,22,0.102,CLEAR,False,0,2
12952,2026-07-06,SEC_RATL_BRC,165.0,159.6,98.1,0,0,0.406,CLEAR,False,0,4
12952,2026-07-06,SEC_BRC_MMCT,250.0,258.0,91.2,0,8,0.696,CLEAR,False,0,6
12413,2026-07-06,SEC_NDLS_MTJ,95.0,154.0,54.9,1,60,0.604,STORM,True,0,7
12413,2026-07-06,SEC_MTJ_BTE,25.0,37.4,54.5,1,13,0.651,FOG,False,0,9
12413,2026-07-06,SEC_BTE_GGC,75.0,76.5,93.3,1,3,0.626,CLEAR,False,0,11
12413,2026-07-06,SEC_GGC_SWM,42.0,47.2,81.4,1,6,0.152,RAIN,False,0,13
12413,2026-07-06,SEC_SWM_KOTA,65.0,95.7,67.7,1,32,0.389,STORM,True,0,15
12413,2026-07-06,SEC_KOTA_RATL,170.0,165.6,96.4,1,1,0.392,FOG,False,0,17
12413,2026-07-06,SEC_RATL_BRC,165.0,183.8,85.2,1,20,0.636,FOG,False,0,19
12413,2026-07-06,SEC_BRC_MMCT,250.0,257.4,91.4,1,8,0.252,CLEAR,False,0,21
19020,2026-07-06,SEC_NDLS_MTJ,95.0,94.1,89.9,8,8,0.369,CLEAR,False,0,23
19020,2026-07-06,SEC_MTJ_BTE,25.0,32.7,62.4,8,16,0.361,FOG,False,0,1
19020,2026-07-06,SEC_BTE_GGC,75.0,76.5,93.3,8,10,0.494,CLEAR,False,0,3
19020,2026-07-06,SEC_GGC_SWM,42.0,40.6,94.6,8,8,0.483,CLEAR,False,0,5
19020,2026-07-06,SEC_SWM_KOTA,65.0,68.4,94.7,8,11,0.575,CLEAR,False,0,7
19020,2026-07-06,SEC_KOTA_RATL,170.0,161.5,98.8,8,8,0.304,CLEAR,False,0,9
19020,2026-07-06,SEC_RATL_BRC,165.0,164.0,95.5,8,8,0.452,RAIN,False,0,11
19020,2026-07-06,SEC_BRC_MMCT,250.0,237.5,99.0,8,8,0.332,CLEAR,False,0,13
12988,2026-07-06,SEC_NDLS_MTJ,95.0,115.4,73.3,0,20,0.609,FOG,False,0,6
12988,2026-07-06,SEC_MTJ_BTE,25.0,29.9,68.2,0,5,0.163,FOG,False,0,8
12988,2026-07-06,SEC_BTE_GGC,75.0,85.3,83.7,0,10,0.37,FOG,False,0,10
12988,2026-07-06,SEC_GGC_SWM,42.0,62.0,61.9,0,20,0.332,FOG,False,0,12
12988,2026-07-06,SEC_SWM_KOTA,65.0,112.7,57.5,0,48,0.115,STORM,True,0,14
12988,2026-07-06,SEC_KOTA_RATL,170.0,220.3,72.4,0,50,0.35,STORM,True,0,16
12988,2026-07-06,SEC_RATL_BRC,165.0,198.0,79.1,0,33,0.531,STORM,True,0,18
12988,2026-07-06,SEC_BRC_MMCT,250.0,268.6,87.6,0,19,0.634,FOG,False,0,20
12910,2026-07-06,SEC_NDLS_MTJ,95.0,93.4,90.6,10,10,0.636,CLEAR,False,0,21
12910,2026-07-06,SEC_MTJ_BTE,25.0,35.5,57.5,10,20,0.571,FOG,False,0,23
12910,2026-07-06,SEC_BTE_GGC,75.0,74.8,95.5,10,10,0.432,CLEAR,False,0,1
12910,2026-07-06,SEC_GGC_SWM,42.0,90.8,42.3,10,59,0.65,STORM,True,0,3
12910,2026-07-06,SEC_SWM_KOTA,65.0,61.8,104.9,10,10,0.186,CLEAR,False,0,5
12910,2026-07-06,SEC_KOTA_RATL,170.0,207.6,76.9,10,48,0.634,STORM,True,0,7
12910,2026-07-06,SEC_RATL_BRC,165.0,181.8,86.1,10,27,0.508,CLEAR,False,0,9
12910,2026-07-06,SEC_BRC_MMCT,250.0,261.0,90.1,10,21,0.184,FOG,False,0,11
12952,2026-07-07,SEC_NDLS_MTJ,95.0,156.0,54.2,0,61,0.601,STORM,True,1,16
12952,2026-07-07,SEC_MTJ_BTE,25.0,25.5,80.0,0,0,0.568,CLEAR,False,1,18
12952,2026-07-07,SEC_BTE_GGC,75.0,140.1,51.0,0,65,0.552,STORM,True,1,20
12952,2026-07-07,SEC_GGC_SWM,42.0,43.1,89.1,0,1,0.294,RAIN,False,1,22
12952,2026-07-07,SEC_SWM_KOTA,65.0,61.8,104.9,0,0,0.58,CLEAR,False,1,0
12952,2026-07-07,SEC_KOTA_RATL,170.0,180.2,88.6,0,10,0.116,FOG,False,1,2
12952,2026-07-07,SEC_RATL_BRC,165.0,175.2,89.4,0,10,0.249,CLEAR,False,1,4
12952,2026-07-07,SEC_BRC_MMCT,250.0,256.9,91.6,0,7,0.679,CLEAR,False,1,6
12413,2026-07-07,SEC_NDLS_MTJ,95.0,90.2,93.8,5,5,0.383,CLEAR,False,1,7
12413,2026-07-07,SEC_MTJ_BTE,25.0,75.8,26.9,5,56,0.146,STORM,True,1,9
12413,2026-07-07,SEC_BTE_GGC,75.0,81.2,87.9,5,11,0.168,CLEAR,False,1,11
12413,2026-07-07,SEC_GGC_SWM,42.0,41.1,93.4,5,5,0.425,CLEAR,False,1,13
12413,2026-07-07,SEC_SWM_KOTA,65.0,61.8,104.9,5,5,0.207,CLEAR,False,1,15
12413,2026-07-07,SEC_KOTA_RATL,170.0,172.2,92.7,5,7,0.494,CLEAR,False,1,17
12413,2026-07-07,SEC_RATL_BRC,165.0,156.8,99.9,5,5,0.263,CLEAR,False,1,19
12413,2026-07-07,SEC_BRC_MMCT,250.0,260.5,90.3,5,15,0.261,CLEAR,False,1,21
19020,2026-07-07,SEC_NDLS_MTJ,95.0,90.2,93.8,10,10,0.313,CLEAR,False,1,23
19020,2026-07-07,SEC_MTJ_BTE,25.0,29.0,70.3,10,14,0.339,CLEAR,False,1,1
19020,2026-07-07,SEC_BTE_GGC,75.0,124.6,57.3,10,60,0.426,STORM,True,1,3
19020,2026-07-07,SEC_GGC_SWM,42.0,42.6,90.1,10,11,0.23,CLEAR,False,1,5
19020,2026-07-07,SEC_SWM_KOTA,65.0,69.7,93.0,10,15,0.301,CLEAR,False,1,7
19020,2026-07-07,SEC_KOTA_RATL,170.0,210.7,75.7,10,51,0.419,STORM,True,1,9
19020,2026-07-07,SEC_RATL_BRC,165.0,156.8,99.9,10,10,0.164,CLEAR,False,1,11
19020,2026-07-07,SEC_BRC_MMCT,250.0,262.5,89.6,10,22,0.144,RAIN,False,1,13
12988,2026-07-07,SEC_NDLS_MTJ,95.0,158.1,53.5,4,67,0.533,STORM,True,1,6
12988,2026-07-07,SEC_MTJ_BTE,25.0,32.9,62.0,4,12,0.219,RAIN,False,1,8
12988,2026-07-07,SEC_BTE_GGC,75.0,73.8,96.7,4,4,0.679,CLEAR,False,1,10
12988,2026-07-07,SEC_GGC_SWM,42.0,41.1,93.4,4,4,0.488,CLEAR,False,1,12
12988,2026-07-07,SEC_SWM_KOTA,65.0,83.7,77.4,4,23,0.662,FOG,False,1,14
12988,2026-07-07,SEC_KOTA_RATL,170.0,189.9,84.0,4,24,0.381,CLEAR,False,1,16
12988,2026-07-07,SEC_RATL_BRC,165.0,156.8,99.9,4,4,0.41,CLEAR,False,1,18
12988,2026-07-07,SEC_BRC_MMCT,250.0,263.8,89.2,4,18,0.241,FOG,False,1,20
12910,2026-07-07,SEC_NDLS_MTJ,95.0,98.6,85.8,6,10,0.255,CLEAR,False,1,21
12910,2026-07-07,SEC_MTJ_BTE,25.0,47.7,42.8,6,29,0.199,FOG,False,1,23
12910,2026-07-07,SEC_BTE_GGC,75.0,80.4,88.8,6,11,0.552,CLEAR,False,1,1
12910,2026-07-07,SEC_GGC_SWM,42.0,42.8,89.7,6,7,0.443,CLEAR,False,1,3
12910,2026-07-07,SEC_SWM_KOTA,65.0,89.2,72.6,6,30,0.111,STORM,True,1,5
12910,2026-07-07,SEC_KOTA_RATL,170.0,178.6,89.4,6,15,0.106,CLEAR,False,1,7
12910,2026-07-07,SEC_RATL_BRC,165.0,188.2,83.2,6,29,0.273,FOG,False,1,9
12910,2026-07-07,SEC_BRC_MMCT,250.0,262.5,89.6,6,18,0.192,CLEAR,False,1,11
12952,2026-07-08,SEC_NDLS_MTJ,95.0,104.8,80.7,0,10,0.531,RAIN,False,2,16
12952,2026-07-08,SEC_MTJ_BTE,25.0,29.4,69.4,0,4,0.165,CLEAR,False,2,18
12952,2026-07-08,SEC_BTE_GGC,75.0,74.3,96.1,0,0,0.647,CLEAR,False,2,20
12952,2026-07-08,SEC_GGC_SWM,42.0,50.4,76.2,0,8,0.413,CLEAR,False,2,22
12952,2026-07-08,SEC_SWM_KOTA,65.0,63.7,101.7,0,0,0.691,CLEAR,False,2,0
12952,2026-07-08,SEC_KOTA_RATL,170.0,241.8,66.0,0,72,0.557,STORM,True,2,2
12952,2026-07-08,SEC_RATL_BRC,165.0,158.3,98.9,0,0,0.149,FOG,False,2,4
12952,2026-07-08,SEC_BRC_MMCT,250.0,271.2,86.7,0,21,0.379,CLEAR,False,2,6
12413,2026-07-08,SEC_NDLS_MTJ,95.0,90.2,93.8,5,5,0.438,CLEAR,False,2,7
12413,2026-07-08,SEC_MTJ_BTE,25.0,34.8,58.6,5,15,0.604,FOG,False,2,9
12413,2026-07-08,SEC_BTE_GGC,75.0,73.5,97.1,5,5,0.523,CLEAR,False,2,11
12413,2026-07-08,SEC_GGC_SWM,42.0,47.9,80.2,5,11,0.472,CLEAR,False,2,13
12413,2026-07-08,SEC_SWM_KOTA,65.0,118.5,54.7,5,59,0.36,STORM,True,2,15
12413,2026-07-08,SEC_KOTA_RATL,170.0,165.4,96.5,5,5,0.34,CLEAR,False,2,17
12413,2026-07-08,SEC_RATL_BRC,165.0,219.6,71.3,5,60,0.454,STORM,True,2,19
12413,2026-07-08,SEC_BRC_MMCT,250.0,306.7,76.7,5,62,0.596,FOG,False,2,21
19020,2026-07-08,SEC_NDLS_MTJ,95.0,96.2,87.9,0,1,0.304,FOG,False,2,23
19020,2026-07-08,SEC_MTJ_BTE,25.0,23.8,85.7,0,0,0.207,CLEAR,False,2,1
19020,2026-07-08,SEC_BTE_GGC,75.0,101.6,70.3,0,27,0.442,STORM,True,2,3
19020,2026-07-08,SEC_GGC_SWM,42.0,46.8,82.1,0,5,0.175,CLEAR,False,2,5
19020,2026-07-08,SEC_SWM_KOTA,65.0,75.6,85.7,0,11,0.319,FOG,False,2,7
19020,2026-07-08,SEC_KOTA_RATL,170.0,182.8,87.3,0,13,0.519,CLEAR,False,2,9
19020,2026-07-08,SEC_RATL_BRC,165.0,218.2,71.8,0,53,0.505,STORM,True,2,11
19020,2026-07-08,SEC_BRC_MMCT,250.0,247.0,95.2,0,0,0.24,CLEAR,False,2,13
12988,2026-07-08,SEC_NDLS_MTJ,95.0,101.6,83.3,4,11,0.607,CLEAR,False,2,6
12988,2026-07-08,SEC_MTJ_BTE,25.0,64.6,31.6,4,44,0.234,STORM,True,2,8
12988,2026-07-08,SEC_BTE_GGC,75.0,82.8,86.2,4,12,0.625,CLEAR,False,2,10
12988,2026-07-08,SEC_GGC_SWM,42.0,46.3,82.9,4,8,0.335,CLEAR,False,2,12
12988,2026-07-08,SEC_SWM_KOTA,65.0,108.8,59.6,4,48,0.179,STORM,True,2,14
12988,2026-07-08,SEC_KOTA_RATL,170.0,179.3,89.0,4,13,0.624,CLEAR,False,2,16
12988,2026-07-08,SEC_RATL_BRC,165.0,167.3,93.6,4,6,0.106,CLEAR,False,2,18
12988,2026-07-08,SEC_BRC_MMCT,250.0,237.5,99.0,4,4,0.437,CLEAR,False,2,20
12910,2026-07-08,SEC_NDLS_MTJ,95.0,102.1,82.9,6,13,0.626,RAIN,False,2,21
12910,2026-07-08,SEC_MTJ_BTE,25.0,35.1,58.1,6,16,0.559,RAIN,False,2,23
12910,2026-07-08,SEC_BTE_GGC,75.0,90.2,79.2,6,21,0.61,FOG,False,2,1
12910,2026-07-08,SEC_GGC_SWM,42.0,39.9,96.2,6,6,0.224,CLEAR,False,2,3
12910,2026-07-08,SEC_SWM_KOTA,65.0,61.8,104.9,6,6,0.246,CLEAR,False,2,5
12910,2026-07-08,SEC_KOTA_RATL,170.0,171.6,93.0,6,8,0.511,CLEAR,False,2,7
12910,2026-07-08,SEC_RATL_BRC,165.0,156.8,99.9,6,6,0.497,CLEAR,False,2,9
12910,2026-07-08,SEC_BRC_MMCT,250.0,291.4,80.7,6,47,0.121,FOG,False,2,11
12952,2026-07-09,SEC_NDLS_MTJ,95.0,115.7,73.1,0,21,0.483,STORM,True,3,16
12952,2026-07-09,SEC_MTJ_BTE,25.0,23.8,85.7,0,0,0.27,CLEAR,False,3,18
12952,2026-07-09,SEC_BTE_GGC,75.0,75.8,94.2,0,1,0.233,CLEAR,False,3,20
12952,2026-07-09,SEC_GGC_SWM,42.0,74.0,51.9,0,32,0.693,STORM,True,3,22
12952,2026-07-09,SEC_SWM_KOTA,65.0,72.7,89.1,0,8,0.377,RAIN,False,3,0
12952,2026-07-09,SEC_KOTA_RATL,170.0,185.6,86.0,0,16,0.351,RAIN,False,3,2
12952,2026-07-09,SEC_RATL_BRC,165.0,171.7,91.2,0,7,0.15,FOG,False,3,4
12952,2026-07-09,SEC_BRC_MMCT,250.0,282.2,83.3,0,32,0.282,FOG,False,3,6
12413,2026-07-09,SEC_NDLS_MTJ,95.0,145.5,58.1,5,55,0.363,STORM,True,3,7
12413,2026-07-09,SEC_MTJ_BTE,25.0,34.6,59.0,5,15,0.575,FOG,False,3,9
12413,2026-07-09,SEC_BTE_GGC,75.0,85.2,83.8,5,15,0.22,CLEAR,True,3,11
12413,2026-07-09,SEC_GGC_SWM,42.0,46.7,82.2,5,10,0.388,CLEAR,False,3,13
12413,2026-07-09,SEC_SWM_KOTA,65.0,133.8,48.4,5,74,0.135,STORM,True,3,15
12413,2026-07-09,SEC_KOTA_RATL,170.0,163.2,97.8,5,5,0.119,CLEAR,False,3,17
12413,2026-07-09,SEC_RATL_BRC,165.0,161.3,97.1,5,5,0.606,RAIN,False,3,19
12413,2026-07-09,SEC_BRC_MMCT,250.0,244.0,96.4,5,5,0.158,CLEAR,False,3,21
19020,2026-07-09,SEC_NDLS_MTJ,95.0,99.9,84.7,4,9,0.563,CLEAR,False,3,23
19020,2026-07-09,SEC_MTJ_BTE,25.0,26.6,76.7,4,6,0.236,CLEAR,False,3,1
19020,2026-07-09,SEC_BTE_GGC,75.0,82.7,86.3,4,12,0.441,CLEAR,False,3,3
19020,2026-07-09,SEC_GGC_SWM,42.0,52.0,73.8,4,14,0.516,RAIN,False,3,5
19020,2026-07-09,SEC_SWM_KOTA,65.0,67.4,96.1,4,6,0.193,CLEAR,False,3,7
19020,2026-07-09,SEC_KOTA_RATL,170.0,161.5,98.8,4,4,0.672,CLEAR,False,3,9
19020,2026-07-09,SEC_RATL_BRC,165.0,157.1,99.7,4,4,0.147,CLEAR,False,3,11
19020,2026-07-09,SEC_BRC_MMCT,250.0,288.3,81.6,4,42,0.2,STORM,True,3,13
12988,2026-07-09,SEC_NDLS_MTJ,95.0,113.1,74.8,3,21,0.425,FOG,False,3,6
12988,2026-07-09,SEC_MTJ_BTE,25.0,27.4,74.5,3,5,0.469,CLEAR,False,3,8
12988,2026-07-09,SEC_BTE_GGC,75.0,71.2,100.3,3,3,0.384,CLEAR,False,3,10
12988,2026-07-09,SEC_GGC_SWM,42.0,39.9,96.2,3,3,0.187,CLEAR,False,3,12
12988,2026-07-09,SEC_SWM_KOTA,65.0,67.5,96.0,3,5,0.602,CLEAR,False,3,14
12988,2026-07-09,SEC_KOTA_RATL,170.0,175.6,90.9,3,9,0.666,CLEAR,False,3,16
12988,2026-07-09,SEC_RATL_BRC,165.0,156.8,99.9,3,3,0.328,CLEAR,False,3,18
12988,2026-07-09,SEC_BRC_MMCT,250.0,263.1,89.4,3,16,0.345,CLEAR,False,3,20
12910,2026-07-09,SEC_NDLS_MTJ,95.0,112.8,75.0,0,18,0.547,RAIN,False,3,21
12910,2026-07-09,SEC_MTJ_BTE,25.0,31.4,65.0,0,6,0.506,FOG,False,3,23
12910,2026-07-09,SEC_BTE_GGC,75.0,78.9,90.5,0,4,0.566,RAIN,False,3,1
12910,2026-07-09,SEC_GGC_SWM,42.0,51.5,74.6,0,10,0.167,CLEAR,False,3,3
12910,2026-07-09,SEC_SWM_KOTA,65.0,98.8,65.6,0,34,0.69,CLEAR,True,3,5
12910,2026-07-09,SEC_KOTA_RATL,170.0,195.3,81.7,0,25,0.101,STORM,True,3,7
12910,2026-07-09,SEC_RATL_BRC,165.0,251.2,62.3,0,86,0.265,STORM,True,3,9
12910,2026-07-09,SEC_BRC_MMCT,250.0,276.0,85.2,0,26,0.113,RAIN,False,3,11
12952,2026-07-10,SEC_NDLS_MTJ,95.0,95.7,88.4,0,1,0.175,CLEAR,False,4,16
12952,2026-07-10,SEC_MTJ_BTE,25.0,23.8,85.7,0,0,0.261,CLEAR,False,4,18
12952,2026-07-10,SEC_BTE_GGC,75.0,71.2,100.3,0,0,0.476,CLEAR,False,4,20
12952,2026-07-10,SEC_GGC_SWM,42.0,48.2,79.7,0,6,0.237,RAIN,False,4,22
12952,2026-07-10,SEC_SWM_KOTA,65.0,64.9,99.8,0,0,0.343,CLEAR,False,4,0
12952,2026-07-10,SEC_KOTA_RATL,170.0,186.4,85.6,0,16,0.664,FOG,False,4,2
12952,2026-07-10,SEC_RATL_BRC,165.0,180.3,86.9,0,15,0.511,FOG,False,4,4
12952,2026-07-10,SEC_BRC_MMCT,250.0,259.1,90.8,0,9,0.199,FOG,False,4,6
12413,2026-07-10,SEC_NDLS_MTJ,95.0,90.2,93.8,0,0,0.274,CLEAR,False,4,7
12413,2026-07-10,SEC_MTJ_BTE,25.0,56.5,36.1,0,32,0.45,STORM,True,4,9
12413,2026-07-10,SEC_BTE_GGC,75.0,76.1,93.8,0,1,0.248,CLEAR,False,4,11
12413,2026-07-10,SEC_GGC_SWM,42.0,42.4,90.6,0,0,0.367,CLEAR,False,4,13
12413,2026-07-10,SEC_SWM_KOTA,65.0,76.7,84.5,0,12,0.644,FOG,False,4,15
12413,2026-07-10,SEC_KOTA_RATL,170.0,161.6,98.8,0,0,0.631,CLEAR,False,4,17
12413,2026-07-10,SEC_RATL_BRC,165.0,188.1,83.3,0,23,0.267,CLEAR,False,4,19
12413,2026-07-10,SEC_BRC_MMCT,250.0,255.8,91.9,0,6,0.455,CLEAR,False,4,21
19020,2026-07-10,SEC_NDLS_MTJ,95.0,100.4,84.3,10,15,0.439,RAIN,False,4,23
19020,2026-07-10,SEC_MTJ_BTE,25.0,30.0,68.0,10,15,0.508,CLEAR,False,4,1
19020,2026-07-10,SEC_BTE_GGC,75.0,75.4,94.7,10,10,0.554,CLEAR,False,4,3
19020,2026-07-10,SEC_GGC_SWM,42.0,48.8,78.7,10,17,0.332,CLEAR,False,4,5
19020,2026-07-10,SEC_SWM_KOTA,65.0,80.1,80.9,10,25,0.697,FOG,False,4,7
19020,2026-07-10,SEC_KOTA_RATL,170.0,185.9,85.9,10,26,0.531,CLEAR,False,4,9
19020,2026-07-10,SEC_RATL_BRC,165.0,172.8,90.6,10,18,0.607,RAIN,False,4,11
19020,2026-07-10,SEC_BRC_MMCT,250.0,272.2,86.4,10,32,0.333,FOG,False,4,13
12988,2026-07-10,SEC_NDLS_MTJ,95.0,102.8,82.3,1,9,0.575,CLEAR,False,4,6
12988,2026-07-10,SEC_MTJ_BTE,25.0,24.7,82.6,1,1,0.436,CLEAR,False,4,8
12988,2026-07-10,SEC_BTE_GGC,75.0,84.6,84.4,1,11,0.171,FOG,False,4,10
12988,2026-07-10,SEC_GGC_SWM,42.0,46.1,83.3,1,5,0.661,RAIN,False,4,12
12988,2026-07-10,SEC_SWM_KOTA,65.0,65.5,98.9,1,1,0.421,CLEAR,False,4,14
12988,2026-07-10,SEC_KOTA_RATL,170.0,169.3,94.3,1,1,0.103,CLEAR,False,4,16
12988,2026-07-10,SEC_RATL_BRC,165.0,201.7,77.6,1,38,0.179,STORM,True,4,18
12988,2026-07-10,SEC_BRC_MMCT,250.0,237.5,99.0,1,1,0.176,CLEAR,False,4,20
12910,2026-07-10,SEC_NDLS_MTJ,95.0,98.4,86.0,8,11,0.132,CLEAR,False,4,21
12910,2026-07-10,SEC_MTJ_BTE,25.0,73.8,27.6,8,57,0.133,STORM,True,4,23
12910,2026-07-10,SEC_BTE_GGC,75.0,90.8,78.6,8,24,0.255,FOG,False,4,1
12910,2026-07-10,SEC_GGC_SWM,42.0,48.3,79.5,8,14,0.101,CLEAR,False,4,3
12910,2026-07-10,SEC_SWM_KOTA,65.0,76.0,85.3,8,19,0.282,CLEAR,False,4,5
12910,2026-07-10,SEC_KOTA_RATL,170.0,214.0,74.6,8,52,0.592,STORM,True,4,7
12910,2026-07-10,SEC_RATL_BRC,165.0,156.8,99.9,8,8,0.499,CLEAR,False,4,9
12910,2026-07-10,SEC_BRC_MMCT,250.0,249.2,94.4,8,8,0.348,CLEAR,False,4,11
12952,2026-07-11,SEC_NDLS_MTJ,95.0,113.5,74.5,0,18,0.201,CLEAR,False,5,16
12952,2026-07-11,SEC_MTJ_BTE,25.0,28.1,72.6,0,3,0.521,CLEAR,False,5,18
12952,2026-07-11,SEC_BTE_GGC,75.0,83.9,85.1,0,9,0.604,FOG,False,5,20
12952,2026-07-11,SEC_GGC_SWM,42.0,41.6,92.3,0,0,0.449,CLEAR,False,5,22
12952,2026-07-11,SEC_SWM_KOTA,65.0,106.8,60.7,0,42,0.588,STORM,True,5,0
12952,2026-07-11,SEC_KOTA_RATL,170.0,186.8,85.4,0,17,0.67,RAIN,False,5,2
12952,2026-07-11,SEC_RATL_BRC,165.0,175.7,89.1,0,11,0.527,CLEAR,False,5,4
12952,2026-07-11,SEC_BRC_MMCT,250.0,251.3,93.6,0,1,0.292,FOG,False,5,6
12413,2026-07-11,SEC_NDLS_MTJ,95.0,101.8,83.1,2,9,0.35,CLEAR,False,5,7
12413,2026-07-11,SEC_MTJ_BTE,25.0,25.8,79.1,2,3,0.698,CLEAR,False,5,9
12413,2026-07-11,SEC_BTE_GGC,75.0,85.8,83.2,2,13,0.878,RAIN,False,5,11
12413,2026-07-11,SEC_GGC_SWM,42.0,45.5,84.4,2,6,0.516,CLEAR,False,5,13
12413,2026-07-11,SEC_SWM_KOTA,65.0,62.2,104.2,2,2,0.378,CLEAR,False,5,15
12413,2026-07-11,SEC_KOTA_RATL,170.0,161.5,98.8,2,2,0.525,CLEAR,False,5,17
12413,2026-07-11,SEC_RATL_BRC,165.0,169.0,92.7,2,6,0.222,RAIN,False,5,19
12413,2026-07-11,SEC_BRC_MMCT,250.0,252.8,93.0,2,5,0.68,FOG,False,5,21
19020,2026-07-11,SEC_NDLS_MTJ,95.0,97.1,87.1,2,4,0.158,CLEAR,False,5,23
19020,2026-07-11,SEC_MTJ_BTE,25.0,37.1,55.0,2,14,0.282,FOG,False,5,1
19020,2026-07-11,SEC_BTE_GGC,75.0,91.0,78.5,2,18,0.881,RAIN,False,5,3
19020,2026-07-11,SEC_GGC_SWM,42.0,42.4,90.6,2,2,0.461,CLEAR,False,5,5
19020,2026-07-11,SEC_SWM_KOTA,65.0,66.8,97.0,2,4,0.871,CLEAR,False,5,7
19020,2026-07-11,SEC_KOTA_RATL,170.0,216.3,73.8,2,48,0.47,STORM,True,5,9
19020,2026-07-11,SEC_RATL_BRC,165.0,207.6,75.4,2,45,0.78,STORM,True,5,11
19020,2026-07-11,SEC_BRC_MMCT,250.0,289.8,81.2,2,42,0.858,STORM,True,5,13
12988,2026-07-11,SEC_NDLS_MTJ,95.0,112.8,75.0,5,23,0.473,RAIN,False,5,6
12988,2026-07-11,SEC_MTJ_BTE,25.0,68.8,29.7,5,49,0.673,STORM,True,5,8
12988,2026-07-11,SEC_BTE_GGC,75.0,83.7,85.3,5,14,0.71,FOG,False,5,10
12988,2026-07-11,SEC_GGC_SWM,42.0,53.2,72.2,5,16,0.118,RAIN,False,5,12
12988,2026-07-11,SEC_SWM_KOTA,65.0,120.1,54.0,5,60,0.155,STORM,True,5,14
12988,2026-07-11,SEC_KOTA_RATL,170.0,166.4,95.9,5,5,0.6,CLEAR,False,5,16
12988,2026-07-11,SEC_RATL_BRC,165.0,225.1,69.6,5,65,0.116,STORM,True,5,18
12988,2026-07-11,SEC_BRC_MMCT,250.0,243.2,96.7,5,5,0.203,CLEAR,False,5,20
12910,2026-07-11,SEC_NDLS_MTJ,95.0,129.1,65.5,2,36,0.461,FOG,True,5,21
12910,2026-07-11,SEC_MTJ_BTE,25.0,30.4,67.1,2,7,0.646,CLEAR,False,5,23
12910,2026-07-11,SEC_BTE_GGC,75.0,94.2,75.8,2,21,0.264,FOG,False,5,1
12910,2026-07-11,SEC_GGC_SWM,42.0,51.1,75.1,2,11,0.432,RAIN,False,5,3
12910,2026-07-11,SEC_SWM_KOTA,65.0,67.4,96.1,2,4,0.769,FOG,False,5,5
12910,2026-07-11,SEC_KOTA_RATL,170.0,174.5,91.5,2,6,0.302,CLEAR,False,5,7
12910,2026-07-11,SEC_RATL_BRC,165.0,162.4,96.4,2,2,0.103,CLEAR,False,5,9
12910,2026-07-11,SEC_BRC_MMCT,250.0,241.0,97.6,2,2,0.176,CLEAR,False,5,11
12952,2026-07-12,SEC_NDLS_MTJ,95.0,94.0,90.0,0,0,0.569,CLEAR,False,6,16
12952,2026-07-12,SEC_MTJ_BTE,25.0,37.4,54.5,0,12,0.883,FOG,False,6,18
12952,2026-07-12,SEC_BTE_GGC,75.0,73.6,97.0,0,0,0.23,CLEAR,False,6,20
12952,2026-07-12,SEC_GGC_SWM,42.0,48.5,79.2,0,6,0.36,RAIN,False,6,22
12952,2026-07-12,SEC_SWM_KOTA,65.0,91.5,70.8,0,26,0.288,FOG,False,6,0
12952,2026-07-12,SEC_KOTA_RATL,170.0,180.3,88.5,0,10,0.372,FOG,False,6,2
12952,2026-07-12,SEC_RATL_BRC,165.0,168.0,93.2,0,3,0.832,CLEAR,False,6,4
12952,2026-07-12,SEC_BRC_MMCT,250.0,238.8,98.5,0,0,0.535,FOG,False,6,6
12413,2026-07-12,SEC_NDLS_MTJ,95.0,95.7,88.4,3,4,0.115,CLEAR,False,6,7
12413,2026-07-12,SEC_MTJ_BTE,25.0,61.0,33.4,3,39,0.707,RAIN,True,6,9
12413,2026-07-12,SEC_BTE_GGC,75.0,71.2,100.3,3,3,0.205,CLEAR,False,6,11
12413,2026-07-12,SEC_GGC_SWM,42.0,39.9,96.2,3,3,0.392,CLEAR,False,6,13
12413,2026-07-12,SEC_SWM_KOTA,65.0,61.8,104.9,3,3,0.454,CLEAR,False,6,15
12413,2026-07-12,SEC_KOTA_RATL,170.0,185.2,86.2,3,18,0.738,FOG,False,6,17
12413,2026-07-12,SEC_RATL_BRC,165.0,189.9,82.5,3,28,0.214,FOG,False,6,19
12413,2026-07-12,SEC_BRC_MMCT,250.0,244.2,96.3,3,3,0.883,CLEAR,False,6,21
19020,2026-07-12,SEC_NDLS_MTJ,95.0,102.9,82.2,0,8,0.627,CLEAR,False,6,23
19020,2026-07-12,SEC_MTJ_BTE,25.0,30.3,67.3,0,5,0.149,RAIN,False,6,1
19020,2026-07-12,SEC_BTE_GGC,75.0,125.6,56.8,0,51,0.699,STORM,True,6,3
19020,2026-07-12,SEC_GGC_SWM,42.0,77.9,49.3,0,36,0.891,STORM,True,6,5
19020,2026-07-12,SEC_SWM_KOTA,65.0,68.5,94.6,0,4,0.558,CLEAR,False,6,7
19020,2026-07-12,SEC_KOTA_RATL,170.0,163.6,97.6,0,0,0.843,CLEAR,False,6,9
19020,2026-07-12,SEC_RATL_BRC,165.0,168.6,92.9,0,4,0.641,CLEAR,False,6,11
19020,2026-07-12,SEC_BRC_MMCT,250.0,237.5,99.0,0,0,0.871,CLEAR,False,6,13
12988,2026-07-12,SEC_NDLS_MTJ,95.0,100.0,84.6,5,10,0.714,CLEAR,False,6,6
12988,2026-07-12,SEC_MTJ_BTE,25.0,52.2,39.1,5,32,0.103,RAIN,True,6,8
12988,2026-07-12,SEC_BTE_GGC,75.0,130.0,54.9,5,60,0.623,STORM,True,6,10
12988,2026-07-12,SEC_GGC_SWM,42.0,46.9,81.9,5,10,0.78,CLEAR,False,6,12
12988,2026-07-12,SEC_SWM_KOTA,65.0,61.8,104.9,5,5,0.208,CLEAR,False,6,14
12988,2026-07-12,SEC_KOTA_RATL,170.0,161.5,98.8,5,5,0.187,CLEAR,False,6,16
12988,2026-07-12,SEC_RATL_BRC,165.0,156.8,99.9,5,5,0.622,CLEAR,False,6,18
12988,2026-07-12,SEC_BRC_MMCT,250.0,258.6,91.0,5,14,0.47,RAIN,False,6,20
12910,2026-07-12,SEC_NDLS_MTJ,95.0,105.1,80.5,4,14,0.46,RAIN,False,6,21
12910,2026-07-12,SEC_MTJ_BTE,25.0,33.0,61.8,4,12,0.482,RAIN,False,6,23
12910,2026-07-12,SEC_BTE_GGC,75.0,133.4,53.5,4,62,0.131,STORM,True,6,1
12910,2026-07-12,SEC_GGC_SWM,42.0,58.4,65.8,4,20,0.41,FOG,False,6,3
12910,2026-07-12,SEC_SWM_KOTA,65.0,74.6,86.9,4,14,0.614,CLEAR,False,6,5
12910,2026-07-12,SEC_KOTA_RATL,170.0,173.2,92.1,4,7,0.501,CLEAR,False,6,7
12910,2026-07-12,SEC_RATL_BRC,165.0,185.4,84.5,4,24,0.372,RAIN,False,6,9
12910,2026-07-12,SEC_BRC_MMCT,250.0,250.5,93.9,4,4,0.647,CLEAR,False,6,11
12952,2026-07-13,SEC_NDLS_MTJ,95.0,132.1,64.0,0,37,0.503,STORM,True,0,16
12952,2026-07-13,SEC_MTJ_BTE,25.0,26.0,78.5,0,1,0.247,CLEAR,False,0,18
12952,2026-07-13,SEC_BTE_GGC,75.0,84.5,84.5,0,10,0.12,RAIN,False,0,20
12952,2026-07-13,SEC_GGC_SWM,42.0,45.1,85.1,0,3,0.189,CLEAR,False,0,22
12952,2026-07-13,SEC_SWM_KOTA,65.0,73.2,88.5,0,8,0.286,CLEAR,False,0,0
12952,2026-07-13,SEC_KOTA_RATL,170.0,163.2,97.8,0,0,0.165,CLEAR,False,0,2
12952,2026-07-13,SEC_RATL_BRC,165.0,193.8,80.8,0,29,0.188,STORM,True,0,4
12952,2026-07-13,SEC_BRC_MMCT,250.0,237.5,99.0,0,0,0.201,CLEAR,False,0,6
12413,2026-07-13,SEC_NDLS_MTJ,95.0,122.0,69.3,5,32,0.479,STORM,True,0,7
12413,2026-07-13,SEC_MTJ_BTE,25.0,27.4,74.5,5,7,0.294,CLEAR,False,0,9
12413,2026-07-13,SEC_BTE_GGC,75.0,98.3,72.6,5,28,0.3,FOG,False,0,11
12413,2026-07-13,SEC_GGC_SWM,42.0,42.7,89.9,5,6,0.182,CLEAR,False,0,13
12413,2026-07-13,SEC_SWM_KOTA,65.0,75.2,86.2,5,15,0.507,RAIN,False,0,15
12413,2026-07-13,SEC_KOTA_RATL,170.0,177.1,90.1,5,12,0.496,RAIN,False,0,17
12413,2026-07-13,SEC_RATL_BRC,165.0,194.8,80.4,5,35,0.668,RAIN,True,0,19
12413,2026-07-13,SEC_BRC_MMCT,250.0,269.4,87.3,5,24,0.122,FOG,False,0,21
19020,2026-07-13,SEC_NDLS_MTJ,95.0,99.1,85.4,10,14,0.507,CLEAR,False,0,23
19020,2026-07-13,SEC_MTJ_BTE,25.0,28.5,71.6,10,14,0.459,CLEAR,False,0,1
19020,2026-07-13,SEC_BTE_GGC,75.0,119.9,59.5,10,55,0.144,STORM,True,0,3
19020,2026-07-13,SEC_GGC_SWM,42.0,39.9,96.2,10,10,0.195,CLEAR,False,0,5
19020,2026-07-13,SEC_SWM_KOTA,65.0,92.2,70.3,10,37,0.302,CLEAR,True,0,7
19020,2026-07-13,SEC_KOTA_RATL,170.0,173.1,92.2,10,13,0.407,CLEAR,False,0,9
19020,2026-07-13,SEC_RATL_BRC,165.0,176.3,88.8,10,21,0.289,FOG,False,0,11
19020,2026-07-13,SEC_BRC_MMCT,250.0,245.9,95.6,10,10,0.66,CLEAR,False,0,13
12988,2026-07-13,SEC_NDLS_MTJ,95.0,106.1,79.7,5,16,0.548,RAIN,False,0,6
12988,2026-07-13,SEC_MTJ_BTE,25.0,25.9,78.8,5,6,0.255,CLEAR,False,0,8
12988,2026-07-13,SEC_BTE_GGC,75.0,71.2,100.3,5,5,0.262,CLEAR,False,0,10
12988,2026-07-13,SEC_GGC_SWM,42.0,59.1,65.0,5,22,0.67,FOG,False,0,12
12988,2026-07-13,SEC_SWM_KOTA,65.0,61.8,104.9,5,5,0.377,CLEAR,False,0,14
12988,2026-07-13,SEC_KOTA_RATL,170.0,189.7,84.1,5,25,0.102,CLEAR,True,0,16
12988,2026-07-13,SEC_RATL_BRC,165.0,174.5,89.7,5,15,0.132,FOG,False,0,18
12988,2026-07-13,SEC_BRC_MMCT,250.0,253.6,92.7,5,9,0.193,CLEAR,False,0,20
12910,2026-07-13,SEC_NDLS_MTJ,95.0,98.6,85.8,2,6,0.143,FOG,False,0,21
12910,2026-07-13,SEC_MTJ_BTE,25.0,37.0,55.1,2,14,0.41,FOG,False,0,23
12910,2026-07-13,SEC_BTE_GGC,75.0,97.4,73.3,2,24,0.106,FOG,False,0,1
12910,2026-07-13,SEC_GGC_SWM,42.0,60.1,63.9,2,20,0.446,FOG,False,0,3
12910,2026-07-13,SEC_SWM_KOTA,65.0,77.9,83.2,2,15,0.174,RAIN,False,0,5
12910,2026-07-13,SEC_KOTA_RATL,170.0,186.6,85.5,2,19,0.262,CLEAR,False,0,7
12910,2026-07-13,SEC_RATL_BRC,165.0,165.5,94.6,2,2,0.47,RAIN,False,0,9
12910,2026-07-13,SEC_BRC_MMCT,250.0,262.6,89.6,2,15,0.409,FOG,True,0,11
12952,2026-07-14,SEC_NDLS_MTJ,95.0,94.6,89.4,0,0,0.489,CLEAR,False,1,16
12952,2026-07-14,SEC_MTJ_BTE,25.0,40.2,50.7,0,15,0.447,FOG,False,1,18
12952,2026-07-14,SEC_BTE_GGC,75.0,76.4,93.5,0,1,0.276,CLEAR,False,1,20
12952,2026-07-14,SEC_GGC_SWM,42.0,52.9,72.6,0,11,0.131,RAIN,False,1,22
12952,2026-07-14,SEC_SWM_KOTA,65.0,103.2,62.8,0,38,0.317,STORM,True,1,0
12952,2026-07-14,SEC_KOTA_RATL,170.0,207.5,76.9,0,38,0.558,STORM,True,1,2
12952,2026-07-14,SEC_RATL_BRC,165.0,174.2,89.9,0,9,0.203,CLEAR,False,1,4
12952,2026-07-14,SEC_BRC_MMCT,250.0,298.6,78.8,0,49,0.376,STORM,True,1,6
12413,2026-07-14,SEC_NDLS_MTJ,95.0,116.7,72.5,4,26,0.62,FOG,False,1,7
12413,2026-07-14,SEC_MTJ_BTE,25.0,42.7,47.8,4,22,0.508,FOG,False,1,9
12413,2026-07-14,SEC_BTE_GGC,75.0,82.6,86.4,4,12,0.343,CLEAR,False,1,11
12413,2026-07-14,SEC_GGC_SWM,42.0,83.1,46.2,4,45,0.61,STORM,True,1,13
12413,2026-07-14,SEC_SWM_KOTA,65.0,77.2,83.9,4,16,0.621,RAIN,False,1,15
12413,2026-07-14,SEC_KOTA_RATL,170.0,165.1,96.7,4,4,0.42,RAIN,False,1,17
12413,2026-07-14,SEC_RATL_BRC,165.0,161.6,96.9,4,4,0.292,CLEAR,False,1,19
12413,2026-07-14,SEC_BRC_MMCT,250.0,251.5,93.5,4,6,0.469,CLEAR,False,1,21
19020,2026-07-14,SEC_NDLS_MTJ,95.0,111.8,75.7,8,25,0.135,RAIN,False,1,23
19020,2026-07-14,SEC_MTJ_BTE,25.0,72.7,28.1,8,56,0.313,STORM,True,1,1
19020,2026-07-14,SEC_BTE_GGC,75.0,96.5,74.0,8,30,0.255,FOG,False,1,3
19020,2026-07-14,SEC_GGC_SWM,42.0,43.2,88.9,8,9,0.678,CLEAR,False,1,5
19020,2026-07-14,SEC_SWM_KOTA,65.0,61.8,104.9,8,8,0.25,CLEAR,False,1,7
19020,2026-07-14,SEC_KOTA_RATL,170.0,162.5,98.2,8,8,0.2,RAIN,False,1,9
19020,2026-07-14,SEC_RATL_BRC,165.0,162.6,96.3,8,8,0.131,RAIN,False,1,11
19020,2026-07-14,SEC_BRC_MMCT,250.0,252.2,93.3,8,10,0.556,RAIN,True,1,13
12988,2026-07-14,SEC_NDLS_MTJ,95.0,102.7,82.4,2,10,0.397,RAIN,False,1,6
12988,2026-07-14,SEC_MTJ_BTE,25.0,36.9,55.3,2,14,0.631,RAIN,False,1,8
12988,2026-07-14,SEC_BTE_GGC,75.0,136.4,52.3,2,63,0.466,STORM,True,1,10
12988,2026-07-14,SEC_GGC_SWM,42.0,46.1,83.3,2,6,0.283,RAIN,False,1,12
12988,2026-07-14,SEC_SWM_KOTA,65.0,74.6,86.9,2,12,0.389,FOG,False,1,14
12988,2026-07-14,SEC_KOTA_RATL,170.0,168.9,94.5,2,2,0.375,CLEAR,False,1,16
12988,2026-07-14,SEC_RATL_BRC,165.0,174.8,89.6,2,12,0.473,CLEAR,False,1,18
12988,2026-07-14,SEC_BRC_MMCT,250.0,250.9,93.7,2,3,0.471,RAIN,False,1,20
12910,2026-07-14,SEC_NDLS_MTJ,95.0,96.4,87.8,6,7,0.298,CLEAR,False,1,21
12910,2026-07-14,SEC_MTJ_BTE,25.0,31.5,64.8,6,12,0.656,CLEAR,False,1,23
12910,2026-07-14,SEC_BTE_GGC,75.0,83.3,85.7,6,14,0.634,CLEAR,False,1,1
12910,2026-07-14,SEC_GGC_SWM,42.0,90.7,42.3,6,55,0.695,STORM,True,1,3
12910,2026-07-14,SEC_SWM_KOTA,65.0,81.2,79.8,6,22,0.167,RAIN,False,1,5
12910,2026-07-14,SEC_KOTA_RATL,170.0,161.5,98.8,6,6,0.573,CLEAR,False,1,7
12910,2026-07-14,SEC_RATL_BRC,165.0,172.0,91.0,6,13,0.582,CLEAR,False,1,9
12910,2026-07-14,SEC_BRC_MMCT,250.0,296.1,79.4,6,52,0.351,FOG,True,1,11
12952,2026-07-15,SEC_NDLS_MTJ,95.0,90.2,93.8,0,0,0.524,FOG,False,2,16
12952,2026-07-15,SEC_MTJ_BTE,25.0,76.8,26.6,0,52,0.206,STORM,True,2,18
12952,2026-07-15,SEC_BTE_GGC,75.0,80.6,88.6,0,6,0.489,RAIN,False,2,20
12952,2026-07-15,SEC_GGC_SWM,42.0,45.6,84.2,0,4,0.146,CLEAR,False,2,22
12952,2026-07-15,SEC_SWM_KOTA,65.0,65.1,99.5,0,0,0.393,CLEAR,False,2,0
12952,2026-07-15,SEC_KOTA_RATL,170.0,166.9,95.6,0,0,0.617,CLEAR,False,2,2
12952,2026-07-15,SEC_RATL_BRC,165.0,192.7,81.3,0,28,0.6,FOG,False,2,4
12952,2026-07-15,SEC_BRC_MMCT,250.0,264.8,88.8,0,15,0.146,CLEAR,False,2,6
12413,2026-07-15,SEC_NDLS_MTJ,95.0,99.4,85.1,3,7,0.647,FOG,False,2,7
12413,2026-07-15,SEC_MTJ_BTE,25.0,35.3,57.8,3,13,0.205,RAIN,False,2,9
12413,2026-07-15,SEC_BTE_GGC,75.0,88.0,81.1,3,16,0.369,RAIN,False,2,11
12413,2026-07-15,SEC_GGC_SWM,42.0,43.7,87.9,3,5,0.424,CLEAR,False,2,13
12413,2026-07-15,SEC_SWM_KOTA,65.0,75.6,85.7,3,14,0.196,CLEAR,False,2,15
12413,2026-07-15,SEC_KOTA_RATL,170.0,174.1,91.7,3,7,0.658,CLEAR,False,2,17
12413,2026-07-15,SEC_RATL_BRC,165.0,175.3,89.3,3,13,0.567,RAIN,False,2,19
12413,2026-07-15,SEC_BRC_MMCT,250.0,258.1,91.1,3,11,0.403,CLEAR,False,2,21
19020,2026-07-15,SEC_NDLS_MTJ,95.0,116.3,72.7,4,25,0.674,FOG,False,2,23
19020,2026-07-15,SEC_MTJ_BTE,25.0,85.8,23.8,4,65,0.308,STORM,True,2,1
19020,2026-07-15,SEC_BTE_GGC,75.0,91.5,78.0,4,20,0.634,FOG,False,2,3
19020,2026-07-15,SEC_GGC_SWM,42.0,58.5,65.6,4,20,0.56,FOG,False,2,5
19020,2026-07-15,SEC_SWM_KOTA,65.0,69.7,93.0,4,9,0.382,CLEAR,False,2,7
19020,2026-07-15,SEC_KOTA_RATL,170.0,173.8,91.8,4,8,0.307,CLEAR,False,2,9
19020,2026-07-15,SEC_RATL_BRC,165.0,184.0,85.1,4,23,0.573,CLEAR,False,2,11
19020,2026-07-15,SEC_BRC_MMCT,250.0,274.3,85.7,4,28,0.536,FOG,False,2,13
12988,2026-07-15,SEC_NDLS_MTJ,95.0,115.2,73.4,3,23,0.276,FOG,False,2,6
12988,2026-07-15,SEC_MTJ_BTE,25.0,39.2,52.0,3,17,0.571,RAIN,False,2,8
12988,2026-07-15,SEC_BTE_GGC,75.0,91.8,77.8,3,20,0.572,RAIN,False,2,10
12988,2026-07-15,SEC_GGC_SWM,42.0,81.0,47.4,3,42,0.656,STORM,True,2,12
12988,2026-07-15,SEC_SWM_KOTA,65.0,73.3,88.4,3,11,0.474,CLEAR,False,2,14
12988,2026-07-15,SEC_KOTA_RATL,170.0,182.8,87.3,3,16,0.363,FOG,False,2,16
12988,2026-07-15,SEC_RATL_BRC,165.0,158.4,98.9,3,3,0.257,CLEAR,False,2,18
12988,2026-07-15,SEC_BRC_MMCT,250.0,274.6,85.7,3,28,0.348,CLEAR,False,2,20
12910,2026-07-15,SEC_NDLS_MTJ,95.0,98.9,85.5,0,4,0.128,CLEAR,False,2,21
12910,2026-07-15,SEC_MTJ_BTE,25.0,35.3,57.8,0,10,0.62,RAIN,False,2,23
12910,2026-07-15,SEC_BTE_GGC,75.0,100.6,71.0,0,26,0.132,FOG,False,2,1
12910,2026-07-15,SEC_GGC_SWM,42.0,40.7,94.3,0,0,0.231,CLEAR,False,2,3
12910,2026-07-15,SEC_SWM_KOTA,65.0,75.5,85.8,0,10,0.178,FOG,False,2,5
12910,2026-07-15,SEC_KOTA_RATL,170.0,176.8,90.3,0,7,0.359,FOG,False,2,7
12910,2026-07-15,SEC_RATL_BRC,165.0,200.3,78.2,0,35,0.639,STORM,True,2,9
12910,2026-07-15,SEC_BRC_MMCT,250.0,265.3,88.7,0,15,0.489,CLEAR,False,2,11
12952,2026-07-16,SEC_NDLS_MTJ,95.0,90.2,93.8,0,0,0.28,CLEAR,False,3,16
12952,2026-07-16,SEC_MTJ_BTE,25.0,38.3,53.3,0,13,0.196,RAIN,False,3,18
12952,2026-07-16,SEC_BTE_GGC,75.0,84.9,84.1,0,10,0.66,CLEAR,False,3,20
12952,2026-07-16,SEC_GGC_SWM,42.0,39.9,96.2,0,0,0.288,CLEAR,False,3,22
12952,2026-07-16,SEC_SWM_KOTA,65.0,61.8,104.9,0,0,0.645,CLEAR,False,3,0
12952,2026-07-16,SEC_KOTA_RATL,170.0,223.8,71.3,0,54,0.181,STORM,True,3,2
12952,2026-07-16,SEC_RATL_BRC,165.0,180.5,86.8,0,16,0.565,CLEAR,False,3,4
12952,2026-07-16,SEC_BRC_MMCT,250.0,275.4,85.4,0,25,0.662,CLEAR,False,3,6
12413,2026-07-16,SEC_NDLS_MTJ,95.0,99.1,85.4,2,6,0.204,CLEAR,False,3,7
12413,2026-07-16,SEC_MTJ_BTE,25.0,29.3,69.6,2,6,0.154,CLEAR,False,3,9
12413,2026-07-16,SEC_BTE_GGC,75.0,79.7,89.6,2,7,0.598,CLEAR,False,3,11
12413,2026-07-16,SEC_GGC_SWM,42.0,46.4,82.8,2,6,0.387,CLEAR,False,3,13
12413,2026-07-16,SEC_SWM_KOTA,65.0,122.2,53.0,2,59,0.242,STORM,True,3,15
12413,2026-07-16,SEC_KOTA_RATL,170.0,177.8,89.8,2,10,0.282,CLEAR,False,3,17
12413,2026-07-16,SEC_RATL_BRC,165.0,177.1,88.4,2,14,0.384,RAIN,False,3,19
12413,2026-07-16,SEC_BRC_MMCT,250.0,276.1,85.2,2,28,0.35,FOG,False,3,21
19020,2026-07-16,SEC_NDLS_MTJ,95.0,90.2,93.8,0,0,0.564,CLEAR,False,3,23
19020,2026-07-16,SEC_MTJ_BTE,25.0,24.4,83.6,0,0,0.455,CLEAR,False,3,1
19020,2026-07-16,SEC_BTE_GGC,75.0,82.4,86.7,0,7,0.427,RAIN,False,3,3
19020,2026-07-16,SEC_GGC_SWM,42.0,45.3,84.8,0,3,0.595,CLEAR,False,3,5
19020,2026-07-16,SEC_SWM_KOTA,65.0,80.1,80.9,0,15,0.502,RAIN,False,3,7
19020,2026-07-16,SEC_KOTA_RATL,170.0,192.2,83.0,0,22,0.24,FOG,False,3,9
19020,2026-07-16,SEC_RATL_BRC,165.0,165.4,94.7,0,0,0.684,CLEAR,False,3,11
19020,2026-07-16,SEC_BRC_MMCT,250.0,285.0,82.5,0,35,0.231,STORM,True,3,13
12988,2026-07-16,SEC_NDLS_MTJ,95.0,101.6,83.3,3,10,0.588,CLEAR,False,3,6
12988,2026-07-16,SEC_MTJ_BTE,25.0,27.1,75.3,3,5,0.579,CLEAR,False,3,8
12988,2026-07-16,SEC_BTE_GGC,75.0,76.8,93.0,3,5,0.412,CLEAR,False,3,10
12988,2026-07-16,SEC_GGC_SWM,42.0,67.6,56.8,3,29,0.192,STORM,True,3,12
12988,2026-07-16,SEC_SWM_KOTA,65.0,73.1,88.6,3,11,0.225,FOG,False,3,14
12988,2026-07-16,SEC_KOTA_RATL,170.0,183.7,86.9,3,17,0.683,CLEAR,False,3,16
12988,2026-07-16,SEC_RATL_BRC,165.0,236.8,66.1,3,75,0.553,STORM,True,3,18
12988,2026-07-16,SEC_BRC_MMCT,250.0,245.8,95.7,3,3,0.339,CLEAR,False,3,20
12910,2026-07-16,SEC_NDLS_MTJ,95.0,119.3,70.9,4,28,0.618,FOG,False,3,21
12910,2026-07-16,SEC_MTJ_BTE,25.0,26.8,76.1,4,6,0.377,CLEAR,False,3,23
12910,2026-07-16,SEC_BTE_GGC,75.0,78.5,91.0,4,8,0.569,RAIN,False,3,1
12910,2026-07-16,SEC_GGC_SWM,42.0,40.2,95.5,4,4,0.23,CLEAR,False,3,3
12910,2026-07-16,SEC_SWM_KOTA,65.0,65.6,98.8,4,5,0.567,CLEAR,False,3,5
12910,2026-07-16,SEC_KOTA_RATL,170.0,224.1,71.2,4,58,0.203,STORM,True,3,7
12910,2026-07-16,SEC_RATL_BRC,165.0,163.0,96.1,4,4,0.611,CLEAR,False,3,9
12910,2026-07-16,SEC_BRC_MMCT,250.0,266.7,88.2,4,21,0.314,CLEAR,False,3,11
12952,2026-07-17,SEC_NDLS_MTJ,95.0,114.1,74.1,0,19,0.569,RAIN,False,4,16
12952,2026-07-17,SEC_MTJ_BTE,25.0,31.9,63.9,0,7,0.436,FOG,False,4,18
12952,2026-07-17,SEC_BTE_GGC,75.0,90.1,79.2,0,15,0.216,RAIN,False,4,20
12952,2026-07-17,SEC_GGC_SWM,42.0,52.1,73.7,0,10,0.287,FOG,False,4,22
12952,2026-07-17,SEC_SWM_KOTA,65.0,97.5,66.5,0,32,0.388,STORM,True,4,0
12952,2026-07-17,SEC_KOTA_RATL,170.0,165.6,96.4,0,0,0.307,CLEAR,False,4,2
12952,2026-07-17,SEC_RATL_BRC,165.0,169.7,92.3,0,5,0.408,CLEAR,False,4,4
12952,2026-07-17,SEC_BRC_MMCT,250.0,250.2,94.0,0,0,0.426,CLEAR,False,4,6
12413,2026-07-17,SEC_NDLS_MTJ,95.0,101.3,83.5,0,6,0.329,CLEAR,False,4,7
12413,2026-07-17,SEC_MTJ_BTE,25.0,27.0,75.6,0,2,0.2,CLEAR,False,4,9
12413,2026-07-17,SEC_BTE_GGC,75.0,86.6,82.4,0,12,0.262,CLEAR,False,4,11
12413,2026-07-17,SEC_GGC_SWM,42.0,59.2,64.9,0,17,0.253,FOG,False,4,13
12413,2026-07-17,SEC_SWM_KOTA,65.0,65.3,99.2,0,0,0.154,CLEAR,False,4,15
12413,2026-07-17,SEC_KOTA_RATL,170.0,212.0,75.3,0,42,0.289,STORM,True,4,17
12413,2026-07-17,SEC_RATL_BRC,165.0,194.6,80.5,0,30,0.239,FOG,True,4,19
12413,2026-07-17,SEC_BRC_MMCT,250.0,252.3,93.2,0,2,0.681,CLEAR,False,4,21
19020,2026-07-17,SEC_NDLS_MTJ,95.0,96.3,87.9,10,11,0.491,CLEAR,False,4,23
19020,2026-07-17,SEC_MTJ_BTE,25.0,26.5,77.0,10,12,0.321,RAIN,False,4,1
19020,2026-07-17,SEC_BTE_GGC,75.0,137.3,52.0,10,72,0.479,STORM,True,4,3
19020,2026-07-17,SEC_GGC_SWM,42.0,52.2,73.6,10,20,0.644,FOG,False,4,5
19020,2026-07-17,SEC_SWM_KOTA,65.0,127.7,50.7,10,73,0.574,STORM,True,4,7
19020,2026-07-17,SEC_KOTA_RATL,170.0,170.9,93.4,10,11,0.623,RAIN,False,4,9
19020,2026-07-17,SEC_RATL_BRC,165.0,219.1,71.5,10,64,0.352,STORM,True,4,11
19020,2026-07-17,SEC_BRC_MMCT,250.0,237.5,99.0,10,10,0.456,CLEAR,False,4,13
12988,2026-07-17,SEC_NDLS_MTJ,95.0,115.6,73.2,3,24,0.183,RAIN,False,4,6
12988,2026-07-17,SEC_MTJ_BTE,25.0,27.5,74.2,3,5,0.178,CLEAR,False,4,8
12988,2026-07-17,SEC_BTE_GGC,75.0,85.0,84.0,3,13,0.658,CLEAR,False,4,10
12988,2026-07-17,SEC_GGC_SWM,42.0,39.9,96.2,3,3,0.377,CLEAR,False,4,12
12988,2026-07-17,SEC_SWM_KOTA,65.0,74.7,86.7,3,13,0.288,RAIN,False,4,14
12988,2026-07-17,SEC_KOTA_RATL,170.0,178.1,89.6,3,11,0.409,CLEAR,False,4,16
12988,2026-07-17,SEC_RATL_BRC,165.0,156.8,99.9,3,3,0.367,CLEAR,False,4,18
12988,2026-07-17,SEC_BRC_MMCT,250.0,304.5,77.2,3,57,0.494,STORM,True,4,20
12910,2026-07-17,SEC_NDLS_MTJ,95.0,101.8,83.1,4,11,0.269,RAIN,False,4,21
12910,2026-07-17,SEC_MTJ_BTE,25.0,23.8,85.7,4,4,0.31,CLEAR,False,4,23
12910,2026-07-17,SEC_BTE_GGC,75.0,85.6,83.4,4,15,0.228,RAIN,False,4,1
12910,2026-07-17,SEC_GGC_SWM,42.0,63.1,60.9,4,25,0.433,FOG,False,4,3
12910,2026-07-17,SEC_SWM_KOTA,65.0,73.3,88.4,4,12,0.482,CLEAR,False,4,5
12910,2026-07-17,SEC_KOTA_RATL,170.0,225.4,70.8,4,59,0.537,STORM,True,4,7
12910,2026-07-17,SEC_RATL_BRC,165.0,164.3,95.3,4,4,0.413,CLEAR,False,4,9
12910,2026-07-17,SEC_BRC_MMCT,250.0,249.2,94.4,4,4,0.35,CLEAR,False,4,11
12952,2026-07-18,SEC_NDLS_MTJ,95.0,169.8,49.8,0,75,0.62,STORM,True,5,16
12952,2026-07-18,SEC_MTJ_BTE,25.0,23.8,85.7,0,0,0.714,CLEAR,False,5,18
12952,2026-07-18,SEC_BTE_GGC,75.0,114.1,62.6,0,39,0.513,STORM,True,5,20
12952,2026-07-18,SEC_GGC_SWM,42.0,96.3,39.9,0,54,0.486,STORM,True,5,22
12952,2026-07-18,SEC_SWM_KOTA,65.0,70.4,92.0,0,5,0.548,CLEAR,False,5,0
12952,2026-07-18,SEC_KOTA_RATL,170.0,161.5,98.8,0,0,0.62,CLEAR,False,5,2
12952,2026-07-18,SEC_RATL_BRC,165.0,156.8,99.9,0,0,0.425,CLEAR,False,5,4
12952,2026-07-18,SEC_BRC_MMCT,250.0,242.3,97.1,0,0,0.444,CLEAR,False,5,6
12413,2026-07-18,SEC_NDLS_MTJ,95.0,110.5,76.6,1,17,0.389,RAIN,False,5,7
12413,2026-07-18,SEC_MTJ_BTE,25.0,26.1,78.2,1,2,0.101,CLEAR,False,5,9
12413,2026-07-18,SEC_BTE_GGC,75.0,77.7,91.9,1,4,0.699,CLEAR,False,5,11
12413,2026-07-18,SEC_GGC_SWM,42.0,43.0,89.3,1,2,0.51,CLEAR,False,5,13
12413,2026-07-18,SEC_SWM_KOTA,65.0,84.8,76.4,1,21,0.851,FOG,False,5,15
12413,2026-07-18,SEC_KOTA_RATL,170.0,182.7,87.4,1,14,0.812,RAIN,False,5,17
12413,2026-07-18,SEC_RATL_BRC,165.0,201.6,77.7,1,38,0.656,STORM,True,5,19
12413,2026-07-18,SEC_BRC_MMCT,250.0,277.8,84.7,1,29,0.782,FOG,False,5,21
19020,2026-07-18,SEC_NDLS_MTJ,95.0,99.2,85.3,4,8,0.207,FOG,False,5,23
19020,2026-07-18,SEC_MTJ_BTE,25.0,38.1,53.5,4,17,0.898,RAIN,False,5,1
19020,2026-07-18,SEC_BTE_GGC,75.0,79.1,90.3,4,8,0.367,CLEAR,False,5,3
19020,2026-07-18,SEC_GGC_SWM,42.0,44.6,86.1,4,7,0.2,CLEAR,False,5,5
19020,2026-07-18,SEC_SWM_KOTA,65.0,73.4,88.3,4,12,0.841,CLEAR,False,5,7
19020,2026-07-18,SEC_KOTA_RATL,170.0,189.1,84.4,4,23,0.756,FOG,False,5,9
19020,2026-07-18,SEC_RATL_BRC,165.0,171.5,91.3,4,10,0.512,CLEAR,False,5,11
19020,2026-07-18,SEC_BRC_MMCT,250.0,259.3,90.7,4,13,0.546,CLEAR,False,5,13
12988,2026-07-18,SEC_NDLS_MTJ,95.0,98.6,85.8,0,4,0.387,CLEAR,False,5,6
12988,2026-07-18,SEC_MTJ_BTE,25.0,25.1,81.3,0,0,0.494,CLEAR,False,5,8
12988,2026-07-18,SEC_BTE_GGC,75.0,90.7,78.7,0,16,0.658,RAIN,False,5,10
12988,2026-07-18,SEC_GGC_SWM,42.0,49.5,77.6,0,8,0.241,CLEAR,False,5,12
12988,2026-07-18,SEC_SWM_KOTA,65.0,70.7,91.7,0,6,0.674,CLEAR,False,5,14
12988,2026-07-18,SEC_KOTA_RATL,170.0,168.4,94.8,0,0,0.624,RAIN,False,5,16
12988,2026-07-18,SEC_RATL_BRC,165.0,204.6,76.5,0,40,0.258,FOG,True,5,18
12988,2026-07-18,SEC_BRC_MMCT,250.0,273.6,86.0,0,24,0.394,CLEAR,False,5,20
12910,2026-07-18,SEC_NDLS_MTJ,95.0,117.6,71.9,10,33,0.601,FOG,False,5,21
12910,2026-07-18,SEC_MTJ_BTE,25.0,70.8,28.8,10,56,0.601,STORM,True,5,23
12910,2026-07-18,SEC_BTE_GGC,75.0,90.2,79.2,10,25,0.532,RAIN,False,5,1
12910,2026-07-18,SEC_GGC_SWM,42.0,43.6,88.1,10,12,0.766,CLEAR,False,5,3
12910,2026-07-18,SEC_SWM_KOTA,65.0,70.1,92.4,10,15,0.471,RAIN,False,5,5
12910,2026-07-18,SEC_KOTA_RATL,170.0,185.5,86.0,10,26,0.876,FOG,False,5,7
12910,2026-07-18,SEC_RATL_BRC,165.0,200.2,78.2,10,45,0.681,RAIN,False,5,9
12910,2026-07-18,SEC_BRC_MMCT,250.0,296.9,79.2,10,57,0.828,RAIN,False,5,11
12952,2026-07-19,SEC_NDLS_MTJ,95.0,136.7,61.9,0,42,0.269,STORM,True,6,16
12952,2026-07-19,SEC_MTJ_BTE,25.0,61.2,33.3,0,36,0.436,STORM,True,6,18
12952,2026-07-19,SEC_BTE_GGC,75.0,71.2,100.3,0,0,0.109,CLEAR,False,6,20
12952,2026-07-19,SEC_GGC_SWM,42.0,44.7,85.9,0,3,0.466,CLEAR,False,6,22
12952,2026-07-19,SEC_SWM_KOTA,65.0,61.8,104.9,0,0,0.562,CLEAR,False,6,0
12952,2026-07-19,SEC_KOTA_RATL,170.0,203.2,78.5,0,33,0.101,STORM,True,6,2
12952,2026-07-19,SEC_RATL_BRC,165.0,156.8,99.9,0,0,0.36,CLEAR,False,6,4
12952,2026-07-19,SEC_BRC_MMCT,250.0,298.5,78.8,0,48,0.889,STORM,True,6,6
12413,2026-07-19,SEC_NDLS_MTJ,95.0,91.9,92.1,2,2,0.55,CLEAR,False,6,7
12413,2026-07-19,SEC_MTJ_BTE,25.0,29.9,68.2,2,7,0.476,CLEAR,False,6,9
12413,2026-07-19,SEC_BTE_GGC,75.0,119.7,59.6,2,47,0.782,STORM,True,6,11
12413,2026-07-19,SEC_GGC_SWM,42.0,44.8,85.7,2,5,0.878,CLEAR,False,6,13
12413,2026-07-19,SEC_SWM_KOTA,65.0,71.2,91.0,2,8,0.761,CLEAR,False,6,15
12413,2026-07-19,SEC_KOTA_RATL,170.0,184.6,86.5,2,17,0.152,CLEAR,False,6,17
12413,2026-07-19,SEC_RATL_BRC,165.0,156.8,99.9,2,2,0.108,CLEAR,False,6,19
12413,2026-07-19,SEC_BRC_MMCT,250.0,247.8,94.9,2,2,0.697,CLEAR,False,6,21
19020,2026-07-19,SEC_NDLS_MTJ,95.0,101.9,83.0,8,15,0.258,RAIN,False,6,23
19020,2026-07-19,SEC_MTJ_BTE,25.0,44.0,46.4,8,27,0.73,FOG,False,6,1
19020,2026-07-19,SEC_BTE_GGC,75.0,84.2,84.8,8,17,0.334,CLEAR,False,6,3
19020,2026-07-19,SEC_GGC_SWM,42.0,44.2,86.9,8,10,0.701,CLEAR,False,6,5
19020,2026-07-19,SEC_SWM_KOTA,65.0,68.5,94.6,8,12,0.304,RAIN,False,6,7
19020,2026-07-19,SEC_KOTA_RATL,170.0,185.9,85.9,8,24,0.695,RAIN,False,6,9
19020,2026-07-19,SEC_RATL_BRC,165.0,164.3,95.3,8,8,0.124,RAIN,False,6,11
19020,2026-07-19,SEC_BRC_MMCT,250.0,268.3,87.7,8,26,0.342,RAIN,False,6,13
12988,2026-07-19,SEC_NDLS_MTJ,95.0,106.9,79.1,4,16,0.456,RAIN,False,6,6
12988,2026-07-19,SEC_MTJ_BTE,25.0,33.1,61.6,4,12,0.132,RAIN,False,6,8
12988,2026-07-19,SEC_BTE_GGC,75.0,71.2,100.3,4,4,0.557,CLEAR,False,6,10
12988,2026-07-19,SEC_GGC_SWM,42.0,40.1,95.8,4,4,0.278,CLEAR,False,6,12
12988,2026-07-19,SEC_SWM_KOTA,65.0,88.1,73.6,4,27,0.241,FOG,False,6,14
12988,2026-07-19,SEC_KOTA_RATL,170.0,187.2,85.3,4,21,0.104,RAIN,False,6,16
12988,2026-07-19,SEC_RATL_BRC,165.0,191.7,81.7,4,31,0.405,FOG,False,6,18
12988,2026-07-19,SEC_BRC_MMCT,250.0,270.1,87.1,4,24,0.444,FOG,False,6,20
12910,2026-07-19,SEC_NDLS_MTJ,95.0,113.5,74.5,0,18,0.242,FOG,False,6,21
12910,2026-07-19,SEC_MTJ_BTE,25.0,42.9,47.6,0,18,0.883,FOG,False,6,23
12910,2026-07-19,SEC_BTE_GGC,75.0,104.3,68.5,0,29,0.156,STORM,True,6,1
12910,2026-07-19,SEC_GGC_SWM,42.0,42.6,90.1,0,1,0.398,CLEAR,False,6,3
12910,2026-07-19,SEC_SWM_KOTA,65.0,83.9,77.2,0,19,0.752,FOG,True,6,5
12910,2026-07-19,SEC_KOTA_RATL,170.0,178.8,89.3,0,9,0.515,FOG,False,6,7
12910,2026-07-19,SEC_RATL_BRC,165.0,172.3,90.9,0,7,0.749,CLEAR,False,6,9
12910,2026-07-19,SEC_BRC_MMCT,250.0,255.4,92.1,0,5,0.623,FOG,False,6,11
12952,2026-07-20,SEC_NDLS_MTJ,95.0,96.4,87.8,0,1,0.341,CLEAR,False,0,16
12952,2026-07-20,SEC_MTJ_BTE,25.0,76.0,26.8,0,51,0.588,STORM,True,0,18
12952,2026-07-20,SEC_BTE_GGC,75.0,79.0,90.4,0,4,0.36,FOG,False,0,20
12952,2026-07-20,SEC_GGC_SWM,42.0,40.9,93.9,0,0,0.222,CLEAR,False,0,22
12952,2026-07-20,SEC_SWM_KOTA,65.0,84.9,76.3,0,20,0.673,RAIN,False,0,0
12952,2026-07-20,SEC_KOTA_RATL,170.0,161.5,98.8,0,0,0.192,RAIN,False,0,2
12952,2026-07-20,SEC_RATL_BRC,165.0,167.8,93.3,0,3,0.312,CLEAR,False,0,4
12952,2026-07-20,SEC_BRC_MMCT,250.0,249.1,94.4,0,0,0.666,CLEAR,False,0,6
12413,2026-07-20,SEC_NDLS_MTJ,95.0,97.2,87.0,3,5,0.433,FOG,False,0,7
12413,2026-07-20,SEC_MTJ_BTE,25.0,29.4,69.4,3,7,0.638,CLEAR,False,0,9
12413,2026-07-20,SEC_BTE_GGC,75.0,133.3,53.6,3,61,0.179,STORM,True,0,11
12413,2026-07-20,SEC_GGC_SWM,42.0,43.7,87.9,3,5,0.394,CLEAR,False,0,13
12413,2026-07-20,SEC_SWM_KOTA,65.0,67.6,95.9,3,6,0.138,CLEAR,False,0,15
12413,2026-07-20,SEC_KOTA_RATL,170.0,173.9,91.8,3,7,0.469,CLEAR,False,0,17
12413,2026-07-20,SEC_RATL_BRC,165.0,156.8,99.9,3,3,0.625,CLEAR,False,0,19
12413,2026-07-20,SEC_BRC_MMCT,250.0,250.9,93.7,3,4,0.574,CLEAR,False,0,21
19020,2026-07-20,SEC_NDLS_MTJ,95.0,131.4,64.4,10,46,0.403,STORM,True,0,23
19020,2026-07-20,SEC_MTJ_BTE,25.0,24.3,84.0,10,10,0.343,CLEAR,False,0,1
19020,2026-07-20,SEC_BTE_GGC,75.0,76.1,93.8,10,11,0.139,CLEAR,False,0,3
19020,2026-07-20,SEC_GGC_SWM,42.0,39.9,96.2,10,10,0.665,CLEAR,False,0,5
19020,2026-07-20,SEC_SWM_KOTA,65.0,120.9,53.6,10,66,0.578,STORM,True,0,7
19020,2026-07-20,SEC_KOTA_RATL,170.0,175.0,91.2,10,15,0.565,CLEAR,False,0,9
19020,2026-07-20,SEC_RATL_BRC,165.0,178.7,87.6,10,24,0.625,CLEAR,False,0,11
19020,2026-07-20,SEC_BRC_MMCT,250.0,263.2,89.4,10,23,0.597,RAIN,False,0,13
12988,2026-07-20,SEC_NDLS_MTJ,95.0,95.8,88.3,3,4,0.511,RAIN,False,0,6
12988,2026-07-20,SEC_MTJ_BTE,25.0,23.8,85.7,3,3,0.265,CLEAR,False,0,8
12988,2026-07-20,SEC_BTE_GGC,75.0,80.7,88.5,3,9,0.373,CLEAR,False,0,10
12988,2026-07-20,SEC_GGC_SWM,42.0,92.0,41.7,3,53,0.557,STORM,True,0,12
12988,2026-07-20,SEC_SWM_KOTA,65.0,82.8,78.3,3,21,0.217,RAIN,False,0,14
12988,2026-07-20,SEC_KOTA_RATL,170.0,240.3,66.4,3,73,0.341,STORM,True,0,16
12988,2026-07-20,SEC_RATL_BRC,165.0,190.3,82.3,3,28,0.109,CLEAR,False,0,18
12988,2026-07-20,SEC_BRC_MMCT,250.0,255.3,92.1,3,8,0.555,FOG,False,0,20
12910,2026-07-20,SEC_NDLS_MTJ,95.0,91.5,92.5,6,6,0.285,CLEAR,False,0,21
12910,2026-07-20,SEC_MTJ_BTE,25.0,59.8,34.1,6,41,0.699,STORM,True,0,23
12910,2026-07-20,SEC_BTE_GGC,75.0,75.5,94.6,6,6,0.399,FOG,False,0,1
12910,2026-07-20,SEC_GGC_SWM,42.0,59.4,64.6,6,23,0.224,FOG,False,0,3
12910,2026-07-20,SEC_SWM_KOTA,65.0,62.3,104.0,6,6,0.304,CLEAR,False,0,5
12910,2026-07-20,SEC_KOTA_RATL,170.0,189.1,84.4,6,25,0.285,RAIN,False,0,7
12910,2026-07-20,SEC_RATL_BRC,165.0,166.0,94.3,6,7,0.134,CLEAR,False,0,9
12910,2026-07-20,SEC_BRC_MMCT,250.0,249.6,94.2,6,6,0.213,CLEAR,False,0,11
12952,2026-07-21,SEC_NDLS_MTJ,95.0,96.2,87.9,0,1,0.598,CLEAR,False,1,16
12952,2026-07-21,SEC_MTJ_BTE,25.0,40.8,50.0,0,16,0.151,CLEAR,True,1,18
12952,2026-07-21,SEC_BTE_GGC,75.0,121.6,58.7,0,47,0.236,STORM,True,1,20
12952,2026-07-21,SEC_GGC_SWM,42.0,55.1,69.7,0,13,0.391,RAIN,False,1,22
12952,2026-07-21,SEC_SWM_KOTA,65.0,69.1,93.8,0,4,0.481,CLEAR,False,1,0
12952,2026-07-21,SEC_KOTA_RATL,170.0,161.9,98.6,0,0,0.158,CLEAR,False,1,2
12952,2026-07-21,SEC_RATL_BRC,165.0,156.8,99.9,0,0,0.474,CLEAR,False,1,4
12952,2026-07-21,SEC_BRC_MMCT,250.0,241.9,97.2,0,0,0.582,CLEAR,False,1,6
12413,2026-07-21,SEC_NDLS_MTJ,95.0,90.2,93.8,3,3,0.412,CLEAR,False,1,7
12413,2026-07-21,SEC_MTJ_BTE,25.0,42.1,48.5,3,20,0.269,FOG,False,1,9
12413,2026-07-21,SEC_BTE_GGC,75.0,71.2,100.3,3,3,0.28,CLEAR,False,1,11
12413,2026-07-21,SEC_GGC_SWM,42.0,73.7,52.1,3,35,0.189,STORM,True,1,13
12413,2026-07-21,SEC_SWM_KOTA,65.0,74.3,87.2,3,12,0.639,CLEAR,False,1,15
12413,2026-07-21,SEC_KOTA_RATL,170.0,168.1,94.9,3,3,0.319,CLEAR,False,1,17
12413,2026-07-21,SEC_RATL_BRC,165.0,167.2,93.7,3,5,0.692,FOG,False,1,19
12413,2026-07-21,SEC_BRC_MMCT,250.0,257.5,91.3,3,11,0.682,CLEAR,False,1,21
19020,2026-07-21,SEC_NDLS_MTJ,95.0,92.0,92.0,6,6,0.178,CLEAR,False,1,23
19020,2026-07-21,SEC_MTJ_BTE,25.0,32.9,62.0,6,14,0.463,FOG,False,1,1
19020,2026-07-21,SEC_BTE_GGC,75.0,103.0,69.3,6,34,0.494,FOG,False,1,3
19020,2026-07-21,SEC_GGC_SWM,42.0,46.3,82.9,6,10,0.481,CLEAR,False,1,5
19020,2026-07-21,SEC_SWM_KOTA,65.0,71.0,91.3,6,12,0.455,CLEAR,False,1,7
19020,2026-07-21,SEC_KOTA_RATL,170.0,165.5,96.4,6,6,0.457,CLEAR,False,1,9
19020,2026-07-21,SEC_RATL_BRC,165.0,220.5,71.0,6,62,0.611,STORM,True,1,11
19020,2026-07-21,SEC_BRC_MMCT,250.0,283.0,83.1,6,39,0.38,FOG,False,1,13
12988,2026-07-21,SEC_NDLS_MTJ,95.0,90.7,93.3,5,5,0.281,CLEAR,False,1,6
12988,2026-07-21,SEC_MTJ_BTE,25.0,74.7,27.3,5,55,0.348,STORM,True,1,8
12988,2026-07-21,SEC_BTE_GGC,75.0,90.8,78.6,5,21,0.132,FOG,False,1,10
12988,2026-07-21,SEC_GGC_SWM,42.0,39.9,96.2,5,5,0.253,CLEAR,False,1,12
12988,2026-07-21,SEC_SWM_KOTA,65.0,74.1,87.4,5,14,0.273,CLEAR,False,1,14
12988,2026-07-21,SEC_KOTA_RATL,170.0,161.5,98.8,5,5,0.293,CLEAR,False,1,16
12988,2026-07-21,SEC_RATL_BRC,165.0,182.6,85.8,5,23,0.511,CLEAR,False,1,18
12988,2026-07-21,SEC_BRC_MMCT,250.0,260.3,90.4,5,15,0.286,FOG,False,1,20
12910,2026-07-21,SEC_NDLS_MTJ,95.0,109.0,77.6,6,20,0.331,CLEAR,False,1,21
12910,2026-07-21,SEC_MTJ_BTE,25.0,30.5,66.9,6,12,0.53,FOG,False,1,23
12910,2026-07-21,SEC_BTE_GGC,75.0,73.9,96.6,6,6,0.209,CLEAR,False,1,1
12910,2026-07-21,SEC_GGC_SWM,42.0,50.2,76.5,6,14,0.675,RAIN,False,1,3
12910,2026-07-21,SEC_SWM_KOTA,65.0,76.2,85.0,6,17,0.257,FOG,False,1,5
12910,2026-07-21,SEC_KOTA_RATL,170.0,161.5,98.8,6,6,0.699,CLEAR,False,1,7
12910,2026-07-21,SEC_RATL_BRC,165.0,187.2,83.7,6,28,0.68,FOG,False,1,9
12910,2026-07-21,SEC_BRC_MMCT,250.0,253.7,92.7,6,10,0.259,CLEAR,False,1,11
12952,2026-07-22,SEC_NDLS_MTJ,95.0,90.9,93.1,0,0,0.68,RAIN,False,2,16
12952,2026-07-22,SEC_MTJ_BTE,25.0,23.8,85.7,0,0,0.117,CLEAR,False,2,18
12952,2026-07-22,SEC_BTE_GGC,75.0,72.2,98.9,0,0,0.525,CLEAR,False,2,20
12952,2026-07-22,SEC_GGC_SWM,42.0,55.1,69.7,0,13,0.514,RAIN,False,2,22
12952,2026-07-22,SEC_SWM_KOTA,65.0,96.1,67.4,0,31,0.691,STORM,True,2,0
12952,2026-07-22,SEC_KOTA_RATL,170.0,172.0,92.8,0,2,0.218,FOG,False,2,2
12952,2026-07-22,SEC_RATL_BRC,165.0,203.1,77.1,0,38,0.336,STORM,True,2,4
12952,2026-07-22,SEC_BRC_MMCT,250.0,251.0,93.7,0,1,0.573,RAIN,False,2,6
12413,2026-07-22,SEC_NDLS_MTJ,95.0,109.5,77.3,0,14,0.457,FOG,False,2,7
12413,2026-07-22,SEC_MTJ_BTE,25.0,62.9,32.4,0,38,0.427,STORM,True,2,9
12413,2026-07-22,SEC_BTE_GGC,75.0,79.0,90.4,0,4,0.108,CLEAR,False,2,11
12413,2026-07-22,SEC_GGC_SWM,42.0,39.9,96.2,0,0,0.466,CLEAR,False,2,13
12413,2026-07-22,SEC_SWM_KOTA,65.0,71.4,90.8,0,6,0.219,CLEAR,False,2,15
12413,2026-07-22,SEC_KOTA_RATL,170.0,203.7,78.4,0,34,0.102,RAIN,True,2,17
12413,2026-07-22,SEC_RATL_BRC,165.0,185.6,84.4,0,21,0.522,CLEAR,False,2,19
12413,2026-07-22,SEC_BRC_MMCT,250.0,254.9,92.3,0,5,0.643,CLEAR,False,2,21
19020,2026-07-22,SEC_NDLS_MTJ,95.0,97.0,87.2,6,8,0.329,RAIN,False,2,23
19020,2026-07-22,SEC_MTJ_BTE,25.0,24.3,84.0,6,6,0.209,CLEAR,False,2,1
19020,2026-07-22,SEC_BTE_GGC,75.0,101.8,70.1,6,33,0.204,STORM,True,2,3
19020,2026-07-22,SEC_GGC_SWM,42.0,48.8,78.7,6,13,0.381,CLEAR,False,2,5
19020,2026-07-22,SEC_SWM_KOTA,65.0,101.7,63.7,6,43,0.366,STORM,True,2,7
19020,2026-07-22,SEC_KOTA_RATL,170.0,235.0,67.9,6,71,0.471,STORM,True,2,9
19020,2026-07-22,SEC_RATL_BRC,165.0,194.7,80.4,6,36,0.61,CLEAR,False,2,11
19020,2026-07-22,SEC_BRC_MMCT,250.0,296.0,79.5,6,52,0.422,STORM,True,2,13
12988,2026-07-22,SEC_NDLS_MTJ,95.0,103.5,81.7,4,12,0.385,CLEAR,False,2,6
12988,2026-07-22,SEC_MTJ_BTE,25.0,29.5,69.2,4,8,0.228,RAIN,False,2,8
12988,2026-07-22,SEC_BTE_GGC,75.0,77.8,91.8,4,7,0.398,CLEAR,False,2,10
12988,2026-07-22,SEC_GGC_SWM,42.0,45.7,84.0,4,8,0.585,CLEAR,False,2,12
12988,2026-07-22,SEC_SWM_KOTA,65.0,99.1,65.4,4,38,0.545,STORM,True,2,14
12988,2026-07-22,SEC_KOTA_RATL,170.0,176.9,90.2,4,11,0.585,CLEAR,False,2,16
12988,2026-07-22,SEC_RATL_BRC,165.0,168.1,93.2,4,7,0.53,CLEAR,False,2,18
12988,2026-07-22,SEC_BRC_MMCT,250.0,304.5,77.2,4,58,0.103,STORM,True,2,20
12910,2026-07-22,SEC_NDLS_MTJ,95.0,100.1,84.5,4,9,0.255,CLEAR,False,2,21
12910,2026-07-22,SEC_MTJ_BTE,25.0,26.1,78.2,4,5,0.389,CLEAR,False,2,23
12910,2026-07-22,SEC_BTE_GGC,75.0,122.8,58.1,4,52,0.42,STORM,True,2,1
12910,2026-07-22,SEC_GGC_SWM,42.0,42.5,90.4,4,4,0.415,CLEAR,False,2,3
12910,2026-07-22,SEC_SWM_KOTA,65.0,82.7,78.4,4,22,0.225,FOG,False,2,5
12910,2026-07-22,SEC_KOTA_RATL,170.0,170.0,93.9,4,4,0.694,CLEAR,False,2,7
12910,2026-07-22,SEC_RATL_BRC,165.0,199.7,78.4,4,39,0.628,STORM,True,2,9
12910,2026-07-22,SEC_BRC_MMCT,250.0,261.1,90.1,4,15,0.38,CLEAR,False,2,11
12952,2026-07-23,SEC_NDLS_MTJ,95.0,123.3,68.6,0,28,0.249,FOG,False,3,16
12952,2026-07-23,SEC_MTJ_BTE,25.0,30.4,67.1,0,5,0.167,RAIN,False,3,18
12952,2026-07-23,SEC_BTE_GGC,75.0,84.4,84.6,0,9,0.589,RAIN,False,3,20
12952,2026-07-23,SEC_GGC_SWM,42.0,49.0,78.4,0,7,0.624,RAIN,False,3,22
12952,2026-07-23,SEC_SWM_KOTA,65.0,61.8,104.9,0,0,0.377,CLEAR,False,3,0
12952,2026-07-23,SEC_KOTA_RATL,170.0,165.5,96.4,0,0,0.258,CLEAR,False,3,2
12952,2026-07-23,SEC_RATL_BRC,165.0,158.2,99.0,0,0,0.668,CLEAR,False,3,4
12952,2026-07-23,SEC_BRC_MMCT,250.0,285.1,82.5,0,35,0.554,STORM,True,3,6
12413,2026-07-23,SEC_NDLS_MTJ,95.0,129.6,65.3,0,35,0.342,STORM,True,3,7
12413,2026-07-23,SEC_MTJ_BTE,25.0,68.0,30.0,0,43,0.425,STORM,True,3,9
12413,2026-07-23,SEC_BTE_GGC,75.0,119.7,59.6,0,45,0.339,STORM,True,3,11
12413,2026-07-23,SEC_GGC_SWM,42.0,82.8,46.4,0,41,0.453,STORM,True,3,13
12413,2026-07-23,SEC_SWM_KOTA,65.0,61.8,104.9,0,0,0.249,CLEAR,False,3,15
12413,2026-07-23,SEC_KOTA_RATL,170.0,176.7,90.3,0,7,0.14,CLEAR,False,3,17
12413,2026-07-23,SEC_RATL_BRC,165.0,236.0,66.4,0,71,0.318,STORM,True,3,19
12413,2026-07-23,SEC_BRC_MMCT,250.0,240.1,98.0,0,0,0.281,RAIN,False,3,21
19020,2026-07-23,SEC_NDLS_MTJ,95.0,95.9,88.2,0,1,0.605,CLEAR,False,3,23
19020,2026-07-23,SEC_MTJ_BTE,25.0,56.3,36.2,0,31,0.104,STORM,True,3,1
19020,2026-07-23,SEC_BTE_GGC,75.0,80.5,88.7,0,6,0.213,CLEAR,False,3,3
19020,2026-07-23,SEC_GGC_SWM,42.0,56.5,68.0,0,14,0.254,FOG,False,3,5
19020,2026-07-23,SEC_SWM_KOTA,65.0,84.6,76.6,0,20,0.475,RAIN,False,3,7
19020,2026-07-23,SEC_KOTA_RATL,170.0,183.0,87.2,0,13,0.444,STORM,True,3,9
19020,2026-07-23,SEC_RATL_BRC,165.0,159.0,98.5,0,0,0.12,CLEAR,False,3,11
19020,2026-07-23,SEC_BRC_MMCT,250.0,251.1,93.7,0,1,0.569,FOG,False,3,13
12988,2026-07-23,SEC_NDLS_MTJ,95.0,90.2,93.8,5,5,0.464,CLEAR,False,3,6
12988,2026-07-23,SEC_MTJ_BTE,25.0,24.1,84.6,5,5,0.315,CLEAR,False,3,8
12988,2026-07-23,SEC_BTE_GGC,75.0,79.9,89.4,5,10,0.458,CLEAR,True,3,10
12988,2026-07-23,SEC_GGC_SWM,42.0,46.0,83.5,5,9,0.198,FOG,False,3,12
12988,2026-07-23,SEC_SWM_KOTA,65.0,66.7,97.2,5,7,0.435,CLEAR,False,3,14
12988,2026-07-23,SEC_KOTA_RATL,170.0,180.6,88.4,5,16,0.123,RAIN,False,3,16
12988,2026-07-23,SEC_RATL_BRC,165.0,160.3,97.7,5,5,0.133,CLEAR,False,3,18
12988,2026-07-23,SEC_BRC_MMCT,250.0,249.7,94.2,5,5,0.308,CLEAR,False,3,20
12910,2026-07-23,SEC_NDLS_MTJ,95.0,90.2,93.8,8,8,0.595,CLEAR,False,3,21
12910,2026-07-23,SEC_MTJ_BTE,25.0,23.9,85.4,8,8,0.298,CLEAR,False,3,23
12910,2026-07-23,SEC_BTE_GGC,75.0,71.2,100.3,8,8,0.421,CLEAR,False,3,1
12910,2026-07-23,SEC_GGC_SWM,42.0,45.3,84.8,8,11,0.452,CLEAR,False,3,3
12910,2026-07-23,SEC_SWM_KOTA,65.0,61.9,104.7,8,8,0.38,CLEAR,False,3,5
12910,2026-07-23,SEC_KOTA_RATL,170.0,177.5,89.9,8,16,0.246,CLEAR,False,3,7
12910,2026-07-23,SEC_RATL_BRC,165.0,198.8,78.8,8,42,0.611,STORM,True,3,9
12910,2026-07-23,SEC_BRC_MMCT,250.0,245.4,95.8,8,8,0.525,CLEAR,True,3,11
12952,2026-07-24,SEC_NDLS_MTJ,95.0,98.4,86.0,0,3,0.406,CLEAR,False,4,16
12952,2026-07-24,SEC_MTJ_BTE,25.0,40.3,50.6,0,15,0.66,CLEAR,True,4,18
12952,2026-07-24,SEC_BTE_GGC,75.0,132.5,53.9,0,58,0.58,STORM,True,4,20
12952,2026-07-24,SEC_GGC_SWM,42.0,79.6,48.2,0,38,0.18,STORM,True,4,22
12952,2026-07-24,SEC_SWM_KOTA,65.0,71.8,90.3,0,7,0.66,FOG,False,4,0
12952,2026-07-24,SEC_KOTA_RATL,170.0,183.0,87.2,0,13,0.368,CLEAR,False,4,2
12952,2026-07-24,SEC_RATL_BRC,165.0,176.3,88.8,0,11,0.382,CLEAR,False,4,4
12952,2026-07-24,SEC_BRC_MMCT,250.0,262.9,89.5,0,13,0.428,RAIN,False,4,6
12413,2026-07-24,SEC_NDLS_MTJ,95.0,156.3,54.1,2,63,0.607,STORM,True,4,7
12413,2026-07-24,SEC_MTJ_BTE,25.0,41.2,49.5,2,18,0.298,FOG,False,4,9
12413,2026-07-24,SEC_BTE_GGC,75.0,75.4,94.7,2,2,0.359,CLEAR,False,4,11
12413,2026-07-24,SEC_GGC_SWM,42.0,48.9,78.5,2,9,0.508,CLEAR,False,4,13
12413,2026-07-24,SEC_SWM_KOTA,65.0,65.8,98.5,2,3,0.669,CLEAR,False,4,15
12413,2026-07-24,SEC_KOTA_RATL,170.0,164.5,97.0,2,2,0.27,CLEAR,False,4,17
12413,2026-07-24,SEC_RATL_BRC,165.0,174.3,89.8,2,11,0.678,CLEAR,False,4,19
12413,2026-07-24,SEC_BRC_MMCT,250.0,253.4,92.8,2,5,0.498,RAIN,False,4,21
19020,2026-07-24,SEC_NDLS_MTJ,95.0,150.9,56.1,6,62,0.682,STORM,True,4,23
19020,2026-07-24,SEC_MTJ_BTE,25.0,25.9,78.8,6,7,0.546,CLEAR,False,4,1
19020,2026-07-24,SEC_BTE_GGC,75.0,85.2,83.8,6,16,0.148,CLEAR,False,4,3
19020,2026-07-24,SEC_GGC_SWM,42.0,48.6,79.0,6,13,0.447,CLEAR,False,4,5
19020,2026-07-24,SEC_SWM_KOTA,65.0,77.7,83.4,6,19,0.47,CLEAR,False,4,7
19020,2026-07-24,SEC_KOTA_RATL,170.0,171.4,93.1,6,7,0.428,RAIN,False,4,9
19020,2026-07-24,SEC_RATL_BRC,165.0,169.7,92.3,6,11,0.557,CLEAR,False,4,11
19020,2026-07-24,SEC_BRC_MMCT,250.0,255.9,91.9,6,12,0.129,CLEAR,False,4,13
12988,2026-07-24,SEC_NDLS_MTJ,95.0,125.6,67.4,1,32,0.23,STORM,True,4,6
12988,2026-07-24,SEC_MTJ_BTE,25.0,25.7,79.4,1,2,0.482,CLEAR,False,4,8
12988,2026-07-24,SEC_BTE_GGC,75.0,72.4,98.6,1,1,0.469,CLEAR,False,4,10
12988,2026-07-24,SEC_GGC_SWM,42.0,51.3,74.9,1,10,0.359,FOG,False,4,12
12988,2026-07-24,SEC_SWM_KOTA,65.0,63.9,101.4,1,1,0.426,CLEAR,False,4,14
12988,2026-07-24,SEC_KOTA_RATL,170.0,201.5,79.2,1,33,0.267,FOG,False,4,16
12988,2026-07-24,SEC_RATL_BRC,165.0,171.7,91.2,1,8,0.489,CLEAR,False,4,18
12988,2026-07-24,SEC_BRC_MMCT,250.0,285.1,82.5,1,36,0.456,FOG,False,4,20
12910,2026-07-24,SEC_NDLS_MTJ,95.0,107.1,79.0,8,20,0.613,FOG,False,4,21
12910,2026-07-24,SEC_MTJ_BTE,25.0,29.5,69.2,8,12,0.254,CLEAR,False,4,23
12910,2026-07-24,SEC_BTE_GGC,75.0,84.0,85.0,8,17,0.25,RAIN,False,4,1
12910,2026-07-24,SEC_GGC_SWM,42.0,53.3,72.0,8,19,0.665,RAIN,False,4,3
12910,2026-07-24,SEC_SWM_KOTA,65.0,70.3,92.2,8,13,0.663,CLEAR,False,4,5
12910,2026-07-24,SEC_KOTA_RATL,170.0,174.2,91.6,8,12,0.638,RAIN,False,4,7
12910,2026-07-24,SEC_RATL_BRC,165.0,167.6,93.4,8,11,0.188,RAIN,False,4,9
12910,2026-07-24,SEC_BRC_MMCT,250.0,241.8,97.3,8,8,0.211,RAIN,False,4,11
12952,2026-07-25,SEC_NDLS_MTJ,95.0,93.8,90.2,0,0,0.143,RAIN,False,5,16
12952,2026-07-25,SEC_MTJ_BTE,25.0,63.8,32.0,0,39,0.807,STORM,True,5,18
12952,2026-07-25,SEC_BTE_GGC,75.0,71.2,100.3,0,0,0.362,CLEAR,False,5,20
12952,2026-07-25,SEC_GGC_SWM,42.0,62.8,61.1,0,21,0.633,FOG,False,5,22
12952,2026-07-25,SEC_SWM_KOTA,65.0,79.0,82.0,0,14,0.642,RAIN,False,5,0
12952,2026-07-25,SEC_KOTA_RATL,170.0,212.7,75.0,0,43,0.699,STORM,True,5,2
12952,2026-07-25,SEC_RATL_BRC,165.0,166.4,94.1,0,1,0.832,CLEAR,False,5,4
12952,2026-07-25,SEC_BRC_MMCT,250.0,253.1,92.9,0,3,0.74,CLEAR,False,5,6
12413,2026-07-25,SEC_NDLS_MTJ,95.0,98.3,86.1,5,8,0.3,RAIN,False,5,7
12413,2026-07-25,SEC_MTJ_BTE,25.0,34.6,59.0,5,15,0.877,RAIN,False,5,9
12413,2026-07-25,SEC_BTE_GGC,75.0,77.2,92.5,5,7,0.602,CLEAR,False,5,11
12413,2026-07-25,SEC_GGC_SWM,42.0,83.0,46.3,5,46,0.31,STORM,True,5,13
12413,2026-07-25,SEC_SWM_KOTA,65.0,81.8,79.2,5,22,0.429,FOG,False,5,15
12413,2026-07-25,SEC_KOTA_RATL,170.0,170.6,93.6,5,6,0.264,CLEAR,False,5,17
12413,2026-07-25,SEC_RATL_BRC,165.0,198.5,78.9,5,39,0.74,STORM,True,5,19
12413,2026-07-25,SEC_BRC_MMCT,250.0,247.6,95.0,5,5,0.38,CLEAR,False,5,21
19020,2026-07-25,SEC_NDLS_MTJ,95.0,103.8,81.5,4,13,0.425,RAIN,False,5,23
19020,2026-07-25,SEC_MTJ_BTE,25.0,27.3,74.7,4,6,0.443,CLEAR,False,5,1
19020,2026-07-25,SEC_BTE_GGC,75.0,85.9,83.1,4,15,0.136,RAIN,False,5,3
19020,2026-07-25,SEC_GGC_SWM,42.0,42.7,89.9,4,5,0.132,CLEAR,False,5,5
19020,2026-07-25,SEC_SWM_KOTA,65.0,63.9,101.4,4,4,0.54,CLEAR,False,5,7
19020,2026-07-25,SEC_KOTA_RATL,170.0,182.8,87.3,4,17,0.767,FOG,False,5,9
19020,2026-07-25,SEC_RATL_BRC,165.0,184.2,85.0,4,23,0.74,FOG,False,5,11
19020,2026-07-25,SEC_BRC_MMCT,250.0,267.6,87.9,4,22,0.823,CLEAR,False,5,13
12988,2026-07-25,SEC_NDLS_MTJ,95.0,100.4,84.3,1,6,0.365,CLEAR,False,5,6
12988,2026-07-25,SEC_MTJ_BTE,25.0,72.5,28.1,1,49,0.813,STORM,True,5,8
12988,2026-07-25,SEC_BTE_GGC,75.0,76.1,93.8,1,2,0.385,CLEAR,False,5,10
12988,2026-07-25,SEC_GGC_SWM,42.0,56.0,68.6,1,15,0.355,FOG,False,5,12
12988,2026-07-25,SEC_SWM_KOTA,65.0,61.8,104.9,1,1,0.173,CLEAR,False,5,14
12988,2026-07-25,SEC_KOTA_RATL,170.0,184.3,86.6,1,15,0.25,CLEAR,False,5,16
12988,2026-07-25,SEC_RATL_BRC,165.0,156.8,99.9,1,1,0.396,CLEAR,False,5,18
12988,2026-07-25,SEC_BRC_MMCT,250.0,266.7,88.2,1,18,0.754,FOG,False,5,20
12910,2026-07-25,SEC_NDLS_MTJ,95.0,158.4,53.4,0,63,0.522,STORM,True,5,21
12910,2026-07-25,SEC_MTJ_BTE,25.0,66.3,30.8,0,41,0.843,STORM,True,5,23
12910,2026-07-25,SEC_BTE_GGC,75.0,83.0,86.0,0,8,0.72,CLEAR,False,5,1
12910,2026-07-25,SEC_GGC_SWM,42.0,42.0,91.4,0,0,0.277,CLEAR,False,5,3
12910,2026-07-25,SEC_SWM_KOTA,65.0,66.9,96.9,0,2,0.262,CLEAR,False,5,5
12910,2026-07-25,SEC_KOTA_RATL,170.0,193.2,82.6,0,23,0.142,FOG,False,5,7
12910,2026-07-25,SEC_RATL_BRC,165.0,171.1,91.5,0,6,0.311,FOG,False,5,9
12910,2026-07-25,SEC_BRC_MMCT,250.0,258.6,91.0,0,9,0.697,CLEAR,False,5,11
12952,2026-07-26,SEC_NDLS_MTJ,95.0,145.7,58.1,0,51,0.799,STORM,True,6,16
12952,2026-07-26,SEC_MTJ_BTE,25.0,40.0,51.0,0,15,0.174,RAIN,False,6,18
12952,2026-07-26,SEC_BTE_GGC,75.0,81.2,87.9,0,6,0.403,RAIN,False,6,20
12952,2026-07-26,SEC_GGC_SWM,42.0,68.0,56.5,0,26,0.719,STORM,True,6,22
12952,2026-07-26,SEC_SWM_KOTA,65.0,61.8,104.9,0,0,0.814,CLEAR,False,6,0
12952,2026-07-26,SEC_KOTA_RATL,170.0,204.1,78.2,0,34,0.159,STORM,True,6,2
12952,2026-07-26,SEC_RATL_BRC,165.0,164.6,95.1,0,0,0.671,CLEAR,False,6,4
12952,2026-07-26,SEC_BRC_MMCT,250.0,261.2,90.0,0,11,0.796,CLEAR,False,6,6
12413,2026-07-26,SEC_NDLS_MTJ,95.0,109.1,77.5,1,15,0.631,CLEAR,False,6,7
12413,2026-07-26,SEC_MTJ_BTE,25.0,23.8,85.7,1,1,0.475,CLEAR,False,6,9
12413,2026-07-26,SEC_BTE_GGC,75.0,123.5,57.8,1,49,0.246,STORM,True,6,11
12413,2026-07-26,SEC_GGC_SWM,42.0,81.2,47.3,1,40,0.626,STORM,True,6,13
12413,2026-07-26,SEC_SWM_KOTA,65.0,86.6,74.8,1,23,0.116,RAIN,False,6,15
12413,2026-07-26,SEC_KOTA_RATL,170.0,190.9,83.6,1,22,0.154,CLEAR,False,6,17
12413,2026-07-26,SEC_RATL_BRC,165.0,187.9,83.3,1,24,0.139,CLEAR,False,6,19
12413,2026-07-26,SEC_BRC_MMCT,250.0,237.5,99.0,1,1,0.775,CLEAR,False,6,21
19020,2026-07-26,SEC_NDLS_MTJ,95.0,107.9,78.4,6,19,0.168,FOG,False,6,23
19020,2026-07-26,SEC_MTJ_BTE,25.0,24.9,81.9,6,6,0.369,CLEAR,False,6,1
19020,2026-07-26,SEC_BTE_GGC,75.0,82.2,86.9,6,13,0.123,FOG,False,6,3
19020,2026-07-26,SEC_GGC_SWM,42.0,51.8,74.1,6,16,0.892,RAIN,False,6,5
19020,2026-07-26,SEC_SWM_KOTA,65.0,68.1,95.2,6,9,0.395,CLEAR,False,6,7
19020,2026-07-26,SEC_KOTA_RATL,170.0,197.2,80.9,6,33,0.726,CLEAR,False,6,9
19020,2026-07-26,SEC_RATL_BRC,165.0,166.0,94.3,6,7,0.474,CLEAR,False,6,11
19020,2026-07-26,SEC_BRC_MMCT,250.0,285.0,82.5,6,41,0.205,RAIN,False,6,13
12988,2026-07-26,SEC_NDLS_MTJ,95.0,90.2,93.8,3,3,0.586,CLEAR,False,6,6
12988,2026-07-26,SEC_MTJ_BTE,25.0,73.9,27.6,3,52,0.54,STORM,True,6,8
12988,2026-07-26,SEC_BTE_GGC,75.0,82.8,86.2,3,11,0.242,FOG,False,6,10
12988,2026-07-26,SEC_GGC_SWM,42.0,44.4,86.5,3,5,0.562,CLEAR,False,6,12
12988,2026-07-26,SEC_SWM_KOTA,65.0,64.5,100.5,3,3,0.87,CLEAR,False,6,14
12988,2026-07-26,SEC_KOTA_RATL,170.0,168.3,94.8,3,3,0.483,CLEAR,False,6,16
12988,2026-07-26,SEC_RATL_BRC,165.0,169.1,92.6,3,7,0.69,CLEAR,False,6,18
12988,2026-07-26,SEC_BRC_MMCT,250.0,296.7,79.3,3,50,0.237,STORM,True,6,20
12910,2026-07-26,SEC_NDLS_MTJ,95.0,107.6,78.6,4,17,0.191,FOG,False,6,21
12910,2026-07-26,SEC_MTJ_BTE,25.0,25.9,78.8,4,5,0.285,CLEAR,False,6,23
12910,2026-07-26,SEC_BTE_GGC,75.0,74.2,96.2,4,4,0.616,CLEAR,False,6,1
12910,2026-07-26,SEC_GGC_SWM,42.0,46.3,82.9,4,8,0.749,CLEAR,False,6,3
12910,2026-07-26,SEC_SWM_KOTA,65.0,68.2,95.0,4,7,0.872,CLEAR,False,6,5
12910,2026-07-26,SEC_KOTA_RATL,170.0,164.1,97.3,4,4,0.832,CLEAR,False,6,7
12910,2026-07-26,SEC_RATL_BRC,165.0,166.7,93.9,4,6,0.502,CLEAR,False,6,9
12910,2026-07-26,SEC_BRC_MMCT,250.0,248.1,94.8,4,4,0.468,CLEAR,False,6,11
12952,2026-07-27,SEC_NDLS_MTJ,95.0,100.3,84.3,0,5,0.613,FOG,False,0,16
12952,2026-07-27,SEC_MTJ_BTE,25.0,25.7,79.4,0,1,0.344,CLEAR,False,0,18
12952,2026-07-27,SEC_BTE_GGC,75.0,72.7,98.2,0,0,0.422,CLEAR,False,0,20
12952,2026-07-27,SEC_GGC_SWM,42.0,88.8,43.2,0,47,0.65,STORM,True,0,22
12952,2026-07-27,SEC_SWM_KOTA,65.0,65.0,99.7,0,0,0.392,CLEAR,False,0,0
12952,2026-07-27,SEC_KOTA_RATL,170.0,161.5,98.8,0,0,0.675,CLEAR,False,0,2
12952,2026-07-27,SEC_RATL_BRC,165.0,156.8,99.9,0,0,0.469,RAIN,False,0,4
12952,2026-07-27,SEC_BRC_MMCT,250.0,269.8,87.2,0,20,0.452,STORM,True,0,6
12413,2026-07-27,SEC_NDLS_MTJ,95.0,145.6,58.1,4,55,0.147,STORM,True,0,7
12413,2026-07-27,SEC_MTJ_BTE,25.0,86.4,23.6,4,65,0.156,STORM,True,0,9
12413,2026-07-27,SEC_BTE_GGC,75.0,86.0,83.0,4,15,0.281,CLEAR,False,0,11
12413,2026-07-27,SEC_GGC_SWM,42.0,41.1,93.4,4,4,0.598,CLEAR,False,0,13
12413,2026-07-27,SEC_SWM_KOTA,65.0,126.2,51.3,4,65,0.517,STORM,True,0,15
12413,2026-07-27,SEC_KOTA_RATL,170.0,176.7,90.3,4,11,0.237,CLEAR,False,0,17
12413,2026-07-27,SEC_RATL_BRC,165.0,169.4,92.4,4,8,0.6,RAIN,False,0,19
12413,2026-07-27,SEC_BRC_MMCT,250.0,271.5,86.6,4,26,0.415,CLEAR,False,0,21
19020,2026-07-27,SEC_NDLS_MTJ,95.0,105.2,80.4,4,14,0.302,CLEAR,False,0,23
19020,2026-07-27,SEC_MTJ_BTE,25.0,29.4,69.4,4,8,0.48,CLEAR,False,0,1
19020,2026-07-27,SEC_BTE_GGC,75.0,76.6,93.2,4,6,0.302,CLEAR,False,0,3
19020,2026-07-27,SEC_GGC_SWM,42.0,51.3,74.9,4,13,0.504,CLEAR,False,0,5
19020,2026-07-27,SEC_SWM_KOTA,65.0,61.8,104.9,4,4,0.688,CLEAR,False,0,7
19020,2026-07-27,SEC_KOTA_RATL,170.0,161.5,98.8,4,4,0.364,CLEAR,False,0,9
19020,2026-07-27,SEC_RATL_BRC,165.0,162.6,96.3,4,4,0.136,RAIN,False,0,11
19020,2026-07-27,SEC_BRC_MMCT,250.0,277.6,84.7,4,32,0.486,RAIN,False,0,13
12988,2026-07-27,SEC_NDLS_MTJ,95.0,93.4,90.6,4,4,0.274,CLEAR,False,0,6
12988,2026-07-27,SEC_MTJ_BTE,25.0,70.4,29.0,4,49,0.338,STORM,True,0,8
12988,2026-07-27,SEC_BTE_GGC,75.0,93.1,76.7,4,22,0.103,FOG,False,0,10
12988,2026-07-27,SEC_GGC_SWM,42.0,44.8,85.7,4,7,0.472,CLEAR,False,0,12
12988,2026-07-27,SEC_SWM_KOTA,65.0,69.1,93.8,4,8,0.408,RAIN,False,0,14
12988,2026-07-27,SEC_KOTA_RATL,170.0,170.7,93.5,4,5,0.664,CLEAR,False,0,16
12988,2026-07-27,SEC_RATL_BRC,165.0,212.4,73.7,4,51,0.296,STORM,True,0,18
12988,2026-07-27,SEC_BRC_MMCT,250.0,246.7,95.3,4,4,0.19,CLEAR,False,0,20
12910,2026-07-27,SEC_NDLS_MTJ,95.0,98.7,85.7,0,4,0.289,CLEAR,False,0,21
12910,2026-07-27,SEC_MTJ_BTE,25.0,28.4,71.8,0,3,0.426,CLEAR,False,0,23
12910,2026-07-27,SEC_BTE_GGC,75.0,83.2,85.8,0,8,0.626,CLEAR,False,0,1
12910,2026-07-27,SEC_GGC_SWM,42.0,41.6,92.3,0,0,0.195,CLEAR,False,0,3
12910,2026-07-27,SEC_SWM_KOTA,65.0,66.2,97.9,0,1,0.422,CLEAR,False,0,5
12910,2026-07-27,SEC_KOTA_RATL,170.0,174.3,91.6,0,4,0.539,CLEAR,False,0,7
12910,2026-07-27,SEC_RATL_BRC,165.0,172.7,90.7,0,8,0.396,RAIN,False,0,9
12910,2026-07-27,SEC_BRC_MMCT,250.0,237.5,99.0,0,0,0.637,RAIN,False,0,11
12952,2026-07-28,SEC_NDLS_MTJ,95.0,127.5,66.4,0,32,0.303,STORM,True,1,16
12952,2026-07-28,SEC_MTJ_BTE,25.0,23.8,85.7,0,0,0.111,CLEAR,False,1,18
12952,2026-07-28,SEC_BTE_GGC,75.0,84.8,84.2,0,10,0.187,FOG,False,1,20
12952,2026-07-28,SEC_GGC_SWM,42.0,39.9,96.2,0,0,0.362,CLEAR,False,1,22
12952,2026-07-28,SEC_SWM_KOTA,65.0,69.7,93.0,0,5,0.391,CLEAR,False,1,0
12952,2026-07-28,SEC_KOTA_RATL,170.0,161.5,98.8,0,0,0.211,RAIN,False,1,2
12952,2026-07-28,SEC_RATL_BRC,165.0,159.2,98.4,0,0,0.645,RAIN,False,1,4
12952,2026-07-28,SEC_BRC_MMCT,250.0,263.8,89.2,0,14,0.356,STORM,True,1,6
12413,2026-07-28,SEC_NDLS_MTJ,95.0,134.3,63.0,1,40,0.626,STORM,True,1,7
12413,2026-07-28,SEC_MTJ_BTE,25.0,40.0,51.0,1,16,0.592,RAIN,False,1,9
12413,2026-07-28,SEC_BTE_GGC,75.0,122.3,58.4,1,48,0.149,STORM,True,1,11
12413,2026-07-28,SEC_GGC_SWM,42.0,97.2,39.5,1,56,0.102,STORM,True,1,13
12413,2026-07-28,SEC_SWM_KOTA,65.0,61.8,104.9,1,1,0.495,CLEAR,False,1,15
12413,2026-07-28,SEC_KOTA_RATL,170.0,164.4,97.1,1,1,0.675,RAIN,False,1,17
12413,2026-07-28,SEC_RATL_BRC,165.0,158.3,98.9,1,1,0.647,CLEAR,False,1,19
12413,2026-07-28,SEC_BRC_MMCT,250.0,264.8,88.8,1,16,0.198,CLEAR,False,1,21
19020,2026-07-28,SEC_NDLS_MTJ,95.0,134.5,62.9,2,42,0.121,STORM,True,1,23
19020,2026-07-28,SEC_MTJ_BTE,25.0,28.9,70.6,2,6,0.522,CLEAR,False,1,1
19020,2026-07-28,SEC_BTE_GGC,75.0,87.0,82.1,2,14,0.504,CLEAR,False,1,3
19020,2026-07-28,SEC_GGC_SWM,42.0,66.5,57.7,2,26,0.612,RAIN,True,1,5
19020,2026-07-28,SEC_SWM_KOTA,65.0,61.8,104.9,2,2,0.256,CLEAR,False,1,7
19020,2026-07-28,SEC_KOTA_RATL,170.0,178.8,89.3,2,11,0.219,CLEAR,False,1,9
19020,2026-07-28,SEC_RATL_BRC,165.0,158.3,98.9,2,2,0.41,RAIN,False,1,11
19020,2026-07-28,SEC_BRC_MMCT,250.0,271.0,86.8,2,23,0.312,RAIN,False,1,13
12988,2026-07-28,SEC_NDLS_MTJ,95.0,107.5,78.7,5,17,0.673,CLEAR,False,1,6
12988,2026-07-28,SEC_MTJ_BTE,25.0,29.6,68.9,5,10,0.399,CLEAR,False,1,8
12988,2026-07-28,SEC_BTE_GGC,75.0,90.5,78.9,5,21,0.693,CLEAR,False,1,10
12988,2026-07-28,SEC_GGC_SWM,42.0,55.8,68.8,5,19,0.301,FOG,False,1,12
12988,2026-07-28,SEC_SWM_KOTA,65.0,85.1,76.1,5,25,0.588,CLEAR,True,1,14
12988,2026-07-28,SEC_KOTA_RATL,170.0,195.3,81.7,5,30,0.156,STORM,True,1,16
12988,2026-07-28,SEC_RATL_BRC,165.0,167.9,93.3,5,8,0.114,CLEAR,False,1,18
12988,2026-07-28,SEC_BRC_MMCT,250.0,295.3,79.6,5,50,0.43,STORM,True,1,20
12910,2026-07-28,SEC_NDLS_MTJ,95.0,106.1,79.7,0,11,0.444,CLEAR,False,1,21
12910,2026-07-28,SEC_MTJ_BTE,25.0,24.5,83.3,0,0,0.499,CLEAR,False,1,23
12910,2026-07-28,SEC_BTE_GGC,75.0,78.5,91.0,0,4,0.347,CLEAR,False,1,1
12910,2026-07-28,SEC_GGC_SWM,42.0,43.4,88.5,0,1,0.166,CLEAR,False,1,3
12910,2026-07-28,SEC_SWM_KOTA,65.0,105.0,61.7,0,40,0.373,STORM,True,1,5
12910,2026-07-28,SEC_KOTA_RATL,170.0,230.7,69.2,0,61,0.239,STORM,True,1,7
12910,2026-07-28,SEC_RATL_BRC,165.0,168.5,92.9,0,4,0.393,CLEAR,False,1,9
12910,2026-07-28,SEC_BRC_MMCT,250.0,258.6,91.0,0,9,0.433,RAIN,False,1,11
12952,2026-07-29,SEC_NDLS_MTJ,95.0,105.8,80.0,0,11,0.363,FOG,False,2,16
12952,2026-07-29,SEC_MTJ_BTE,25.0,25.6,79.7,0,1,0.15,CLEAR,False,2,18
12952,2026-07-29,SEC_BTE_GGC,75.0,111.0,64.3,0,36,0.58,STORM,True,2,20
12952,2026-07-29,SEC_GGC_SWM,42.0,43.0,89.3,0,1,0.346,CLEAR,False,2,22
12952,2026-07-29,SEC_SWM_KOTA,65.0,85.1,76.1,0,20,0.234,FOG,False,2,0
12952,2026-07-29,SEC_KOTA_RATL,170.0,218.3,73.1,0,48,0.342,STORM,True,2,2
12952,2026-07-29,SEC_RATL_BRC,165.0,161.2,97.1,0,0,0.391,CLEAR,False,2,4
12952,2026-07-29,SEC_BRC_MMCT,250.0,265.1,88.7,0,15,0.243,RAIN,False,2,6
12413,2026-07-29,SEC_NDLS_MTJ,95.0,90.4,93.6,2,2,0.56,CLEAR,False,2,7
12413,2026-07-29,SEC_MTJ_BTE,25.0,35.9,56.8,2,13,0.288,FOG,False,2,9
12413,2026-07-29,SEC_BTE_GGC,75.0,81.2,87.9,2,8,0.678,CLEAR,False,2,11
12413,2026-07-29,SEC_GGC_SWM,42.0,99.1,38.7,2,59,0.637,STORM,True,2,13
12413,2026-07-29,SEC_SWM_KOTA,65.0,122.2,53.0,2,59,0.292,STORM,True,2,15
12413,2026-07-29,SEC_KOTA_RATL,170.0,241.6,66.1,2,74,0.348,STORM,True,2,17
12413,2026-07-29,SEC_RATL_BRC,165.0,172.3,90.9,2,9,0.199,RAIN,False,2,19
12413,2026-07-29,SEC_BRC_MMCT,250.0,237.5,99.0,2,2,0.373,CLEAR,False,2,21
19020,2026-07-29,SEC_NDLS_MTJ,95.0,108.1,78.3,0,13,0.556,RAIN,False,2,23
19020,2026-07-29,SEC_MTJ_BTE,25.0,28.0,72.9,0,3,0.422,CLEAR,False,2,1
19020,2026-07-29,SEC_BTE_GGC,75.0,74.3,96.1,0,0,0.691,CLEAR,False,2,3
19020,2026-07-29,SEC_GGC_SWM,42.0,42.0,91.4,0,0,0.176,CLEAR,False,2,5
19020,2026-07-29,SEC_SWM_KOTA,65.0,65.8,98.5,0,1,0.438,CLEAR,False,2,7
19020,2026-07-29,SEC_KOTA_RATL,170.0,180.9,88.2,0,11,0.239,FOG,False,2,9
19020,2026-07-29,SEC_RATL_BRC,165.0,166.7,93.9,0,2,0.234,CLEAR,False,2,11
19020,2026-07-29,SEC_BRC_MMCT,250.0,249.0,94.5,0,0,0.468,RAIN,False,2,13
12988,2026-07-29,SEC_NDLS_MTJ,95.0,107.6,78.6,5,18,0.483,CLEAR,False,2,6
12988,2026-07-29,SEC_MTJ_BTE,25.0,40.8,50.0,5,21,0.627,FOG,False,2,8
12988,2026-07-29,SEC_BTE_GGC,75.0,84.5,84.5,5,15,0.197,FOG,False,2,10
12988,2026-07-29,SEC_GGC_SWM,42.0,43.8,87.7,5,7,0.407,CLEAR,False,2,12
12988,2026-07-29,SEC_SWM_KOTA,65.0,63.5,102.0,5,5,0.653,CLEAR,False,2,14
12988,2026-07-29,SEC_KOTA_RATL,170.0,161.5,98.8,5,5,0.639,CLEAR,False,2,16
12988,2026-07-29,SEC_RATL_BRC,165.0,195.5,80.1,5,35,0.537,FOG,False,2,18
12988,2026-07-29,SEC_BRC_MMCT,250.0,330.2,71.2,5,85,0.298,STORM,True,2,20
12910,2026-07-29,SEC_NDLS_MTJ,95.0,98.7,85.7,2,6,0.302,CLEAR,False,2,21
12910,2026-07-29,SEC_MTJ_BTE,25.0,37.7,54.1,2,15,0.107,CLEAR,True,2,23
12910,2026-07-29,SEC_BTE_GGC,75.0,82.7,86.3,2,10,0.177,CLEAR,False,2,1
12910,2026-07-29,SEC_GGC_SWM,42.0,64.5,59.5,2,24,0.668,FOG,False,2,3
12910,2026-07-29,SEC_SWM_KOTA,65.0,64.5,100.5,2,2,0.29,CLEAR,False,2,5
12910,2026-07-29,SEC_KOTA_RATL,170.0,179.4,89.0,2,11,0.467,RAIN,False,2,7
12910,2026-07-29,SEC_RATL_BRC,165.0,165.4,94.7,2,2,0.611,CLEAR,False,2,9
12910,2026-07-29,SEC_BRC_MMCT,250.0,259.1,90.8,2,11,0.176,CLEAR,False,2,11
12952,2026-07-30,SEC_NDLS_MTJ,95.0,98.6,85.8,0,4,0.611,RAIN,False,3,16
12952,2026-07-30,SEC_MTJ_BTE,25.0,25.5,80.0,0,0,0.595,CLEAR,False,3,18
12952,2026-07-30,SEC_BTE_GGC,75.0,108.8,65.6,0,34,0.66,STORM,True,3,20
12952,2026-07-30,SEC_GGC_SWM,42.0,46.2,83.1,0,4,0.398,CLEAR,False,3,22
12952,2026-07-30,SEC_SWM_KOTA,65.0,118.6,54.6,0,54,0.593,STORM,True,3,0
12952,2026-07-30,SEC_KOTA_RATL,170.0,161.5,98.8,0,0,0.384,CLEAR,False,3,2
12952,2026-07-30,SEC_RATL_BRC,165.0,162.8,96.2,0,0,0.259,CLEAR,False,3,4
12952,2026-07-30,SEC_BRC_MMCT,250.0,248.2,94.8,0,0,0.419,CLEAR,False,3,6
12413,2026-07-30,SEC_NDLS_MTJ,95.0,92.3,91.7,3,3,0.503,CLEAR,False,3,7
12413,2026-07-30,SEC_MTJ_BTE,25.0,38.4,53.1,3,16,0.491,RAIN,False,3,9
12413,2026-07-30,SEC_BTE_GGC,75.0,76.0,93.9,3,4,0.113,CLEAR,False,3,11
12413,2026-07-30,SEC_GGC_SWM,42.0,42.8,89.7,3,4,0.462,CLEAR,False,3,13
12413,2026-07-30,SEC_SWM_KOTA,65.0,74.5,87.0,3,13,0.589,RAIN,False,3,15
12413,2026-07-30,SEC_KOTA_RATL,170.0,201.0,79.4,3,34,0.316,FOG,False,3,17
12413,2026-07-30,SEC_RATL_BRC,165.0,167.6,93.4,3,6,0.511,CLEAR,False,3,19
12413,2026-07-30,SEC_BRC_MMCT,250.0,292.8,80.3,3,46,0.687,STORM,True,3,21
19020,2026-07-30,SEC_NDLS_MTJ,95.0,90.6,93.4,8,8,0.663,CLEAR,False,3,23
19020,2026-07-30,SEC_MTJ_BTE,25.0,38.5,53.0,8,22,0.259,FOG,False,3,1
19020,2026-07-30,SEC_BTE_GGC,75.0,74.0,96.5,8,8,0.549,CLEAR,False,3,3
19020,2026-07-30,SEC_GGC_SWM,42.0,47.0,81.7,8,13,0.216,CLEAR,False,3,5
19020,2026-07-30,SEC_SWM_KOTA,65.0,130.5,49.7,8,74,0.618,STORM,True,3,7
19020,2026-07-30,SEC_KOTA_RATL,170.0,161.5,98.8,8,8,0.197,CLEAR,False,3,9
19020,2026-07-30,SEC_RATL_BRC,165.0,156.8,99.9,8,8,0.161,CLEAR,False,3,11
19020,2026-07-30,SEC_BRC_MMCT,250.0,267.2,88.0,8,25,0.654,CLEAR,False,3,13
12988,2026-07-30,SEC_NDLS_MTJ,95.0,101.4,83.4,4,10,0.148,FOG,False,3,6
12988,2026-07-30,SEC_MTJ_BTE,25.0,26.7,76.4,4,6,0.462,CLEAR,False,3,8
12988,2026-07-30,SEC_BTE_GGC,75.0,124.6,57.3,4,54,0.303,STORM,True,3,10
12988,2026-07-30,SEC_GGC_SWM,42.0,56.1,68.4,4,18,0.577,FOG,False,3,12
12988,2026-07-30,SEC_SWM_KOTA,65.0,73.5,88.2,4,12,0.551,CLEAR,False,3,14
12988,2026-07-30,SEC_KOTA_RATL,170.0,161.5,98.8,4,4,0.23,FOG,False,3,16
12988,2026-07-30,SEC_RATL_BRC,165.0,156.9,99.8,4,4,0.107,CLEAR,False,3,18
12988,2026-07-30,SEC_BRC_MMCT,250.0,309.6,76.0,4,64,0.476,STORM,True,3,20
12910,2026-07-30,SEC_NDLS_MTJ,95.0,97.4,86.9,10,12,0.656,FOG,False,3,21
12910,2026-07-30,SEC_MTJ_BTE,25.0,30.8,66.2,10,16,0.314,CLEAR,False,3,23
12910,2026-07-30,SEC_BTE_GGC,75.0,89.8,79.5,10,25,0.118,RAIN,False,3,1
12910,2026-07-30,SEC_GGC_SWM,42.0,44.8,85.7,10,13,0.598,FOG,False,3,3
12910,2026-07-30,SEC_SWM_KOTA,65.0,70.3,92.2,10,15,0.265,CLEAR,False,3,5
12910,2026-07-30,SEC_KOTA_RATL,170.0,229.8,69.5,10,70,0.514,STORM,True,3,7
12910,2026-07-30,SEC_RATL_BRC,165.0,210.8,74.3,10,56,0.116,STORM,True,3,9
12910,2026-07-30,SEC_BRC_MMCT,250.0,277.3,84.8,10,37,0.387,RAIN,False,3,11
12952,2026-07-31,SEC_NDLS_MTJ,95.0,105.3,80.3,0,10,0.247,CLEAR,False,4,16
12952,2026-07-31,SEC_MTJ_BTE,25.0,24.9,81.9,0,0,0.297,CLEAR,False,4,18
12952,2026-07-31,SEC_BTE_GGC,75.0,103.0,69.3,0,28,0.379,STORM,True,4,20
12952,2026-07-31,SEC_GGC_SWM,42.0,48.0,80.0,0,6,0.134,RAIN,False,4,22
12952,2026-07-31,SEC_SWM_KOTA,65.0,72.8,89.0,0,8,0.107,CLEAR,False,4,0
12952,2026-07-31,SEC_KOTA_RATL,170.0,177.8,89.8,0,8,0.428,FOG,False,4,2
12952,2026-07-31,SEC_RATL_BRC,165.0,162.7,96.3,0,0,0.51,FOG,False,4,4
12952,2026-07-31,SEC_BRC_MMCT,250.0,284.8,82.6,0,35,0.471,CLEAR,False,4,6
12413,2026-07-31,SEC_NDLS_MTJ,95.0,92.5,91.5,3,3,0.336,RAIN,False,4,7
12413,2026-07-31,SEC_MTJ_BTE,25.0,26.5,77.0,3,5,0.181,CLEAR,False,4,9
12413,2026-07-31,SEC_BTE_GGC,75.0,94.1,75.9,3,22,0.497,RAIN,False,4,11
12413,2026-07-31,SEC_GGC_SWM,42.0,48.1,79.8,3,9,0.256,FOG,False,4,13
12413,2026-07-31,SEC_SWM_KOTA,65.0,78.9,82.1,3,17,0.164,RAIN,False,4,15
12413,2026-07-31,SEC_KOTA_RATL,170.0,161.5,98.8,3,3,0.637,CLEAR,False,4,17
12413,2026-07-31,SEC_RATL_BRC,165.0,166.4,94.1,3,4,0.619,RAIN,False,4,19
12413,2026-07-31,SEC_BRC_MMCT,250.0,237.5,99.0,3,3,0.152,CLEAR,False,4,21
19020,2026-07-31,SEC_NDLS_MTJ,95.0,102.7,82.4,10,18,0.274,CLEAR,False,4,23
19020,2026-07-31,SEC_MTJ_BTE,25.0,28.7,71.1,10,14,0.384,CLEAR,False,4,1
19020,2026-07-31,SEC_BTE_GGC,75.0,73.5,97.1,10,10,0.26,CLEAR,False,4,3
19020,2026-07-31,SEC_GGC_SWM,42.0,40.2,95.5,10,10,0.363,CLEAR,False,4,5
19020,2026-07-31,SEC_SWM_KOTA,65.0,78.9,82.1,10,24,0.221,FOG,False,4,7
19020,2026-07-31,SEC_KOTA_RATL,170.0,188.7,84.6,10,29,0.64,CLEAR,False,4,9
19020,2026-07-31,SEC_RATL_BRC,165.0,182.4,85.9,10,27,0.669,CLEAR,False,4,11
19020,2026-07-31,SEC_BRC_MMCT,250.0,280.1,84.0,10,40,0.39,CLEAR,False,4,13
12988,2026-07-31,SEC_NDLS_MTJ,95.0,90.2,93.8,0,0,0.305,CLEAR,False,4,6
12988,2026-07-31,SEC_MTJ_BTE,25.0,23.8,85.7,0,0,0.209,CLEAR,False,4,8
12988,2026-07-31,SEC_BTE_GGC,75.0,87.9,81.2,0,13,0.612,RAIN,False,4,10
12988,2026-07-31,SEC_GGC_SWM,42.0,53.0,72.5,0,11,0.672,RAIN,False,4,12
12988,2026-07-31,SEC_SWM_KOTA,65.0,64.6,100.3,0,0,0.343,CLEAR,False,4,14
12988,2026-07-31,SEC_KOTA_RATL,170.0,167.3,95.4,0,0,0.508,CLEAR,False,4,16
12988,2026-07-31,SEC_RATL_BRC,165.0,168.0,93.2,0,3,0.117,FOG,False,4,18
12988,2026-07-31,SEC_BRC_MMCT,250.0,251.8,93.4,0,2,0.572,CLEAR,False,4,20
12910,2026-07-31,SEC_NDLS_MTJ,95.0,133.2,63.5,4,42,0.455,STORM,True,4,21
12910,2026-07-31,SEC_MTJ_BTE,25.0,42.2,48.3,4,21,0.537,FOG,False,4,23
12910,2026-07-31,SEC_BTE_GGC,75.0,118.4,60.3,4,47,0.375,STORM,True,4,1
12910,2026-07-31,SEC_GGC_SWM,42.0,44.8,85.7,4,7,0.253,CLEAR,False,4,3
12910,2026-07-31,SEC_SWM_KOTA,65.0,75.1,86.3,4,14,0.556,RAIN,False,4,5
12910,2026-07-31,SEC_KOTA_RATL,170.0,163.0,97.9,4,4,0.25,CLEAR,False,4,7
12910,2026-07-31,SEC_RATL_BRC,165.0,165.7,94.5,4,5,0.525,CLEAR,False,4,9
12910,2026-07-31,SEC_BRC_MMCT,250.0,256.6,91.7,4,11,0.601,RAIN,False,4,11
12952,2026-08-01,SEC_NDLS_MTJ,95.0,90.2,93.8,0,0,0.119,CLEAR,False,5,16
12952,2026-08-01,SEC_MTJ_BTE,25.0,26.1,78.2,0,1,0.318,CLEAR,False,5,18
12952,2026-08-01,SEC_BTE_GGC,75.0,77.9,91.7,0,3,0.486,FOG,False,5,20
12952,2026-08-01,SEC_GGC_SWM,42.0,97.7,39.3,0,56,0.404,STORM,True,5,22
12952,2026-08-01,SEC_SWM_KOTA,65.0,70.7,91.7,0,6,0.179,RAIN,False,5,0
12952,2026-08-01,SEC_KOTA_RATL,170.0,195.3,81.7,0,25,0.857,STORM,True,5,2
12952,2026-08-01,SEC_RATL_BRC,165.0,168.5,92.9,0,4,0.789,FOG,False,5,4
12952,2026-08-01,SEC_BRC_MMCT,250.0,291.1,80.8,0,41,0.843,STORM,True,5,6
12413,2026-08-01,SEC_NDLS_MTJ,95.0,94.0,90.0,2,2,0.391,CLEAR,False,5,7
12413,2026-08-01,SEC_MTJ_BTE,25.0,38.5,53.0,2,16,0.215,RAIN,False,5,9
12413,2026-08-01,SEC_BTE_GGC,75.0,71.2,100.3,2,2,0.65,CLEAR,False,5,11
12413,2026-08-01,SEC_GGC_SWM,42.0,49.1,78.2,2,9,0.644,RAIN,False,5,13
12413,2026-08-01,SEC_SWM_KOTA,65.0,70.5,91.9,2,8,0.74,CLEAR,False,5,15
12413,2026-08-01,SEC_KOTA_RATL,170.0,178.5,89.4,2,10,0.17,CLEAR,False,5,17
12413,2026-08-01,SEC_RATL_BRC,165.0,168.5,92.9,2,6,0.757,CLEAR,False,5,19
12413,2026-08-01,SEC_BRC_MMCT,250.0,282.5,83.3,2,34,0.117,RAIN,False,5,21
19020,2026-08-01,SEC_NDLS_MTJ,95.0,106.2,79.7,8,19,0.207,FOG,False,5,23
19020,2026-08-01,SEC_MTJ_BTE,25.0,41.6,49.0,8,25,0.849,FOG,False,5,1
19020,2026-08-01,SEC_BTE_GGC,75.0,72.1,99.0,8,8,0.462,CLEAR,False,5,3
19020,2026-08-01,SEC_GGC_SWM,42.0,86.0,44.7,8,52,0.293,STORM,True,5,5
19020,2026-08-01,SEC_SWM_KOTA,65.0,70.8,91.5,8,14,0.263,CLEAR,False,5,7
19020,2026-08-01,SEC_KOTA_RATL,170.0,172.5,92.5,8,10,0.155,FOG,False,5,9
19020,2026-08-01,SEC_RATL_BRC,165.0,212.1,73.8,8,55,0.41,STORM,True,5,11
19020,2026-08-01,SEC_BRC_MMCT,250.0,303.5,77.5,8,62,0.446,STORM,True,5,13
12988,2026-08-01,SEC_NDLS_MTJ,95.0,129.4,65.4,3,37,0.859,STORM,True,5,6
12988,2026-08-01,SEC_MTJ_BTE,25.0,25.2,81.0,3,3,0.488,CLEAR,False,5,8
12988,2026-08-01,SEC_BTE_GGC,75.0,133.7,53.4,3,62,0.771,STORM,True,5,10
12988,2026-08-01,SEC_GGC_SWM,42.0,48.9,78.5,3,10,0.585,FOG,False,5,12
12988,2026-08-01,SEC_SWM_KOTA,65.0,109.4,59.2,3,47,0.693,STORM,True,5,14
12988,2026-08-01,SEC_KOTA_RATL,170.0,161.5,98.8,3,3,0.788,CLEAR,False,5,16
12988,2026-08-01,SEC_RATL_BRC,165.0,156.8,99.9,3,3,0.685,CLEAR,False,5,18
12988,2026-08-01,SEC_BRC_MMCT,250.0,267.3,88.0,3,20,0.175,CLEAR,False,5,20
12910,2026-08-01,SEC_NDLS_MTJ,95.0,106.8,79.2,2,14,0.642,RAIN,False,5,21
12910,2026-08-01,SEC_MTJ_BTE,25.0,26.3,77.6,2,3,0.173,CLEAR,False,5,23
12910,2026-08-01,SEC_BTE_GGC,75.0,80.1,89.1,2,7,0.784,CLEAR,False,5,1
12910,2026-08-01,SEC_GGC_SWM,42.0,39.9,96.2,2,2,0.523,CLEAR,False,5,3
12910,2026-08-01,SEC_SWM_KOTA,65.0,69.2,93.6,2,6,0.708,CLEAR,False,5,5
12910,2026-08-01,SEC_KOTA_RATL,170.0,175.1,91.1,2,7,0.806,RAIN,False,5,7
12910,2026-08-01,SEC_RATL_BRC,165.0,188.2,83.2,2,25,0.842,CLEAR,True,5,9
12910,2026-08-01,SEC_BRC_MMCT,250.0,256.8,91.6,2,9,0.662,CLEAR,False,5,11
12952,2026-08-02,SEC_NDLS_MTJ,95.0,101.0,83.8,0,6,0.276,FOG,False,6,16
12952,2026-08-02,SEC_MTJ_BTE,25.0,25.8,79.1,0,1,0.28,CLEAR,False,6,18
12952,2026-08-02,SEC_BTE_GGC,75.0,81.0,88.1,0,6,0.244,FOG,False,6,20
12952,2026-08-02,SEC_GGC_SWM,42.0,51.4,74.7,0,9,0.202,RAIN,False,6,22
12952,2026-08-02,SEC_SWM_KOTA,65.0,67.1,96.6,0,2,0.377,CLEAR,False,6,0
12952,2026-08-02,SEC_KOTA_RATL,170.0,168.2,94.9,0,0,0.449,CLEAR,False,6,2
12952,2026-08-02,SEC_RATL_BRC,165.0,173.2,90.4,0,8,0.364,RAIN,False,6,4
12952,2026-08-02,SEC_BRC_MMCT,250.0,270.8,86.9,0,21,0.205,RAIN,False,6,6
12413,2026-08-02,SEC_NDLS_MTJ,95.0,149.1,56.7,0,54,0.58,STORM,True,6,7
12413,2026-08-02,SEC_MTJ_BTE,25.0,67.2,30.4,0,42,0.836,STORM,True,6,9
12413,2026-08-02,SEC_BTE_GGC,75.0,95.5,74.8,0,20,0.25,FOG,False,6,11
12413,2026-08-02,SEC_GGC_SWM,42.0,48.1,79.8,0,6,0.137,CLEAR,False,6,13
12413,2026-08-02,SEC_SWM_KOTA,65.0,65.4,99.1,0,0,0.414,CLEAR,False,6,15
12413,2026-08-02,SEC_KOTA_RATL,170.0,184.9,86.3,0,15,0.302,FOG,False,6,17
12413,2026-08-02,SEC_RATL_BRC,165.0,179.6,87.2,0,15,0.471,CLEAR,False,6,19
12413,2026-08-02,SEC_BRC_MMCT,250.0,275.8,85.3,0,26,0.507,CLEAR,False,6,21
19020,2026-08-02,SEC_NDLS_MTJ,95.0,121.6,69.6,6,33,0.486,RAIN,False,6,23
19020,2026-08-02,SEC_MTJ_BTE,25.0,27.6,73.9,6,9,0.135,CLEAR,False,6,1
19020,2026-08-02,SEC_BTE_GGC,75.0,71.2,100.3,6,6,0.685,CLEAR,False,6,3
19020,2026-08-02,SEC_GGC_SWM,42.0,47.0,81.7,6,11,0.196,CLEAR,False,6,5
19020,2026-08-02,SEC_SWM_KOTA,65.0,118.3,54.8,6,59,0.122,STORM,True,6,7
19020,2026-08-02,SEC_KOTA_RATL,170.0,192.8,82.8,6,29,0.878,CLEAR,False,6,9
19020,2026-08-02,SEC_RATL_BRC,165.0,168.3,93.0,6,9,0.699,CLEAR,False,6,11
19020,2026-08-02,SEC_BRC_MMCT,250.0,241.1,97.6,6,6,0.512,CLEAR,False,6,13
12988,2026-08-02,SEC_NDLS_MTJ,95.0,104.7,80.8,3,13,0.387,RAIN,False,6,6
12988,2026-08-02,SEC_MTJ_BTE,25.0,24.8,82.3,3,3,0.612,CLEAR,False,6,8
12988,2026-08-02,SEC_BTE_GGC,75.0,80.2,89.0,3,8,0.223,FOG,False,6,10
12988,2026-08-02,SEC_GGC_SWM,42.0,41.3,93.0,3,3,0.247,CLEAR,False,6,12
12988,2026-08-02,SEC_SWM_KOTA,65.0,61.8,104.9,3,3,0.834,CLEAR,False,6,14
12988,2026-08-02,SEC_KOTA_RATL,170.0,166.0,96.1,3,3,0.318,FOG,False,6,16
12988,2026-08-02,SEC_RATL_BRC,165.0,171.2,91.5,3,9,0.777,CLEAR,False,6,18
12988,2026-08-02,SEC_BRC_MMCT,250.0,253.3,92.9,3,6,0.596,CLEAR,False,6,20
12910,2026-08-02,SEC_NDLS_MTJ,95.0,95.3,88.8,10,10,0.233,CLEAR,False,6,21
12910,2026-08-02,SEC_MTJ_BTE,25.0,29.4,69.4,10,14,0.818,CLEAR,False,6,23
12910,2026-08-02,SEC_BTE_GGC,75.0,125.5,56.9,10,60,0.617,STORM,True,6,1
12910,2026-08-02,SEC_GGC_SWM,42.0,90.8,42.3,10,59,0.899,STORM,True,6,3
12910,2026-08-02,SEC_SWM_KOTA,65.0,70.1,92.4,10,15,0.451,CLEAR,False,6,5
12910,2026-08-02,SEC_KOTA_RATL,170.0,219.9,72.6,10,60,0.55,STORM,True,6,7
12910,2026-08-02,SEC_RATL_BRC,165.0,201.2,77.8,10,46,0.347,STORM,True,6,9
12910,2026-08-02,SEC_BRC_MMCT,250.0,249.7,94.2,10,10,0.245,CLEAR,False,6,11
12952,2026-08-03,SEC_NDLS_MTJ,95.0,119.0,71.1,0,24,0.55,FOG,False,0,16
12952,2026-08-03,SEC_MTJ_BTE,25.0,28.4,71.8,0,3,0.479,CLEAR,False,0,18
12952,2026-08-03,SEC_BTE_GGC,75.0,86.9,82.2,0,12,0.463,RAIN,False,0,20
12952,2026-08-03,SEC_GGC_SWM,42.0,101.6,37.8,0,60,0.508,STORM,True,0,22
12952,2026-08-03,SEC_SWM_KOTA,65.0,84.8,76.4,0,20,0.312,FOG,False,0,0
12952,2026-08-03,SEC_KOTA_RATL,170.0,179.3,89.0,0,9,0.338,FOG,False,0,2
12952,2026-08-03,SEC_RATL_BRC,165.0,187.9,83.3,0,23,0.412,STORM,True,0,4
12952,2026-08-03,SEC_BRC_MMCT,250.0,247.9,94.9,0,0,0.552,CLEAR,False,0,6
12413,2026-08-03,SEC_NDLS_MTJ,95.0,92.8,91.2,4,4,0.674,CLEAR,False,0,7
12413,2026-08-03,SEC_MTJ_BTE,25.0,25.6,79.7,4,5,0.685,CLEAR,False,0,9
12413,2026-08-03,SEC_BTE_GGC,75.0,75.6,94.4,4,5,0.117,RAIN,False,0,11
12413,2026-08-03,SEC_GGC_SWM,42.0,47.1,81.5,4,9,0.574,CLEAR,False,0,13
12413,2026-08-03,SEC_SWM_KOTA,65.0,67.2,96.4,4,6,0.466,CLEAR,False,0,15
12413,2026-08-03,SEC_KOTA_RATL,170.0,166.6,95.8,4,4,0.229,CLEAR,False,0,17
12413,2026-08-03,SEC_RATL_BRC,165.0,200.3,78.2,4,39,0.192,STORM,True,0,19
12413,2026-08-03,SEC_BRC_MMCT,250.0,297.9,79.0,4,52,0.556,STORM,True,0,21
19020,2026-08-03,SEC_NDLS_MTJ,95.0,96.1,88.0,2,3,0.127,CLEAR,False,0,23
19020,2026-08-03,SEC_MTJ_BTE,25.0,29.8,68.5,2,7,0.309,CLEAR,False,0,1
19020,2026-08-03,SEC_BTE_GGC,75.0,109.2,65.4,2,36,0.564,STORM,True,0,3
19020,2026-08-03,SEC_GGC_SWM,42.0,101.1,38.0,2,61,0.163,STORM,True,0,5
19020,2026-08-03,SEC_SWM_KOTA,65.0,83.1,78.0,2,20,0.606,FOG,False,0,7
19020,2026-08-03,SEC_KOTA_RATL,170.0,161.5,98.8,2,2,0.231,CLEAR,False,0,9
19020,2026-08-03,SEC_RATL_BRC,165.0,165.1,94.9,2,2,0.288,CLEAR,False,0,11
19020,2026-08-03,SEC_BRC_MMCT,250.0,241.9,97.2,2,2,0.514,CLEAR,False,0,13
12988,2026-08-03,SEC_NDLS_MTJ,95.0,90.2,93.8,1,1,0.132,CLEAR,False,0,6
12988,2026-08-03,SEC_MTJ_BTE,25.0,31.4,65.0,1,7,0.221,RAIN,False,0,8
12988,2026-08-03,SEC_BTE_GGC,75.0,75.5,94.6,1,1,0.328,CLEAR,False,0,10
12988,2026-08-03,SEC_GGC_SWM,42.0,42.6,90.1,1,2,0.428,CLEAR,False,0,12
12988,2026-08-03,SEC_SWM_KOTA,65.0,94.7,68.4,1,31,0.371,STORM,True,0,14
12988,2026-08-03,SEC_KOTA_RATL,170.0,185.1,86.2,1,16,0.308,FOG,False,0,16
12988,2026-08-03,SEC_RATL_BRC,165.0,164.0,95.5,1,1,0.332,CLEAR,False,0,18
12988,2026-08-03,SEC_BRC_MMCT,250.0,246.5,95.4,1,1,0.692,CLEAR,False,0,20
12910,2026-08-03,SEC_NDLS_MTJ,95.0,93.1,90.9,10,10,0.104,CLEAR,False,0,21
12910,2026-08-03,SEC_MTJ_BTE,25.0,37.9,53.8,10,23,0.568,FOG,False,0,23
12910,2026-08-03,SEC_BTE_GGC,75.0,81.7,87.4,10,17,0.584,CLEAR,False,0,1
12910,2026-08-03,SEC_GGC_SWM,42.0,42.1,91.2,10,10,0.147,CLEAR,False,0,3
12910,2026-08-03,SEC_SWM_KOTA,65.0,88.0,73.6,10,33,0.293,CLEAR,True,0,5
12910,2026-08-03,SEC_KOTA_RATL,170.0,197.1,81.0,10,37,0.569,FOG,False,0,7
12910,2026-08-03,SEC_RATL_BRC,165.0,162.6,96.3,10,10,0.435,CLEAR,False,0,9
12910,2026-08-03,SEC_BRC_MMCT,250.0,237.5,99.0,10,10,0.406,CLEAR,False,0,11
12952,2026-08-04,SEC_NDLS_MTJ,95.0,90.2,93.8,0,0,0.373,CLEAR,False,1,16
12952,2026-08-04,SEC_MTJ_BTE,25.0,23.8,85.7,0,0,0.514,CLEAR,False,1,18
12952,2026-08-04,SEC_BTE_GGC,75.0,75.4,94.7,0,0,0.138,CLEAR,False,1,20
12952,2026-08-04,SEC_GGC_SWM,42.0,42.7,89.9,0,1,0.458,CLEAR,False,1,22
12952,2026-08-04,SEC_SWM_KOTA,65.0,61.8,104.9,0,0,0.505,CLEAR,False,1,0
12952,2026-08-04,SEC_KOTA_RATL,170.0,161.5,98.8,0,0,0.501,CLEAR,False,1,2
12952,2026-08-04,SEC_RATL_BRC,165.0,156.8,99.9,0,0,0.647,FOG,False,1,4
12952,2026-08-04,SEC_BRC_MMCT,250.0,238.6,98.6,0,0,0.369,CLEAR,False,1,6
12413,2026-08-04,SEC_NDLS_MTJ,95.0,143.4,59.0,4,52,0.148,STORM,True,1,7
12413,2026-08-04,SEC_MTJ_BTE,25.0,32.5,62.8,4,12,0.301,CLEAR,False,1,9
12413,2026-08-04,SEC_BTE_GGC,75.0,90.6,78.8,4,20,0.143,FOG,False,1,11
12413,2026-08-04,SEC_GGC_SWM,42.0,42.4,90.6,4,4,0.574,CLEAR,False,1,13
12413,2026-08-04,SEC_SWM_KOTA,65.0,74.2,87.3,4,13,0.38,FOG,False,1,15
12413,2026-08-04,SEC_KOTA_RATL,170.0,205.4,77.7,4,39,0.691,STORM,True,1,17
12413,2026-08-04,SEC_RATL_BRC,165.0,182.2,85.9,4,21,0.294,FOG,False,1,19
12413,2026-08-04,SEC_BRC_MMCT,250.0,296.5,79.3,4,50,0.21,STORM,True,1,21
19020,2026-08-04,SEC_NDLS_MTJ,95.0,112.8,75.0,10,28,0.687,RAIN,False,1,23
19020,2026-08-04,SEC_MTJ_BTE,25.0,28.0,72.9,10,13,0.635,CLEAR,False,1,1
19020,2026-08-04,SEC_BTE_GGC,75.0,73.3,97.4,10,10,0.467,CLEAR,False,1,3
19020,2026-08-04,SEC_GGC_SWM,42.0,42.1,91.2,10,10,0.272,CLEAR,False,1,5
19020,2026-08-04,SEC_SWM_KOTA,65.0,76.6,84.6,10,22,0.291,RAIN,False,1,7
19020,2026-08-04,SEC_KOTA_RATL,170.0,161.5,98.8,10,10,0.35,RAIN,False,1,9
19020,2026-08-04,SEC_RATL_BRC,165.0,199.6,78.5,10,45,0.684,FOG,False,1,11
19020,2026-08-04,SEC_BRC_MMCT,250.0,264.9,88.8,10,25,0.195,STORM,True,1,13
12988,2026-08-04,SEC_NDLS_MTJ,95.0,102.5,82.5,0,8,0.627,CLEAR,False,1,6
12988,2026-08-04,SEC_MTJ_BTE,25.0,27.3,74.7,0,2,0.349,CLEAR,False,1,8
12988,2026-08-04,SEC_BTE_GGC,75.0,84.0,85.0,0,9,0.23,FOG,False,1,10
12988,2026-08-04,SEC_GGC_SWM,42.0,44.5,86.3,0,2,0.63,CLEAR,False,1,12
12988,2026-08-04,SEC_SWM_KOTA,65.0,61.8,104.9,0,0,0.163,CLEAR,False,1,14
12988,2026-08-04,SEC_KOTA_RATL,170.0,237.6,67.2,0,68,0.273,STORM,True,1,16
12988,2026-08-04,SEC_RATL_BRC,165.0,158.1,99.1,0,0,0.561,CLEAR,False,1,18
12988,2026-08-04,SEC_BRC_MMCT,250.0,262.0,89.8,0,12,0.345,CLEAR,False,1,20
12910,2026-08-04,SEC_NDLS_MTJ,95.0,142.6,59.3,4,52,0.332,STORM,True,1,21
12910,2026-08-04,SEC_MTJ_BTE,25.0,31.7,64.4,4,11,0.644,CLEAR,False,1,23
12910,2026-08-04,SEC_BTE_GGC,75.0,128.1,55.7,4,57,0.442,STORM,True,1,1
12910,2026-08-04,SEC_GGC_SWM,42.0,89.2,43.0,4,51,0.145,STORM,True,1,3
12910,2026-08-04,SEC_SWM_KOTA,65.0,122.9,52.7,4,62,0.639,STORM,True,1,5
12910,2026-08-04,SEC_KOTA_RATL,170.0,204.1,78.2,4,38,0.402,CLEAR,True,1,7
12910,2026-08-04,SEC_RATL_BRC,165.0,184.3,85.0,4,23,0.387,STORM,True,1,9
12910,2026-08-04,SEC_BRC_MMCT,250.0,277.8,84.7,4,32,0.143,STORM,True,1,11
12952,2026-08-05,SEC_NDLS_MTJ,95.0,109.4,77.3,0,14,0.116,FOG,False,2,16
12952,2026-08-05,SEC_MTJ_BTE,25.0,32.2,63.4,0,7,0.587,RAIN,False,2,18
12952,2026-08-05,SEC_BTE_GGC,75.0,90.8,78.6,0,16,0.52,FOG,False,2,20
12952,2026-08-05,SEC_GGC_SWM,42.0,42.7,89.9,0,1,0.105,CLEAR,False,2,22
12952,2026-08-05,SEC_SWM_KOTA,65.0,110.7,58.5,0,46,0.695,STORM,True,2,0
12952,2026-08-05,SEC_KOTA_RATL,170.0,171.5,93.1,0,2,0.587,CLEAR,False,2,2
12952,2026-08-05,SEC_RATL_BRC,165.0,180.7,86.7,0,16,0.483,RAIN,False,2,4
12952,2026-08-05,SEC_BRC_MMCT,250.0,310.1,75.8,0,60,0.47,STORM,True,2,6
12413,2026-08-05,SEC_NDLS_MTJ,95.0,107.5,78.7,3,15,0.482,RAIN,False,2,7
12413,2026-08-05,SEC_MTJ_BTE,25.0,25.2,81.0,3,3,0.267,CLEAR,False,2,9
12413,2026-08-05,SEC_BTE_GGC,75.0,95.1,75.1,3,23,0.393,FOG,False,2,11
12413,2026-08-05,SEC_GGC_SWM,42.0,55.6,69.1,3,17,0.411,RAIN,False,2,13
12413,2026-08-05,SEC_SWM_KOTA,65.0,72.7,89.1,3,11,0.685,RAIN,False,2,15
12413,2026-08-05,SEC_KOTA_RATL,170.0,164.2,97.2,3,3,0.456,RAIN,False,2,17
12413,2026-08-05,SEC_RATL_BRC,165.0,158.8,98.6,3,3,0.46,FOG,False,2,19
12413,2026-08-05,SEC_BRC_MMCT,250.0,296.5,79.3,3,49,0.475,STORM,True,2,21
19020,2026-08-05,SEC_NDLS_MTJ,95.0,100.4,84.3,8,13,0.563,CLEAR,False,2,23
19020,2026-08-05,SEC_MTJ_BTE,25.0,40.2,50.7,8,23,0.625,FOG,False,2,1
19020,2026-08-05,SEC_BTE_GGC,75.0,81.2,87.9,8,14,0.33,RAIN,False,2,3
19020,2026-08-05,SEC_GGC_SWM,42.0,65.1,59.0,8,31,0.392,FOG,True,2,5
19020,2026-08-05,SEC_SWM_KOTA,65.0,69.0,93.9,8,12,0.199,CLEAR,False,2,7
19020,2026-08-05,SEC_KOTA_RATL,170.0,178.4,89.5,8,16,0.307,CLEAR,False,2,9
19020,2026-08-05,SEC_RATL_BRC,165.0,169.2,92.6,8,12,0.293,RAIN,False,2,11
19020,2026-08-05,SEC_BRC_MMCT,250.0,272.6,86.3,8,31,0.667,FOG,False,2,13
12988,2026-08-05,SEC_NDLS_MTJ,95.0,151.8,55.7,3,60,0.656,STORM,True,2,6
12988,2026-08-05,SEC_MTJ_BTE,25.0,52.9,38.6,3,31,0.579,STORM,True,2,8
12988,2026-08-05,SEC_BTE_GGC,75.0,76.7,93.1,3,5,0.663,CLEAR,False,2,10
12988,2026-08-05,SEC_GGC_SWM,42.0,39.9,96.2,3,3,0.395,CLEAR,False,2,12
12988,2026-08-05,SEC_SWM_KOTA,65.0,83.5,77.6,3,21,0.481,FOG,False,2,14
12988,2026-08-05,SEC_KOTA_RATL,170.0,178.6,89.4,3,12,0.475,CLEAR,False,2,16
12988,2026-08-05,SEC_RATL_BRC,165.0,175.2,89.4,3,13,0.185,RAIN,False,2,18
12988,2026-08-05,SEC_BRC_MMCT,250.0,237.5,99.0,3,3,0.154,RAIN,False,2,20
12910,2026-08-05,SEC_NDLS_MTJ,95.0,115.8,73.1,2,23,0.292,FOG,False,2,21
12910,2026-08-05,SEC_MTJ_BTE,25.0,26.7,76.4,2,4,0.465,CLEAR,False,2,23
12910,2026-08-05,SEC_BTE_GGC,75.0,84.9,84.1,2,12,0.142,RAIN,False,2,1
12910,2026-08-05,SEC_GGC_SWM,42.0,65.0,59.1,2,25,0.574,CLEAR,True,2,3
12910,2026-08-05,SEC_SWM_KOTA,65.0,79.0,82.0,2,16,0.213,FOG,False,2,5
12910,2026-08-05,SEC_KOTA_RATL,170.0,178.0,89.7,2,10,0.515,CLEAR,False,2,7
12910,2026-08-05,SEC_RATL_BRC,165.0,169.6,92.3,2,7,0.583,CLEAR,False,2,9
12910,2026-08-05,SEC_BRC_MMCT,250.0,286.5,82.1,2,38,0.239,STORM,True,2,11
12952,2026-08-06,SEC_NDLS_MTJ,95.0,90.2,93.8,0,0,0.583,CLEAR,False,3,16
12952,2026-08-06,SEC_MTJ_BTE,25.0,26.5,77.0,0,2,0.646,CLEAR,False,3,18
12952,2026-08-06,SEC_BTE_GGC,75.0,71.2,100.3,0,0,0.244,CLEAR,False,3,20
12952,2026-08-06,SEC_GGC_SWM,42.0,54.8,70.1,0,13,0.612,FOG,False,3,22
12952,2026-08-06,SEC_SWM_KOTA,65.0,67.6,95.9,0,3,0.298,CLEAR,False,3,0
12952,2026-08-06,SEC_KOTA_RATL,170.0,206.6,77.3,0,37,0.25,STORM,True,3,2
12952,2026-08-06,SEC_RATL_BRC,165.0,162.3,96.5,0,0,0.223,CLEAR,False,3,4
12952,2026-08-06,SEC_BRC_MMCT,250.0,258.3,91.1,0,8,0.25,CLEAR,False,3,6
12413,2026-08-06,SEC_NDLS_MTJ,95.0,117.5,72.0,5,27,0.69,STORM,True,3,7
12413,2026-08-06,SEC_MTJ_BTE,25.0,46.2,44.2,5,26,0.359,FOG,False,3,9
12413,2026-08-06,SEC_BTE_GGC,75.0,84.2,84.8,5,14,0.292,CLEAR,False,3,11
12413,2026-08-06,SEC_GGC_SWM,42.0,44.0,87.3,5,7,0.662,CLEAR,False,3,13
12413,2026-08-06,SEC_SWM_KOTA,65.0,70.8,91.5,5,11,0.253,CLEAR,False,3,15
12413,2026-08-06,SEC_KOTA_RATL,170.0,182.0,87.7,5,17,0.132,CLEAR,False,3,17
12413,2026-08-06,SEC_RATL_BRC,165.0,167.7,93.4,5,8,0.12,CLEAR,False,3,19
12413,2026-08-06,SEC_BRC_MMCT,250.0,287.4,81.8,5,42,0.196,FOG,False,3,21
19020,2026-08-06,SEC_NDLS_MTJ,95.0,111.6,75.8,8,25,0.455,RAIN,False,3,23
19020,2026-08-06,SEC_MTJ_BTE,25.0,25.8,79.1,8,9,0.535,CLEAR,False,3,1
19020,2026-08-06,SEC_BTE_GGC,75.0,71.2,100.3,8,8,0.602,RAIN,False,3,3
19020,2026-08-06,SEC_GGC_SWM,42.0,53.2,72.2,8,19,0.451,CLEAR,False,3,5
19020,2026-08-06,SEC_SWM_KOTA,65.0,75.0,86.4,8,18,0.687,CLEAR,False,3,7
19020,2026-08-06,SEC_KOTA_RATL,170.0,174.7,91.4,8,13,0.572,FOG,False,3,9
19020,2026-08-06,SEC_RATL_BRC,165.0,227.1,69.0,8,70,0.308,STORM,True,3,11
19020,2026-08-06,SEC_BRC_MMCT,250.0,306.1,76.8,8,64,0.552,STORM,True,3,13
12988,2026-08-06,SEC_NDLS_MTJ,95.0,127.1,66.6,0,32,0.177,STORM,True,3,6
12988,2026-08-06,SEC_MTJ_BTE,25.0,73.1,27.9,0,48,0.119,STORM,True,3,8
12988,2026-08-06,SEC_BTE_GGC,75.0,112.6,63.4,0,38,0.249,STORM,True,3,10
12988,2026-08-06,SEC_GGC_SWM,42.0,94.2,40.8,0,52,0.547,STORM,True,3,12
12988,2026-08-06,SEC_SWM_KOTA,65.0,79.9,81.1,0,15,0.489,FOG,False,3,14
12988,2026-08-06,SEC_KOTA_RATL,170.0,161.8,98.6,0,0,0.394,RAIN,False,3,16
12988,2026-08-06,SEC_RATL_BRC,165.0,175.1,89.4,0,10,0.354,CLEAR,False,3,18
12988,2026-08-06,SEC_BRC_MMCT,250.0,240.2,97.9,0,0,0.319,CLEAR,False,3,20
12910,2026-08-06,SEC_NDLS_MTJ,95.0,117.1,72.2,6,28,0.635,RAIN,False,3,21
12910,2026-08-06,SEC_MTJ_BTE,25.0,44.7,45.6,6,26,0.305,FOG,False,3,23
12910,2026-08-06,SEC_BTE_GGC,75.0,77.1,92.6,6,8,0.143,CLEAR,False,3,1
12910,2026-08-06,SEC_GGC_SWM,42.0,47.3,81.2,6,11,0.406,CLEAR,False,3,3
12910,2026-08-06,SEC_SWM_KOTA,65.0,63.4,102.2,6,6,0.187,CLEAR,False,3,5
12910,2026-08-06,SEC_KOTA_RATL,170.0,198.7,80.3,6,35,0.626,STORM,True,3,7
12910,2026-08-06,SEC_RATL_BRC,165.0,173.9,90.1,6,15,0.694,RAIN,False,3,9
12910,2026-08-06,SEC_BRC_MMCT,250.0,254.0,92.6,6,10,0.256,FOG,False,3,11
12952,2026-08-07,SEC_NDLS_MTJ,95.0,94.2,89.8,0,0,0.588,CLEAR,False,4,16
12952,2026-08-07,SEC_MTJ_BTE,25.0,38.4,53.1,0,13,0.452,FOG,False,4,18
12952,2026-08-07,SEC_BTE_GGC,75.0,82.9,86.1,0,8,0.552,CLEAR,False,4,20
12952,2026-08-07,SEC_GGC_SWM,42.0,80.6,47.6,0,39,0.11,STORM,True,4,22
12952,2026-08-07,SEC_SWM_KOTA,65.0,79.5,81.5,0,14,0.204,FOG,False,4,0
12952,2026-08-07,SEC_KOTA_RATL,170.0,186.5,85.6,0,16,0.335,FOG,False,4,2
12952,2026-08-07,SEC_RATL_BRC,165.0,164.6,95.1,0,0,0.101,CLEAR,False,4,4
12952,2026-08-07,SEC_BRC_MMCT,250.0,251.7,93.4,0,2,0.111,CLEAR,False,4,6
12413,2026-08-07,SEC_NDLS_MTJ,95.0,98.3,86.1,5,8,0.517,FOG,False,4,7
12413,2026-08-07,SEC_MTJ_BTE,25.0,28.1,72.6,5,8,0.149,CLEAR,False,4,9
12413,2026-08-07,SEC_BTE_GGC,75.0,74.2,96.2,5,5,0.424,CLEAR,False,4,11
12413,2026-08-07,SEC_GGC_SWM,42.0,43.4,88.5,5,6,0.348,RAIN,False,4,13
12413,2026-08-07,SEC_SWM_KOTA,65.0,109.5,59.2,5,49,0.681,STORM,True,4,15
12413,2026-08-07,SEC_KOTA_RATL,170.0,178.3,89.5,5,13,0.118,FOG,False,4,17
12413,2026-08-07,SEC_RATL_BRC,165.0,182.0,86.0,5,22,0.491,FOG,False,4,19
12413,2026-08-07,SEC_BRC_MMCT,250.0,259.3,90.7,5,14,0.296,FOG,False,4,21
19020,2026-08-07,SEC_NDLS_MTJ,95.0,113.5,74.5,10,28,0.53,FOG,False,4,23
19020,2026-08-07,SEC_MTJ_BTE,25.0,25.1,81.3,10,10,0.48,CLEAR,False,4,1
19020,2026-08-07,SEC_BTE_GGC,75.0,83.6,85.4,10,19,0.544,CLEAR,False,4,3
19020,2026-08-07,SEC_GGC_SWM,42.0,47.5,80.8,10,16,0.305,CLEAR,False,4,5
19020,2026-08-07,SEC_SWM_KOTA,65.0,62.2,104.2,10,10,0.401,CLEAR,False,4,7
19020,2026-08-07,SEC_KOTA_RATL,170.0,169.9,93.9,10,10,0.61,CLEAR,False,4,9
19020,2026-08-07,SEC_RATL_BRC,165.0,169.9,92.2,10,15,0.58,RAIN,False,4,11
19020,2026-08-07,SEC_BRC_MMCT,250.0,282.7,83.2,10,43,0.144,STORM,True,4,13
12988,2026-08-07,SEC_NDLS_MTJ,95.0,91.4,92.6,4,4,0.536,CLEAR,False,4,6
12988,2026-08-07,SEC_MTJ_BTE,25.0,27.8,73.4,4,7,0.522,CLEAR,False,4,8
12988,2026-08-07,SEC_BTE_GGC,75.0,121.2,58.9,4,50,0.297,STORM,True,4,10
12988,2026-08-07,SEC_GGC_SWM,42.0,50.4,76.2,4,12,0.258,CLEAR,False,4,12
12988,2026-08-07,SEC_SWM_KOTA,65.0,61.8,104.9,4,4,0.292,CLEAR,False,4,14
12988,2026-08-07,SEC_KOTA_RATL,170.0,173.5,92.0,4,8,0.422,CLEAR,False,4,16
12988,2026-08-07,SEC_RATL_BRC,165.0,218.6,71.6,4,58,0.674,STORM,True,4,18
12988,2026-08-07,SEC_BRC_MMCT,250.0,247.8,94.9,4,4,0.409,FOG,False,4,20
12910,2026-08-07,SEC_NDLS_MTJ,95.0,98.6,85.8,10,14,0.554,CLEAR,False,4,21
12910,2026-08-07,SEC_MTJ_BTE,25.0,25.0,81.6,10,10,0.376,CLEAR,False,4,23
12910,2026-08-07,SEC_BTE_GGC,75.0,116.4,61.3,10,51,0.238,STORM,True,4,1
12910,2026-08-07,SEC_GGC_SWM,42.0,70.5,54.5,10,38,0.615,CLEAR,True,4,3
12910,2026-08-07,SEC_SWM_KOTA,65.0,66.5,97.4,10,12,0.195,CLEAR,False,4,5
12910,2026-08-07,SEC_KOTA_RATL,170.0,161.5,98.8,10,10,0.667,CLEAR,False,4,7
12910,2026-08-07,SEC_RATL_BRC,165.0,161.7,96.8,10,10,0.692,CLEAR,False,4,9
12910,2026-08-07,SEC_BRC_MMCT,250.0,300.6,78.2,10,61,0.102,STORM,True,4,11
12952,2026-08-08,SEC_NDLS_MTJ,95.0,100.7,84.0,0,6,0.483,RAIN,False,5,16
12952,2026-08-08,SEC_MTJ_BTE,25.0,27.1,75.3,0,2,0.105,CLEAR,False,5,18
12952,2026-08-08,SEC_BTE_GGC,75.0,77.7,91.9,0,3,0.623,FOG,False,5,20
12952,2026-08-08,SEC_GGC_SWM,42.0,48.2,79.7,0,6,0.2,RAIN,False,5,22
12952,2026-08-08,SEC_SWM_KOTA,65.0,61.8,104.9,0,0,0.741,CLEAR,False,5,0
12952,2026-08-08,SEC_KOTA_RATL,170.0,187.3,85.2,0,17,0.649,RAIN,False,5,2
12952,2026-08-08,SEC_RATL_BRC,165.0,171.7,91.2,0,7,0.409,CLEAR,False,5,4
12952,2026-08-08,SEC_BRC_MMCT,250.0,237.5,99.0,0,0,0.637,CLEAR,False,5,6
12413,2026-08-08,SEC_NDLS_MTJ,95.0,91.2,92.8,4,4,0.306,RAIN,False,5,7
12413,2026-08-08,SEC_MTJ_BTE,25.0,28.5,71.6,4,8,0.703,CLEAR,False,5,9
12413,2026-08-08,SEC_BTE_GGC,75.0,86.8,82.3,4,16,0.184,RAIN,False,5,11
12413,2026-08-08,SEC_GGC_SWM,42.0,45.3,84.8,4,7,0.261,CLEAR,False,5,13
12413,2026-08-08,SEC_SWM_KOTA,65.0,69.5,93.2,4,8,0.624,RAIN,False,5,15
12413,2026-08-08,SEC_KOTA_RATL,170.0,206.0,77.5,4,40,0.133,STORM,True,5,17
12413,2026-08-08,SEC_RATL_BRC,165.0,172.5,90.8,4,12,0.562,CLEAR,False,5,19
12413,2026-08-08,SEC_BRC_MMCT,250.0,259.5,90.6,4,14,0.647,RAIN,False,5,21
19020,2026-08-08,SEC_NDLS_MTJ,95.0,114.8,73.7,10,30,0.89,FOG,False,5,23
19020,2026-08-08,SEC_MTJ_BTE,25.0,88.8,23.0,10,74,0.519,STORM,True,5,1
19020,2026-08-08,SEC_BTE_GGC,75.0,85.7,83.3,10,21,0.27,CLEAR,True,5,3
19020,2026-08-08,SEC_GGC_SWM,42.0,73.6,52.2,10,42,0.256,STORM,True,5,5
19020,2026-08-08,SEC_SWM_KOTA,65.0,79.7,81.3,10,25,0.607,RAIN,False,5,7
19020,2026-08-08,SEC_KOTA_RATL,170.0,161.5,98.8,10,10,0.802,CLEAR,False,5,9
19020,2026-08-08,SEC_RATL_BRC,165.0,169.5,92.4,10,14,0.194,CLEAR,False,5,11
19020,2026-08-08,SEC_BRC_MMCT,250.0,279.2,84.2,10,39,0.459,CLEAR,False,5,13
12988,2026-08-08,SEC_NDLS_MTJ,95.0,131.2,64.5,5,41,0.547,STORM,True,5,6
12988,2026-08-08,SEC_MTJ_BTE,25.0,29.4,69.4,5,9,0.45,FOG,False,5,8
12988,2026-08-08,SEC_BTE_GGC,75.0,77.5,92.1,5,7,0.769,CLEAR,False,5,10
12988,2026-08-08,SEC_GGC_SWM,42.0,95.9,40.0,5,59,0.236,STORM,True,5,12
12988,2026-08-08,SEC_SWM_KOTA,65.0,68.3,94.9,5,8,0.472,CLEAR,False,5,14
12988,2026-08-08,SEC_KOTA_RATL,170.0,215.4,74.1,5,50,0.391,STORM,True,5,16
12988,2026-08-08,SEC_RATL_BRC,165.0,175.3,89.3,5,15,0.675,CLEAR,False,5,18
12988,2026-08-08,SEC_BRC_MMCT,250.0,249.4,94.3,5,5,0.435,CLEAR,False,5,20
12910,2026-08-08,SEC_NDLS_MTJ,95.0,109.4,77.3,10,24,0.392,CLEAR,False,5,21
12910,2026-08-08,SEC_MTJ_BTE,25.0,31.4,65.0,10,16,0.535,CLEAR,False,5,23
12910,2026-08-08,SEC_BTE_GGC,75.0,146.3,48.8,10,81,0.436,STORM,True,5,1
12910,2026-08-08,SEC_GGC_SWM,42.0,45.0,85.3,10,13,0.536,CLEAR,False,5,3
12910,2026-08-08,SEC_SWM_KOTA,65.0,74.3,87.2,10,19,0.447,RAIN,False,5,5
12910,2026-08-08,SEC_KOTA_RATL,170.0,166.1,96.1,10,10,0.339,CLEAR,False,5,7
12910,2026-08-08,SEC_RATL_BRC,165.0,162.7,96.3,10,10,0.722,CLEAR,False,5,9
12910,2026-08-08,SEC_BRC_MMCT,250.0,247.5,95.0,10,10,0.371,CLEAR,False,5,11
12952,2026-08-09,SEC_NDLS_MTJ,95.0,97.0,87.2,0,2,0.61,RAIN,False,6,16
12952,2026-08-09,SEC_MTJ_BTE,25.0,26.7,76.4,0,2,0.691,CLEAR,False,6,18
12952,2026-08-09,SEC_BTE_GGC,75.0,123.1,58.0,0,48,0.52,STORM,True,6,20
12952,2026-08-09,SEC_GGC_SWM,42.0,48.2,79.7,0,6,0.301,FOG,False,6,22
12952,2026-08-09,SEC_SWM_KOTA,65.0,63.2,102.5,0,0,0.12,CLEAR,False,6,0
12952,2026-08-09,SEC_KOTA_RATL,170.0,221.9,71.9,0,52,0.248,STORM,True,6,2
12952,2026-08-09,SEC_RATL_BRC,165.0,180.8,86.6,0,16,0.679,RAIN,False,6,4
12952,2026-08-09,SEC_BRC_MMCT,250.0,305.9,76.9,0,56,0.278,STORM,True,6,6
12413,2026-08-09,SEC_NDLS_MTJ,95.0,96.9,87.3,3,5,0.648,CLEAR,False,6,7
12413,2026-08-09,SEC_MTJ_BTE,25.0,30.4,67.1,3,8,0.531,CLEAR,False,6,9
12413,2026-08-09,SEC_BTE_GGC,75.0,80.6,88.6,3,9,0.713,CLEAR,False,6,11
12413,2026-08-09,SEC_GGC_SWM,42.0,44.1,87.1,3,5,0.445,CLEAR,False,6,13
12413,2026-08-09,SEC_SWM_KOTA,65.0,68.8,94.2,3,7,0.457,CLEAR,False,6,15
12413,2026-08-09,SEC_KOTA_RATL,170.0,164.5,97.0,3,3,0.449,RAIN,False,6,17
12413,2026-08-09,SEC_RATL_BRC,165.0,172.3,90.9,3,10,0.434,CLEAR,False,6,19
12413,2026-08-09,SEC_BRC_MMCT,250.0,240.2,97.9,3,3,0.409,CLEAR,False,6,21
19020,2026-08-09,SEC_NDLS_MTJ,95.0,103.3,81.9,8,16,0.561,CLEAR,False,6,23
19020,2026-08-09,SEC_MTJ_BTE,25.0,27.7,73.6,8,11,0.846,CLEAR,False,6,1
19020,2026-08-09,SEC_BTE_GGC,75.0,79.3,90.0,8,12,0.782,CLEAR,False,6,3
19020,2026-08-09,SEC_GGC_SWM,42.0,43.6,88.1,8,10,0.111,CLEAR,False,6,5
19020,2026-08-09,SEC_SWM_KOTA,65.0,75.5,85.8,8,18,0.76,RAIN,False,6,7
19020,2026-08-09,SEC_KOTA_RATL,170.0,209.9,76.0,8,48,0.292,FOG,False,6,9
19020,2026-08-09,SEC_RATL_BRC,165.0,215.5,72.7,8,58,0.128,STORM,True,6,11
19020,2026-08-09,SEC_BRC_MMCT,250.0,259.7,90.6,8,18,0.701,FOG,False,6,13
12988,2026-08-09,SEC_NDLS_MTJ,95.0,90.5,93.5,2,2,0.102,CLEAR,False,6,6
12988,2026-08-09,SEC_MTJ_BTE,25.0,24.2,84.3,2,2,0.382,CLEAR,False,6,8
12988,2026-08-09,SEC_BTE_GGC,75.0,71.2,100.3,2,2,0.164,CLEAR,False,6,10
12988,2026-08-09,SEC_GGC_SWM,42.0,49.6,77.4,2,10,0.412,CLEAR,False,6,12
12988,2026-08-09,SEC_SWM_KOTA,65.0,63.7,101.7,2,2,0.59,CLEAR,False,6,14
12988,2026-08-09,SEC_KOTA_RATL,170.0,190.6,83.7,2,23,0.207,FOG,False,6,16
12988,2026-08-09,SEC_RATL_BRC,165.0,177.8,88.1,2,15,0.537,FOG,False,6,18
12988,2026-08-09,SEC_BRC_MMCT,250.0,288.5,81.5,2,40,0.145,CLEAR,False,6,20
12910,2026-08-09,SEC_NDLS_MTJ,95.0,100.3,84.3,2,7,0.377,RAIN,False,6,21
12910,2026-08-09,SEC_MTJ_BTE,25.0,24.7,82.6,2,2,0.705,CLEAR,False,6,23
12910,2026-08-09,SEC_BTE_GGC,75.0,121.3,58.9,2,48,0.627,STORM,True,6,1
12910,2026-08-09,SEC_GGC_SWM,42.0,56.8,67.6,2,17,0.844,RAIN,False,6,3
12910,2026-08-09,SEC_SWM_KOTA,65.0,66.8,97.0,2,4,0.56,CLEAR,False,6,5
12910,2026-08-09,SEC_KOTA_RATL,170.0,183.6,86.9,2,16,0.334,RAIN,False,6,7
12910,2026-08-09,SEC_RATL_BRC,165.0,159.9,97.9,2,2,0.637,CLEAR,False,6,9
12910,2026-08-09,SEC_BRC_MMCT,250.0,281.4,83.6,2,33,0.383,STORM,True,6,11
12952,2026-08-10,SEC_NDLS_MTJ,95.0,124.1,68.2,0,29,0.2,FOG,False,0,16
12952,2026-08-10,SEC_MTJ_BTE,25.0,63.0,32.4,0,38,0.182,STORM,True,0,18
12952,2026-08-10,SEC_BTE_GGC,75.0,73.8,96.7,0,0,0.591,CLEAR,False,0,20
12952,2026-08-10,SEC_GGC_SWM,42.0,48.2,79.7,0,6,0.191,RAIN,False,0,22
12952,2026-08-10,SEC_SWM_KOTA,65.0,77.2,83.9,0,12,0.555,CLEAR,False,0,0
12952,2026-08-10,SEC_KOTA_RATL,170.0,161.5,98.8,0,0,0.458,CLEAR,False,0,2
12952,2026-08-10,SEC_RATL_BRC,165.0,165.4,94.7,0,0,0.111,CLEAR,False,0,4
12952,2026-08-10,SEC_BRC_MMCT,250.0,261.9,89.8,0,12,0.247,RAIN,False,0,6
12413,2026-08-10,SEC_NDLS_MTJ,95.0,95.3,88.8,0,0,0.552,CLEAR,False,0,7
12413,2026-08-10,SEC_MTJ_BTE,25.0,29.0,70.3,0,4,0.171,CLEAR,False,0,9
12413,2026-08-10,SEC_BTE_GGC,75.0,75.3,94.8,0,0,0.131,CLEAR,False,0,11
12413,2026-08-10,SEC_GGC_SWM,42.0,45.7,84.0,0,4,0.391,CLEAR,False,0,13
12413,2026-08-10,SEC_SWM_KOTA,65.0,113.3,57.2,0,48,0.254,STORM,True,0,15
12413,2026-08-10,SEC_KOTA_RATL,170.0,234.0,68.2,0,64,0.66,STORM,True,0,17
12413,2026-08-10,SEC_RATL_BRC,165.0,187.9,83.3,0,23,0.103,FOG,False,0,19
12413,2026-08-10,SEC_BRC_MMCT,250.0,274.0,85.8,0,24,0.189,FOG,False,0,21
19020,2026-08-10,SEC_NDLS_MTJ,95.0,98.9,85.5,8,12,0.484,RAIN,False,0,23
19020,2026-08-10,SEC_MTJ_BTE,25.0,40.3,50.6,8,23,0.23,CLEAR,True,0,1
19020,2026-08-10,SEC_BTE_GGC,75.0,88.4,80.8,8,21,0.297,RAIN,False,0,3
19020,2026-08-10,SEC_GGC_SWM,42.0,49.7,77.3,8,16,0.23,RAIN,False,0,5
19020,2026-08-10,SEC_SWM_KOTA,65.0,72.3,89.6,8,15,0.289,RAIN,False,0,7
19020,2026-08-10,SEC_KOTA_RATL,170.0,188.0,84.9,8,26,0.598,CLEAR,False,0,9
19020,2026-08-10,SEC_RATL_BRC,165.0,175.2,89.4,8,18,0.474,CLEAR,False,0,11
19020,2026-08-10,SEC_BRC_MMCT,250.0,271.3,86.7,8,29,0.492,FOG,False,0,13
12988,2026-08-10,SEC_NDLS_MTJ,95.0,106.6,79.4,4,16,0.274,FOG,False,0,6
12988,2026-08-10,SEC_MTJ_BTE,25.0,71.7,28.5,4,51,0.283,STORM,True,0,8
12988,2026-08-10,SEC_BTE_GGC,75.0,116.7,61.2,4,46,0.37,STORM,True,0,10
12988,2026-08-10,SEC_GGC_SWM,42.0,50.0,76.8,4,12,0.286,RAIN,False,0,12
12988,2026-08-10,SEC_SWM_KOTA,65.0,73.4,88.3,4,12,0.37,RAIN,False,0,14
12988,2026-08-10,SEC_KOTA_RATL,170.0,188.7,84.6,4,23,0.382,CLEAR,True,0,16
12988,2026-08-10,SEC_RATL_BRC,165.0,166.0,94.3,4,5,0.411,CLEAR,False,0,18
12988,2026-08-10,SEC_BRC_MMCT,250.0,240.3,97.9,4,4,0.483,CLEAR,False,0,20
12910,2026-08-10,SEC_NDLS_MTJ,95.0,99.4,85.1,2,6,0.402,CLEAR,False,0,21
12910,2026-08-10,SEC_MTJ_BTE,25.0,29.1,70.1,2,6,0.332,RAIN,False,0,23
12910,2026-08-10,SEC_BTE_GGC,75.0,75.2,94.9,2,2,0.171,CLEAR,False,0,1
12910,2026-08-10,SEC_GGC_SWM,42.0,56.8,67.6,2,17,0.166,FOG,False,0,3
12910,2026-08-10,SEC_SWM_KOTA,65.0,75.2,86.2,2,12,0.14,CLEAR,False,0,5
12910,2026-08-10,SEC_KOTA_RATL,170.0,181.1,88.1,2,13,0.609,RAIN,False,0,7
12910,2026-08-10,SEC_RATL_BRC,165.0,166.1,94.3,2,3,0.449,RAIN,False,0,9
12910,2026-08-10,SEC_BRC_MMCT,250.0,243.0,96.8,2,2,0.436,CLEAR,False,0,11
12952,2026-08-11,SEC_NDLS_MTJ,95.0,90.2,93.8,0,0,0.267,CLEAR,False,1,16
12952,2026-08-11,SEC_MTJ_BTE,25.0,54.5,37.4,0,30,0.593,FOG,True,1,18
12952,2026-08-11,SEC_BTE_GGC,75.0,83.3,85.7,0,8,0.283,CLEAR,False,1,20
12952,2026-08-11,SEC_GGC_SWM,42.0,42.2,91.0,0,0,0.565,CLEAR,False,1,22
12952,2026-08-11,SEC_SWM_KOTA,65.0,61.8,104.9,0,0,0.695,CLEAR,False,1,0
12952,2026-08-11,SEC_KOTA_RATL,170.0,175.5,90.9,0,6,0.298,RAIN,False,1,2
12952,2026-08-11,SEC_RATL_BRC,165.0,222.2,70.5,0,57,0.26,STORM,True,1,4
12952,2026-08-11,SEC_BRC_MMCT,250.0,249.3,94.3,0,0,0.485,CLEAR,False,1,6
12413,2026-08-11,SEC_NDLS_MTJ,95.0,147.8,57.2,3,56,0.594,STORM,True,1,7
12413,2026-08-11,SEC_MTJ_BTE,25.0,33.9,60.2,3,12,0.664,RAIN,False,1,9
12413,2026-08-11,SEC_BTE_GGC,75.0,71.2,100.3,3,3,0.604,CLEAR,False,1,11
12413,2026-08-11,SEC_GGC_SWM,42.0,58.3,65.9,3,19,0.358,RAIN,False,1,13
12413,2026-08-11,SEC_SWM_KOTA,65.0,61.8,104.9,3,3,0.101,CLEAR,False,1,15
12413,2026-08-11,SEC_KOTA_RATL,170.0,163.5,97.6,3,3,0.672,CLEAR,False,1,17
12413,2026-08-11,SEC_RATL_BRC,165.0,156.8,99.9,3,3,0.338,CLEAR,False,1,19
12413,2026-08-11,SEC_BRC_MMCT,250.0,251.8,93.4,3,5,0.445,CLEAR,False,1,21
19020,2026-08-11,SEC_NDLS_MTJ,95.0,90.2,93.8,6,6,0.295,CLEAR,False,1,23
19020,2026-08-11,SEC_MTJ_BTE,25.0,36.0,56.7,6,17,0.65,RAIN,False,1,1
19020,2026-08-11,SEC_BTE_GGC,75.0,75.6,94.4,6,7,0.532,CLEAR,False,1,3
19020,2026-08-11,SEC_GGC_SWM,42.0,44.1,87.1,6,8,0.287,CLEAR,False,1,5
19020,2026-08-11,SEC_SWM_KOTA,65.0,64.9,99.8,6,6,0.291,CLEAR,False,1,7
19020,2026-08-11,SEC_KOTA_RATL,170.0,182.0,87.7,6,18,0.38,CLEAR,False,1,9
19020,2026-08-11,SEC_RATL_BRC,165.0,207.9,75.3,6,49,0.222,STORM,True,1,11
19020,2026-08-11,SEC_BRC_MMCT,250.0,285.8,82.3,6,42,0.588,STORM,True,1,13
12988,2026-08-11,SEC_NDLS_MTJ,95.0,98.2,86.2,3,6,0.181,CLEAR,False,1,6
12988,2026-08-11,SEC_MTJ_BTE,25.0,37.4,54.5,3,15,0.294,FOG,False,1,8
12988,2026-08-11,SEC_BTE_GGC,75.0,72.0,99.2,3,3,0.476,CLEAR,False,1,10
12988,2026-08-11,SEC_GGC_SWM,42.0,39.9,96.2,3,3,0.667,CLEAR,False,1,12
12988,2026-08-11,SEC_SWM_KOTA,65.0,72.1,89.9,3,10,0.319,RAIN,False,1,14
12988,2026-08-11,SEC_KOTA_RATL,170.0,166.0,96.1,3,3,0.234,CLEAR,False,1,16
12988,2026-08-11,SEC_RATL_BRC,165.0,195.1,80.3,3,33,0.436,STORM,True,1,18
12988,2026-08-11,SEC_BRC_MMCT,250.0,262.4,89.6,3,15,0.309,CLEAR,False,1,20
12910,2026-08-11,SEC_NDLS_MTJ,95.0,95.1,89.0,2,2,0.122,RAIN,False,1,21
12910,2026-08-11,SEC_MTJ_BTE,25.0,29.6,68.9,2,7,0.504,CLEAR,False,1,23
12910,2026-08-11,SEC_BTE_GGC,75.0,93.0,76.8,2,20,0.204,RAIN,False,1,1
12910,2026-08-11,SEC_GGC_SWM,42.0,59.5,64.5,2,20,0.33,FOG,True,1,3
12910,2026-08-11,SEC_SWM_KOTA,65.0,76.4,84.8,2,13,0.368,RAIN,False,1,5
12910,2026-08-11,SEC_KOTA_RATL,170.0,176.8,90.3,2,9,0.14,RAIN,False,1,7
12910,2026-08-11,SEC_RATL_BRC,165.0,157.8,99.2,2,2,0.301,CLEAR,False,1,9
12910,2026-08-11,SEC_BRC_MMCT,250.0,237.5,99.0,2,2,0.261,CLEAR,False,1,11
12952,2026-08-12,SEC_NDLS_MTJ,95.0,104.9,80.6,0,10,0.52,CLEAR,False,2,16
12952,2026-08-12,SEC_MTJ_BTE,25.0,58.5,34.9,0,34,0.575,STORM,True,2,18
12952,2026-08-12,SEC_BTE_GGC,75.0,74.1,96.4,0,0,0.101,CLEAR,False,2,20
12952,2026-08-12,SEC_GGC_SWM,42.0,55.5,69.2,0,14,0.126,RAIN,False,2,22
12952,2026-08-12,SEC_SWM_KOTA,65.0,71.0,91.3,0,6,0.561,CLEAR,False,2,0
12952,2026-08-12,SEC_KOTA_RATL,170.0,210.1,76.0,0,40,0.629,STORM,True,2,2
12952,2026-08-12,SEC_RATL_BRC,165.0,173.4,90.3,0,8,0.537,RAIN,False,2,4
12952,2026-08-12,SEC_BRC_MMCT,250.0,249.7,94.2,0,0,0.493,CLEAR,False,2,6
12413,2026-08-12,SEC_NDLS_MTJ,95.0,117.6,71.9,0,23,0.527,CLEAR,False,2,7
12413,2026-08-12,SEC_MTJ_BTE,25.0,28.2,72.3,0,3,0.689,CLEAR,False,2,9
12413,2026-08-12,SEC_BTE_GGC,75.0,128.8,55.4,0,54,0.594,STORM,True,2,11
12413,2026-08-12,SEC_GGC_SWM,42.0,46.0,83.5,0,4,0.521,CLEAR,False,2,13
12413,2026-08-12,SEC_SWM_KOTA,65.0,131.1,49.4,0,66,0.145,STORM,True,2,15
12413,2026-08-12,SEC_KOTA_RATL,170.0,161.5,98.8,0,0,0.189,CLEAR,False,2,17
12413,2026-08-12,SEC_RATL_BRC,165.0,156.8,99.9,0,0,0.195,CLEAR,False,2,19
12413,2026-08-12,SEC_BRC_MMCT,250.0,258.0,91.2,0,8,0.514,CLEAR,False,2,21
19020,2026-08-12,SEC_NDLS_MTJ,95.0,114.1,74.1,0,19,0.247,RAIN,False,2,23
19020,2026-08-12,SEC_MTJ_BTE,25.0,31.0,65.8,0,6,0.641,CLEAR,False,2,1
19020,2026-08-12,SEC_BTE_GGC,75.0,78.4,91.1,0,3,0.227,RAIN,False,2,3
19020,2026-08-12,SEC_GGC_SWM,42.0,53.5,71.8,0,12,0.552,RAIN,False,2,5
19020,2026-08-12,SEC_SWM_KOTA,65.0,64.2,100.9,0,0,0.187,CLEAR,False,2,7
19020,2026-08-12,SEC_KOTA_RATL,170.0,161.5,98.8,0,0,0.114,CLEAR,False,2,9
19020,2026-08-12,SEC_RATL_BRC,165.0,177.3,88.3,0,12,0.331,RAIN,False,2,11
19020,2026-08-12,SEC_BRC_MMCT,250.0,258.7,90.9,0,9,0.659,CLEAR,False,2,13
12988,2026-08-12,SEC_NDLS_MTJ,95.0,110.2,76.8,0,15,0.513,RAIN,False,2,6
12988,2026-08-12,SEC_MTJ_BTE,25.0,25.2,81.0,0,0,0.48,CLEAR,False,2,8
12988,2026-08-12,SEC_BTE_GGC,75.0,84.1,84.9,0,9,0.312,FOG,False,2,10
12988,2026-08-12,SEC_GGC_SWM,42.0,41.5,92.5,0,0,0.218,CLEAR,False,2,12
12988,2026-08-12,SEC_SWM_KOTA,65.0,68.0,95.3,0,3,0.361,CLEAR,False,2,14
12988,2026-08-12,SEC_KOTA_RATL,170.0,177.1,90.1,0,7,0.253,CLEAR,False,2,16
12988,2026-08-12,SEC_RATL_BRC,165.0,156.8,99.9,0,0,0.481,CLEAR,False,2,18
12988,2026-08-12,SEC_BRC_MMCT,250.0,253.5,92.8,0,4,0.111,CLEAR,False,2,20
12910,2026-08-12,SEC_NDLS_MTJ,95.0,113.8,74.3,0,19,0.278,FOG,False,2,21
12910,2026-08-12,SEC_MTJ_BTE,25.0,28.1,72.6,0,3,0.566,CLEAR,False,2,23
12910,2026-08-12,SEC_BTE_GGC,75.0,117.5,60.8,0,42,0.269,STORM,True,2,1
12910,2026-08-12,SEC_GGC_SWM,42.0,53.5,71.8,0,12,0.498,RAIN,False,2,3
12910,2026-08-12,SEC_SWM_KOTA,65.0,61.8,104.9,0,0,0.353,CLEAR,False,2,5
12910,2026-08-12,SEC_KOTA_RATL,170.0,172.4,92.6,0,2,0.159,CLEAR,False,2,7
12910,2026-08-12,SEC_RATL_BRC,165.0,156.8,99.9,0,0,0.248,CLEAR,False,2,9
12910,2026-08-12,SEC_BRC_MMCT,250.0,270.0,87.1,0,20,0.385,FOG,False,2,11
12952,2026-08-13,SEC_NDLS_MTJ,95.0,90.2,93.8,0,0,0.295,CLEAR,False,3,16
12952,2026-08-13,SEC_MTJ_BTE,25.0,33.8,60.4,0,9,0.562,FOG,False,3,18
12952,2026-08-13,SEC_BTE_GGC,75.0,71.7,99.6,0,0,0.697,CLEAR,False,3,20
12952,2026-08-13,SEC_GGC_SWM,42.0,39.9,96.2,0,0,0.359,CLEAR,False,3,22
12952,2026-08-13,SEC_SWM_KOTA,65.0,65.6,98.8,0,1,0.338,CLEAR,False,3,0
12952,2026-08-13,SEC_KOTA_RATL,170.0,161.5,98.8,0,0,0.577,CLEAR,False,3,2
12952,2026-08-13,SEC_RATL_BRC,165.0,209.6,74.7,0,45,0.631,STORM,True,3,4
12952,2026-08-13,SEC_BRC_MMCT,250.0,240.1,98.0,0,0,0.446,CLEAR,False,3,6
12413,2026-08-13,SEC_NDLS_MTJ,95.0,98.9,85.5,1,5,0.178,RAIN,False,3,7
12413,2026-08-13,SEC_MTJ_BTE,25.0,37.7,54.1,1,14,0.522,FOG,False,3,9
12413,2026-08-13,SEC_BTE_GGC,75.0,94.3,75.7,1,20,0.415,FOG,False,3,11
12413,2026-08-13,SEC_GGC_SWM,42.0,89.4,43.0,1,48,0.349,STORM,True,3,13
12413,2026-08-13,SEC_SWM_KOTA,65.0,93.5,69.3,1,29,0.274,STORM,True,3,15
12413,2026-08-13,SEC_KOTA_RATL,170.0,161.5,98.8,1,1,0.204,CLEAR,False,3,17
12413,2026-08-13,SEC_RATL_BRC,165.0,156.8,99.9,1,1,0.376,CLEAR,False,3,19
12413,2026-08-13,SEC_BRC_MMCT,250.0,264.1,89.1,1,15,0.598,RAIN,False,3,21
19020,2026-08-13,SEC_NDLS_MTJ,95.0,150.7,56.1,6,62,0.379,STORM,True,3,23
19020,2026-08-13,SEC_MTJ_BTE,25.0,29.3,69.6,6,10,0.487,CLEAR,False,3,1
19020,2026-08-13,SEC_BTE_GGC,75.0,75.6,94.4,6,7,0.345,CLEAR,False,3,3
19020,2026-08-13,SEC_GGC_SWM,42.0,53.9,71.2,6,18,0.252,RAIN,False,3,5
19020,2026-08-13,SEC_SWM_KOTA,65.0,113.1,57.3,6,54,0.339,STORM,True,3,7
19020,2026-08-13,SEC_KOTA_RATL,170.0,218.7,73.0,6,55,0.259,STORM,True,3,9
19020,2026-08-13,SEC_RATL_BRC,165.0,160.7,97.4,6,6,0.39,CLEAR,False,3,11
19020,2026-08-13,SEC_BRC_MMCT,250.0,243.1,96.8,6,6,0.522,FOG,False,3,13
12988,2026-08-13,SEC_NDLS_MTJ,95.0,90.2,93.8,0,0,0.175,CLEAR,False,3,6
12988,2026-08-13,SEC_MTJ_BTE,25.0,27.8,73.4,0,3,0.666,CLEAR,False,3,8
12988,2026-08-13,SEC_BTE_GGC,75.0,120.8,59.1,0,46,0.368,STORM,True,3,10
12988,2026-08-13,SEC_GGC_SWM,42.0,43.5,88.3,0,2,0.389,CLEAR,False,3,12
12988,2026-08-13,SEC_SWM_KOTA,65.0,104.5,62.0,0,40,0.488,STORM,True,3,14
12988,2026-08-13,SEC_KOTA_RATL,170.0,221.6,72.0,0,52,0.209,STORM,True,3,16
12988,2026-08-13,SEC_RATL_BRC,165.0,177.1,88.4,0,12,0.389,RAIN,False,3,18
12988,2026-08-13,SEC_BRC_MMCT,250.0,271.4,86.7,0,21,0.264,FOG,False,3,20
12910,2026-08-13,SEC_NDLS_MTJ,95.0,108.6,77.9,0,14,0.661,FOG,False,3,21
12910,2026-08-13,SEC_MTJ_BTE,25.0,76.9,26.5,0,52,0.13,STORM,True,3,23
12910,2026-08-13,SEC_BTE_GGC,75.0,83.1,85.9,0,8,0.187,RAIN,False,3,1
12910,2026-08-13,SEC_GGC_SWM,42.0,47.4,81.0,0,5,0.385,CLEAR,False,3,3
12910,2026-08-13,SEC_SWM_KOTA,65.0,77.6,83.5,0,13,0.513,FOG,False,3,5
12910,2026-08-13,SEC_KOTA_RATL,170.0,173.3,92.1,0,3,0.679,FOG,False,3,7
12910,2026-08-13,SEC_RATL_BRC,165.0,175.3,89.3,0,10,0.573,RAIN,False,3,9
12910,2026-08-13,SEC_BRC_MMCT,250.0,266.9,88.1,0,17,0.65,CLEAR,False,3,11
12952,2026-08-14,SEC_NDLS_MTJ,95.0,90.2,93.8,0,0,0.138,CLEAR,False,4,16
12952,2026-08-14,SEC_MTJ_BTE,25.0,23.8,85.7,0,0,0.221,CLEAR,False,4,18
12952,2026-08-14,SEC_BTE_GGC,75.0,74.7,95.6,0,0,0.146,CLEAR,False,4,20
12952,2026-08-14,SEC_GGC_SWM,42.0,93.2,41.2,0,51,0.608,STORM,True,4,22
12952,2026-08-14,SEC_SWM_KOTA,65.0,70.5,91.9,0,6,0.318,CLEAR,False,4,0
12952,2026-08-14,SEC_KOTA_RATL,170.0,192.2,83.0,0,22,0.696,STORM,True,4,2
12952,2026-08-14,SEC_RATL_BRC,165.0,208.3,75.2,0,43,0.632,STORM,True,4,4
12952,2026-08-14,SEC_BRC_MMCT,250.0,237.5,99.0,0,0,0.279,CLEAR,False,4,6
12413,2026-08-14,SEC_NDLS_MTJ,95.0,90.2,93.8,0,0,0.652,CLEAR,False,4,7
12413,2026-08-14,SEC_MTJ_BTE,25.0,29.6,68.9,0,5,0.664,CLEAR,False,4,9
12413,2026-08-14,SEC_BTE_GGC,75.0,77.4,92.2,0,2,0.595,CLEAR,False,4,11
12413,2026-08-14,SEC_GGC_SWM,42.0,64.9,59.2,0,23,0.139,FOG,True,4,13
12413,2026-08-14,SEC_SWM_KOTA,65.0,78.7,82.3,0,14,0.516,FOG,False,4,15
12413,2026-08-14,SEC_KOTA_RATL,170.0,161.5,98.8,0,0,0.454,CLEAR,False,4,17
12413,2026-08-14,SEC_RATL_BRC,165.0,205.9,76.1,0,41,0.693,STORM,True,4,19
12413,2026-08-14,SEC_BRC_MMCT,250.0,324.1,72.6,0,74,0.428,STORM,True,4,21
19020,2026-08-14,SEC_NDLS_MTJ,95.0,103.1,82.1,2,10,0.191,CLEAR,False,4,23
19020,2026-08-14,SEC_MTJ_BTE,25.0,29.4,69.4,2,6,0.186,CLEAR,False,4,1
19020,2026-08-14,SEC_BTE_GGC,75.0,78.5,91.0,2,6,0.216,CLEAR,False,4,3
19020,2026-08-14,SEC_GGC_SWM,42.0,48.1,79.8,2,8,0.61,RAIN,False,4,5
19020,2026-08-14,SEC_SWM_KOTA,65.0,71.1,91.1,2,8,0.511,CLEAR,False,4,7
19020,2026-08-14,SEC_KOTA_RATL,170.0,176.6,90.4,2,9,0.536,RAIN,False,4,9
19020,2026-08-14,SEC_RATL_BRC,165.0,194.5,80.5,2,32,0.544,FOG,False,4,11
19020,2026-08-14,SEC_BRC_MMCT,250.0,237.5,99.0,2,2,0.292,CLEAR,False,4,13
12988,2026-08-14,SEC_NDLS_MTJ,95.0,132.9,63.7,4,42,0.594,STORM,True,4,6
12988,2026-08-14,SEC_MTJ_BTE,25.0,40.1,50.9,4,19,0.563,FOG,False,4,8
12988,2026-08-14,SEC_BTE_GGC,75.0,84.4,84.6,4,13,0.277,FOG,False,4,10
12988,2026-08-14,SEC_GGC_SWM,42.0,40.6,94.6,4,4,0.345,CLEAR,False,4,12
12988,2026-08-14,SEC_SWM_KOTA,65.0,62.9,103.0,4,4,0.619,CLEAR,False,4,14
12988,2026-08-14,SEC_KOTA_RATL,170.0,161.8,98.6,4,4,0.231,CLEAR,True,4,16
12988,2026-08-14,SEC_RATL_BRC,165.0,173.2,90.4,4,12,0.678,CLEAR,False,4,18
12988,2026-08-14,SEC_BRC_MMCT,250.0,257.7,91.3,4,12,0.116,CLEAR,False,4,20
12910,2026-08-14,SEC_NDLS_MTJ,95.0,97.3,86.9,2,4,0.313,RAIN,False,4,21
12910,2026-08-14,SEC_MTJ_BTE,25.0,36.1,56.5,2,13,0.661,RAIN,False,4,23
12910,2026-08-14,SEC_BTE_GGC,75.0,74.5,95.8,2,2,0.532,CLEAR,False,4,1
12910,2026-08-14,SEC_GGC_SWM,42.0,54.9,69.9,2,15,0.28,RAIN,False,4,3
12910,2026-08-14,SEC_SWM_KOTA,65.0,98.9,65.5,2,36,0.623,STORM,True,4,5
12910,2026-08-14,SEC_KOTA_RATL,170.0,213.6,74.7,2,46,0.461,STORM,True,4,7
12910,2026-08-14,SEC_RATL_BRC,165.0,158.5,98.8,2,2,0.251,CLEAR,False,4,9
12910,2026-08-14,SEC_BRC_MMCT,250.0,264.9,88.8,2,17,0.373,RAIN,False,4,11
12952,2026-08-15,SEC_NDLS_MTJ,95.0,98.7,85.7,0,4,0.705,CLEAR,False,5,16
12952,2026-08-15,SEC_MTJ_BTE,25.0,23.8,85.7,0,0,0.25,CLEAR,False,5,18
12952,2026-08-15,SEC_BTE_GGC,75.0,73.1,97.7,0,0,0.11,CLEAR,False,5,20
12952,2026-08-15,SEC_GGC_SWM,42.0,47.3,81.2,0,5,0.683,CLEAR,False,5,22
12952,2026-08-15,SEC_SWM_KOTA,65.0,61.8,104.9,0,0,0.201,CLEAR,False,5,0
12952,2026-08-15,SEC_KOTA_RATL,170.0,161.5,98.8,0,0,0.828,CLEAR,False,5,2
12952,2026-08-15,SEC_RATL_BRC,165.0,171.9,91.1,0,7,0.733,CLEAR,False,5,4
12952,2026-08-15,SEC_BRC_MMCT,250.0,251.4,93.6,0,1,0.116,RAIN,False,5,6
12413,2026-08-15,SEC_NDLS_MTJ,95.0,145.0,58.3,5,55,0.196,STORM,True,5,7
12413,2026-08-15,SEC_MTJ_BTE,25.0,36.7,55.6,5,17,0.542,RAIN,False,5,9
12413,2026-08-15,SEC_BTE_GGC,75.0,99.2,72.0,5,29,0.44,FOG,False,5,11
12413,2026-08-15,SEC_GGC_SWM,42.0,77.3,49.7,5,40,0.298,STORM,True,5,13
12413,2026-08-15,SEC_SWM_KOTA,65.0,75.4,85.9,5,15,0.503,RAIN,False,5,15
12413,2026-08-15,SEC_KOTA_RATL,170.0,215.5,74.1,5,51,0.334,STORM,True,5,17
12413,2026-08-15,SEC_RATL_BRC,165.0,213.1,73.5,5,53,0.588,FOG,False,5,19
12413,2026-08-15,SEC_BRC_MMCT,250.0,260.6,90.3,5,16,0.669,FOG,False,5,21
19020,2026-08-15,SEC_NDLS_MTJ,95.0,101.2,83.6,6,12,0.332,RAIN,False,5,23
19020,2026-08-15,SEC_MTJ_BTE,25.0,39.7,51.4,6,21,0.467,FOG,False,5,1
19020,2026-08-15,SEC_BTE_GGC,75.0,127.3,56.1,6,58,0.856,STORM,True,5,3
19020,2026-08-15,SEC_GGC_SWM,42.0,51.2,75.0,6,15,0.127,RAIN,False,5,5
19020,2026-08-15,SEC_SWM_KOTA,65.0,66.0,98.2,6,7,0.712,CLEAR,False,5,7
19020,2026-08-15,SEC_KOTA_RATL,170.0,200.8,79.5,6,37,0.482,STORM,True,5,9
19020,2026-08-15,SEC_RATL_BRC,165.0,177.6,88.2,6,19,0.879,FOG,False,5,11
19020,2026-08-15,SEC_BRC_MMCT,250.0,270.6,86.9,6,27,0.203,CLEAR,False,5,13
12988,2026-08-15,SEC_NDLS_MTJ,95.0,101.1,83.7,3,9,0.247,CLEAR,False,5,6
12988,2026-08-15,SEC_MTJ_BTE,25.0,33.0,61.8,3,11,0.189,RAIN,False,5,8
12988,2026-08-15,SEC_BTE_GGC,75.0,76.1,93.8,3,4,0.183,CLEAR,False,5,10
12988,2026-08-15,SEC_GGC_SWM,42.0,54.9,69.9,3,16,0.273,RAIN,False,5,12
12988,2026-08-15,SEC_SWM_KOTA,65.0,71.8,90.3,3,10,0.44,CLEAR,False,5,14
12988,2026-08-15,SEC_KOTA_RATL,170.0,172.7,92.4,3,6,0.633,FOG,False,5,16
12988,2026-08-15,SEC_RATL_BRC,165.0,167.3,93.6,3,5,0.459,CLEAR,False,5,18
12988,2026-08-15,SEC_BRC_MMCT,250.0,281.6,83.5,3,35,0.706,CLEAR,False,5,20
12910,2026-08-15,SEC_NDLS_MTJ,95.0,101.4,83.4,2,8,0.335,CLEAR,False,5,21
12910,2026-08-15,SEC_MTJ_BTE,25.0,34.8,58.6,2,12,0.121,RAIN,False,5,23
12910,2026-08-15,SEC_BTE_GGC,75.0,85.6,83.4,2,13,0.374,FOG,False,5,1
12910,2026-08-15,SEC_GGC_SWM,42.0,47.0,81.7,2,7,0.853,CLEAR,False,5,3
12910,2026-08-15,SEC_SWM_KOTA,65.0,80.0,81.0,2,17,0.849,FOG,False,5,5
12910,2026-08-15,SEC_KOTA_RATL,170.0,187.9,84.9,2,20,0.758,FOG,False,5,7
12910,2026-08-15,SEC_RATL_BRC,165.0,191.6,81.7,2,29,0.618,FOG,False,5,9
12910,2026-08-15,SEC_BRC_MMCT,250.0,253.2,92.9,2,5,0.341,CLEAR,False,5,11
12952,2026-08-16,SEC_NDLS_MTJ,95.0,118.0,71.7,0,23,0.799,FOG,True,6,16
12952,2026-08-16,SEC_MTJ_BTE,25.0,23.8,85.7,0,0,0.619,CLEAR,False,6,18
12952,2026-08-16,SEC_BTE_GGC,75.0,81.1,88.0,0,6,0.836,RAIN,False,6,20
12952,2026-08-16,SEC_GGC_SWM,42.0,46.8,82.1,0,5,0.344,CLEAR,False,6,22
12952,2026-08-16,SEC_SWM_KOTA,65.0,81.6,79.4,0,17,0.684,FOG,False,6,0
12952,2026-08-16,SEC_KOTA_RATL,170.0,173.6,91.9,0,4,0.618,CLEAR,False,6,2
12952,2026-08-16,SEC_RATL_BRC,165.0,167.6,93.4,0,3,0.298,FOG,False,6,4
12952,2026-08-16,SEC_BRC_MMCT,250.0,290.6,80.9,0,41,0.539,STORM,True,6,6
12413,2026-08-16,SEC_NDLS_MTJ,95.0,126.9,66.7,4,36,0.434,STORM,True,6,7
12413,2026-08-16,SEC_MTJ_BTE,25.0,42.6,47.9,4,22,0.564,FOG,False,6,9
12413,2026-08-16,SEC_BTE_GGC,75.0,80.3,88.9,4,9,0.501,CLEAR,False,6,11
12413,2026-08-16,SEC_GGC_SWM,42.0,45.1,85.1,4,7,0.284,CLEAR,False,6,13
12413,2026-08-16,SEC_SWM_KOTA,65.0,119.8,54.1,4,59,0.245,STORM,True,6,15
12413,2026-08-16,SEC_KOTA_RATL,170.0,172.8,92.4,4,7,0.285,CLEAR,False,6,17
12413,2026-08-16,SEC_RATL_BRC,165.0,160.8,97.4,4,4,0.575,CLEAR,False,6,19
12413,2026-08-16,SEC_BRC_MMCT,250.0,262.2,89.7,4,16,0.499,RAIN,False,6,21
19020,2026-08-16,SEC_NDLS_MTJ,95.0,90.2,93.8,4,4,0.148,CLEAR,False,6,23
19020,2026-08-16,SEC_MTJ_BTE,25.0,58.1,35.1,4,37,0.276,STORM,True,6,1
19020,2026-08-16,SEC_BTE_GGC,75.0,81.9,87.2,4,11,0.85,CLEAR,False,6,3
19020,2026-08-16,SEC_GGC_SWM,42.0,53.3,72.0,4,15,0.779,FOG,False,6,5
19020,2026-08-16,SEC_SWM_KOTA,65.0,62.8,103.2,4,4,0.376,CLEAR,False,6,7
19020,2026-08-16,SEC_KOTA_RATL,170.0,170.4,93.7,4,4,0.889,RAIN,False,6,9
19020,2026-08-16,SEC_RATL_BRC,165.0,175.4,89.3,4,14,0.846,CLEAR,False,6,11
19020,2026-08-16,SEC_BRC_MMCT,250.0,250.7,93.8,4,5,0.251,CLEAR,True,6,13
12988,2026-08-16,SEC_NDLS_MTJ,95.0,153.4,55.1,2,60,0.232,STORM,True,6,6
12988,2026-08-16,SEC_MTJ_BTE,25.0,68.4,29.8,2,45,0.197,STORM,True,6,8
12988,2026-08-16,SEC_BTE_GGC,75.0,73.2,97.5,2,2,0.199,CLEAR,False,6,10
12988,2026-08-16,SEC_GGC_SWM,42.0,46.7,82.2,2,7,0.856,CLEAR,False,6,12
12988,2026-08-16,SEC_SWM_KOTA,65.0,66.1,98.0,2,3,0.79,CLEAR,False,6,14
12988,2026-08-16,SEC_KOTA_RATL,170.0,174.8,91.3,2,7,0.603,CLEAR,False,6,16
12988,2026-08-16,SEC_RATL_BRC,165.0,158.9,98.6,2,2,0.533,CLEAR,False,6,18
12988,2026-08-16,SEC_BRC_MMCT,250.0,274.4,85.7,2,26,0.111,STORM,True,6,20
12910,2026-08-16,SEC_NDLS_MTJ,95.0,141.4,59.8,0,46,0.631,STORM,True,6,21
12910,2026-08-16,SEC_MTJ_BTE,25.0,32.8,62.2,0,8,0.298,FOG,False,6,23
12910,2026-08-16,SEC_BTE_GGC,75.0,112.8,63.3,0,38,0.444,STORM,True,6,1
12910,2026-08-16,SEC_GGC_SWM,42.0,99.5,38.6,0,58,0.776,STORM,True,6,3
12910,2026-08-16,SEC_SWM_KOTA,65.0,62.8,103.2,0,0,0.221,CLEAR,False,6,5
12910,2026-08-16,SEC_KOTA_RATL,170.0,178.6,89.4,0,9,0.808,FOG,False,6,7
12910,2026-08-16,SEC_RATL_BRC,165.0,182.2,85.9,0,17,0.309,FOG,False,6,9
12910,2026-08-16,SEC_BRC_MMCT,250.0,263.7,89.2,0,14,0.438,STORM,True,6,11
12952,2026-08-17,SEC_NDLS_MTJ,95.0,109.6,77.2,0,15,0.528,FOG,False,0,16
12952,2026-08-17,SEC_MTJ_BTE,25.0,23.8,85.7,0,0,0.224,CLEAR,False,0,18
12952,2026-08-17,SEC_BTE_GGC,75.0,119.2,59.9,0,44,0.291,STORM,True,0,20
12952,2026-08-17,SEC_GGC_SWM,42.0,48.5,79.2,0,6,0.195,RAIN,False,0,22
12952,2026-08-17,SEC_SWM_KOTA,65.0,67.4,96.1,0,2,0.417,RAIN,False,0,0
12952,2026-08-17,SEC_KOTA_RATL,170.0,161.5,98.8,0,0,0.565,CLEAR,False,0,2
12952,2026-08-17,SEC_RATL_BRC,165.0,172.2,90.9,0,7,0.248,CLEAR,False,0,4
12952,2026-08-17,SEC_BRC_MMCT,250.0,246.0,95.6,0,0,0.352,FOG,True,0,6
12413,2026-08-17,SEC_NDLS_MTJ,95.0,98.8,85.6,0,4,0.693,CLEAR,False,0,7
12413,2026-08-17,SEC_MTJ_BTE,25.0,28.1,72.6,0,3,0.654,CLEAR,False,0,9
12413,2026-08-17,SEC_BTE_GGC,75.0,128.8,55.4,0,54,0.188,STORM,True,0,11
12413,2026-08-17,SEC_GGC_SWM,42.0,50.8,75.6,0,9,0.136,FOG,False,0,13
12413,2026-08-17,SEC_SWM_KOTA,65.0,74.2,87.3,0,9,0.398,RAIN,False,0,15
12413,2026-08-17,SEC_KOTA_RATL,170.0,173.8,91.8,0,4,0.387,RAIN,False,0,17
12413,2026-08-17,SEC_RATL_BRC,165.0,186.2,84.1,0,21,0.325,FOG,False,0,19
12413,2026-08-17,SEC_BRC_MMCT,250.0,305.7,76.9,0,56,0.66,STORM,True,0,21
19020,2026-08-17,SEC_NDLS_MTJ,95.0,103.8,81.5,2,11,0.684,CLEAR,False,0,23
19020,2026-08-17,SEC_MTJ_BTE,25.0,33.2,61.4,2,10,0.193,RAIN,False,0,1
19020,2026-08-17,SEC_BTE_GGC,75.0,120.0,59.5,2,47,0.335,STORM,True,0,3
19020,2026-08-17,SEC_GGC_SWM,42.0,44.3,86.7,2,4,0.296,CLEAR,False,0,5
19020,2026-08-17,SEC_SWM_KOTA,65.0,73.6,88.0,2,11,0.138,RAIN,False,0,7
19020,2026-08-17,SEC_KOTA_RATL,170.0,184.7,86.4,2,17,0.224,RAIN,False,0,9
19020,2026-08-17,SEC_RATL_BRC,165.0,156.8,99.9,2,2,0.167,CLEAR,False,0,11
19020,2026-08-17,SEC_BRC_MMCT,250.0,239.4,98.2,2,2,0.63,CLEAR,False,0,13
12988,2026-08-17,SEC_NDLS_MTJ,95.0,93.6,90.4,3,3,0.261,CLEAR,False,0,6
12988,2026-08-17,SEC_MTJ_BTE,25.0,70.3,29.0,3,48,0.689,STORM,True,0,8
12988,2026-08-17,SEC_BTE_GGC,75.0,75.4,94.7,3,3,0.605,RAIN,False,0,10
12988,2026-08-17,SEC_GGC_SWM,42.0,46.9,81.9,3,8,0.424,CLEAR,False,0,12
12988,2026-08-17,SEC_SWM_KOTA,65.0,117.0,55.4,3,55,0.379,STORM,True,0,14
12988,2026-08-17,SEC_KOTA_RATL,170.0,174.3,91.6,3,7,0.56,CLEAR,False,0,16
12988,2026-08-17,SEC_RATL_BRC,165.0,166.2,94.2,3,4,0.166,CLEAR,False,0,18
12988,2026-08-17,SEC_BRC_MMCT,250.0,237.5,99.0,3,3,0.119,CLEAR,False,0,20
12910,2026-08-17,SEC_NDLS_MTJ,95.0,90.2,93.8,2,2,0.61,CLEAR,False,0,21
12910,2026-08-17,SEC_MTJ_BTE,25.0,29.7,68.7,2,7,0.333,CLEAR,False,0,23
12910,2026-08-17,SEC_BTE_GGC,75.0,74.1,96.4,2,2,0.327,CLEAR,False,0,1
12910,2026-08-17,SEC_GGC_SWM,42.0,65.2,58.9,2,25,0.369,FOG,False,0,3
12910,2026-08-17,SEC_SWM_KOTA,65.0,90.2,71.8,2,27,0.25,STORM,True,0,5
12910,2026-08-17,SEC_KOTA_RATL,170.0,219.2,72.8,2,51,0.107,STORM,True,0,7
12910,2026-08-17,SEC_RATL_BRC,165.0,160.0,97.9,2,2,0.194,CLEAR,False,0,9
12910,2026-08-17,SEC_BRC_MMCT,250.0,256.3,91.8,2,8,0.258,CLEAR,False,0,11
12952,2026-08-18,SEC_NDLS_MTJ,95.0,106.9,79.1,0,12,0.326,RAIN,False,1,16
12952,2026-08-18,SEC_MTJ_BTE,25.0,25.0,81.6,0,0,0.68,CLEAR,False,1,18
12952,2026-08-18,SEC_BTE_GGC,75.0,73.6,97.0,0,0,0.448,CLEAR,False,1,20
12952,2026-08-18,SEC_GGC_SWM,42.0,94.9,40.5,0,53,0.474,STORM,True,1,22
12952,2026-08-18,SEC_SWM_KOTA,65.0,62.8,103.2,0,0,0.691,CLEAR,False,1,0
12952,2026-08-18,SEC_KOTA_RATL,170.0,189.8,84.1,0,20,0.529,RAIN,False,1,2
12952,2026-08-18,SEC_RATL_BRC,165.0,168.3,93.0,0,3,0.164,CLEAR,False,1,4
12952,2026-08-18,SEC_BRC_MMCT,250.0,245.1,96.0,0,0,0.584,CLEAR,False,1,6
12413,2026-08-18,SEC_NDLS_MTJ,95.0,122.4,69.1,3,30,0.649,FOG,False,1,7
12413,2026-08-18,SEC_MTJ_BTE,25.0,71.7,28.5,3,50,0.258,STORM,True,1,9
12413,2026-08-18,SEC_BTE_GGC,75.0,73.5,97.1,3,3,0.666,CLEAR,False,1,11
12413,2026-08-18,SEC_GGC_SWM,42.0,40.0,96.0,3,3,0.49,CLEAR,False,1,13
12413,2026-08-18,SEC_SWM_KOTA,65.0,68.8,94.2,3,7,0.332,CLEAR,False,1,15
12413,2026-08-18,SEC_KOTA_RATL,170.0,198.8,80.3,3,32,0.154,RAIN,False,1,17
12413,2026-08-18,SEC_RATL_BRC,165.0,188.7,83.0,3,27,0.663,FOG,False,1,19
12413,2026-08-18,SEC_BRC_MMCT,250.0,248.0,94.8,3,3,0.442,CLEAR,False,1,21
19020,2026-08-18,SEC_NDLS_MTJ,95.0,96.6,87.6,4,6,0.569,CLEAR,False,1,23
19020,2026-08-18,SEC_MTJ_BTE,25.0,23.8,85.7,4,4,0.353,CLEAR,False,1,1
19020,2026-08-18,SEC_BTE_GGC,75.0,83.4,85.6,4,12,0.524,CLEAR,False,1,3
19020,2026-08-18,SEC_GGC_SWM,42.0,40.7,94.3,4,4,0.666,CLEAR,False,1,5
19020,2026-08-18,SEC_SWM_KOTA,65.0,62.1,104.3,4,4,0.606,CLEAR,False,1,7
19020,2026-08-18,SEC_KOTA_RATL,170.0,161.5,98.8,4,4,0.407,CLEAR,False,1,9
19020,2026-08-18,SEC_RATL_BRC,165.0,173.1,90.5,4,12,0.159,RAIN,False,1,11
19020,2026-08-18,SEC_BRC_MMCT,250.0,237.5,99.0,4,4,0.607,CLEAR,False,1,13
12988,2026-08-18,SEC_NDLS_MTJ,95.0,95.1,89.0,1,1,0.551,CLEAR,False,1,6
12988,2026-08-18,SEC_MTJ_BTE,25.0,30.6,66.7,1,7,0.515,CLEAR,False,1,8
12988,2026-08-18,SEC_BTE_GGC,75.0,75.1,95.1,1,1,0.485,CLEAR,False,1,10
12988,2026-08-18,SEC_GGC_SWM,42.0,96.7,39.7,1,56,0.107,STORM,True,1,12
12988,2026-08-18,SEC_SWM_KOTA,65.0,70.8,91.5,1,7,0.601,RAIN,False,1,14
12988,2026-08-18,SEC_KOTA_RATL,170.0,168.4,94.8,1,1,0.108,RAIN,False,1,16
12988,2026-08-18,SEC_RATL_BRC,165.0,170.1,92.1,1,6,0.393,CLEAR,False,1,18
12988,2026-08-18,SEC_BRC_MMCT,250.0,282.1,83.4,1,33,0.614,STORM,True,1,20
12910,2026-08-18,SEC_NDLS_MTJ,95.0,108.8,77.8,10,24,0.316,FOG,False,1,21
12910,2026-08-18,SEC_MTJ_BTE,25.0,33.7,60.5,10,19,0.292,FOG,False,1,23
12910,2026-08-18,SEC_BTE_GGC,75.0,112.1,63.7,10,47,0.647,FOG,True,1,1
12910,2026-08-18,SEC_GGC_SWM,42.0,99.1,38.7,10,67,0.472,STORM,True,1,3
12910,2026-08-18,SEC_SWM_KOTA,65.0,69.4,93.4,10,14,0.31,CLEAR,False,1,5
12910,2026-08-18,SEC_KOTA_RATL,170.0,187.3,85.2,10,27,0.13,FOG,False,1,7
12910,2026-08-18,SEC_RATL_BRC,165.0,202.6,77.3,10,48,0.635,STORM,True,1,9
12910,2026-08-18,SEC_BRC_MMCT,250.0,319.6,73.6,10,80,0.533,STORM,True,1,11
12952,2026-08-19,SEC_NDLS_MTJ,95.0,101.9,83.0,0,7,0.635,FOG,False,2,16
12952,2026-08-19,SEC_MTJ_BTE,25.0,39.6,51.5,0,15,0.221,FOG,False,2,18
12952,2026-08-19,SEC_BTE_GGC,75.0,71.2,100.3,0,0,0.45,CLEAR,False,2,20
12952,2026-08-19,SEC_GGC_SWM,42.0,39.9,96.2,0,0,0.211,CLEAR,False,2,22
12952,2026-08-19,SEC_SWM_KOTA,65.0,96.2,67.4,0,31,0.525,STORM,True,2,0
12952,2026-08-19,SEC_KOTA_RATL,170.0,197.9,80.6,0,28,0.675,FOG,False,2,2
12952,2026-08-19,SEC_RATL_BRC,165.0,182.8,85.7,0,18,0.397,FOG,False,2,4
12952,2026-08-19,SEC_BRC_MMCT,250.0,259.1,90.8,0,9,0.161,CLEAR,False,2,6
12413,2026-08-19,SEC_NDLS_MTJ,95.0,100.5,84.2,2,8,0.456,CLEAR,False,2,7
12413,2026-08-19,SEC_MTJ_BTE,25.0,75.4,27.1,2,52,0.47,STORM,True,2,9
12413,2026-08-19,SEC_BTE_GGC,75.0,86.8,82.3,2,14,0.676,RAIN,False,2,11
12413,2026-08-19,SEC_GGC_SWM,42.0,49.2,78.0,2,9,0.513,RAIN,False,2,13
12413,2026-08-19,SEC_SWM_KOTA,65.0,105.8,61.2,2,43,0.464,STORM,True,2,15
12413,2026-08-19,SEC_KOTA_RATL,170.0,180.5,88.4,2,12,0.476,CLEAR,False,2,17
12413,2026-08-19,SEC_RATL_BRC,165.0,163.5,95.8,2,2,0.151,CLEAR,False,2,19
12413,2026-08-19,SEC_BRC_MMCT,250.0,256.7,91.6,2,9,0.385,CLEAR,False,2,21
19020,2026-08-19,SEC_NDLS_MTJ,95.0,109.8,77.0,2,17,0.446,CLEAR,False,2,23
19020,2026-08-19,SEC_MTJ_BTE,25.0,27.3,74.7,2,4,0.594,CLEAR,False,2,1
19020,2026-08-19,SEC_BTE_GGC,75.0,74.1,96.4,2,2,0.571,CLEAR,False,2,3
19020,2026-08-19,SEC_GGC_SWM,42.0,78.0,49.2,2,38,0.445,STORM,True,2,5
19020,2026-08-19,SEC_SWM_KOTA,65.0,66.5,97.4,2,4,0.437,RAIN,False,2,7
19020,2026-08-19,SEC_KOTA_RATL,170.0,178.5,89.4,2,10,0.668,CLEAR,False,2,9
19020,2026-08-19,SEC_RATL_BRC,165.0,184.5,84.9,2,22,0.697,RAIN,True,2,11
19020,2026-08-19,SEC_BRC_MMCT,250.0,255.0,92.2,2,7,0.529,RAIN,False,2,13
12988,2026-08-19,SEC_NDLS_MTJ,95.0,103.6,81.7,4,13,0.483,CLEAR,False,2,6
12988,2026-08-19,SEC_MTJ_BTE,25.0,25.9,78.8,4,5,0.367,CLEAR,False,2,8
12988,2026-08-19,SEC_BTE_GGC,75.0,85.5,83.5,4,14,0.288,CLEAR,False,2,10
12988,2026-08-19,SEC_GGC_SWM,42.0,44.2,86.9,4,6,0.293,CLEAR,False,2,12
12988,2026-08-19,SEC_SWM_KOTA,65.0,69.7,93.0,4,9,0.161,CLEAR,False,2,14
12988,2026-08-19,SEC_KOTA_RATL,170.0,237.8,67.1,4,72,0.239,STORM,True,2,16
12988,2026-08-19,SEC_RATL_BRC,165.0,190.6,82.2,4,30,0.389,RAIN,False,2,18
12988,2026-08-19,SEC_BRC_MMCT,250.0,248.6,94.6,4,4,0.695,CLEAR,False,2,20
12910,2026-08-19,SEC_NDLS_MTJ,95.0,104.0,81.3,2,11,0.368,CLEAR,False,2,21
12910,2026-08-19,SEC_MTJ_BTE,25.0,63.4,32.2,2,40,0.519,STORM,True,2,23
12910,2026-08-19,SEC_BTE_GGC,75.0,93.2,76.6,2,20,0.518,CLEAR,False,2,1
12910,2026-08-19,SEC_GGC_SWM,42.0,48.0,80.0,2,8,0.223,RAIN,False,2,3
12910,2026-08-19,SEC_SWM_KOTA,65.0,68.5,94.6,2,6,0.474,CLEAR,False,2,5
12910,2026-08-19,SEC_KOTA_RATL,170.0,179.0,89.2,2,11,0.159,CLEAR,True,2,7
12910,2026-08-19,SEC_RATL_BRC,165.0,168.5,92.9,2,6,0.127,CLEAR,False,2,9
12910,2026-08-19,SEC_BRC_MMCT,250.0,256.9,91.6,2,9,0.359,CLEAR,False,2,11
12952,2026-08-20,SEC_NDLS_MTJ,95.0,99.4,85.1,0,4,0.667,CLEAR,False,3,16
12952,2026-08-20,SEC_MTJ_BTE,25.0,36.7,55.6,0,12,0.664,FOG,False,3,18
12952,2026-08-20,SEC_BTE_GGC,75.0,85.2,83.8,0,10,0.644,FOG,False,3,20
12952,2026-08-20,SEC_GGC_SWM,42.0,75.1,51.1,0,33,0.24,RAIN,True,3,22
12952,2026-08-20,SEC_SWM_KOTA,65.0,67.4,96.1,0,2,0.552,CLEAR,False,3,0
12952,2026-08-20,SEC_KOTA_RATL,170.0,161.5,98.8,0,0,0.361,CLEAR,False,3,2
12952,2026-08-20,SEC_RATL_BRC,165.0,212.6,73.7,0,48,0.532,STORM,True,3,4
12952,2026-08-20,SEC_BRC_MMCT,250.0,237.5,99.0,0,0,0.675,CLEAR,False,3,6
12413,2026-08-20,SEC_NDLS_MTJ,95.0,115.4,73.3,2,22,0.5,STORM,True,3,7
12413,2026-08-20,SEC_MTJ_BTE,25.0,42.8,47.7,2,20,0.579,FOG,False,3,9
12413,2026-08-20,SEC_BTE_GGC,75.0,78.2,91.3,2,5,0.631,CLEAR,False,3,11
12413,2026-08-20,SEC_GGC_SWM,42.0,42.1,91.2,2,2,0.387,CLEAR,False,3,13
12413,2026-08-20,SEC_SWM_KOTA,65.0,65.4,99.1,2,2,0.316,CLEAR,False,3,15
12413,2026-08-20,SEC_KOTA_RATL,170.0,170.9,93.4,2,3,0.347,CLEAR,False,3,17
12413,2026-08-20,SEC_RATL_BRC,165.0,189.9,82.5,2,27,0.277,RAIN,False,3,19
12413,2026-08-20,SEC_BRC_MMCT,250.0,252.5,93.1,2,4,0.185,RAIN,False,3,21
19020,2026-08-20,SEC_NDLS_MTJ,95.0,103.6,81.7,6,15,0.215,CLEAR,False,3,23
19020,2026-08-20,SEC_MTJ_BTE,25.0,29.5,69.2,6,10,0.635,CLEAR,False,3,1
19020,2026-08-20,SEC_BTE_GGC,75.0,107.2,66.6,6,38,0.324,STORM,True,3,3
19020,2026-08-20,SEC_GGC_SWM,42.0,45.0,85.3,6,9,0.603,CLEAR,False,3,5
19020,2026-08-20,SEC_SWM_KOTA,65.0,112.9,57.4,6,54,0.36,STORM,True,3,7
19020,2026-08-20,SEC_KOTA_RATL,170.0,197.7,80.7,6,34,0.6,CLEAR,False,3,9
19020,2026-08-20,SEC_RATL_BRC,165.0,166.4,94.1,6,7,0.194,CLEAR,False,3,11
19020,2026-08-20,SEC_BRC_MMCT,250.0,288.9,81.4,6,45,0.406,FOG,False,3,13
12988,2026-08-20,SEC_NDLS_MTJ,95.0,90.2,93.8,2,2,0.486,CLEAR,False,3,6
12988,2026-08-20,SEC_MTJ_BTE,25.0,34.6,59.0,2,12,0.405,RAIN,False,3,8
12988,2026-08-20,SEC_BTE_GGC,75.0,75.3,94.8,2,2,0.48,CLEAR,False,3,10
12988,2026-08-20,SEC_GGC_SWM,42.0,57.8,66.4,2,18,0.194,RAIN,False,3,12
12988,2026-08-20,SEC_SWM_KOTA,65.0,81.8,79.2,2,19,0.616,RAIN,False,3,14
12988,2026-08-20,SEC_KOTA_RATL,170.0,167.1,95.5,2,2,0.445,CLEAR,False,3,16
12988,2026-08-20,SEC_RATL_BRC,165.0,188.9,82.9,2,26,0.343,RAIN,False,3,18
12988,2026-08-20,SEC_BRC_MMCT,250.0,244.1,96.4,2,2,0.111,RAIN,False,3,20
12910,2026-08-20,SEC_NDLS_MTJ,95.0,123.3,68.6,10,38,0.504,STORM,True,3,21
12910,2026-08-20,SEC_MTJ_BTE,25.0,29.3,69.6,10,14,0.614,CLEAR,False,3,23
12910,2026-08-20,SEC_BTE_GGC,75.0,82.4,86.7,10,17,0.176,FOG,False,3,1
12910,2026-08-20,SEC_GGC_SWM,42.0,72.2,53.2,10,40,0.67,STORM,True,3,3
12910,2026-08-20,SEC_SWM_KOTA,65.0,67.6,95.9,10,13,0.198,CLEAR,False,3,5
12910,2026-08-20,SEC_KOTA_RATL,170.0,186.0,85.8,10,26,0.448,FOG,False,3,7
12910,2026-08-20,SEC_RATL_BRC,165.0,166.6,94.0,10,12,0.614,CLEAR,False,3,9
12910,2026-08-20,SEC_BRC_MMCT,250.0,259.3,90.7,10,19,0.54,CLEAR,False,3,11
12952,2026-08-21,SEC_NDLS_MTJ,95.0,146.2,57.9,0,51,0.282,STORM,True,4,16
12952,2026-08-21,SEC_MTJ_BTE,25.0,27.5,74.2,0,2,0.608,CLEAR,False,4,18
12952,2026-08-21,SEC_BTE_GGC,75.0,73.5,97.1,0,0,0.55,CLEAR,False,4,20
12952,2026-08-21,SEC_GGC_SWM,42.0,83.3,46.1,0,41,0.598,STORM,True,4,22
12952,2026-08-21,SEC_SWM_KOTA,65.0,61.8,104.9,0,0,0.334,CLEAR,False,4,0
12952,2026-08-21,SEC_KOTA_RATL,170.0,161.5,98.8,0,0,0.54,CLEAR,False,4,2
12952,2026-08-21,SEC_RATL_BRC,165.0,222.9,70.3,0,58,0.346,STORM,True,4,4
12952,2026-08-21,SEC_BRC_MMCT,250.0,262.1,89.7,0,12,0.639,CLEAR,False,4,6
12413,2026-08-21,SEC_NDLS_MTJ,95.0,102.5,82.5,1,9,0.382,FOG,False,4,7
12413,2026-08-21,SEC_MTJ_BTE,25.0,76.4,26.7,1,52,0.405,STORM,True,4,9
12413,2026-08-21,SEC_BTE_GGC,75.0,76.2,93.7,1,2,0.618,CLEAR,False,4,11
12413,2026-08-21,SEC_GGC_SWM,42.0,55.3,69.4,1,14,0.424,FOG,False,4,13
12413,2026-08-21,SEC_SWM_KOTA,65.0,127.0,51.0,1,63,0.625,STORM,True,4,15
12413,2026-08-21,SEC_KOTA_RATL,170.0,176.5,90.4,1,7,0.128,CLEAR,False,4,17
12413,2026-08-21,SEC_RATL_BRC,165.0,156.8,99.9,1,1,0.234,CLEAR,False,4,19
12413,2026-08-21,SEC_BRC_MMCT,250.0,251.4,93.6,1,2,0.273,CLEAR,False,4,21
19020,2026-08-21,SEC_NDLS_MTJ,95.0,107.2,78.9,10,22,0.113,FOG,False,4,23
19020,2026-08-21,SEC_MTJ_BTE,25.0,23.8,85.7,10,10,0.144,CLEAR,False,4,1
19020,2026-08-21,SEC_BTE_GGC,75.0,79.6,89.7,10,15,0.225,RAIN,False,4,3
19020,2026-08-21,SEC_GGC_SWM,42.0,85.2,45.1,10,53,0.285,STORM,True,4,5
19020,2026-08-21,SEC_SWM_KOTA,65.0,61.8,104.9,10,10,0.599,CLEAR,False,4,7
19020,2026-08-21,SEC_KOTA_RATL,170.0,179.1,89.1,10,19,0.154,CLEAR,False,4,9
19020,2026-08-21,SEC_RATL_BRC,165.0,172.7,90.7,10,18,0.171,RAIN,False,4,11
19020,2026-08-21,SEC_BRC_MMCT,250.0,237.5,99.0,10,10,0.425,CLEAR,False,4,13
12988,2026-08-21,SEC_NDLS_MTJ,95.0,105.8,80.0,2,13,0.454,FOG,False,4,6
12988,2026-08-21,SEC_MTJ_BTE,25.0,33.5,60.9,2,10,0.55,RAIN,False,4,8
12988,2026-08-21,SEC_BTE_GGC,75.0,95.6,74.7,2,23,0.488,FOG,False,4,10
12988,2026-08-21,SEC_GGC_SWM,42.0,100.0,38.4,2,60,0.225,STORM,True,4,12
12988,2026-08-21,SEC_SWM_KOTA,65.0,65.1,99.5,2,2,0.418,CLEAR,False,4,14
12988,2026-08-21,SEC_KOTA_RATL,170.0,234.6,68.0,2,67,0.567,STORM,True,4,16
12988,2026-08-21,SEC_RATL_BRC,165.0,187.9,83.3,2,25,0.182,FOG,False,4,18
12988,2026-08-21,SEC_BRC_MMCT,250.0,237.5,99.0,2,2,0.605,CLEAR,False,4,20
12910,2026-08-21,SEC_NDLS_MTJ,95.0,92.0,92.0,8,8,0.605,CLEAR,False,4,21
12910,2026-08-21,SEC_MTJ_BTE,25.0,42.0,48.6,8,25,0.531,FOG,False,4,23
12910,2026-08-21,SEC_BTE_GGC,75.0,131.7,54.2,8,65,0.406,STORM,True,4,1
12910,2026-08-21,SEC_GGC_SWM,42.0,52.9,72.6,8,19,0.404,FOG,False,4,3
12910,2026-08-21,SEC_SWM_KOTA,65.0,63.8,101.6,8,8,0.277,RAIN,False,4,5
12910,2026-08-21,SEC_KOTA_RATL,170.0,187.2,85.3,8,25,0.329,RAIN,False,4,7
12910,2026-08-21,SEC_RATL_BRC,165.0,160.4,97.6,8,8,0.145,CLEAR,False,4,9
12910,2026-08-21,SEC_BRC_MMCT,250.0,250.3,94.0,8,8,0.161,CLEAR,False,4,11
12952,2026-08-22,SEC_NDLS_MTJ,95.0,160.3,52.8,0,65,0.299,STORM,True,5,16
12952,2026-08-22,SEC_MTJ_BTE,25.0,32.3,63.2,0,7,0.386,FOG,False,5,18
12952,2026-08-22,SEC_BTE_GGC,75.0,78.3,91.2,0,3,0.124,CLEAR,False,5,20
12952,2026-08-22,SEC_GGC_SWM,42.0,43.9,87.5,0,2,0.482,CLEAR,False,5,22
12952,2026-08-22,SEC_SWM_KOTA,65.0,98.3,65.9,0,33,0.654,STORM,True,5,0
12952,2026-08-22,SEC_KOTA_RATL,170.0,195.6,81.6,0,26,0.105,FOG,False,5,2
12952,2026-08-22,SEC_RATL_BRC,165.0,185.3,84.5,0,20,0.27,FOG,False,5,4
12952,2026-08-22,SEC_BRC_MMCT,250.0,237.5,99.0,0,0,0.805,CLEAR,False,5,6
12413,2026-08-22,SEC_NDLS_MTJ,95.0,106.4,79.5,4,15,0.835,RAIN,False,5,7
12413,2026-08-22,SEC_MTJ_BTE,25.0,29.4,69.4,4,8,0.405,CLEAR,False,5,9
12413,2026-08-22,SEC_BTE_GGC,75.0,95.9,74.5,4,25,0.832,FOG,False,5,11
12413,2026-08-22,SEC_GGC_SWM,42.0,45.6,84.2,4,8,0.763,CLEAR,False,5,13
12413,2026-08-22,SEC_SWM_KOTA,65.0,64.8,100.0,4,4,0.126,CLEAR,False,5,15
12413,2026-08-22,SEC_KOTA_RATL,170.0,235.8,67.7,4,70,0.19,STORM,True,5,17
12413,2026-08-22,SEC_RATL_BRC,165.0,224.0,69.9,4,63,0.425,STORM,True,5,19
12413,2026-08-22,SEC_BRC_MMCT,250.0,246.0,95.6,4,4,0.885,CLEAR,False,5,21
19020,2026-08-22,SEC_NDLS_MTJ,95.0,103.0,82.1,0,8,0.502,CLEAR,False,5,23
19020,2026-08-22,SEC_MTJ_BTE,25.0,26.1,78.2,0,1,0.421,CLEAR,False,5,1
19020,2026-08-22,SEC_BTE_GGC,75.0,76.8,93.0,0,2,0.654,CLEAR,False,5,3
19020,2026-08-22,SEC_GGC_SWM,42.0,44.2,86.9,0,2,0.227,CLEAR,False,5,5
19020,2026-08-22,SEC_SWM_KOTA,65.0,77.4,83.7,0,12,0.731,RAIN,False,5,7
19020,2026-08-22,SEC_KOTA_RATL,170.0,207.8,76.8,0,38,0.729,STORM,True,5,9
19020,2026-08-22,SEC_RATL_BRC,165.0,196.5,79.7,0,32,0.405,FOG,False,5,11
19020,2026-08-22,SEC_BRC_MMCT,250.0,244.6,96.2,0,0,0.323,CLEAR,False,5,13
12988,2026-08-22,SEC_NDLS_MTJ,95.0,141.9,59.6,1,48,0.424,STORM,True,5,6
12988,2026-08-22,SEC_MTJ_BTE,25.0,26.5,77.0,1,3,0.635,CLEAR,False,5,8
12988,2026-08-22,SEC_BTE_GGC,75.0,91.9,77.7,1,18,0.802,FOG,False,5,10
12988,2026-08-22,SEC_GGC_SWM,42.0,52.6,73.0,1,12,0.193,RAIN,False,5,12
12988,2026-08-22,SEC_SWM_KOTA,65.0,77.7,83.4,1,14,0.163,FOG,False,5,14
12988,2026-08-22,SEC_KOTA_RATL,170.0,168.2,94.9,1,1,0.223,CLEAR,False,5,16
12988,2026-08-22,SEC_RATL_BRC,165.0,170.4,91.9,1,6,0.69,FOG,False,5,18
12988,2026-08-22,SEC_BRC_MMCT,250.0,254.9,92.3,1,6,0.495,CLEAR,True,5,20
12910,2026-08-22,SEC_NDLS_MTJ,95.0,137.6,61.5,0,43,0.694,STORM,True,5,21
12910,2026-08-22,SEC_MTJ_BTE,25.0,27.5,74.2,0,2,0.449,CLEAR,False,5,23
12910,2026-08-22,SEC_BTE_GGC,75.0,75.4,94.7,0,0,0.49,CLEAR,False,5,1
12910,2026-08-22,SEC_GGC_SWM,42.0,42.5,90.4,0,0,0.791,CLEAR,False,5,3
12910,2026-08-22,SEC_SWM_KOTA,65.0,74.3,87.2,0,9,0.227,CLEAR,False,5,5
12910,2026-08-22,SEC_KOTA_RATL,170.0,182.4,87.5,0,12,0.324,FOG,False,5,7
12910,2026-08-22,SEC_RATL_BRC,165.0,161.8,96.8,0,0,0.716,CLEAR,False,5,9
12910,2026-08-22,SEC_BRC_MMCT,250.0,289.1,81.4,0,39,0.778,FOG,False,5,11
12952,2026-08-23,SEC_NDLS_MTJ,95.0,100.7,84.0,0,6,0.424,CLEAR,False,6,16
12952,2026-08-23,SEC_MTJ_BTE,25.0,30.4,67.1,0,5,0.386,RAIN,False,6,18
12952,2026-08-23,SEC_BTE_GGC,75.0,97.7,73.1,0,23,0.235,FOG,False,6,20
12952,2026-08-23,SEC_GGC_SWM,42.0,43.4,88.5,0,1,0.595,CLEAR,False,6,22
12952,2026-08-23,SEC_SWM_KOTA,65.0,79.2,81.8,0,14,0.403,FOG,False,6,0
12952,2026-08-23,SEC_KOTA_RATL,170.0,177.3,90.0,0,7,0.417,CLEAR,False,6,2
12952,2026-08-23,SEC_RATL_BRC,165.0,174.6,89.7,0,10,0.388,CLEAR,False,6,4
12952,2026-08-23,SEC_BRC_MMCT,250.0,251.9,93.4,0,2,0.361,RAIN,False,6,6
12413,2026-08-23,SEC_NDLS_MTJ,95.0,96.2,87.9,0,1,0.115,FOG,False,6,7
12413,2026-08-23,SEC_MTJ_BTE,25.0,88.5,23.1,0,64,0.79,STORM,True,6,9
12413,2026-08-23,SEC_BTE_GGC,75.0,123.4,57.9,0,48,0.811,STORM,True,6,11
12413,2026-08-23,SEC_GGC_SWM,42.0,41.2,93.2,0,0,0.894,CLEAR,False,6,13
12413,2026-08-23,SEC_SWM_KOTA,65.0,81.0,80.0,0,16,0.122,RAIN,False,6,15
12413,2026-08-23,SEC_KOTA_RATL,170.0,226.7,70.4,0,57,0.431,STORM,True,6,17
12413,2026-08-23,SEC_RATL_BRC,165.0,171.0,91.6,0,6,0.552,CLEAR,False,6,19
12413,2026-08-23,SEC_BRC_MMCT,250.0,259.1,90.8,0,9,0.882,FOG,False,6,21
19020,2026-08-23,SEC_NDLS_MTJ,95.0,90.2,93.8,2,2,0.112,CLEAR,False,6,23
19020,2026-08-23,SEC_MTJ_BTE,25.0,26.7,76.4,2,4,0.25,CLEAR,False,6,1
19020,2026-08-23,SEC_BTE_GGC,75.0,121.0,59.0,2,48,0.736,STORM,True,6,3
19020,2026-08-23,SEC_GGC_SWM,42.0,45.9,83.7,2,6,0.822,CLEAR,False,6,5
19020,2026-08-23,SEC_SWM_KOTA,65.0,78.3,82.8,2,15,0.406,FOG,False,6,7
19020,2026-08-23,SEC_KOTA_RATL,170.0,171.6,93.0,2,4,0.396,CLEAR,False,6,9
19020,2026-08-23,SEC_RATL_BRC,165.0,162.5,96.4,2,2,0.194,CLEAR,False,6,11
19020,2026-08-23,SEC_BRC_MMCT,250.0,274.4,85.7,2,26,0.884,FOG,False,6,13
12988,2026-08-23,SEC_NDLS_MTJ,95.0,159.4,53.1,4,68,0.653,STORM,True,6,6
12988,2026-08-23,SEC_MTJ_BTE,25.0,25.3,80.6,4,4,0.874,CLEAR,False,6,8
12988,2026-08-23,SEC_BTE_GGC,75.0,73.9,96.6,4,4,0.688,CLEAR,False,6,10
12988,2026-08-23,SEC_GGC_SWM,42.0,46.1,83.3,4,8,0.66,CLEAR,False,6,12
12988,2026-08-23,SEC_SWM_KOTA,65.0,70.5,91.9,4,10,0.281,RAIN,False,6,14
12988,2026-08-23,SEC_KOTA_RATL,170.0,174.7,91.4,4,9,0.582,CLEAR,False,6,16
12988,2026-08-23,SEC_RATL_BRC,165.0,195.2,80.2,4,34,0.451,FOG,False,6,18
12988,2026-08-23,SEC_BRC_MMCT,250.0,270.8,86.9,4,25,0.21,CLEAR,False,6,20
12910,2026-08-23,SEC_NDLS_MTJ,95.0,118.6,71.3,2,26,0.33,FOG,False,6,21
12910,2026-08-23,SEC_MTJ_BTE,25.0,31.7,64.4,2,9,0.821,CLEAR,False,6,23
12910,2026-08-23,SEC_BTE_GGC,75.0,77.9,91.7,2,5,0.437,CLEAR,False,6,1
12910,2026-08-23,SEC_GGC_SWM,42.0,40.5,94.8,2,2,0.286,CLEAR,False,6,3
12910,2026-08-23,SEC_SWM_KOTA,65.0,74.7,86.7,2,12,0.483,RAIN,False,6,5
12910,2026-08-23,SEC_KOTA_RATL,170.0,178.3,89.5,2,10,0.748,CLEAR,False,6,7
12910,2026-08-23,SEC_RATL_BRC,165.0,167.4,93.5,2,4,0.291,RAIN,False,6,9
12910,2026-08-23,SEC_BRC_MMCT,250.0,271.5,86.6,2,24,0.627,STORM,True,6,11
12952,2026-08-24,SEC_NDLS_MTJ,95.0,106.9,79.1,0,12,0.357,FOG,False,0,16
12952,2026-08-24,SEC_MTJ_BTE,25.0,25.6,79.7,0,1,0.386,CLEAR,False,0,18
12952,2026-08-24,SEC_BTE_GGC,75.0,93.6,76.3,0,19,0.314,FOG,False,0,20
12952,2026-08-24,SEC_GGC_SWM,42.0,41.3,93.0,0,0,0.63,CLEAR,False,0,22
12952,2026-08-24,SEC_SWM_KOTA,65.0,61.8,104.9,0,0,0.277,RAIN,False,0,0
12952,2026-08-24,SEC_KOTA_RATL,170.0,182.6,87.4,0,13,0.102,FOG,False,0,2
12952,2026-08-24,SEC_RATL_BRC,165.0,156.8,99.9,0,0,0.342,FOG,False,0,4
12952,2026-08-24,SEC_BRC_MMCT,250.0,248.5,94.6,0,0,0.444,FOG,False,0,6
12413,2026-08-24,SEC_NDLS_MTJ,95.0,104.8,80.7,3,13,0.414,RAIN,False,0,7
12413,2026-08-24,SEC_MTJ_BTE,25.0,25.5,80.0,3,3,0.503,CLEAR,False,0,9
12413,2026-08-24,SEC_BTE_GGC,75.0,83.1,85.9,3,11,0.507,RAIN,False,0,11
12413,2026-08-24,SEC_GGC_SWM,42.0,50.2,76.5,3,11,0.366,FOG,False,0,13
12413,2026-08-24,SEC_SWM_KOTA,65.0,61.8,104.9,3,3,0.535,CLEAR,False,0,15
12413,2026-08-24,SEC_KOTA_RATL,170.0,166.7,95.7,3,3,0.431,RAIN,False,0,17
12413,2026-08-24,SEC_RATL_BRC,165.0,182.1,86.0,3,20,0.253,RAIN,False,0,19
12413,2026-08-24,SEC_BRC_MMCT,250.0,285.4,82.4,3,38,0.181,STORM,True,0,21
19020,2026-08-24,SEC_NDLS_MTJ,95.0,96.3,87.9,10,11,0.353,CLEAR,False,0,23
19020,2026-08-24,SEC_MTJ_BTE,25.0,39.4,51.8,10,24,0.282,FOG,False,0,1
19020,2026-08-24,SEC_BTE_GGC,75.0,71.2,100.3,10,10,0.227,CLEAR,False,0,3
19020,2026-08-24,SEC_GGC_SWM,42.0,41.9,91.6,10,10,0.176,CLEAR,False,0,5
19020,2026-08-24,SEC_SWM_KOTA,65.0,62.6,103.5,10,10,0.637,CLEAR,False,0,7
19020,2026-08-24,SEC_KOTA_RATL,170.0,254.8,62.6,10,95,0.54,STORM,True,0,9
19020,2026-08-24,SEC_RATL_BRC,165.0,163.9,95.5,10,10,0.501,CLEAR,False,0,11
19020,2026-08-24,SEC_BRC_MMCT,250.0,258.3,91.1,10,18,0.601,CLEAR,False,0,13
12988,2026-08-24,SEC_NDLS_MTJ,95.0,90.2,93.8,5,5,0.618,CLEAR,False,0,6
12988,2026-08-24,SEC_MTJ_BTE,25.0,38.0,53.7,5,18,0.529,FOG,False,0,8
12988,2026-08-24,SEC_BTE_GGC,75.0,78.5,91.0,5,9,0.277,CLEAR,False,0,10
12988,2026-08-24,SEC_GGC_SWM,42.0,42.6,90.1,5,6,0.306,CLEAR,False,0,12
12988,2026-08-24,SEC_SWM_KOTA,65.0,67.1,96.6,5,7,0.3,CLEAR,False,0,14
12988,2026-08-24,SEC_KOTA_RATL,170.0,173.5,92.0,5,9,0.69,FOG,False,0,16
12988,2026-08-24,SEC_RATL_BRC,165.0,208.2,75.2,5,48,0.114,STORM,True,0,18
12988,2026-08-24,SEC_BRC_MMCT,250.0,272.6,86.3,5,28,0.503,CLEAR,False,0,20
12910,2026-08-24,SEC_NDLS_MTJ,95.0,100.1,84.5,2,7,0.463,RAIN,False,0,21
12910,2026-08-24,SEC_MTJ_BTE,25.0,76.6,26.6,2,54,0.353,STORM,True,0,23
12910,2026-08-24,SEC_BTE_GGC,75.0,76.4,93.5,2,3,0.398,CLEAR,False,0,1
12910,2026-08-24,SEC_GGC_SWM,42.0,44.8,85.7,2,5,0.599,CLEAR,False,0,3
12910,2026-08-24,SEC_SWM_KOTA,65.0,114.5,56.6,2,52,0.319,STORM,True,0,5
12910,2026-08-24,SEC_KOTA_RATL,170.0,185.7,85.9,2,18,0.122,FOG,False,0,7
12910,2026-08-24,SEC_RATL_BRC,165.0,182.2,85.9,2,19,0.614,CLEAR,False,0,9
12910,2026-08-24,SEC_BRC_MMCT,250.0,254.7,92.3,2,7,0.666,CLEAR,False,0,11
12952,2026-08-25,SEC_NDLS_MTJ,95.0,108.1,78.3,0,13,0.613,RAIN,False,1,16
12952,2026-08-25,SEC_MTJ_BTE,25.0,72.6,28.1,0,48,0.194,STORM,True,1,18
12952,2026-08-25,SEC_BTE_GGC,75.0,71.2,100.3,0,0,0.505,CLEAR,False,1,20
12952,2026-08-25,SEC_GGC_SWM,42.0,45.3,84.8,0,3,0.219,FOG,False,1,22
12952,2026-08-25,SEC_SWM_KOTA,65.0,78.0,83.1,0,13,0.164,FOG,False,1,0
12952,2026-08-25,SEC_KOTA_RATL,170.0,166.5,95.9,0,0,0.588,CLEAR,False,1,2
12952,2026-08-25,SEC_RATL_BRC,165.0,208.7,75.0,0,44,0.188,STORM,True,1,4
12952,2026-08-25,SEC_BRC_MMCT,250.0,250.6,93.9,0,1,0.599,CLEAR,False,1,6
12413,2026-08-25,SEC_NDLS_MTJ,95.0,110.3,76.7,1,16,0.649,FOG,False,1,7
12413,2026-08-25,SEC_MTJ_BTE,25.0,27.9,73.1,1,4,0.698,CLEAR,False,1,9
12413,2026-08-25,SEC_BTE_GGC,75.0,82.0,87.1,1,8,0.603,CLEAR,False,1,11
12413,2026-08-25,SEC_GGC_SWM,42.0,45.2,85.0,1,4,0.29,RAIN,False,1,13
12413,2026-08-25,SEC_SWM_KOTA,65.0,71.4,90.8,1,7,0.629,CLEAR,False,1,15
12413,2026-08-25,SEC_KOTA_RATL,170.0,187.0,85.3,1,18,0.617,CLEAR,False,1,17
12413,2026-08-25,SEC_RATL_BRC,165.0,171.0,91.6,1,7,0.248,CLEAR,False,1,19
12413,2026-08-25,SEC_BRC_MMCT,250.0,307.7,76.4,1,59,0.565,STORM,True,1,21
19020,2026-08-25,SEC_NDLS_MTJ,95.0,111.5,75.9,4,20,0.415,CLEAR,False,1,23
19020,2026-08-25,SEC_MTJ_BTE,25.0,27.0,75.6,4,6,0.614,CLEAR,False,1,1
19020,2026-08-25,SEC_BTE_GGC,75.0,132.7,53.8,4,62,0.559,STORM,True,1,3
19020,2026-08-25,SEC_GGC_SWM,42.0,39.9,96.2,4,4,0.277,CLEAR,False,1,5
19020,2026-08-25,SEC_SWM_KOTA,65.0,133.4,48.6,4,72,0.622,STORM,True,1,7
19020,2026-08-25,SEC_KOTA_RATL,170.0,173.3,92.1,4,7,0.249,CLEAR,False,1,9
19020,2026-08-25,SEC_RATL_BRC,165.0,162.4,96.4,4,4,0.313,RAIN,False,1,11
19020,2026-08-25,SEC_BRC_MMCT,250.0,267.5,87.9,4,22,0.455,CLEAR,False,1,13
12988,2026-08-25,SEC_NDLS_MTJ,95.0,111.0,76.2,4,20,0.56,RAIN,False,1,6
12988,2026-08-25,SEC_MTJ_BTE,25.0,29.3,69.6,4,8,0.17,FOG,False,1,8
12988,2026-08-25,SEC_BTE_GGC,75.0,75.4,94.7,4,4,0.53,CLEAR,False,1,10
12988,2026-08-25,SEC_GGC_SWM,42.0,42.9,89.5,4,5,0.244,CLEAR,False,1,12
12988,2026-08-25,SEC_SWM_KOTA,65.0,89.5,72.4,4,28,0.57,FOG,False,1,14
12988,2026-08-25,SEC_KOTA_RATL,170.0,188.3,84.8,4,22,0.537,STORM,True,1,16
12988,2026-08-25,SEC_RATL_BRC,165.0,181.3,86.4,4,20,0.285,CLEAR,False,1,18
12988,2026-08-25,SEC_BRC_MMCT,250.0,288.6,81.5,4,43,0.403,FOG,False,1,20
12910,2026-08-25,SEC_NDLS_MTJ,95.0,109.2,77.5,0,14,0.613,FOG,False,1,21
12910,2026-08-25,SEC_MTJ_BTE,25.0,27.5,74.2,0,2,0.23,CLEAR,False,1,23
12910,2026-08-25,SEC_BTE_GGC,75.0,117.3,60.9,0,42,0.624,STORM,True,1,1
12910,2026-08-25,SEC_GGC_SWM,42.0,49.3,77.9,0,7,0.253,RAIN,False,1,3
12910,2026-08-25,SEC_SWM_KOTA,65.0,112.1,57.8,0,47,0.609,STORM,True,1,5
12910,2026-08-25,SEC_KOTA_RATL,170.0,235.3,67.8,0,65,0.214,STORM,True,1,7
12910,2026-08-25,SEC_RATL_BRC,165.0,165.9,94.4,0,1,0.28,CLEAR,False,1,9
12910,2026-08-25,SEC_BRC_MMCT,250.0,266.6,88.2,0,17,0.371,RAIN,False,1,11
12952,2026-08-26,SEC_NDLS_MTJ,95.0,90.2,93.8,0,0,0.111,CLEAR,False,2,16
12952,2026-08-26,SEC_MTJ_BTE,25.0,27.5,74.2,0,2,0.27,CLEAR,False,2,18
12952,2026-08-26,SEC_BTE_GGC,75.0,92.7,77.0,0,18,0.317,FOG,False,2,20
12952,2026-08-26,SEC_GGC_SWM,42.0,49.0,78.4,0,7,0.237,RAIN,False,2,22
12952,2026-08-26,SEC_SWM_KOTA,65.0,89.9,72.1,0,25,0.33,FOG,False,2,0
12952,2026-08-26,SEC_KOTA_RATL,170.0,201.6,79.2,0,32,0.13,STORM,True,2,2
12952,2026-08-26,SEC_RATL_BRC,165.0,173.4,90.3,0,8,0.285,FOG,False,2,4
12952,2026-08-26,SEC_BRC_MMCT,250.0,245.8,95.7,0,0,0.103,FOG,False,2,6
12413,2026-08-26,SEC_NDLS_MTJ,95.0,126.2,67.0,4,35,0.132,STORM,True,2,7
12413,2026-08-26,SEC_MTJ_BTE,25.0,38.0,53.7,4,17,0.33,FOG,False,2,9
12413,2026-08-26,SEC_BTE_GGC,75.0,122.3,58.4,4,51,0.445,STORM,True,2,11
12413,2026-08-26,SEC_GGC_SWM,42.0,59.5,64.5,4,22,0.207,FOG,False,2,13
12413,2026-08-26,SEC_SWM_KOTA,65.0,62.4,103.8,4,4,0.548,CLEAR,False,2,15
12413,2026-08-26,SEC_KOTA_RATL,170.0,229.1,69.7,4,63,0.116,STORM,True,2,17
12413,2026-08-26,SEC_RATL_BRC,165.0,208.4,75.1,4,47,0.28,STORM,True,2,19
12413,2026-08-26,SEC_BRC_MMCT,250.0,242.8,96.9,4,4,0.507,CLEAR,False,2,21
19020,2026-08-26,SEC_NDLS_MTJ,95.0,141.4,59.8,2,48,0.258,STORM,True,2,23
19020,2026-08-26,SEC_MTJ_BTE,25.0,47.5,42.9,2,24,0.499,FOG,False,2,1
19020,2026-08-26,SEC_BTE_GGC,75.0,112.3,63.6,2,39,0.482,STORM,True,2,3
19020,2026-08-26,SEC_GGC_SWM,42.0,45.8,83.8,2,6,0.645,CLEAR,False,2,5
19020,2026-08-26,SEC_SWM_KOTA,65.0,76.2,85.0,2,13,0.178,RAIN,False,2,7
19020,2026-08-26,SEC_KOTA_RATL,170.0,189.3,84.3,2,21,0.647,FOG,False,2,9
19020,2026-08-26,SEC_RATL_BRC,165.0,217.1,72.1,2,54,0.326,STORM,True,2,11
19020,2026-08-26,SEC_BRC_MMCT,250.0,264.8,88.8,2,17,0.211,CLEAR,True,2,13
12988,2026-08-26,SEC_NDLS_MTJ,95.0,116.5,72.6,2,24,0.608,FOG,False,2,6
12988,2026-08-26,SEC_MTJ_BTE,25.0,34.1,59.8,2,11,0.388,RAIN,False,2,8
12988,2026-08-26,SEC_BTE_GGC,75.0,86.0,83.0,2,13,0.469,FOG,False,2,10
12988,2026-08-26,SEC_GGC_SWM,42.0,39.9,96.2,2,2,0.356,CLEAR,False,2,12
12988,2026-08-26,SEC_SWM_KOTA,65.0,106.1,61.1,2,43,0.114,STORM,True,2,14
12988,2026-08-26,SEC_KOTA_RATL,170.0,179.2,89.1,2,11,0.601,FOG,False,2,16
12988,2026-08-26,SEC_RATL_BRC,165.0,181.4,86.3,2,18,0.458,CLEAR,False,2,18
12988,2026-08-26,SEC_BRC_MMCT,250.0,252.0,93.3,2,4,0.661,RAIN,False,2,20
12910,2026-08-26,SEC_NDLS_MTJ,95.0,109.6,77.2,0,15,0.605,FOG,False,2,21
12910,2026-08-26,SEC_MTJ_BTE,25.0,37.2,54.8,0,12,0.446,FOG,False,2,23
12910,2026-08-26,SEC_BTE_GGC,75.0,81.4,87.7,0,6,0.509,RAIN,False,2,1
12910,2026-08-26,SEC_GGC_SWM,42.0,60.2,63.8,0,18,0.441,FOG,False,2,3
12910,2026-08-26,SEC_SWM_KOTA,65.0,70.4,92.0,0,5,0.596,CLEAR,False,2,5
12910,2026-08-26,SEC_KOTA_RATL,170.0,218.2,73.1,0,48,0.551,STORM,True,2,7
12910,2026-08-26,SEC_RATL_BRC,165.0,173.8,90.1,0,9,0.403,RAIN,False,2,9
12910,2026-08-26,SEC_BRC_MMCT,250.0,269.1,87.4,0,19,0.358,FOG,False,2,11
12952,2026-08-27,SEC_NDLS_MTJ,95.0,156.0,54.2,0,61,0.241,STORM,True,3,16
12952,2026-08-27,SEC_MTJ_BTE,25.0,23.8,85.7,0,0,0.313,CLEAR,False,3,18
12952,2026-08-27,SEC_BTE_GGC,75.0,74.7,95.6,0,0,0.615,CLEAR,False,3,20
12952,2026-08-27,SEC_GGC_SWM,42.0,51.7,74.3,0,10,0.266,RAIN,False,3,22
12952,2026-08-27,SEC_SWM_KOTA,65.0,71.6,90.5,0,7,0.343,CLEAR,False,3,0
12952,2026-08-27,SEC_KOTA_RATL,170.0,164.6,97.0,0,0,0.352,CLEAR,False,3,2
12952,2026-08-27,SEC_RATL_BRC,165.0,159.9,97.9,0,0,0.57,CLEAR,False,3,4
12952,2026-08-27,SEC_BRC_MMCT,250.0,249.5,94.3,0,0,0.234,RAIN,False,3,6
12413,2026-08-27,SEC_NDLS_MTJ,95.0,95.6,88.5,0,1,0.525,RAIN,False,3,7
12413,2026-08-27,SEC_MTJ_BTE,25.0,28.7,71.1,0,4,0.54,CLEAR,False,3,9
12413,2026-08-27,SEC_BTE_GGC,75.0,132.9,53.7,0,58,0.583,STORM,True,3,11
12413,2026-08-27,SEC_GGC_SWM,42.0,56.5,68.0,0,14,0.7,RAIN,False,3,13
12413,2026-08-27,SEC_SWM_KOTA,65.0,118.5,54.7,0,54,0.196,STORM,True,3,15
12413,2026-08-27,SEC_KOTA_RATL,170.0,199.6,80.0,0,30,0.13,STORM,True,3,17
12413,2026-08-27,SEC_RATL_BRC,165.0,173.8,90.1,0,9,0.148,CLEAR,False,3,19
12413,2026-08-27,SEC_BRC_MMCT,250.0,252.5,93.1,0,2,0.601,FOG,False,3,21
19020,2026-08-27,SEC_NDLS_MTJ,95.0,95.0,89.1,6,6,0.118,CLEAR,False,3,23
19020,2026-08-27,SEC_MTJ_BTE,25.0,24.1,84.6,6,6,0.489,CLEAR,False,3,1
19020,2026-08-27,SEC_BTE_GGC,75.0,77.5,92.1,6,8,0.206,CLEAR,False,3,3
19020,2026-08-27,SEC_GGC_SWM,42.0,50.9,75.4,6,15,0.155,RAIN,False,3,5
19020,2026-08-27,SEC_SWM_KOTA,65.0,64.0,101.2,6,6,0.466,CLEAR,False,3,7
19020,2026-08-27,SEC_KOTA_RATL,170.0,168.4,94.8,6,6,0.308,RAIN,False,3,9
19020,2026-08-27,SEC_RATL_BRC,165.0,185.6,84.4,6,27,0.123,CLEAR,False,3,11
19020,2026-08-27,SEC_BRC_MMCT,250.0,265.6,88.6,6,22,0.69,RAIN,False,3,13
12988,2026-08-27,SEC_NDLS_MTJ,95.0,98.7,85.7,3,7,0.446,CLEAR,False,3,6
12988,2026-08-27,SEC_MTJ_BTE,25.0,24.6,82.9,3,3,0.258,CLEAR,False,3,8
12988,2026-08-27,SEC_BTE_GGC,75.0,79.7,89.6,3,8,0.48,CLEAR,False,3,10
12988,2026-08-27,SEC_GGC_SWM,42.0,44.9,85.5,3,6,0.322,CLEAR,False,3,12
12988,2026-08-27,SEC_SWM_KOTA,65.0,66.9,96.9,3,5,0.584,CLEAR,False,3,14
12988,2026-08-27,SEC_KOTA_RATL,170.0,192.5,82.9,3,25,0.245,CLEAR,False,3,16
12988,2026-08-27,SEC_RATL_BRC,165.0,171.0,91.6,3,9,0.53,CLEAR,False,3,18
12988,2026-08-27,SEC_BRC_MMCT,250.0,259.0,90.8,3,12,0.39,CLEAR,False,3,20
12910,2026-08-27,SEC_NDLS_MTJ,95.0,123.0,68.8,2,30,0.218,RAIN,True,3,21
12910,2026-08-27,SEC_MTJ_BTE,25.0,74.3,27.5,2,51,0.414,STORM,True,3,23
12910,2026-08-27,SEC_BTE_GGC,75.0,72.8,98.1,2,2,0.615,CLEAR,False,3,1
12910,2026-08-27,SEC_GGC_SWM,42.0,89.5,42.9,2,50,0.208,STORM,True,3,3
12910,2026-08-27,SEC_SWM_KOTA,65.0,61.8,104.9,2,2,0.317,CLEAR,False,3,5
12910,2026-08-27,SEC_KOTA_RATL,170.0,173.1,92.2,2,5,0.596,CLEAR,False,3,7
12910,2026-08-27,SEC_RATL_BRC,165.0,227.8,68.7,2,65,0.499,STORM,True,3,9
12910,2026-08-27,SEC_BRC_MMCT,250.0,244.8,96.1,2,2,0.37,CLEAR,False,3,11
12952,2026-08-28,SEC_NDLS_MTJ,95.0,105.0,80.6,0,10,0.366,CLEAR,False,4,16
12952,2026-08-28,SEC_MTJ_BTE,25.0,31.8,64.2,0,7,0.393,FOG,False,4,18
12952,2026-08-28,SEC_BTE_GGC,75.0,85.2,83.8,0,10,0.415,RAIN,False,4,20
12952,2026-08-28,SEC_GGC_SWM,42.0,47.4,81.0,0,5,0.698,RAIN,False,4,22
12952,2026-08-28,SEC_SWM_KOTA,65.0,61.8,104.9,0,0,0.621,CLEAR,False,4,0
12952,2026-08-28,SEC_KOTA_RATL,170.0,214.1,74.5,0,44,0.392,STORM,True,4,2
12952,2026-08-28,SEC_RATL_BRC,165.0,195.8,80.0,0,31,0.297,STORM,True,4,4
12952,2026-08-28,SEC_BRC_MMCT,250.0,271.1,86.8,0,21,0.599,CLEAR,False,4,6
12413,2026-08-28,SEC_NDLS_MTJ,95.0,153.9,55.0,4,63,0.54,STORM,True,4,7
12413,2026-08-28,SEC_MTJ_BTE,25.0,70.6,28.9,4,50,0.36,STORM,True,4,9
12413,2026-08-28,SEC_BTE_GGC,75.0,77.9,91.7,4,7,0.331,CLEAR,False,4,11
12413,2026-08-28,SEC_GGC_SWM,42.0,41.4,92.8,4,4,0.41,CLEAR,False,4,13
12413,2026-08-28,SEC_SWM_KOTA,65.0,73.1,88.6,4,12,0.521,FOG,False,4,15
12413,2026-08-28,SEC_KOTA_RATL,170.0,166.8,95.7,4,4,0.459,CLEAR,False,4,17
12413,2026-08-28,SEC_RATL_BRC,165.0,156.8,99.9,4,4,0.121,CLEAR,False,4,19
12413,2026-08-28,SEC_BRC_MMCT,250.0,245.4,95.8,4,4,0.449,RAIN,False,4,21
19020,2026-08-28,SEC_NDLS_MTJ,95.0,107.2,78.9,8,20,0.411,RAIN,False,4,23
19020,2026-08-28,SEC_MTJ_BTE,25.0,28.7,71.1,8,12,0.547,CLEAR,False,4,1
19020,2026-08-28,SEC_BTE_GGC,75.0,84.2,84.8,8,17,0.348,CLEAR,False,4,3
19020,2026-08-28,SEC_GGC_SWM,42.0,46.5,82.6,8,12,0.6,CLEAR,False,4,5
19020,2026-08-28,SEC_SWM_KOTA,65.0,73.6,88.0,8,17,0.528,FOG,False,4,7
19020,2026-08-28,SEC_KOTA_RATL,170.0,171.3,93.2,8,9,0.144,CLEAR,False,4,9
19020,2026-08-28,SEC_RATL_BRC,165.0,167.8,93.3,8,11,0.635,CLEAR,False,4,11
19020,2026-08-28,SEC_BRC_MMCT,250.0,248.0,94.8,8,8,0.325,CLEAR,False,4,13
12988,2026-08-28,SEC_NDLS_MTJ,95.0,107.3,78.8,0,12,0.12,RAIN,False,4,6
12988,2026-08-28,SEC_MTJ_BTE,25.0,56.4,36.2,0,31,0.672,STORM,True,4,8
12988,2026-08-28,SEC_BTE_GGC,75.0,81.5,87.6,0,6,0.286,RAIN,False,4,10
12988,2026-08-28,SEC_GGC_SWM,42.0,48.4,79.3,0,6,0.572,RAIN,False,4,12
12988,2026-08-28,SEC_SWM_KOTA,65.0,63.8,101.6,0,0,0.289,CLEAR,False,4,14
12988,2026-08-28,SEC_KOTA_RATL,170.0,169.1,94.4,0,0,0.115,CLEAR,False,4,16
12988,2026-08-28,SEC_RATL_BRC,165.0,158.9,98.6,0,0,0.338,FOG,False,4,18
12988,2026-08-28,SEC_BRC_MMCT,250.0,267.1,88.1,0,17,0.639,CLEAR,True,4,20
12910,2026-08-28,SEC_NDLS_MTJ,95.0,102.5,82.5,0,8,0.482,CLEAR,False,4,21
12910,2026-08-28,SEC_MTJ_BTE,25.0,31.1,65.6,0,6,0.61,CLEAR,False,4,23
12910,2026-08-28,SEC_BTE_GGC,75.0,83.1,85.9,0,8,0.145,RAIN,False,4,1
12910,2026-08-28,SEC_GGC_SWM,42.0,50.1,76.6,0,8,0.379,FOG,False,4,3
12910,2026-08-28,SEC_SWM_KOTA,65.0,130.8,49.5,0,66,0.269,STORM,True,4,5
12910,2026-08-28,SEC_KOTA_RATL,170.0,231.0,69.1,0,61,0.511,STORM,True,4,7
12910,2026-08-28,SEC_RATL_BRC,165.0,160.3,97.7,0,0,0.526,CLEAR,False,4,9
12910,2026-08-28,SEC_BRC_MMCT,250.0,256.7,91.6,0,7,0.172,CLEAR,False,4,11
12952,2026-08-29,SEC_NDLS_MTJ,95.0,133.8,63.2,0,39,0.858,STORM,True,5,16
12952,2026-08-29,SEC_MTJ_BTE,25.0,37.8,54.0,0,13,0.762,RAIN,False,5,18
12952,2026-08-29,SEC_BTE_GGC,75.0,71.2,100.3,0,0,0.261,CLEAR,False,5,20
12952,2026-08-29,SEC_GGC_SWM,42.0,39.9,96.2,0,0,0.28,CLEAR,False,5,22
12952,2026-08-29,SEC_SWM_KOTA,65.0,61.8,104.9,0,0,0.584,CLEAR,False,5,0
12952,2026-08-29,SEC_KOTA_RATL,170.0,161.5,98.8,0,0,0.213,CLEAR,False,5,2
12952,2026-08-29,SEC_RATL_BRC,165.0,172.2,90.9,0,7,0.293,CLEAR,False,5,4
12952,2026-08-29,SEC_BRC_MMCT,250.0,270.0,87.1,0,20,0.607,RAIN,False,5,6
12413,2026-08-29,SEC_NDLS_MTJ,95.0,136.3,62.1,5,46,0.681,STORM,True,5,7
12413,2026-08-29,SEC_MTJ_BTE,25.0,56.2,36.3,5,36,0.832,STORM,True,5,9
12413,2026-08-29,SEC_BTE_GGC,75.0,77.1,92.6,5,7,0.518,CLEAR,False,5,11
12413,2026-08-29,SEC_GGC_SWM,42.0,61.7,62.2,5,25,0.126,FOG,False,5,13
12413,2026-08-29,SEC_SWM_KOTA,65.0,74.1,87.4,5,14,0.412,RAIN,False,5,15
12413,2026-08-29,SEC_KOTA_RATL,170.0,180.5,88.4,5,15,0.63,FOG,False,5,17
12413,2026-08-29,SEC_RATL_BRC,165.0,162.8,96.2,5,5,0.687,CLEAR,False,5,19
12413,2026-08-29,SEC_BRC_MMCT,250.0,290.2,81.0,5,45,0.499,STORM,True,5,21
19020,2026-08-29,SEC_NDLS_MTJ,95.0,107.5,78.7,8,20,0.124,FOG,False,5,23
19020,2026-08-29,SEC_MTJ_BTE,25.0,31.0,65.8,8,14,0.333,CLEAR,False,5,1
19020,2026-08-29,SEC_BTE_GGC,75.0,100.8,70.8,8,34,0.826,FOG,False,5,3
19020,2026-08-29,SEC_GGC_SWM,42.0,43.0,89.3,8,9,0.112,RAIN,False,5,5
19020,2026-08-29,SEC_SWM_KOTA,65.0,81.2,79.8,8,24,0.884,RAIN,False,5,7
19020,2026-08-29,SEC_KOTA_RATL,170.0,163.6,97.6,8,8,0.459,CLEAR,False,5,9
19020,2026-08-29,SEC_RATL_BRC,165.0,181.3,86.4,8,24,0.727,CLEAR,False,5,11
19020,2026-08-29,SEC_BRC_MMCT,250.0,255.2,92.2,8,13,0.444,CLEAR,False,5,13
12988,2026-08-29,SEC_NDLS_MTJ,95.0,102.1,82.9,3,10,0.19,CLEAR,False,5,6
12988,2026-08-29,SEC_MTJ_BTE,25.0,26.4,77.3,3,4,0.164,CLEAR,False,5,8
12988,2026-08-29,SEC_BTE_GGC,75.0,71.2,100.3,3,3,0.826,CLEAR,False,5,10
12988,2026-08-29,SEC_GGC_SWM,42.0,65.1,59.0,3,26,0.882,FOG,False,5,12
12988,2026-08-29,SEC_SWM_KOTA,65.0,75.4,85.9,3,13,0.191,RAIN,False,5,14
12988,2026-08-29,SEC_KOTA_RATL,170.0,237.0,67.3,3,70,0.823,STORM,True,5,16
12988,2026-08-29,SEC_RATL_BRC,165.0,161.4,97.0,3,3,0.439,CLEAR,False,5,18
12988,2026-08-29,SEC_BRC_MMCT,250.0,251.5,93.5,3,5,0.322,FOG,False,5,20
12910,2026-08-29,SEC_NDLS_MTJ,95.0,117.5,72.0,4,26,0.384,FOG,False,5,21
12910,2026-08-29,SEC_MTJ_BTE,25.0,74.5,27.4,4,54,0.162,STORM,True,5,23
12910,2026-08-29,SEC_BTE_GGC,75.0,86.4,82.6,4,15,0.224,RAIN,False,5,1
12910,2026-08-29,SEC_GGC_SWM,42.0,57.3,67.0,4,19,0.517,CLEAR,True,5,3
12910,2026-08-29,SEC_SWM_KOTA,65.0,128.7,50.3,4,68,0.787,STORM,True,5,5
12910,2026-08-29,SEC_KOTA_RATL,170.0,188.1,84.8,4,22,0.37,RAIN,False,5,7
12910,2026-08-29,SEC_RATL_BRC,165.0,179.6,87.2,4,19,0.523,RAIN,False,5,9
12910,2026-08-29,SEC_BRC_MMCT,250.0,243.8,96.5,4,4,0.371,CLEAR,False,5,11
12952,2026-08-30,SEC_NDLS_MTJ,95.0,131.3,64.4,0,36,0.637,STORM,True,6,16
12952,2026-08-30,SEC_MTJ_BTE,25.0,81.0,25.2,0,56,0.48,STORM,True,6,18
12952,2026-08-30,SEC_BTE_GGC,75.0,79.7,89.6,0,5,0.198,RAIN,False,6,20
12952,2026-08-30,SEC_GGC_SWM,42.0,51.9,74.0,0,10,0.488,RAIN,False,6,22
12952,2026-08-30,SEC_SWM_KOTA,65.0,108.3,59.8,0,43,0.322,STORM,True,6,0
12952,2026-08-30,SEC_KOTA_RATL,170.0,168.7,94.6,0,0,0.542,FOG,False,6,2
12952,2026-08-30,SEC_RATL_BRC,165.0,224.7,69.7,0,60,0.354,STORM,True,6,4
12952,2026-08-30,SEC_BRC_MMCT,250.0,246.4,95.5,0,0,0.689,RAIN,False,6,6
12413,2026-08-30,SEC_NDLS_MTJ,95.0,91.2,92.8,2,2,0.134,CLEAR,False,6,7
12413,2026-08-30,SEC_MTJ_BTE,25.0,40.2,50.7,2,17,0.357,FOG,False,6,9
12413,2026-08-30,SEC_BTE_GGC,75.0,81.4,87.7,2,8,0.347,CLEAR,False,6,11
12413,2026-08-30,SEC_GGC_SWM,42.0,51.8,74.1,2,12,0.455,RAIN,False,6,13
12413,2026-08-30,SEC_SWM_KOTA,65.0,109.5,59.2,2,46,0.445,STORM,True,6,15
12413,2026-08-30,SEC_KOTA_RATL,170.0,196.7,81.1,2,29,0.314,STORM,True,6,17
12413,2026-08-30,SEC_RATL_BRC,165.0,217.0,72.2,2,54,0.272,STORM,True,6,19
12413,2026-08-30,SEC_BRC_MMCT,250.0,256.4,91.7,2,8,0.788,CLEAR,False,6,21
19020,2026-08-30,SEC_NDLS_MTJ,95.0,95.6,88.5,8,9,0.152,CLEAR,False,6,23
19020,2026-08-30,SEC_MTJ_BTE,25.0,26.3,77.6,8,9,0.531,CLEAR,False,6,1
19020,2026-08-30,SEC_BTE_GGC,75.0,77.5,92.1,8,10,0.76,CLEAR,False,6,3
19020,2026-08-30,SEC_GGC_SWM,42.0,45.8,83.8,8,12,0.178,CLEAR,False,6,5
19020,2026-08-30,SEC_SWM_KOTA,65.0,85.8,75.5,8,29,0.479,FOG,False,6,7
19020,2026-08-30,SEC_KOTA_RATL,170.0,169.2,94.3,8,8,0.136,CLEAR,False,6,9
19020,2026-08-30,SEC_RATL_BRC,165.0,240.4,65.1,8,83,0.896,STORM,True,6,11
19020,2026-08-30,SEC_BRC_MMCT,250.0,260.9,90.1,8,19,0.507,CLEAR,False,6,13
12988,2026-08-30,SEC_NDLS_MTJ,95.0,100.5,84.2,2,8,0.745,CLEAR,False,6,6
12988,2026-08-30,SEC_MTJ_BTE,25.0,76.3,26.7,2,53,0.402,STORM,True,6,8
12988,2026-08-30,SEC_BTE_GGC,75.0,81.2,87.9,2,8,0.163,FOG,False,6,10
12988,2026-08-30,SEC_GGC_SWM,42.0,40.8,94.1,2,2,0.261,CLEAR,False,6,12
12988,2026-08-30,SEC_SWM_KOTA,65.0,115.3,56.2,2,52,0.283,STORM,True,6,14
12988,2026-08-30,SEC_KOTA_RATL,170.0,170.9,93.4,2,3,0.43,FOG,False,6,16
12988,2026-08-30,SEC_RATL_BRC,165.0,200.5,78.1,2,38,0.879,STORM,True,6,18
12988,2026-08-30,SEC_BRC_MMCT,250.0,295.1,79.7,2,47,0.229,STORM,True,6,20
12910,2026-08-30,SEC_NDLS_MTJ,95.0,102.8,82.3,4,12,0.627,CLEAR,False,6,21
12910,2026-08-30,SEC_MTJ_BTE,25.0,29.2,69.9,4,8,0.151,CLEAR,False,6,23
12910,2026-08-30,SEC_BTE_GGC,75.0,72.8,98.1,4,4,0.479,CLEAR,False,6,1
12910,2026-08-30,SEC_GGC_SWM,42.0,44.1,87.1,4,6,0.431,CLEAR,False,6,3
12910,2026-08-30,SEC_SWM_KOTA,65.0,61.8,104.9,4,4,0.124,CLEAR,False,6,5
12910,2026-08-30,SEC_KOTA_RATL,170.0,168.2,94.9,4,4,0.607,CLEAR,False,6,7
12910,2026-08-30,SEC_RATL_BRC,165.0,192.8,81.2,4,32,0.705,RAIN,False,6,9
12910,2026-08-30,SEC_BRC_MMCT,250.0,268.2,87.7,4,22,0.514,FOG,False,6,11
12952,2026-08-31,SEC_NDLS_MTJ,95.0,91.2,92.8,0,0,0.353,CLEAR,False,0,16
12952,2026-08-31,SEC_MTJ_BTE,25.0,24.9,81.9,0,0,0.589,CLEAR,False,0,18
12952,2026-08-31,SEC_BTE_GGC,75.0,85.4,83.6,0,10,0.503,FOG,False,0,20
12952,2026-08-31,SEC_GGC_SWM,42.0,50.2,76.5,0,8,0.139,FOG,False,0,22
12952,2026-08-31,SEC_SWM_KOTA,65.0,68.7,94.3,0,4,0.69,CLEAR,False,0,0
12952,2026-08-31,SEC_KOTA_RATL,170.0,161.5,98.8,0,0,0.437,CLEAR,False,0,2
12952,2026-08-31,SEC_RATL_BRC,165.0,167.4,93.5,0,2,0.342,CLEAR,False,0,4
12952,2026-08-31,SEC_BRC_MMCT,250.0,271.1,86.8,0,21,0.582,FOG,False,0,6
12413,2026-08-31,SEC_NDLS_MTJ,95.0,125.3,67.5,0,30,0.35,STORM,True,0,7
12413,2026-08-31,SEC_MTJ_BTE,25.0,33.1,61.6,0,8,0.449,RAIN,False,0,9
12413,2026-08-31,SEC_BTE_GGC,75.0,119.6,59.7,0,45,0.348,STORM,True,0,11
12413,2026-08-31,SEC_GGC_SWM,42.0,42.4,90.6,0,0,0.601,CLEAR,False,0,13
12413,2026-08-31,SEC_SWM_KOTA,65.0,67.7,95.7,0,3,0.233,RAIN,False,0,15
12413,2026-08-31,SEC_KOTA_RATL,170.0,215.2,74.2,0,45,0.466,STORM,True,0,17
12413,2026-08-31,SEC_RATL_BRC,165.0,211.8,73.9,0,47,0.657,STORM,True,0,19
12413,2026-08-31,SEC_BRC_MMCT,250.0,250.2,94.0,0,0,0.632,CLEAR,False,0,21
19020,2026-08-31,SEC_NDLS_MTJ,95.0,91.3,92.7,4,4,0.6,CLEAR,False,0,23
19020,2026-08-31,SEC_MTJ_BTE,25.0,30.6,66.7,4,10,0.574,CLEAR,False,0,1
19020,2026-08-31,SEC_BTE_GGC,75.0,94.6,75.5,4,24,0.534,FOG,False,0,3
19020,2026-08-31,SEC_GGC_SWM,42.0,44.6,86.1,4,7,0.575,CLEAR,False,0,5
19020,2026-08-31,SEC_SWM_KOTA,65.0,69.7,93.0,4,9,0.154,CLEAR,False,0,7
19020,2026-08-31,SEC_KOTA_RATL,170.0,190.4,83.8,4,24,0.615,FOG,False,0,9
19020,2026-08-31,SEC_RATL_BRC,165.0,196.9,79.5,4,36,0.378,RAIN,False,0,11
19020,2026-08-31,SEC_BRC_MMCT,250.0,248.2,94.8,4,4,0.241,CLEAR,False,0,13
12988,2026-08-31,SEC_NDLS_MTJ,95.0,116.4,72.7,2,23,0.315,RAIN,False,0,6
12988,2026-08-31,SEC_MTJ_BTE,25.0,41.8,48.8,2,19,0.327,FOG,False,0,8
12988,2026-08-31,SEC_BTE_GGC,75.0,108.2,66.0,2,35,0.644,STORM,True,0,10
12988,2026-08-31,SEC_GGC_SWM,42.0,43.4,88.5,2,3,0.414,CLEAR,False,0,12
12988,2026-08-31,SEC_SWM_KOTA,65.0,70.5,91.9,2,8,0.104,CLEAR,False,0,14
12988,2026-08-31,SEC_KOTA_RATL,170.0,205.2,77.8,2,37,0.617,STORM,True,0,16
12988,2026-08-31,SEC_RATL_BRC,165.0,163.1,96.0,2,2,0.199,CLEAR,False,0,18
12988,2026-08-31,SEC_BRC_MMCT,250.0,263.2,89.4,2,15,0.238,CLEAR,False,0,20
12910,2026-08-31,SEC_NDLS_MTJ,95.0,114.9,73.6,8,28,0.299,FOG,False,0,21
12910,2026-08-31,SEC_MTJ_BTE,25.0,25.2,81.0,8,8,0.324,CLEAR,False,0,23
12910,2026-08-31,SEC_BTE_GGC,75.0,109.5,65.2,8,42,0.286,STORM,True,0,1
12910,2026-08-31,SEC_GGC_SWM,42.0,78.1,49.2,8,44,0.588,STORM,True,0,3
12910,2026-08-31,SEC_SWM_KOTA,65.0,72.8,89.0,8,16,0.484,CLEAR,False,0,5
12910,2026-08-31,SEC_KOTA_RATL,170.0,199.7,79.9,8,38,0.546,CLEAR,False,0,7
12910,2026-08-31,SEC_RATL_BRC,165.0,191.8,81.6,8,35,0.62,FOG,False,0,9
12910,2026-08-31,SEC_BRC_MMCT,250.0,311.7,75.5,8,70,0.275,STORM,True,0,11
12952,2026-09-01,SEC_NDLS_MTJ,95.0,91.5,92.5,0,0,0.528,CLEAR,False,1,16
12952,2026-09-01,SEC_MTJ_BTE,25.0,27.2,75.0,0,2,0.332,CLEAR,False,1,18
12952,2026-09-01,SEC_BTE_GGC,75.0,79.3,90.0,0,4,0.484,CLEAR,False,1,20
12952,2026-09-01,SEC_GGC_SWM,42.0,40.9,93.9,0,0,0.322,CLEAR,False,1,22
12952,2026-09-01,SEC_SWM_KOTA,65.0,71.2,91.0,0,6,0.39,FOG,False,1,0
12952,2026-09-01,SEC_KOTA_RATL,170.0,177.9,89.7,0,8,0.532,CLEAR,False,1,2
12952,2026-09-01,SEC_RATL_BRC,165.0,156.8,99.9,0,0,0.454,CLEAR,False,1,4
12952,2026-09-01,SEC_BRC_MMCT,250.0,252.1,93.3,0,2,0.283,CLEAR,False,1,6
12413,2026-09-01,SEC_NDLS_MTJ,95.0,97.5,86.8,5,7,0.267,RAIN,False,1,7
12413,2026-09-01,SEC_MTJ_BTE,25.0,35.5,57.5,5,15,0.267,FOG,False,1,9
12413,2026-09-01,SEC_BTE_GGC,75.0,79.9,89.4,5,10,0.413,CLEAR,False,1,11
12413,2026-09-01,SEC_GGC_SWM,42.0,57.6,66.7,5,21,0.239,FOG,False,1,13
12413,2026-09-01,SEC_SWM_KOTA,65.0,82.2,78.8,5,22,0.294,RAIN,False,1,15
12413,2026-09-01,SEC_KOTA_RATL,170.0,174.6,91.4,5,10,0.267,CLEAR,False,1,17
12413,2026-09-01,SEC_RATL_BRC,165.0,162.2,96.5,5,5,0.19,CLEAR,False,1,19
12413,2026-09-01,SEC_BRC_MMCT,250.0,249.0,94.5,5,5,0.266,CLEAR,False,1,21
19020,2026-09-01,SEC_NDLS_MTJ,95.0,98.4,86.0,8,11,0.659,CLEAR,False,1,23
19020,2026-09-01,SEC_MTJ_BTE,25.0,27.3,74.7,8,10,0.348,CLEAR,False,1,1
19020,2026-09-01,SEC_BTE_GGC,75.0,72.3,98.8,8,8,0.488,CLEAR,False,1,3
19020,2026-09-01,SEC_GGC_SWM,42.0,44.1,87.1,8,10,0.492,CLEAR,False,1,5
19020,2026-09-01,SEC_SWM_KOTA,65.0,76.1,85.2,8,19,0.336,CLEAR,False,1,7
19020,2026-09-01,SEC_KOTA_RATL,170.0,167.5,95.3,8,8,0.586,CLEAR,False,1,9
19020,2026-09-01,SEC_RATL_BRC,165.0,169.6,92.3,8,13,0.342,FOG,False,1,11
19020,2026-09-01,SEC_BRC_MMCT,250.0,281.9,83.4,8,40,0.577,FOG,False,1,13
12988,2026-09-01,SEC_NDLS_MTJ,95.0,108.6,77.9,0,14,0.219,CLEAR,True,1,6
12988,2026-09-01,SEC_MTJ_BTE,25.0,29.1,70.1,0,4,0.338,RAIN,False,1,8
12988,2026-09-01,SEC_BTE_GGC,75.0,72.0,99.2,0,0,0.235,CLEAR,False,1,10
12988,2026-09-01,SEC_GGC_SWM,42.0,88.6,43.3,0,47,0.302,STORM,True,1,12
12988,2026-09-01,SEC_SWM_KOTA,65.0,74.8,86.6,0,10,0.609,RAIN,False,1,14
12988,2026-09-01,SEC_KOTA_RATL,170.0,161.5,98.8,0,0,0.65,CLEAR,False,1,16
12988,2026-09-01,SEC_RATL_BRC,165.0,180.0,87.0,0,15,0.331,CLEAR,False,1,18
12988,2026-09-01,SEC_BRC_MMCT,250.0,253.5,92.8,0,4,0.148,CLEAR,False,1,20
12910,2026-09-01,SEC_NDLS_MTJ,95.0,93.3,90.7,4,4,0.109,CLEAR,False,1,21
12910,2026-09-01,SEC_MTJ_BTE,25.0,84.8,24.1,4,64,0.26,STORM,True,1,23
12910,2026-09-01,SEC_BTE_GGC,75.0,71.2,100.3,4,4,0.205,CLEAR,False,1,1
12910,2026-09-01,SEC_GGC_SWM,42.0,47.9,80.2,4,10,0.597,CLEAR,False,1,3
12910,2026-09-01,SEC_SWM_KOTA,65.0,89.5,72.4,4,28,0.431,CLEAR,True,1,5
12910,2026-09-01,SEC_KOTA_RATL,170.0,241.7,66.0,4,76,0.667,STORM,True,1,7
12910,2026-09-01,SEC_RATL_BRC,165.0,170.6,91.8,4,10,0.269,CLEAR,False,1,9
12910,2026-09-01,SEC_BRC_MMCT,250.0,268.1,87.7,4,22,0.501,FOG,False,1,11
12952,2026-09-02,SEC_NDLS_MTJ,95.0,123.9,68.3,0,29,0.699,STORM,True,2,16
12952,2026-09-02,SEC_MTJ_BTE,25.0,28.6,71.3,0,4,0.556,CLEAR,False,2,18
12952,2026-09-02,SEC_BTE_GGC,75.0,84.6,84.4,0,10,0.282,CLEAR,False,2,20
12952,2026-09-02,SEC_GGC_SWM,42.0,78.2,49.1,0,36,0.691,STORM,True,2,22
12952,2026-09-02,SEC_SWM_KOTA,65.0,66.6,97.3,0,2,0.304,CLEAR,False,2,0
12952,2026-09-02,SEC_KOTA_RATL,170.0,177.9,89.7,0,8,0.691,FOG,False,2,2
12952,2026-09-02,SEC_RATL_BRC,165.0,179.5,87.2,0,14,0.694,CLEAR,False,2,4
12952,2026-09-02,SEC_BRC_MMCT,250.0,307.3,76.5,0,57,0.373,STORM,True,2,6
12413,2026-09-02,SEC_NDLS_MTJ,95.0,90.8,93.2,0,0,0.471,FOG,False,2,7
12413,2026-09-02,SEC_MTJ_BTE,25.0,25.3,80.6,0,0,0.131,CLEAR,False,2,9
12413,2026-09-02,SEC_BTE_GGC,75.0,96.8,73.8,0,22,0.147,FOG,False,2,11
12413,2026-09-02,SEC_GGC_SWM,42.0,52.4,73.3,0,10,0.533,RAIN,False,2,13
12413,2026-09-02,SEC_SWM_KOTA,65.0,67.2,96.4,0,2,0.574,CLEAR,False,2,15
12413,2026-09-02,SEC_KOTA_RATL,170.0,183.6,86.9,0,14,0.263,RAIN,False,2,17
12413,2026-09-02,SEC_RATL_BRC,165.0,160.2,97.8,0,0,0.11,CLEAR,False,2,19
12413,2026-09-02,SEC_BRC_MMCT,250.0,246.3,95.5,0,0,0.129,CLEAR,False,2,21
19020,2026-09-02,SEC_NDLS_MTJ,95.0,143.8,58.8,4,53,0.213,STORM,True,2,23
19020,2026-09-02,SEC_MTJ_BTE,25.0,26.3,77.6,4,5,0.195,CLEAR,False,2,1
19020,2026-09-02,SEC_BTE_GGC,75.0,71.2,100.3,4,4,0.321,CLEAR,False,2,3
19020,2026-09-02,SEC_GGC_SWM,42.0,50.2,76.5,4,12,0.323,CLEAR,False,2,5
19020,2026-09-02,SEC_SWM_KOTA,65.0,101.4,63.9,4,40,0.232,STORM,True,2,7
19020,2026-09-02,SEC_KOTA_RATL,170.0,177.7,89.8,4,12,0.148,RAIN,False,2,9
19020,2026-09-02,SEC_RATL_BRC,165.0,180.7,86.7,4,20,0.653,RAIN,False,2,11
19020,2026-09-02,SEC_BRC_MMCT,250.0,250.4,93.9,4,4,0.621,FOG,False,2,13
12988,2026-09-02,SEC_NDLS_MTJ,95.0,139.6,60.6,0,45,0.612,STORM,True,2,6
12988,2026-09-02,SEC_MTJ_BTE,25.0,35.1,58.1,0,10,0.554,RAIN,False,2,8
12988,2026-09-02,SEC_BTE_GGC,75.0,72.4,98.6,0,0,0.352,CLEAR,False,2,10
12988,2026-09-02,SEC_GGC_SWM,42.0,39.9,96.2,0,0,0.664,CLEAR,False,2,12
12988,2026-09-02,SEC_SWM_KOTA,65.0,71.5,90.6,0,6,0.132,FOG,False,2,14
12988,2026-09-02,SEC_KOTA_RATL,170.0,223.1,71.5,0,53,0.644,STORM,True,2,16
12988,2026-09-02,SEC_RATL_BRC,165.0,184.6,84.8,0,20,0.225,FOG,False,2,18
12988,2026-09-02,SEC_BRC_MMCT,250.0,259.6,90.6,0,10,0.201,FOG,False,2,20
12910,2026-09-02,SEC_NDLS_MTJ,95.0,102.6,82.5,4,12,0.241,CLEAR,False,2,21
12910,2026-09-02,SEC_MTJ_BTE,25.0,27.8,73.4,4,7,0.209,CLEAR,False,2,23
12910,2026-09-02,SEC_BTE_GGC,75.0,83.6,85.4,4,13,0.682,CLEAR,False,2,1
12910,2026-09-02,SEC_GGC_SWM,42.0,66.1,58.1,4,28,0.483,FOG,False,2,3
12910,2026-09-02,SEC_SWM_KOTA,65.0,72.2,89.8,4,11,0.118,FOG,False,2,5
12910,2026-09-02,SEC_KOTA_RATL,170.0,221.9,71.9,4,56,0.524,STORM,True,2,7
12910,2026-09-02,SEC_RATL_BRC,165.0,176.0,89.0,4,15,0.103,CLEAR,True,2,9
12910,2026-09-02,SEC_BRC_MMCT,250.0,251.0,93.7,4,5,0.136,RAIN,False,2,11
12952,2026-09-03,SEC_NDLS_MTJ,95.0,108.4,78.0,0,13,0.261,FOG,False,3,16
12952,2026-09-03,SEC_MTJ_BTE,25.0,67.2,30.4,0,42,0.241,STORM,True,3,18
12952,2026-09-03,SEC_BTE_GGC,75.0,85.2,83.8,0,10,0.251,FOG,False,3,20
12952,2026-09-03,SEC_GGC_SWM,42.0,62.2,61.7,0,20,0.242,FOG,False,3,22
12952,2026-09-03,SEC_SWM_KOTA,65.0,66.3,97.7,0,1,0.173,CLEAR,False,3,0
12952,2026-09-03,SEC_KOTA_RATL,170.0,172.4,92.6,0,2,0.586,CLEAR,False,3,2
12952,2026-09-03,SEC_RATL_BRC,165.0,225.6,69.4,0,61,0.157,STORM,True,3,4
12952,2026-09-03,SEC_BRC_MMCT,250.0,254.6,92.4,0,5,0.322,CLEAR,False,3,6
12413,2026-09-03,SEC_NDLS_MTJ,95.0,132.3,63.9,1,38,0.235,STORM,True,3,7
12413,2026-09-03,SEC_MTJ_BTE,25.0,41.2,49.5,1,17,0.686,FOG,False,3,9
12413,2026-09-03,SEC_BTE_GGC,75.0,78.3,91.2,1,4,0.45,RAIN,False,3,11
12413,2026-09-03,SEC_GGC_SWM,42.0,44.4,86.5,1,3,0.23,FOG,False,3,13
12413,2026-09-03,SEC_SWM_KOTA,65.0,73.7,87.9,1,10,0.626,CLEAR,False,3,15
12413,2026-09-03,SEC_KOTA_RATL,170.0,188.3,84.8,1,19,0.192,CLEAR,True,3,17
12413,2026-09-03,SEC_RATL_BRC,165.0,159.1,98.4,1,1,0.565,CLEAR,False,3,19
12413,2026-09-03,SEC_BRC_MMCT,250.0,254.9,92.3,1,6,0.162,CLEAR,False,3,21
19020,2026-09-03,SEC_NDLS_MTJ,95.0,95.6,88.5,2,3,0.586,CLEAR,False,3,23
19020,2026-09-03,SEC_MTJ_BTE,25.0,28.7,71.1,2,6,0.619,CLEAR,False,3,1
19020,2026-09-03,SEC_BTE_GGC,75.0,104.6,68.3,2,32,0.651,STORM,True,3,3
19020,2026-09-03,SEC_GGC_SWM,42.0,47.3,81.2,2,7,0.628,RAIN,False,3,5
19020,2026-09-03,SEC_SWM_KOTA,65.0,68.7,94.3,2,6,0.521,CLEAR,False,3,7
19020,2026-09-03,SEC_KOTA_RATL,170.0,192.6,82.9,2,25,0.16,FOG,False,3,9
19020,2026-09-03,SEC_RATL_BRC,165.0,187.9,83.3,2,25,0.64,CLEAR,False,3,11
19020,2026-09-03,SEC_BRC_MMCT,250.0,245.3,95.9,2,2,0.177,CLEAR,False,3,13
12988,2026-09-03,SEC_NDLS_MTJ,95.0,109.8,77.0,5,20,0.107,FOG,False,3,6
12988,2026-09-03,SEC_MTJ_BTE,25.0,27.9,73.1,5,8,0.599,FOG,False,3,8
12988,2026-09-03,SEC_BTE_GGC,75.0,84.9,84.1,5,15,0.357,RAIN,False,3,10
12988,2026-09-03,SEC_GGC_SWM,42.0,43.0,89.3,5,6,0.655,CLEAR,False,3,12
12988,2026-09-03,SEC_SWM_KOTA,65.0,79.1,81.9,5,19,0.587,FOG,False,3,14
12988,2026-09-03,SEC_KOTA_RATL,170.0,189.1,84.4,5,24,0.197,CLEAR,False,3,16
12988,2026-09-03,SEC_RATL_BRC,165.0,180.3,86.9,5,20,0.506,CLEAR,False,3,18
12988,2026-09-03,SEC_BRC_MMCT,250.0,289.5,81.2,5,45,0.586,STORM,True,3,20
12910,2026-09-03,SEC_NDLS_MTJ,95.0,146.0,57.9,6,57,0.5,STORM,True,3,21
12910,2026-09-03,SEC_MTJ_BTE,25.0,76.3,26.7,6,57,0.455,STORM,True,3,23
12910,2026-09-03,SEC_BTE_GGC,75.0,116.8,61.1,6,48,0.307,STORM,True,3,1
12910,2026-09-03,SEC_GGC_SWM,42.0,40.1,95.8,6,6,0.693,CLEAR,False,3,3
12910,2026-09-03,SEC_SWM_KOTA,65.0,67.8,95.6,6,9,0.429,CLEAR,False,3,5
12910,2026-09-03,SEC_KOTA_RATL,170.0,224.7,71.0,6,61,0.597,STORM,True,3,7
12910,2026-09-03,SEC_RATL_BRC,165.0,172.9,90.6,6,14,0.483,CLEAR,False,3,9
12910,2026-09-03,SEC_BRC_MMCT,250.0,280.9,83.7,6,37,0.137,CLEAR,False,3,11
12952,2026-09-04,SEC_NDLS_MTJ,95.0,99.2,85.3,0,4,0.187,CLEAR,False,4,16
12952,2026-09-04,SEC_MTJ_BTE,25.0,30.6,66.7,0,6,0.274,RAIN,False,4,18
12952,2026-09-04,SEC_BTE_GGC,75.0,72.2,98.9,0,0,0.221,CLEAR,False,4,20
12952,2026-09-04,SEC_GGC_SWM,42.0,92.9,41.3,0,51,0.203,STORM,True,4,22
12952,2026-09-04,SEC_SWM_KOTA,65.0,71.1,91.1,0,6,0.287,RAIN,False,4,0
12952,2026-09-04,SEC_KOTA_RATL,170.0,187.6,85.1,0,18,0.655,CLEAR,False,4,2
12952,2026-09-04,SEC_RATL_BRC,165.0,162.5,96.4,0,0,0.336,RAIN,False,4,4
12952,2026-09-04,SEC_BRC_MMCT,250.0,290.7,80.9,0,41,0.251,STORM,True,4,6
12413,2026-09-04,SEC_NDLS_MTJ,95.0,90.5,93.5,1,1,0.467,CLEAR,False,4,7
12413,2026-09-04,SEC_MTJ_BTE,25.0,34.6,59.0,1,11,0.377,FOG,False,4,9
12413,2026-09-04,SEC_BTE_GGC,75.0,71.3,100.1,1,1,0.256,RAIN,False,4,11
12413,2026-09-04,SEC_GGC_SWM,42.0,57.3,67.0,1,16,0.3,FOG,False,4,13
12413,2026-09-04,SEC_SWM_KOTA,65.0,70.9,91.4,1,7,0.411,CLEAR,False,4,15
12413,2026-09-04,SEC_KOTA_RATL,170.0,189.3,84.3,1,20,0.241,FOG,False,4,17
12413,2026-09-04,SEC_RATL_BRC,165.0,160.3,97.7,1,1,0.317,CLEAR,False,4,19
12413,2026-09-04,SEC_BRC_MMCT,250.0,284.0,82.8,1,35,0.628,CLEAR,False,4,21
19020,2026-09-04,SEC_NDLS_MTJ,95.0,95.7,88.4,10,11,0.164,CLEAR,False,4,23
19020,2026-09-04,SEC_MTJ_BTE,25.0,29.5,69.2,10,14,0.566,CLEAR,False,4,1
19020,2026-09-04,SEC_BTE_GGC,75.0,71.3,100.1,10,10,0.597,CLEAR,False,4,3
19020,2026-09-04,SEC_GGC_SWM,42.0,49.2,78.0,10,17,0.526,RAIN,False,4,5
19020,2026-09-04,SEC_SWM_KOTA,65.0,65.5,98.9,10,10,0.688,CLEAR,False,4,7
19020,2026-09-04,SEC_KOTA_RATL,170.0,180.8,88.3,10,21,0.454,RAIN,True,4,9
19020,2026-09-04,SEC_RATL_BRC,165.0,186.6,83.9,10,32,0.416,CLEAR,True,4,11
19020,2026-09-04,SEC_BRC_MMCT,250.0,248.1,94.8,10,10,0.127,CLEAR,False,4,13
12988,2026-09-04,SEC_NDLS_MTJ,95.0,100.7,84.0,3,9,0.277,CLEAR,False,4,6
12988,2026-09-04,SEC_MTJ_BTE,25.0,48.3,42.2,3,26,0.433,FOG,False,4,8
12988,2026-09-04,SEC_BTE_GGC,75.0,71.2,100.3,3,3,0.331,CLEAR,False,4,10
12988,2026-09-04,SEC_GGC_SWM,42.0,56.2,68.3,3,17,0.501,RAIN,False,4,12
12988,2026-09-04,SEC_SWM_KOTA,65.0,99.9,64.9,3,38,0.248,CLEAR,True,4,14
12988,2026-09-04,SEC_KOTA_RATL,170.0,218.0,73.2,3,51,0.387,STORM,True,4,16
12988,2026-09-04,SEC_RATL_BRC,165.0,201.8,77.6,3,40,0.142,CLEAR,True,4,18
12988,2026-09-04,SEC_BRC_MMCT,250.0,249.8,94.2,3,3,0.454,CLEAR,False,4,20
12910,2026-09-04,SEC_NDLS_MTJ,95.0,92.7,91.3,4,4,0.611,CLEAR,False,4,21
12910,2026-09-04,SEC_MTJ_BTE,25.0,76.5,26.7,4,56,0.637,STORM,True,4,23
12910,2026-09-04,SEC_BTE_GGC,75.0,128.9,55.4,4,58,0.457,STORM,True,4,1
12910,2026-09-04,SEC_GGC_SWM,42.0,39.9,96.2,4,4,0.2,CLEAR,False,4,3
12910,2026-09-04,SEC_SWM_KOTA,65.0,96.9,66.9,4,36,0.592,STORM,True,4,5
12910,2026-09-04,SEC_KOTA_RATL,170.0,214.6,74.4,4,49,0.238,STORM,True,4,7
12910,2026-09-04,SEC_RATL_BRC,165.0,166.8,93.9,4,6,0.49,CLEAR,False,4,9
12910,2026-09-04,SEC_BRC_MMCT,250.0,282.4,83.3,4,36,0.46,FOG,False,4,11
12952,2026-09-05,SEC_NDLS_MTJ,95.0,117.3,72.1,0,22,0.609,CLEAR,True,5,16
12952,2026-09-05,SEC_MTJ_BTE,25.0,67.8,30.1,0,43,0.787,STORM,True,5,18
12952,2026-09-05,SEC_BTE_GGC,75.0,123.9,57.6,0,49,0.627,STORM,True,5,20
12952,2026-09-05,SEC_GGC_SWM,42.0,40.2,95.5,0,0,0.781,CLEAR,False,5,22
12952,2026-09-05,SEC_SWM_KOTA,65.0,72.8,89.0,0,8,0.479,RAIN,False,5,0
12952,2026-09-05,SEC_KOTA_RATL,170.0,176.9,90.2,0,7,0.134,CLEAR,False,5,2
12952,2026-09-05,SEC_RATL_BRC,165.0,163.8,95.6,0,0,0.513,RAIN,False,5,4
12952,2026-09-05,SEC_BRC_MMCT,250.0,263.0,89.4,0,13,0.763,CLEAR,False,5,6
12413,2026-09-05,SEC_NDLS_MTJ,95.0,107.8,78.5,0,13,0.498,CLEAR,False,5,7
12413,2026-09-05,SEC_MTJ_BTE,25.0,66.6,30.6,0,42,0.217,STORM,True,5,9
12413,2026-09-05,SEC_BTE_GGC,75.0,124.4,57.4,0,49,0.708,STORM,True,5,11
12413,2026-09-05,SEC_GGC_SWM,42.0,79.1,48.5,0,37,0.111,STORM,True,5,13
12413,2026-09-05,SEC_SWM_KOTA,65.0,64.5,100.5,0,0,0.222,CLEAR,False,5,15
12413,2026-09-05,SEC_KOTA_RATL,170.0,200.1,79.8,0,30,0.13,STORM,True,5,17
12413,2026-09-05,SEC_RATL_BRC,165.0,193.0,81.1,0,28,0.459,FOG,False,5,19
12413,2026-09-05,SEC_BRC_MMCT,250.0,285.8,82.3,0,36,0.818,FOG,False,5,21
19020,2026-09-05,SEC_NDLS_MTJ,95.0,117.7,71.9,6,29,0.818,FOG,False,5,23
19020,2026-09-05,SEC_MTJ_BTE,25.0,58.6,34.8,6,40,0.594,RAIN,True,5,1
19020,2026-09-05,SEC_BTE_GGC,75.0,81.9,87.2,6,13,0.613,FOG,False,5,3
19020,2026-09-05,SEC_GGC_SWM,42.0,48.7,78.9,6,13,0.223,CLEAR,False,5,5
19020,2026-09-05,SEC_SWM_KOTA,65.0,81.2,79.8,6,22,0.465,FOG,False,5,7
19020,2026-09-05,SEC_KOTA_RATL,170.0,191.6,83.3,6,28,0.779,CLEAR,False,5,9
19020,2026-09-05,SEC_RATL_BRC,165.0,159.6,98.1,6,6,0.365,CLEAR,False,5,11
19020,2026-09-05,SEC_BRC_MMCT,250.0,277.5,84.8,6,34,0.314,FOG,False,5,13
12988,2026-09-05,SEC_NDLS_MTJ,95.0,98.1,86.2,3,6,0.508,CLEAR,False,5,6
12988,2026-09-05,SEC_MTJ_BTE,25.0,69.2,29.5,3,47,0.312,STORM,True,5,8
12988,2026-09-05,SEC_BTE_GGC,75.0,80.9,88.3,3,9,0.608,CLEAR,False,5,10
12988,2026-09-05,SEC_GGC_SWM,42.0,88.3,43.5,3,49,0.349,STORM,True,5,12
12988,2026-09-05,SEC_SWM_KOTA,65.0,71.5,90.6,3,9,0.583,FOG,False,5,14
12988,2026-09-05,SEC_KOTA_RATL,170.0,175.9,90.7,3,9,0.616,CLEAR,False,5,16
12988,2026-09-05,SEC_RATL_BRC,165.0,156.8,99.9,3,3,0.231,CLEAR,False,5,18
12988,2026-09-05,SEC_BRC_MMCT,250.0,237.5,99.0,3,3,0.593,CLEAR,False,5,20
12910,2026-09-05,SEC_NDLS_MTJ,95.0,103.6,81.7,10,19,0.105,CLEAR,False,5,21
12910,2026-09-05,SEC_MTJ_BTE,25.0,31.8,64.2,10,17,0.764,CLEAR,False,5,23
12910,2026-09-05,SEC_BTE_GGC,75.0,87.6,81.5,10,23,0.224,RAIN,False,5,1
12910,2026-09-05,SEC_GGC_SWM,42.0,45.1,85.1,10,13,0.264,CLEAR,False,5,3
12910,2026-09-05,SEC_SWM_KOTA,65.0,68.4,94.7,10,13,0.27,RAIN,False,5,5
12910,2026-09-05,SEC_KOTA_RATL,170.0,222.8,71.6,10,63,0.484,STORM,True,5,7
12910,2026-09-05,SEC_RATL_BRC,165.0,169.0,92.7,10,14,0.251,CLEAR,False,5,9
12910,2026-09-05,SEC_BRC_MMCT,250.0,255.4,92.1,10,15,0.689,FOG,False,5,11
12952,2026-09-06,SEC_NDLS_MTJ,95.0,90.2,93.8,0,0,0.436,CLEAR,False,6,16
12952,2026-09-06,SEC_MTJ_BTE,25.0,33.9,60.2,0,9,0.342,RAIN,False,6,18
12952,2026-09-06,SEC_BTE_GGC,75.0,80.8,88.4,0,6,0.357,FOG,False,6,20
12952,2026-09-06,SEC_GGC_SWM,42.0,39.9,96.2,0,0,0.293,CLEAR,False,6,22
12952,2026-09-06,SEC_SWM_KOTA,65.0,107.3,60.4,0,42,0.293,STORM,True,6,0
12952,2026-09-06,SEC_KOTA_RATL,170.0,175.0,91.2,0,5,0.261,RAIN,False,6,2
12952,2026-09-06,SEC_RATL_BRC,165.0,189.7,82.6,0,25,0.245,STORM,True,6,4
12952,2026-09-06,SEC_BRC_MMCT,250.0,321.3,73.2,0,71,0.472,STORM,True,6,6
12413,2026-09-06,SEC_NDLS_MTJ,95.0,100.7,84.0,1,7,0.261,RAIN,False,6,7
12413,2026-09-06,SEC_MTJ_BTE,25.0,27.1,75.3,1,3,0.695,CLEAR,False,6,9
12413,2026-09-06,SEC_BTE_GGC,75.0,92.0,77.6,1,18,0.764,FOG,False,6,11
12413,2026-09-06,SEC_GGC_SWM,42.0,82.3,46.7,1,41,0.4,STORM,True,6,13
12413,2026-09-06,SEC_SWM_KOTA,65.0,119.1,54.4,1,55,0.423,STORM,True,6,15
12413,2026-09-06,SEC_KOTA_RATL,170.0,188.3,84.8,1,19,0.678,CLEAR,False,6,17
12413,2026-09-06,SEC_RATL_BRC,165.0,171.7,91.2,1,8,0.784,CLEAR,False,6,19
12413,2026-09-06,SEC_BRC_MMCT,250.0,256.1,91.8,1,7,0.696,CLEAR,False,6,21
19020,2026-09-06,SEC_NDLS_MTJ,95.0,156.2,54.2,0,61,0.807,STORM,True,6,23
19020,2026-09-06,SEC_MTJ_BTE,25.0,30.0,68.0,0,5,0.356,CLEAR,False,6,1
19020,2026-09-06,SEC_BTE_GGC,75.0,79.7,89.6,0,5,0.424,CLEAR,False,6,3
19020,2026-09-06,SEC_GGC_SWM,42.0,92.9,41.3,0,51,0.525,STORM,True,6,5
19020,2026-09-06,SEC_SWM_KOTA,65.0,68.0,95.3,0,3,0.493,CLEAR,False,6,7
19020,2026-09-06,SEC_KOTA_RATL,170.0,164.7,96.9,0,0,0.86,CLEAR,False,6,9
19020,2026-09-06,SEC_RATL_BRC,165.0,165.9,94.4,0,1,0.223,CLEAR,False,6,11
19020,2026-09-06,SEC_BRC_MMCT,250.0,278.0,84.6,0,28,0.134,FOG,False,6,13
12988,2026-09-06,SEC_NDLS_MTJ,95.0,90.2,93.8,1,1,0.103,CLEAR,False,6,6
12988,2026-09-06,SEC_MTJ_BTE,25.0,69.5,29.4,1,45,0.331,STORM,True,6,8
12988,2026-09-06,SEC_BTE_GGC,75.0,77.4,92.2,1,3,0.112,FOG,False,6,10
12988,2026-09-06,SEC_GGC_SWM,42.0,53.3,72.0,1,12,0.698,RAIN,False,6,12
12988,2026-09-06,SEC_SWM_KOTA,65.0,72.2,89.8,1,8,0.731,RAIN,False,6,14
12988,2026-09-06,SEC_KOTA_RATL,170.0,188.1,84.8,1,19,0.419,CLEAR,True,6,16
12988,2026-09-06,SEC_RATL_BRC,165.0,172.9,90.6,1,9,0.777,RAIN,False,6,18
12988,2026-09-06,SEC_BRC_MMCT,250.0,297.3,79.1,1,48,0.738,STORM,True,6,20
12910,2026-09-06,SEC_NDLS_MTJ,95.0,109.4,77.3,2,16,0.207,RAIN,False,6,21
12910,2026-09-06,SEC_MTJ_BTE,25.0,30.1,67.8,2,7,0.673,CLEAR,False,6,23
12910,2026-09-06,SEC_BTE_GGC,75.0,81.4,87.7,2,8,0.691,CLEAR,False,6,1
12910,2026-09-06,SEC_GGC_SWM,42.0,95.3,40.3,2,55,0.145,STORM,True,6,3
12910,2026-09-06,SEC_SWM_KOTA,65.0,68.5,94.6,2,6,0.638,CLEAR,False,6,5
12910,2026-09-06,SEC_KOTA_RATL,170.0,179.0,89.2,2,11,0.287,CLEAR,False,6,7
12910,2026-09-06,SEC_RATL_BRC,165.0,185.7,84.3,2,23,0.853,FOG,False,6,9
12910,2026-09-06,SEC_BRC_MMCT,250.0,263.6,89.2,2,16,0.74,FOG,False,6,11
12952,2026-09-07,SEC_NDLS_MTJ,95.0,104.7,80.8,0,10,0.66,FOG,False,0,16
12952,2026-09-07,SEC_MTJ_BTE,25.0,34.6,59.0,0,10,0.132,FOG,False,0,18
12952,2026-09-07,SEC_BTE_GGC,75.0,84.5,84.5,0,10,0.213,CLEAR,False,0,20
12952,2026-09-07,SEC_GGC_SWM,42.0,48.1,79.8,0,6,0.66,CLEAR,False,0,22
12952,2026-09-07,SEC_SWM_KOTA,65.0,61.8,104.9,0,0,0.459,CLEAR,False,0,0
12952,2026-09-07,SEC_KOTA_RATL,170.0,198.5,80.4,0,28,0.209,STORM,True,0,2
12952,2026-09-07,SEC_RATL_BRC,165.0,189.1,82.8,0,24,0.199,CLEAR,False,0,4
12952,2026-09-07,SEC_BRC_MMCT,250.0,248.3,94.7,0,0,0.663,CLEAR,False,0,6
12413,2026-09-07,SEC_NDLS_MTJ,95.0,104.8,80.7,4,14,0.391,CLEAR,False,0,7
12413,2026-09-07,SEC_MTJ_BTE,25.0,27.1,75.3,4,6,0.512,CLEAR,False,0,9
12413,2026-09-07,SEC_BTE_GGC,75.0,79.4,89.9,4,8,0.211,CLEAR,False,0,11
12413,2026-09-07,SEC_GGC_SWM,42.0,87.1,44.1,4,49,0.594,STORM,True,0,13
12413,2026-09-07,SEC_SWM_KOTA,65.0,102.6,63.2,4,42,0.309,STORM,True,0,15
12413,2026-09-07,SEC_KOTA_RATL,170.0,200.4,79.6,4,34,0.311,FOG,False,0,17
12413,2026-09-07,SEC_RATL_BRC,165.0,224.2,69.8,4,63,0.631,STORM,True,0,19
12413,2026-09-07,SEC_BRC_MMCT,250.0,248.3,94.7,4,4,0.643,RAIN,False,0,21
19020,2026-09-07,SEC_NDLS_MTJ,95.0,98.3,86.1,0,3,0.261,RAIN,False,0,23
19020,2026-09-07,SEC_MTJ_BTE,25.0,26.5,77.0,0,2,0.386,CLEAR,False,0,1
19020,2026-09-07,SEC_BTE_GGC,75.0,88.4,80.8,0,13,0.103,CLEAR,True,0,3
19020,2026-09-07,SEC_GGC_SWM,42.0,62.7,61.2,0,21,0.271,FOG,False,0,5
19020,2026-09-07,SEC_SWM_KOTA,65.0,73.1,88.6,0,8,0.429,RAIN,False,0,7
19020,2026-09-07,SEC_KOTA_RATL,170.0,161.5,98.8,0,0,0.499,FOG,False,0,9
19020,2026-09-07,SEC_RATL_BRC,165.0,228.6,68.5,0,64,0.1,STORM,True,0,11
19020,2026-09-07,SEC_BRC_MMCT,250.0,272.8,86.2,0,23,0.162,CLEAR,False,0,13
12988,2026-09-07,SEC_NDLS_MTJ,95.0,94.8,89.2,2,2,0.207,CLEAR,False,0,6
12988,2026-09-07,SEC_MTJ_BTE,25.0,86.9,23.5,2,64,0.404,STORM,True,0,8
12988,2026-09-07,SEC_BTE_GGC,75.0,115.1,62.0,2,42,0.288,STORM,True,0,10
12988,2026-09-07,SEC_GGC_SWM,42.0,46.3,82.9,2,6,0.687,CLEAR,False,0,12
12988,2026-09-07,SEC_SWM_KOTA,65.0,101.3,64.0,2,38,0.54,STORM,True,0,14
12988,2026-09-07,SEC_KOTA_RATL,170.0,209.2,76.3,2,41,0.643,STORM,True,0,16
12988,2026-09-07,SEC_RATL_BRC,165.0,168.4,93.0,2,5,0.527,CLEAR,False,0,18
12988,2026-09-07,SEC_BRC_MMCT,250.0,263.2,89.4,2,15,0.49,FOG,False,0,20
12910,2026-09-07,SEC_NDLS_MTJ,95.0,171.1,49.4,2,78,0.681,STORM,True,0,21
12910,2026-09-07,SEC_MTJ_BTE,25.0,29.9,68.2,2,7,0.269,CLEAR,False,0,23
12910,2026-09-07,SEC_BTE_GGC,75.0,114.0,62.6,2,41,0.501,STORM,True,0,1
12910,2026-09-07,SEC_GGC_SWM,42.0,72.3,53.1,2,32,0.542,STORM,True,0,3
12910,2026-09-07,SEC_SWM_KOTA,65.0,68.9,94.0,2,6,0.277,CLEAR,False,0,5
12910,2026-09-07,SEC_KOTA_RATL,170.0,164.0,97.3,2,2,0.163,CLEAR,False,0,7
12910,2026-09-07,SEC_RATL_BRC,165.0,206.8,75.7,2,44,0.112,STORM,True,0,9
12910,2026-09-07,SEC_BRC_MMCT,250.0,270.4,87.0,2,22,0.513,CLEAR,False,0,11
12952,2026-09-08,SEC_NDLS_MTJ,95.0,111.7,75.7,0,17,0.461,CLEAR,False,1,16
12952,2026-09-08,SEC_MTJ_BTE,25.0,25.6,79.7,0,1,0.124,CLEAR,False,1,18
12952,2026-09-08,SEC_BTE_GGC,75.0,77.1,92.6,0,2,0.322,CLEAR,False,1,20
12952,2026-09-08,SEC_GGC_SWM,42.0,42.1,91.2,0,0,0.109,CLEAR,False,1,22
12952,2026-09-08,SEC_SWM_KOTA,65.0,66.6,97.3,0,2,0.259,CLEAR,False,1,0
12952,2026-09-08,SEC_KOTA_RATL,170.0,193.3,82.6,0,23,0.659,CLEAR,False,1,2
12952,2026-09-08,SEC_RATL_BRC,165.0,170.0,92.1,0,5,0.169,CLEAR,False,1,4
12952,2026-09-08,SEC_BRC_MMCT,250.0,284.0,82.8,0,34,0.383,STORM,True,1,6
12413,2026-09-08,SEC_NDLS_MTJ,95.0,91.2,92.8,0,0,0.488,CLEAR,False,1,7
12413,2026-09-08,SEC_MTJ_BTE,25.0,26.9,75.8,0,2,0.309,CLEAR,False,1,9
12413,2026-09-08,SEC_BTE_GGC,75.0,94.4,75.6,0,19,0.212,FOG,False,1,11
12413,2026-09-08,SEC_GGC_SWM,42.0,43.7,87.9,0,2,0.549,CLEAR,False,1,13
12413,2026-09-08,SEC_SWM_KOTA,65.0,126.8,51.1,0,62,0.575,STORM,True,1,15
12413,2026-09-08,SEC_KOTA_RATL,170.0,179.8,88.8,0,10,0.503,FOG,False,1,17
12413,2026-09-08,SEC_RATL_BRC,165.0,194.5,80.5,0,30,0.145,RAIN,False,1,19
12413,2026-09-08,SEC_BRC_MMCT,250.0,246.5,95.4,0,0,0.457,CLEAR,True,1,21
19020,2026-09-08,SEC_NDLS_MTJ,95.0,133.4,63.4,6,44,0.166,STORM,True,1,23
19020,2026-09-08,SEC_MTJ_BTE,25.0,25.6,79.7,6,7,0.301,CLEAR,False,1,1
19020,2026-09-08,SEC_BTE_GGC,75.0,73.9,96.6,6,6,0.215,CLEAR,False,1,3
19020,2026-09-08,SEC_GGC_SWM,42.0,51.5,74.6,6,16,0.662,FOG,False,1,5
19020,2026-09-08,SEC_SWM_KOTA,65.0,74.6,86.9,6,16,0.429,FOG,False,1,7
19020,2026-09-08,SEC_KOTA_RATL,170.0,199.3,80.1,6,35,0.181,STORM,True,1,9
19020,2026-09-08,SEC_RATL_BRC,165.0,164.6,95.1,6,6,0.399,FOG,False,1,11
19020,2026-09-08,SEC_BRC_MMCT,250.0,251.7,93.4,6,8,0.634,CLEAR,False,1,13
12988,2026-09-08,SEC_NDLS_MTJ,95.0,124.6,67.9,1,31,0.315,STORM,True,1,6
12988,2026-09-08,SEC_MTJ_BTE,25.0,31.9,63.9,1,8,0.437,RAIN,False,1,8
12988,2026-09-08,SEC_BTE_GGC,75.0,131.2,54.4,1,57,0.332,STORM,True,1,10
12988,2026-09-08,SEC_GGC_SWM,42.0,89.5,42.9,1,49,0.17,STORM,True,1,12
12988,2026-09-08,SEC_SWM_KOTA,65.0,115.9,55.9,1,52,0.437,STORM,True,1,14
12988,2026-09-08,SEC_KOTA_RATL,170.0,162.6,98.2,1,1,0.504,RAIN,False,1,16
12988,2026-09-08,SEC_RATL_BRC,165.0,209.0,74.9,1,45,0.503,STORM,True,1,18
12988,2026-09-08,SEC_BRC_MMCT,250.0,250.6,93.9,1,2,0.224,CLEAR,False,1,20
12910,2026-09-08,SEC_NDLS_MTJ,95.0,121.0,69.9,0,26,0.343,FOG,False,1,21
12910,2026-09-08,SEC_MTJ_BTE,25.0,60.2,33.9,0,35,0.116,STORM,True,1,23
12910,2026-09-08,SEC_BTE_GGC,75.0,82.0,87.1,0,7,0.35,RAIN,False,1,1
12910,2026-09-08,SEC_GGC_SWM,42.0,43.9,87.5,0,2,0.686,CLEAR,False,1,3
12910,2026-09-08,SEC_SWM_KOTA,65.0,69.8,92.8,0,5,0.549,CLEAR,False,1,5
12910,2026-09-08,SEC_KOTA_RATL,170.0,161.5,98.8,0,0,0.208,CLEAR,True,1,7
12910,2026-09-08,SEC_RATL_BRC,165.0,181.2,86.4,0,16,0.171,FOG,False,1,9
12910,2026-09-08,SEC_BRC_MMCT,250.0,247.8,94.9,0,0,0.413,CLEAR,False,1,11
12952,2026-09-09,SEC_NDLS_MTJ,95.0,104.6,80.9,0,10,0.438,FOG,False,2,16
12952,2026-09-09,SEC_MTJ_BTE,25.0,41.1,49.6,0,16,0.516,CLEAR,True,2,18
12952,2026-09-09,SEC_BTE_GGC,75.0,135.9,52.5,0,61,0.622,STORM,True,2,20
12952,2026-09-09,SEC_GGC_SWM,42.0,40.4,95.0,0,0,0.131,CLEAR,False,2,22
12952,2026-09-09,SEC_SWM_KOTA,65.0,61.8,104.9,0,0,0.135,CLEAR,False,2,0
12952,2026-09-09,SEC_KOTA_RATL,170.0,190.4,83.8,0,20,0.612,FOG,False,2,2
12952,2026-09-09,SEC_RATL_BRC,165.0,176.6,88.7,0,12,0.497,CLEAR,False,2,4
12952,2026-09-09,SEC_BRC_MMCT,250.0,258.0,91.2,0,8,0.134,RAIN,False,2,6
12413,2026-09-09,SEC_NDLS_MTJ,95.0,107.8,78.5,1,14,0.614,FOG,False,2,7
12413,2026-09-09,SEC_MTJ_BTE,25.0,26.6,76.7,1,3,0.158,CLEAR,False,2,9
12413,2026-09-09,SEC_BTE_GGC,75.0,74.2,96.2,1,1,0.308,CLEAR,False,2,11
12413,2026-09-09,SEC_GGC_SWM,42.0,39.9,96.2,1,1,0.399,CLEAR,False,2,13
12413,2026-09-09,SEC_SWM_KOTA,65.0,64.9,99.8,1,1,0.57,CLEAR,False,2,15
12413,2026-09-09,SEC_KOTA_RATL,170.0,240.3,66.4,1,71,0.185,STORM,True,2,17
12413,2026-09-09,SEC_RATL_BRC,165.0,163.7,95.7,1,1,0.111,CLEAR,False,2,19
12413,2026-09-09,SEC_BRC_MMCT,250.0,269.8,87.2,1,21,0.208,CLEAR,False,2,21
19020,2026-09-09,SEC_NDLS_MTJ,95.0,96.5,87.7,10,12,0.642,CLEAR,False,2,23
19020,2026-09-09,SEC_MTJ_BTE,25.0,24.9,81.9,10,10,0.475,CLEAR,False,2,1
19020,2026-09-09,SEC_BTE_GGC,75.0,99.0,72.1,10,34,0.311,FOG,False,2,3
19020,2026-09-09,SEC_GGC_SWM,42.0,42.6,90.1,10,11,0.151,RAIN,False,2,5
19020,2026-09-09,SEC_SWM_KOTA,65.0,104.2,62.2,10,49,0.608,STORM,True,2,7
19020,2026-09-09,SEC_KOTA_RATL,170.0,161.5,98.8,10,10,0.363,CLEAR,False,2,9
19020,2026-09-09,SEC_RATL_BRC,165.0,168.3,93.0,10,13,0.23,FOG,False,2,11
19020,2026-09-09,SEC_BRC_MMCT,250.0,251.1,93.7,10,11,0.456,CLEAR,False,2,13
12988,2026-09-09,SEC_NDLS_MTJ,95.0,93.4,90.6,1,1,0.535,CLEAR,False,2,6
12988,2026-09-09,SEC_MTJ_BTE,25.0,42.2,48.3,1,18,0.541,FOG,False,2,8
12988,2026-09-09,SEC_BTE_GGC,75.0,93.1,76.7,1,19,0.667,CLEAR,True,2,10
12988,2026-09-09,SEC_GGC_SWM,42.0,45.1,85.1,1,4,0.609,CLEAR,False,2,12
12988,2026-09-09,SEC_SWM_KOTA,65.0,74.3,87.2,1,10,0.25,RAIN,False,2,14
12988,2026-09-09,SEC_KOTA_RATL,170.0,169.7,94.0,1,1,0.629,CLEAR,False,2,16
12988,2026-09-09,SEC_RATL_BRC,165.0,175.4,89.3,1,11,0.326,CLEAR,False,2,18
12988,2026-09-09,SEC_BRC_MMCT,250.0,246.8,95.3,1,1,0.335,CLEAR,False,2,20
12910,2026-09-09,SEC_NDLS_MTJ,95.0,108.0,78.3,4,17,0.434,CLEAR,False,2,21
12910,2026-09-09,SEC_MTJ_BTE,25.0,24.8,82.3,4,4,0.461,CLEAR,False,2,23
12910,2026-09-09,SEC_BTE_GGC,75.0,121.1,59.0,4,50,0.416,STORM,True,2,1
12910,2026-09-09,SEC_GGC_SWM,42.0,43.5,88.3,4,6,0.243,CLEAR,False,2,3
12910,2026-09-09,SEC_SWM_KOTA,65.0,69.2,93.6,4,8,0.462,RAIN,False,2,5
12910,2026-09-09,SEC_KOTA_RATL,170.0,179.7,88.8,4,14,0.165,FOG,False,2,7
12910,2026-09-09,SEC_RATL_BRC,165.0,168.5,92.9,4,8,0.114,CLEAR,False,2,9
12910,2026-09-09,SEC_BRC_MMCT,250.0,252.4,93.2,4,6,0.504,RAIN,False,2,11
12952,2026-09-10,SEC_NDLS_MTJ,95.0,114.4,74.0,0,19,0.3,FOG,False,3,16
12952,2026-09-10,SEC_MTJ_BTE,25.0,71.0,28.7,0,46,0.479,STORM,True,3,18
12952,2026-09-10,SEC_BTE_GGC,75.0,86.7,82.4,0,12,0.698,FOG,False,3,20
12952,2026-09-10,SEC_GGC_SWM,42.0,42.9,89.5,0,1,0.541,CLEAR,False,3,22
12952,2026-09-10,SEC_SWM_KOTA,65.0,66.1,98.0,0,1,0.405,CLEAR,False,3,0
12952,2026-09-10,SEC_KOTA_RATL,170.0,164.0,97.3,0,0,0.305,FOG,False,3,2
12952,2026-09-10,SEC_RATL_BRC,165.0,174.2,89.9,0,9,0.384,CLEAR,False,3,4
12952,2026-09-10,SEC_BRC_MMCT,250.0,268.8,87.5,0,19,0.56,FOG,False,3,6
12413,2026-09-10,SEC_NDLS_MTJ,95.0,91.7,92.3,0,0,0.453,CLEAR,False,3,7
12413,2026-09-10,SEC_MTJ_BTE,25.0,36.9,55.3,0,12,0.356,RAIN,False,3,9
12413,2026-09-10,SEC_BTE_GGC,75.0,87.6,81.5,0,13,0.387,RAIN,False,3,11
12413,2026-09-10,SEC_GGC_SWM,42.0,42.6,90.1,0,1,0.169,CLEAR,False,3,13
12413,2026-09-10,SEC_SWM_KOTA,65.0,62.6,103.5,0,0,0.569,CLEAR,False,3,15
12413,2026-09-10,SEC_KOTA_RATL,170.0,176.6,90.4,0,7,0.648,CLEAR,False,3,17
12413,2026-09-10,SEC_RATL_BRC,165.0,166.7,93.9,0,2,0.305,CLEAR,False,3,19
12413,2026-09-10,SEC_BRC_MMCT,250.0,255.1,92.2,0,5,0.369,RAIN,False,3,21
19020,2026-09-10,SEC_NDLS_MTJ,95.0,146.2,57.9,4,55,0.663,STORM,True,3,23
19020,2026-09-10,SEC_MTJ_BTE,25.0,45.7,44.6,4,25,0.315,FOG,False,3,1
19020,2026-09-10,SEC_BTE_GGC,75.0,147.8,48.3,4,77,0.612,STORM,True,3,3
19020,2026-09-10,SEC_GGC_SWM,42.0,43.4,88.5,4,5,0.137,CLEAR,False,3,5
19020,2026-09-10,SEC_SWM_KOTA,65.0,114.1,56.8,4,53,0.188,STORM,True,3,7
19020,2026-09-10,SEC_KOTA_RATL,170.0,202.3,78.9,4,36,0.683,STORM,True,3,9
19020,2026-09-10,SEC_RATL_BRC,165.0,231.8,67.6,4,71,0.497,STORM,True,3,11
19020,2026-09-10,SEC_BRC_MMCT,250.0,248.0,94.8,4,4,0.638,CLEAR,False,3,13
12988,2026-09-10,SEC_NDLS_MTJ,95.0,90.2,93.8,0,0,0.409,CLEAR,False,3,6
12988,2026-09-10,SEC_MTJ_BTE,25.0,40.0,51.0,0,15,0.527,RAIN,False,3,8
12988,2026-09-10,SEC_BTE_GGC,75.0,120.2,59.4,0,45,0.204,STORM,True,3,10
12988,2026-09-10,SEC_GGC_SWM,42.0,56.5,68.0,0,14,0.422,FOG,False,3,12
12988,2026-09-10,SEC_SWM_KOTA,65.0,87.1,74.4,0,22,0.544,FOG,False,3,14
12988,2026-09-10,SEC_KOTA_RATL,170.0,208.8,76.4,0,39,0.275,FOG,False,3,16
12988,2026-09-10,SEC_RATL_BRC,165.0,156.8,99.9,0,0,0.17,RAIN,False,3,18
12988,2026-09-10,SEC_BRC_MMCT,250.0,315.6,74.5,0,66,0.497,STORM,True,3,20
12910,2026-09-10,SEC_NDLS_MTJ,95.0,106.5,79.4,6,18,0.336,FOG,False,3,21
12910,2026-09-10,SEC_MTJ_BTE,25.0,81.9,24.9,6,63,0.478,STORM,True,3,23
12910,2026-09-10,SEC_BTE_GGC,75.0,78.7,90.7,6,10,0.125,RAIN,False,3,1
12910,2026-09-10,SEC_GGC_SWM,42.0,83.9,45.8,6,48,0.442,STORM,True,3,3
12910,2026-09-10,SEC_SWM_KOTA,65.0,70.2,92.3,6,11,0.289,CLEAR,False,3,5
12910,2026-09-10,SEC_KOTA_RATL,170.0,181.0,88.2,6,17,0.234,CLEAR,False,3,7
12910,2026-09-10,SEC_RATL_BRC,165.0,169.7,92.3,6,11,0.623,CLEAR,False,3,9
12910,2026-09-10,SEC_BRC_MMCT,250.0,237.5,99.0,6,6,0.434,CLEAR,False,3,11
12952,2026-09-11,SEC_NDLS_MTJ,95.0,90.2,93.8,0,0,0.116,CLEAR,False,4,16
12952,2026-09-11,SEC_MTJ_BTE,25.0,25.9,78.8,0,1,0.576,CLEAR,False,4,18
12952,2026-09-11,SEC_BTE_GGC,75.0,84.4,84.6,0,9,0.34,RAIN,False,4,20
12952,2026-09-11,SEC_GGC_SWM,42.0,45.0,85.3,0,3,0.651,CLEAR,False,4,22
12952,2026-09-11,SEC_SWM_KOTA,65.0,72.3,89.6,0,7,0.196,CLEAR,False,4,0
12952,2026-09-11,SEC_KOTA_RATL,170.0,165.0,96.7,0,0,0.501,CLEAR,False,4,2
12952,2026-09-11,SEC_RATL_BRC,165.0,172.1,91.0,0,7,0.239,FOG,False,4,4
12952,2026-09-11,SEC_BRC_MMCT,250.0,237.5,99.0,0,0,0.212,CLEAR,False,4,6
12413,2026-09-11,SEC_NDLS_MTJ,95.0,104.4,81.0,2,11,0.583,CLEAR,False,4,7
12413,2026-09-11,SEC_MTJ_BTE,25.0,23.8,85.7,2,2,0.36,CLEAR,False,4,9
12413,2026-09-11,SEC_BTE_GGC,75.0,122.8,58.1,2,50,0.287,STORM,True,4,11
12413,2026-09-11,SEC_GGC_SWM,42.0,47.9,80.2,2,8,0.616,CLEAR,False,4,13
12413,2026-09-11,SEC_SWM_KOTA,65.0,78.9,82.1,2,16,0.571,FOG,False,4,15
12413,2026-09-11,SEC_KOTA_RATL,170.0,190.3,83.9,2,22,0.154,CLEAR,False,4,17
12413,2026-09-11,SEC_RATL_BRC,165.0,161.0,97.3,2,2,0.575,CLEAR,False,4,19
12413,2026-09-11,SEC_BRC_MMCT,250.0,273.4,86.0,2,25,0.224,RAIN,False,4,21
19020,2026-09-11,SEC_NDLS_MTJ,95.0,94.9,89.1,0,0,0.534,CLEAR,False,4,23
19020,2026-09-11,SEC_MTJ_BTE,25.0,27.8,73.4,0,3,0.633,CLEAR,False,4,1
19020,2026-09-11,SEC_BTE_GGC,75.0,73.7,96.9,0,0,0.664,CLEAR,False,4,3
19020,2026-09-11,SEC_GGC_SWM,42.0,82.7,46.4,0,41,0.686,STORM,True,4,5
19020,2026-09-11,SEC_SWM_KOTA,65.0,85.8,75.5,0,21,0.683,CLEAR,True,4,7
19020,2026-09-11,SEC_KOTA_RATL,170.0,161.5,98.8,0,0,0.622,CLEAR,False,4,9
19020,2026-09-11,SEC_RATL_BRC,165.0,182.9,85.6,0,18,0.218,CLEAR,False,4,11
19020,2026-09-11,SEC_BRC_MMCT,250.0,269.8,87.2,0,20,0.543,CLEAR,False,4,13
12988,2026-09-11,SEC_NDLS_MTJ,95.0,106.4,79.5,5,16,0.681,FOG,False,4,6
12988,2026-09-11,SEC_MTJ_BTE,25.0,30.6,66.7,5,11,0.241,RAIN,False,4,8
12988,2026-09-11,SEC_BTE_GGC,75.0,125.9,56.7,5,56,0.441,STORM,True,4,10
12988,2026-09-11,SEC_GGC_SWM,42.0,71.5,53.7,5,35,0.442,FOG,True,4,12
12988,2026-09-11,SEC_SWM_KOTA,65.0,72.8,89.0,5,13,0.149,CLEAR,False,4,14
12988,2026-09-11,SEC_KOTA_RATL,170.0,170.3,93.7,5,5,0.465,FOG,False,4,16
12988,2026-09-11,SEC_RATL_BRC,165.0,166.7,93.9,5,7,0.396,CLEAR,False,4,18
12988,2026-09-11,SEC_BRC_MMCT,250.0,252.5,93.1,5,7,0.582,CLEAR,False,4,20
12910,2026-09-11,SEC_NDLS_MTJ,95.0,107.3,78.8,2,14,0.547,CLEAR,False,4,21
12910,2026-09-11,SEC_MTJ_BTE,25.0,77.2,26.4,2,54,0.68,STORM,True,4,23
12910,2026-09-11,SEC_BTE_GGC,75.0,81.1,88.0,2,8,0.259,RAIN,False,4,1
12910,2026-09-11,SEC_GGC_SWM,42.0,95.3,40.3,2,55,0.343,STORM,True,4,3
12910,2026-09-11,SEC_SWM_KOTA,65.0,124.5,52.0,2,62,0.636,STORM,True,4,5
12910,2026-09-11,SEC_KOTA_RATL,170.0,161.5,98.8,2,2,0.159,CLEAR,False,4,7
12910,2026-09-11,SEC_RATL_BRC,165.0,159.8,98.0,2,2,0.589,CLEAR,False,4,9
12910,2026-09-11,SEC_BRC_MMCT,250.0,260.8,90.2,2,13,0.404,CLEAR,False,4,11
12952,2026-09-12,SEC_NDLS_MTJ,95.0,101.8,83.1,0,7,0.134,RAIN,False,5,16
12952,2026-09-12,SEC_MTJ_BTE,25.0,29.5,69.2,0,4,0.525,RAIN,False,5,18
12952,2026-09-12,SEC_BTE_GGC,75.0,83.3,85.7,0,8,0.36,RAIN,False,5,20
12952,2026-09-12,SEC_GGC_SWM,42.0,74.3,51.7,0,32,0.462,FOG,True,5,22
12952,2026-09-12,SEC_SWM_KOTA,65.0,70.5,91.9,0,6,0.614,RAIN,False,5,0
12952,2026-09-12,SEC_KOTA_RATL,170.0,188.3,84.8,0,18,0.251,RAIN,False,5,2
12952,2026-09-12,SEC_RATL_BRC,165.0,207.1,75.6,0,42,0.194,STORM,True,5,4
12952,2026-09-12,SEC_BRC_MMCT,250.0,266.6,88.2,0,17,0.803,FOG,False,5,6
12413,2026-09-12,SEC_NDLS_MTJ,95.0,105.8,80.0,2,13,0.187,CLEAR,False,5,7
12413,2026-09-12,SEC_MTJ_BTE,25.0,45.2,45.1,2,22,0.68,CLEAR,True,5,9
12413,2026-09-12,SEC_BTE_GGC,75.0,110.7,64.5,2,38,0.558,STORM,True,5,11
12413,2026-09-12,SEC_GGC_SWM,42.0,86.8,44.2,2,47,0.711,STORM,True,5,13
12413,2026-09-12,SEC_SWM_KOTA,65.0,68.9,94.0,2,6,0.629,CLEAR,False,5,15
12413,2026-09-12,SEC_KOTA_RATL,170.0,176.2,90.6,2,8,0.781,CLEAR,False,5,17
12413,2026-09-12,SEC_RATL_BRC,165.0,192.4,81.4,2,29,0.13,STORM,True,5,19
12413,2026-09-12,SEC_BRC_MMCT,250.0,259.0,90.8,2,11,0.73,CLEAR,False,5,21
19020,2026-09-12,SEC_NDLS_MTJ,95.0,130.1,65.0,10,45,0.148,STORM,True,5,23
19020,2026-09-12,SEC_MTJ_BTE,25.0,39.8,51.3,10,25,0.37,RAIN,False,5,1
19020,2026-09-12,SEC_BTE_GGC,75.0,71.2,100.3,10,10,0.539,CLEAR,False,5,3
19020,2026-09-12,SEC_GGC_SWM,42.0,39.9,96.2,10,10,0.414,CLEAR,False,5,5
19020,2026-09-12,SEC_SWM_KOTA,65.0,94.4,68.6,10,39,0.582,FOG,False,5,7
19020,2026-09-12,SEC_KOTA_RATL,170.0,234.1,68.2,10,74,0.111,STORM,True,5,9
19020,2026-09-12,SEC_RATL_BRC,165.0,220.8,70.9,10,66,0.876,STORM,True,5,11
19020,2026-09-12,SEC_BRC_MMCT,250.0,279.5,84.2,10,40,0.121,FOG,False,5,13
12988,2026-09-12,SEC_NDLS_MTJ,95.0,110.9,76.3,0,16,0.398,CLEAR,False,5,6
12988,2026-09-12,SEC_MTJ_BTE,25.0,36.0,56.7,0,11,0.7,RAIN,False,5,8
12988,2026-09-12,SEC_BTE_GGC,75.0,77.8,91.8,0,3,0.675,CLEAR,False,5,10
12988,2026-09-12,SEC_GGC_SWM,42.0,40.8,94.1,0,0,0.259,CLEAR,False,5,12
12988,2026-09-12,SEC_SWM_KOTA,65.0,72.7,89.1,0,8,0.636,FOG,False,5,14
12988,2026-09-12,SEC_KOTA_RATL,170.0,224.6,71.1,0,55,0.843,STORM,True,5,16
12988,2026-09-12,SEC_RATL_BRC,165.0,162.2,96.5,0,0,0.216,CLEAR,False,5,18
12988,2026-09-12,SEC_BRC_MMCT,250.0,262.3,89.7,0,12,0.39,CLEAR,False,5,20
12910,2026-09-12,SEC_NDLS_MTJ,95.0,99.4,85.1,2,6,0.807,CLEAR,False,5,21
12910,2026-09-12,SEC_MTJ_BTE,25.0,30.4,67.1,2,7,0.766,CLEAR,False,5,23
12910,2026-09-12,SEC_BTE_GGC,75.0,99.4,71.8,2,26,0.8,FOG,False,5,1
12910,2026-09-12,SEC_GGC_SWM,42.0,48.4,79.3,2,8,0.873,CLEAR,False,5,3
12910,2026-09-12,SEC_SWM_KOTA,65.0,110.5,58.6,2,48,0.345,STORM,True,5,5
12910,2026-09-12,SEC_KOTA_RATL,170.0,190.3,83.9,2,22,0.381,FOG,False,5,7
12910,2026-09-12,SEC_RATL_BRC,165.0,176.6,88.7,2,14,0.378,CLEAR,False,5,9
12910,2026-09-12,SEC_BRC_MMCT,250.0,237.8,98.9,2,2,0.665,CLEAR,False,5,11
12952,2026-09-13,SEC_NDLS_MTJ,95.0,105.8,80.0,0,11,0.185,FOG,False,6,16
12952,2026-09-13,SEC_MTJ_BTE,25.0,23.8,85.7,0,0,0.176,CLEAR,False,6,18
12952,2026-09-13,SEC_BTE_GGC,75.0,79.6,89.7,0,5,0.214,CLEAR,False,6,20
12952,2026-09-13,SEC_GGC_SWM,42.0,41.1,93.4,0,0,0.542,CLEAR,False,6,22
12952,2026-09-13,SEC_SWM_KOTA,65.0,71.7,90.4,0,7,0.425,CLEAR,False,6,0
12952,2026-09-13,SEC_KOTA_RATL,170.0,161.5,98.8,0,0,0.132,FOG,False,6,2
12952,2026-09-13,SEC_RATL_BRC,165.0,226.9,69.0,0,62,0.564,STORM,True,6,4
12952,2026-09-13,SEC_BRC_MMCT,250.0,244.6,96.2,0,0,0.258,RAIN,False,6,6
12413,2026-09-13,SEC_NDLS_MTJ,95.0,125.2,67.6,4,34,0.422,FOG,True,6,7
12413,2026-09-13,SEC_MTJ_BTE,25.0,81.2,25.1,4,60,0.884,STORM,True,6,9
12413,2026-09-13,SEC_BTE_GGC,75.0,76.0,93.9,4,5,0.541,CLEAR,False,6,11
12413,2026-09-13,SEC_GGC_SWM,42.0,82.9,46.3,4,45,0.152,STORM,True,6,13
12413,2026-09-13,SEC_SWM_KOTA,65.0,64.5,100.5,4,4,0.148,CLEAR,False,6,15
12413,2026-09-13,SEC_KOTA_RATL,170.0,161.5,98.8,4,4,0.453,CLEAR,False,6,17
12413,2026-09-13,SEC_RATL_BRC,165.0,156.8,99.9,4,4,0.531,CLEAR,False,6,19
12413,2026-09-13,SEC_BRC_MMCT,250.0,291.7,80.6,4,46,0.235,FOG,False,6,21
19020,2026-09-13,SEC_NDLS_MTJ,95.0,119.0,71.1,6,30,0.434,FOG,False,6,23
19020,2026-09-13,SEC_MTJ_BTE,25.0,82.8,24.6,6,64,0.89,STORM,True,6,1
19020,2026-09-13,SEC_BTE_GGC,75.0,85.8,83.2,6,17,0.432,RAIN,False,6,3
19020,2026-09-13,SEC_GGC_SWM,42.0,86.1,44.6,6,50,0.382,STORM,True,6,5
19020,2026-09-13,SEC_SWM_KOTA,65.0,69.5,93.2,6,10,0.675,FOG,False,6,7
19020,2026-09-13,SEC_KOTA_RATL,170.0,172.3,92.6,6,8,0.121,CLEAR,False,6,9
19020,2026-09-13,SEC_RATL_BRC,165.0,180.8,86.6,6,22,0.477,CLEAR,False,6,11
19020,2026-09-13,SEC_BRC_MMCT,250.0,249.7,94.2,6,6,0.653,CLEAR,False,6,13
12988,2026-09-13,SEC_NDLS_MTJ,95.0,134.9,62.7,5,45,0.23,STORM,True,6,6
12988,2026-09-13,SEC_MTJ_BTE,25.0,70.8,28.8,5,51,0.423,STORM,True,6,8
12988,2026-09-13,SEC_BTE_GGC,75.0,77.3,92.4,5,7,0.696,CLEAR,False,6,10
12988,2026-09-13,SEC_GGC_SWM,42.0,42.6,90.1,5,6,0.425,CLEAR,False,6,12
12988,2026-09-13,SEC_SWM_KOTA,65.0,70.6,91.8,5,11,0.801,CLEAR,False,6,14
12988,2026-09-13,SEC_KOTA_RATL,170.0,176.2,90.6,5,11,0.399,CLEAR,False,6,16
12988,2026-09-13,SEC_RATL_BRC,165.0,160.6,97.5,5,5,0.374,CLEAR,False,6,18
12988,2026-09-13,SEC_BRC_MMCT,250.0,237.5,99.0,5,5,0.378,CLEAR,False,6,20
12910,2026-09-13,SEC_NDLS_MTJ,95.0,149.2,56.7,0,54,0.677,STORM,True,6,21
12910,2026-09-13,SEC_MTJ_BTE,25.0,26.3,77.6,0,1,0.312,CLEAR,False,6,23
12910,2026-09-13,SEC_BTE_GGC,75.0,109.6,65.1,0,35,0.237,STORM,True,6,1
12910,2026-09-13,SEC_GGC_SWM,42.0,42.7,89.9,0,1,0.249,CLEAR,False,6,3
12910,2026-09-13,SEC_SWM_KOTA,65.0,78.1,83.0,0,13,0.582,FOG,False,6,5
12910,2026-09-13,SEC_KOTA_RATL,170.0,183.1,87.2,0,13,0.164,FOG,False,6,7
12910,2026-09-13,SEC_RATL_BRC,165.0,175.8,89.1,0,11,0.496,CLEAR,False,6,9
12910,2026-09-13,SEC_BRC_MMCT,250.0,266.5,88.3,0,16,0.215,FOG,False,6,11
12952,2026-09-14,SEC_NDLS_MTJ,95.0,96.0,88.1,0,1,0.54,RAIN,False,0,16
12952,2026-09-14,SEC_MTJ_BTE,25.0,37.2,54.8,0,12,0.515,FOG,False,0,18
12952,2026-09-14,SEC_BTE_GGC,75.0,72.5,98.5,0,0,0.558,CLEAR,False,0,20
12952,2026-09-14,SEC_GGC_SWM,42.0,41.8,91.9,0,0,0.448,CLEAR,False,0,22
12952,2026-09-14,SEC_SWM_KOTA,65.0,63.0,102.9,0,0,0.379,CLEAR,False,0,0
12952,2026-09-14,SEC_KOTA_RATL,170.0,176.8,90.3,0,7,0.258,CLEAR,False,0,2
12952,2026-09-14,SEC_RATL_BRC,165.0,190.4,82.2,0,25,0.607,FOG,False,0,4
12952,2026-09-14,SEC_BRC_MMCT,250.0,240.6,97.8,0,0,0.178,CLEAR,False,0,6
12413,2026-09-14,SEC_NDLS_MTJ,95.0,95.0,89.1,3,3,0.633,CLEAR,False,0,7
12413,2026-09-14,SEC_MTJ_BTE,25.0,28.7,71.1,3,7,0.502,CLEAR,False,0,9
12413,2026-09-14,SEC_BTE_GGC,75.0,86.6,82.4,3,15,0.489,FOG,False,0,11
12413,2026-09-14,SEC_GGC_SWM,42.0,42.9,89.5,3,4,0.379,CLEAR,False,0,13
12413,2026-09-14,SEC_SWM_KOTA,65.0,61.8,104.9,3,3,0.223,CLEAR,False,0,15
12413,2026-09-14,SEC_KOTA_RATL,170.0,180.5,88.4,3,13,0.261,CLEAR,False,0,17
12413,2026-09-14,SEC_RATL_BRC,165.0,164.3,95.3,3,3,0.638,CLEAR,False,0,19
12413,2026-09-14,SEC_BRC_MMCT,250.0,262.8,89.5,3,16,0.206,FOG,False,0,21
19020,2026-09-14,SEC_NDLS_MTJ,95.0,102.1,82.9,0,7,0.405,CLEAR,False,0,23
19020,2026-09-14,SEC_MTJ_BTE,25.0,39.0,52.3,0,14,0.458,RAIN,False,0,1
19020,2026-09-14,SEC_BTE_GGC,75.0,85.1,83.9,0,10,0.309,RAIN,False,0,3
19020,2026-09-14,SEC_GGC_SWM,42.0,58.9,65.2,0,17,0.343,FOG,False,0,5
19020,2026-09-14,SEC_SWM_KOTA,65.0,61.8,104.9,0,0,0.639,CLEAR,False,0,7
19020,2026-09-14,SEC_KOTA_RATL,170.0,179.3,89.0,0,9,0.698,RAIN,False,0,9
19020,2026-09-14,SEC_RATL_BRC,165.0,169.3,92.5,0,4,0.231,CLEAR,False,0,11
19020,2026-09-14,SEC_BRC_MMCT,250.0,259.5,90.6,0,10,0.33,FOG,False,0,13
12988,2026-09-14,SEC_NDLS_MTJ,95.0,100.0,84.6,4,9,0.243,CLEAR,False,0,6
12988,2026-09-14,SEC_MTJ_BTE,25.0,26.7,76.4,4,6,0.495,CLEAR,False,0,8
12988,2026-09-14,SEC_BTE_GGC,75.0,77.3,92.4,4,6,0.241,CLEAR,False,0,10
12988,2026-09-14,SEC_GGC_SWM,42.0,62.2,61.7,4,24,0.594,FOG,False,0,12
12988,2026-09-14,SEC_SWM_KOTA,65.0,100.5,64.5,4,40,0.186,STORM,True,0,14
12988,2026-09-14,SEC_KOTA_RATL,170.0,187.3,85.2,4,21,0.545,FOG,False,0,16
12988,2026-09-14,SEC_RATL_BRC,165.0,174.9,89.5,4,14,0.539,CLEAR,False,0,18
12988,2026-09-14,SEC_BRC_MMCT,250.0,239.8,98.1,4,4,0.409,CLEAR,False,0,20
12910,2026-09-14,SEC_NDLS_MTJ,95.0,106.6,79.4,8,20,0.5,CLEAR,False,0,21
12910,2026-09-14,SEC_MTJ_BTE,25.0,26.0,78.5,8,9,0.437,CLEAR,False,0,23
12910,2026-09-14,SEC_BTE_GGC,75.0,95.8,74.5,8,29,0.363,FOG,False,0,1
12910,2026-09-14,SEC_GGC_SWM,42.0,48.0,80.0,8,14,0.334,RAIN,False,0,3
12910,2026-09-14,SEC_SWM_KOTA,65.0,102.9,63.0,8,46,0.391,STORM,True,0,5
12910,2026-09-14,SEC_KOTA_RATL,170.0,178.9,89.2,8,17,0.619,CLEAR,False,0,7
12910,2026-09-14,SEC_RATL_BRC,165.0,180.4,86.8,8,23,0.158,FOG,False,0,9
12910,2026-09-14,SEC_BRC_MMCT,250.0,269.4,87.3,8,27,0.339,FOG,True,0,11
12952,2026-09-15,SEC_NDLS_MTJ,95.0,95.2,88.9,0,0,0.355,CLEAR,False,1,16
12952,2026-09-15,SEC_MTJ_BTE,25.0,24.8,82.3,0,0,0.344,CLEAR,False,1,18
12952,2026-09-15,SEC_BTE_GGC,75.0,123.9,57.6,0,49,0.156,STORM,True,1,20
12952,2026-09-15,SEC_GGC_SWM,42.0,45.8,83.8,0,4,0.152,CLEAR,False,1,22
12952,2026-09-15,SEC_SWM_KOTA,65.0,61.8,104.9,0,0,0.662,CLEAR,False,1,0
12952,2026-09-15,SEC_KOTA_RATL,170.0,176.3,90.5,0,6,0.375,CLEAR,False,1,2
12952,2026-09-15,SEC_RATL_BRC,165.0,156.8,99.9,0,0,0.663,CLEAR,False,1,4
12952,2026-09-15,SEC_BRC_MMCT,250.0,241.7,97.3,0,0,0.544,FOG,False,1,6
12413,2026-09-15,SEC_NDLS_MTJ,95.0,151.6,55.8,4,61,0.444,STORM,True,1,7
12413,2026-09-15,SEC_MTJ_BTE,25.0,23.8,85.7,4,4,0.251,CLEAR,False,1,9
12413,2026-09-15,SEC_BTE_GGC,75.0,71.2,100.3,4,4,0.172,CLEAR,False,1,11
12413,2026-09-15,SEC_GGC_SWM,42.0,44.7,85.9,4,7,0.508,CLEAR,False,1,13
12413,2026-09-15,SEC_SWM_KOTA,65.0,67.4,96.1,4,6,0.215,RAIN,False,1,15
12413,2026-09-15,SEC_KOTA_RATL,170.0,169.4,94.2,4,4,0.222,CLEAR,False,1,17
12413,2026-09-15,SEC_RATL_BRC,165.0,169.9,92.2,4,9,0.424,RAIN,False,1,19
12413,2026-09-15,SEC_BRC_MMCT,250.0,252.5,93.1,4,6,0.288,CLEAR,True,1,21
19020,2026-09-15,SEC_NDLS_MTJ,95.0,151.1,56.0,6,62,0.221,STORM,True,1,23
19020,2026-09-15,SEC_MTJ_BTE,25.0,76.9,26.5,6,58,0.68,STORM,True,1,1
19020,2026-09-15,SEC_BTE_GGC,75.0,74.8,95.5,6,6,0.477,CLEAR,False,1,3
19020,2026-09-15,SEC_GGC_SWM,42.0,77.3,49.7,6,41,0.404,STORM,True,1,5
19020,2026-09-15,SEC_SWM_KOTA,65.0,69.7,93.0,6,11,0.184,RAIN,False,1,7
19020,2026-09-15,SEC_KOTA_RATL,170.0,178.4,89.5,6,14,0.253,RAIN,False,1,9
19020,2026-09-15,SEC_RATL_BRC,165.0,185.4,84.5,6,26,0.308,RAIN,False,1,11
19020,2026-09-15,SEC_BRC_MMCT,250.0,273.7,85.9,6,30,0.409,RAIN,False,1,13
12988,2026-09-15,SEC_NDLS_MTJ,95.0,97.8,86.5,2,5,0.164,RAIN,False,1,6
12988,2026-09-15,SEC_MTJ_BTE,25.0,34.4,59.3,2,11,0.167,RAIN,False,1,8
12988,2026-09-15,SEC_BTE_GGC,75.0,86.1,82.9,2,13,0.16,FOG,False,1,10
12988,2026-09-15,SEC_GGC_SWM,42.0,74.6,51.5,2,35,0.576,STORM,True,1,12
12988,2026-09-15,SEC_SWM_KOTA,65.0,66.2,97.9,2,3,0.351,CLEAR,False,1,14
12988,2026-09-15,SEC_KOTA_RATL,170.0,166.1,96.1,2,2,0.589,FOG,False,1,16
12988,2026-09-15,SEC_RATL_BRC,165.0,196.4,79.7,2,33,0.371,FOG,False,1,18
12988,2026-09-15,SEC_BRC_MMCT,250.0,260.1,90.4,2,12,0.468,RAIN,False,1,20
12910,2026-09-15,SEC_NDLS_MTJ,95.0,107.3,78.8,6,18,0.631,FOG,False,1,21
12910,2026-09-15,SEC_MTJ_BTE,25.0,43.4,47.0,6,24,0.567,CLEAR,True,1,23
12910,2026-09-15,SEC_BTE_GGC,75.0,78.0,91.5,6,9,0.301,CLEAR,False,1,1
12910,2026-09-15,SEC_GGC_SWM,42.0,42.8,89.7,6,7,0.54,CLEAR,False,1,3
12910,2026-09-15,SEC_SWM_KOTA,65.0,75.9,85.4,6,17,0.327,FOG,False,1,5
12910,2026-09-15,SEC_KOTA_RATL,170.0,179.0,89.2,6,15,0.178,CLEAR,False,1,7
12910,2026-09-15,SEC_RATL_BRC,165.0,193.9,80.8,6,35,0.506,FOG,False,1,9
12910,2026-09-15,SEC_BRC_MMCT,250.0,259.5,90.6,6,16,0.664,CLEAR,False,1,11
12952,2026-09-16,SEC_NDLS_MTJ,95.0,96.8,87.4,0,2,0.616,CLEAR,False,2,16
12952,2026-09-16,SEC_MTJ_BTE,25.0,27.1,75.3,0,2,0.378,CLEAR,False,2,18
12952,2026-09-16,SEC_BTE_GGC,75.0,82.3,86.8,0,7,0.522,RAIN,False,2,20
12952,2026-09-16,SEC_GGC_SWM,42.0,40.4,95.0,0,0,0.344,CLEAR,False,2,22
12952,2026-09-16,SEC_SWM_KOTA,65.0,66.7,97.2,0,2,0.17,CLEAR,False,2,0
12952,2026-09-16,SEC_KOTA_RATL,170.0,161.5,98.8,0,0,0.217,CLEAR,False,2,2
12952,2026-09-16,SEC_RATL_BRC,165.0,196.6,79.7,0,32,0.441,STORM,True,2,4
12952,2026-09-16,SEC_BRC_MMCT,250.0,239.6,98.2,0,0,0.539,CLEAR,False,2,6
12413,2026-09-16,SEC_NDLS_MTJ,95.0,92.9,91.1,5,5,0.448,CLEAR,False,2,7
12413,2026-09-16,SEC_MTJ_BTE,25.0,28.2,72.3,5,8,0.258,RAIN,False,2,9
12413,2026-09-16,SEC_BTE_GGC,75.0,72.8,98.1,5,5,0.378,CLEAR,False,2,11
12413,2026-09-16,SEC_GGC_SWM,42.0,44.2,86.9,5,7,0.114,CLEAR,False,2,13
12413,2026-09-16,SEC_SWM_KOTA,65.0,77.6,83.5,5,18,0.379,FOG,False,2,15
12413,2026-09-16,SEC_KOTA_RATL,170.0,170.2,93.8,5,5,0.372,CLEAR,False,2,17
12413,2026-09-16,SEC_RATL_BRC,165.0,166.2,94.2,5,6,0.146,RAIN,False,2,19
12413,2026-09-16,SEC_BRC_MMCT,250.0,237.5,99.0,5,5,0.27,CLEAR,False,2,21
19020,2026-09-16,SEC_NDLS_MTJ,95.0,102.7,82.4,4,12,0.536,FOG,False,2,23
19020,2026-09-16,SEC_MTJ_BTE,25.0,31.4,65.0,4,10,0.453,CLEAR,False,2,1
19020,2026-09-16,SEC_BTE_GGC,75.0,102.9,69.4,4,32,0.208,RAIN,True,2,3
19020,2026-09-16,SEC_GGC_SWM,42.0,59.3,64.8,4,21,0.443,FOG,False,2,5
19020,2026-09-16,SEC_SWM_KOTA,65.0,63.5,102.0,4,4,0.213,CLEAR,False,2,7
19020,2026-09-16,SEC_KOTA_RATL,170.0,168.8,94.5,4,4,0.657,CLEAR,False,2,9
19020,2026-09-16,SEC_RATL_BRC,165.0,172.3,90.9,4,11,0.666,CLEAR,False,2,11
19020,2026-09-16,SEC_BRC_MMCT,250.0,237.5,99.0,4,4,0.442,FOG,False,2,13
12988,2026-09-16,SEC_NDLS_MTJ,95.0,111.2,76.1,0,16,0.154,RAIN,False,2,6
12988,2026-09-16,SEC_MTJ_BTE,25.0,66.4,30.7,0,41,0.615,STORM,True,2,8
12988,2026-09-16,SEC_BTE_GGC,75.0,86.7,82.4,0,12,0.697,RAIN,False,2,10
12988,2026-09-16,SEC_GGC_SWM,42.0,42.9,89.5,0,1,0.531,CLEAR,False,2,12
12988,2026-09-16,SEC_SWM_KOTA,65.0,71.3,90.9,0,6,0.522,CLEAR,False,2,14
12988,2026-09-16,SEC_KOTA_RATL,170.0,165.8,96.3,0,0,0.419,CLEAR,False,2,16
12988,2026-09-16,SEC_RATL_BRC,165.0,188.9,82.9,0,24,0.441,FOG,False,2,18
12988,2026-09-16,SEC_BRC_MMCT,250.0,252.5,93.1,0,2,0.151,RAIN,False,2,20
12910,2026-09-16,SEC_NDLS_MTJ,95.0,91.7,92.3,0,0,0.241,CLEAR,False,2,21
12910,2026-09-16,SEC_MTJ_BTE,25.0,25.7,79.4,0,1,0.184,CLEAR,False,2,23
12910,2026-09-16,SEC_BTE_GGC,75.0,74.2,96.2,0,0,0.315,CLEAR,False,2,1
12910,2026-09-16,SEC_GGC_SWM,42.0,50.0,76.8,0,8,0.568,CLEAR,False,2,3
12910,2026-09-16,SEC_SWM_KOTA,65.0,78.1,83.0,0,13,0.198,RAIN,False,2,5
12910,2026-09-16,SEC_KOTA_RATL,170.0,161.5,98.8,0,0,0.142,CLEAR,False,2,7
12910,2026-09-16,SEC_RATL_BRC,165.0,174.2,89.9,0,9,0.461,CLEAR,False,2,9
12910,2026-09-16,SEC_BRC_MMCT,250.0,262.6,89.6,0,13,0.469,FOG,False,2,11
12952,2026-09-17,SEC_NDLS_MTJ,95.0,95.7,88.4,0,1,0.531,CLEAR,False,3,16
12952,2026-09-17,SEC_MTJ_BTE,25.0,26.6,76.7,0,2,0.669,CLEAR,False,3,18
12952,2026-09-17,SEC_BTE_GGC,75.0,123.6,57.8,0,49,0.28,STORM,True,3,20
12952,2026-09-17,SEC_GGC_SWM,42.0,44.6,86.1,0,3,0.543,CLEAR,False,3,22
12952,2026-09-17,SEC_SWM_KOTA,65.0,110.2,58.8,0,45,0.52,STORM,True,3,0
12952,2026-09-17,SEC_KOTA_RATL,170.0,161.5,98.8,0,0,0.185,CLEAR,False,3,2
12952,2026-09-17,SEC_RATL_BRC,165.0,167.8,93.3,0,3,0.594,STORM,True,3,4
12952,2026-09-17,SEC_BRC_MMCT,250.0,278.8,84.4,0,29,0.371,STORM,True,3,6
12413,2026-09-17,SEC_NDLS_MTJ,95.0,129.7,65.2,5,40,0.458,STORM,True,3,7
12413,2026-09-17,SEC_MTJ_BTE,25.0,25.4,80.3,5,5,0.131,CLEAR,False,3,9
12413,2026-09-17,SEC_BTE_GGC,75.0,81.0,88.1,5,11,0.645,CLEAR,False,3,11
12413,2026-09-17,SEC_GGC_SWM,42.0,40.0,96.0,5,5,0.169,CLEAR,False,3,13
12413,2026-09-17,SEC_SWM_KOTA,65.0,80.8,80.2,5,21,0.356,FOG,False,3,15
12413,2026-09-17,SEC_KOTA_RATL,170.0,164.7,96.9,5,5,0.38,CLEAR,False,3,17
12413,2026-09-17,SEC_RATL_BRC,165.0,164.3,95.3,5,5,0.199,CLEAR,False,3,19
12413,2026-09-17,SEC_BRC_MMCT,250.0,297.6,79.0,5,53,0.309,STORM,True,3,21
19020,2026-09-17,SEC_NDLS_MTJ,95.0,115.0,73.6,4,24,0.448,FOG,False,3,23
19020,2026-09-17,SEC_MTJ_BTE,25.0,69.1,29.5,4,48,0.44,STORM,True,3,1
19020,2026-09-17,SEC_BTE_GGC,75.0,79.0,90.4,4,8,0.357,CLEAR,False,3,3
19020,2026-09-17,SEC_GGC_SWM,42.0,49.4,77.7,4,11,0.661,CLEAR,False,3,5
19020,2026-09-17,SEC_SWM_KOTA,65.0,61.8,104.9,4,4,0.362,CLEAR,False,3,7
19020,2026-09-17,SEC_KOTA_RATL,170.0,161.5,98.8,4,4,0.344,CLEAR,False,3,9
19020,2026-09-17,SEC_RATL_BRC,165.0,191.8,81.6,4,31,0.449,RAIN,False,3,11
19020,2026-09-17,SEC_BRC_MMCT,250.0,241.4,97.4,4,4,0.624,CLEAR,False,3,13
12988,2026-09-17,SEC_NDLS_MTJ,95.0,90.2,93.8,2,2,0.327,CLEAR,False,3,6
12988,2026-09-17,SEC_MTJ_BTE,25.0,24.0,85.0,2,2,0.344,CLEAR,False,3,8
12988,2026-09-17,SEC_BTE_GGC,75.0,82.6,86.4,2,10,0.591,RAIN,False,3,10
12988,2026-09-17,SEC_GGC_SWM,42.0,61.2,62.7,2,21,0.615,FOG,False,3,12
12988,2026-09-17,SEC_SWM_KOTA,65.0,69.1,93.8,2,6,0.205,CLEAR,False,3,14
12988,2026-09-17,SEC_KOTA_RATL,170.0,249.9,63.9,2,82,0.533,STORM,True,3,16
12988,2026-09-17,SEC_RATL_BRC,165.0,158.8,98.6,2,2,0.327,CLEAR,False,3,18
12988,2026-09-17,SEC_BRC_MMCT,250.0,274.3,85.7,2,26,0.478,RAIN,False,3,20
12910,2026-09-17,SEC_NDLS_MTJ,95.0,90.2,93.8,4,4,0.583,CLEAR,False,3,21
12910,2026-09-17,SEC_MTJ_BTE,25.0,26.5,77.0,4,6,0.618,CLEAR,False,3,23
12910,2026-09-17,SEC_BTE_GGC,75.0,134.9,52.9,4,64,0.468,STORM,True,3,1
12910,2026-09-17,SEC_GGC_SWM,42.0,46.8,82.1,4,9,0.186,RAIN,False,3,3
12910,2026-09-17,SEC_SWM_KOTA,65.0,65.0,99.7,4,4,0.104,CLEAR,False,3,5
12910,2026-09-17,SEC_KOTA_RATL,170.0,173.6,91.9,4,8,0.138,FOG,False,3,7
12910,2026-09-17,SEC_RATL_BRC,165.0,156.8,99.9,4,4,0.115,CLEAR,False,3,9
12910,2026-09-17,SEC_BRC_MMCT,250.0,247.7,95.0,4,4,0.551,CLEAR,False,3,11
12952,2026-09-18,SEC_NDLS_MTJ,95.0,136.5,62.0,0,42,0.371,STORM,True,4,16
12952,2026-09-18,SEC_MTJ_BTE,25.0,29.7,68.7,0,5,0.647,RAIN,False,4,18
12952,2026-09-18,SEC_BTE_GGC,75.0,78.9,90.5,0,4,0.53,CLEAR,False,4,20
12952,2026-09-18,SEC_GGC_SWM,42.0,46.3,82.9,0,4,0.656,CLEAR,False,4,22
12952,2026-09-18,SEC_SWM_KOTA,65.0,70.9,91.4,0,6,0.204,FOG,False,4,0
12952,2026-09-18,SEC_KOTA_RATL,170.0,190.8,83.6,0,21,0.223,RAIN,False,4,2
12952,2026-09-18,SEC_RATL_BRC,165.0,171.2,91.5,0,6,0.613,CLEAR,False,4,4
12952,2026-09-18,SEC_BRC_MMCT,250.0,268.0,87.8,0,18,0.341,STORM,True,4,6
12413,2026-09-18,SEC_NDLS_MTJ,95.0,98.3,86.1,2,5,0.425,CLEAR,False,4,7
12413,2026-09-18,SEC_MTJ_BTE,25.0,23.8,85.7,2,2,0.319,CLEAR,False,4,9
12413,2026-09-18,SEC_BTE_GGC,75.0,127.5,56.0,2,54,0.346,STORM,True,4,11
12413,2026-09-18,SEC_GGC_SWM,42.0,51.1,75.1,2,11,0.503,FOG,False,4,13
12413,2026-09-18,SEC_SWM_KOTA,65.0,72.9,88.9,2,10,0.398,RAIN,False,4,15
12413,2026-09-18,SEC_KOTA_RATL,170.0,193.7,82.4,2,26,0.474,CLEAR,True,4,17
12413,2026-09-18,SEC_RATL_BRC,165.0,162.6,96.3,2,2,0.671,RAIN,False,4,19
12413,2026-09-18,SEC_BRC_MMCT,250.0,301.4,78.0,2,53,0.496,STORM,True,4,21
19020,2026-09-18,SEC_NDLS_MTJ,95.0,94.7,89.3,10,10,0.151,CLEAR,False,4,23
19020,2026-09-18,SEC_MTJ_BTE,25.0,23.8,85.7,10,10,0.153,CLEAR,False,4,1
19020,2026-09-18,SEC_BTE_GGC,75.0,78.4,91.1,10,13,0.238,CLEAR,False,4,3
19020,2026-09-18,SEC_GGC_SWM,42.0,39.9,96.2,10,10,0.2,CLEAR,False,4,5
19020,2026-09-18,SEC_SWM_KOTA,65.0,88.6,73.1,10,34,0.557,FOG,False,4,7
19020,2026-09-18,SEC_KOTA_RATL,170.0,193.4,82.5,10,33,0.588,RAIN,False,4,9
19020,2026-09-18,SEC_RATL_BRC,165.0,164.6,95.1,10,10,0.203,CLEAR,False,4,11
19020,2026-09-18,SEC_BRC_MMCT,250.0,237.5,99.0,10,10,0.495,CLEAR,False,4,13
12988,2026-09-18,SEC_NDLS_MTJ,95.0,115.2,73.4,3,23,0.567,RAIN,False,4,6
12988,2026-09-18,SEC_MTJ_BTE,25.0,29.8,68.5,3,8,0.683,CLEAR,False,4,8
12988,2026-09-18,SEC_BTE_GGC,75.0,81.4,87.7,3,9,0.569,CLEAR,True,4,10
12988,2026-09-18,SEC_GGC_SWM,42.0,40.8,94.1,3,3,0.569,CLEAR,False,4,12
12988,2026-09-18,SEC_SWM_KOTA,65.0,65.6,98.8,3,4,0.395,CLEAR,False,4,14
12988,2026-09-18,SEC_KOTA_RATL,170.0,178.8,89.3,3,12,0.384,CLEAR,False,4,16
12988,2026-09-18,SEC_RATL_BRC,165.0,174.0,90.0,3,12,0.248,FOG,False,4,18
12988,2026-09-18,SEC_BRC_MMCT,250.0,256.3,91.8,3,9,0.301,CLEAR,False,4,20
12910,2026-09-18,SEC_NDLS_MTJ,95.0,107.7,78.6,8,21,0.7,FOG,False,4,21
12910,2026-09-18,SEC_MTJ_BTE,25.0,47.2,43.2,8,30,0.408,FOG,False,4,23
12910,2026-09-18,SEC_BTE_GGC,75.0,85.2,83.8,8,18,0.494,FOG,False,4,1
12910,2026-09-18,SEC_GGC_SWM,42.0,45.2,85.0,8,11,0.177,CLEAR,False,4,3
12910,2026-09-18,SEC_SWM_KOTA,65.0,66.2,97.9,8,9,0.16,CLEAR,False,4,5
12910,2026-09-18,SEC_KOTA_RATL,170.0,184.1,86.7,8,22,0.454,RAIN,False,4,7
12910,2026-09-18,SEC_RATL_BRC,165.0,159.9,97.9,8,8,0.451,CLEAR,False,4,9
12910,2026-09-18,SEC_BRC_MMCT,250.0,249.3,94.3,8,8,0.311,RAIN,False,4,11
12952,2026-09-19,SEC_NDLS_MTJ,95.0,93.8,90.2,0,0,0.73,CLEAR,False,5,16
12952,2026-09-19,SEC_MTJ_BTE,25.0,32.6,62.6,0,8,0.102,RAIN,False,5,18
12952,2026-09-19,SEC_BTE_GGC,75.0,73.4,97.3,0,0,0.344,CLEAR,False,5,20
12952,2026-09-19,SEC_GGC_SWM,42.0,39.9,96.2,0,0,0.208,CLEAR,False,5,22
12952,2026-09-19,SEC_SWM_KOTA,65.0,79.8,81.2,0,15,0.354,FOG,False,5,0
12952,2026-09-19,SEC_KOTA_RATL,170.0,171.4,93.1,0,1,0.546,CLEAR,False,5,2
12952,2026-09-19,SEC_RATL_BRC,165.0,156.8,99.9,0,0,0.662,CLEAR,False,5,4
12952,2026-09-19,SEC_BRC_MMCT,250.0,255.7,92.0,0,6,0.9,FOG,False,5,6
12413,2026-09-19,SEC_NDLS_MTJ,95.0,112.1,75.5,2,19,0.231,CLEAR,False,5,7
12413,2026-09-19,SEC_MTJ_BTE,25.0,32.0,63.8,2,9,0.642,CLEAR,False,5,9
12413,2026-09-19,SEC_BTE_GGC,75.0,84.5,84.5,2,12,0.88,CLEAR,False,5,11
12413,2026-09-19,SEC_GGC_SWM,42.0,44.2,86.9,2,4,0.758,FOG,False,5,13
12413,2026-09-19,SEC_SWM_KOTA,65.0,72.4,89.5,2,9,0.577,CLEAR,False,5,15
12413,2026-09-19,SEC_KOTA_RATL,170.0,165.4,96.5,2,2,0.398,CLEAR,False,5,17
12413,2026-09-19,SEC_RATL_BRC,165.0,166.8,93.9,2,4,0.612,RAIN,False,5,19
12413,2026-09-19,SEC_BRC_MMCT,250.0,272.1,86.4,2,24,0.227,FOG,False,5,21
19020,2026-09-19,SEC_NDLS_MTJ,95.0,93.7,90.3,4,4,0.545,CLEAR,False,5,23
19020,2026-09-19,SEC_MTJ_BTE,25.0,85.7,23.8,4,65,0.175,STORM,True,5,1
19020,2026-09-19,SEC_BTE_GGC,75.0,82.9,86.1,4,12,0.498,CLEAR,False,5,3
19020,2026-09-19,SEC_GGC_SWM,42.0,43.0,89.3,4,5,0.626,CLEAR,False,5,5
19020,2026-09-19,SEC_SWM_KOTA,65.0,69.5,93.2,4,8,0.347,CLEAR,False,5,7
19020,2026-09-19,SEC_KOTA_RATL,170.0,183.8,86.8,4,18,0.316,CLEAR,False,5,9
19020,2026-09-19,SEC_RATL_BRC,165.0,169.3,92.5,4,8,0.219,CLEAR,False,5,11
19020,2026-09-19,SEC_BRC_MMCT,250.0,237.5,99.0,4,4,0.165,CLEAR,False,5,13
12988,2026-09-19,SEC_NDLS_MTJ,95.0,97.4,86.9,3,5,0.335,CLEAR,False,5,6
12988,2026-09-19,SEC_MTJ_BTE,25.0,29.8,68.5,3,8,0.484,CLEAR,False,5,8
12988,2026-09-19,SEC_BTE_GGC,75.0,90.6,78.8,3,19,0.208,FOG,False,5,10
12988,2026-09-19,SEC_GGC_SWM,42.0,49.3,77.9,3,10,0.888,FOG,False,5,12
12988,2026-09-19,SEC_SWM_KOTA,65.0,72.8,89.0,3,11,0.627,RAIN,False,5,14
12988,2026-09-19,SEC_KOTA_RATL,170.0,172.8,92.4,3,6,0.556,CLEAR,False,5,16
12988,2026-09-19,SEC_RATL_BRC,165.0,173.4,90.3,3,11,0.172,RAIN,False,5,18
12988,2026-09-19,SEC_BRC_MMCT,250.0,237.5,99.0,3,3,0.145,CLEAR,False,5,20
12910,2026-09-19,SEC_NDLS_MTJ,95.0,92.7,91.3,4,4,0.701,CLEAR,False,5,21
12910,2026-09-19,SEC_MTJ_BTE,25.0,40.6,50.2,4,20,0.775,FOG,False,5,23
12910,2026-09-19,SEC_BTE_GGC,75.0,72.1,99.0,4,4,0.429,CLEAR,False,5,1
12910,2026-09-19,SEC_GGC_SWM,42.0,51.9,74.0,4,14,0.289,FOG,False,5,3
12910,2026-09-19,SEC_SWM_KOTA,65.0,69.8,92.8,4,9,0.537,CLEAR,False,5,5
12910,2026-09-19,SEC_KOTA_RATL,170.0,164.4,97.1,4,4,0.574,CLEAR,False,5,7
12910,2026-09-19,SEC_RATL_BRC,165.0,186.3,84.1,4,25,0.364,FOG,False,5,9
12910,2026-09-19,SEC_BRC_MMCT,250.0,258.8,90.9,4,13,0.676,CLEAR,False,5,11
12952,2026-09-20,SEC_NDLS_MTJ,95.0,91.1,92.9,0,0,0.726,CLEAR,False,6,16
12952,2026-09-20,SEC_MTJ_BTE,25.0,23.8,85.7,0,0,0.361,CLEAR,False,6,18
12952,2026-09-20,SEC_BTE_GGC,75.0,107.9,66.2,0,33,0.638,STORM,True,6,20
12952,2026-09-20,SEC_GGC_SWM,42.0,47.1,81.5,0,5,0.143,RAIN,False,6,22
12952,2026-09-20,SEC_SWM_KOTA,65.0,61.8,104.9,0,0,0.845,CLEAR,False,6,0
12952,2026-09-20,SEC_KOTA_RATL,170.0,217.1,73.5,0,47,0.776,STORM,True,6,2
12952,2026-09-20,SEC_RATL_BRC,165.0,163.4,95.8,0,0,0.57,CLEAR,False,6,4
12952,2026-09-20,SEC_BRC_MMCT,250.0,262.3,89.7,0,12,0.237,CLEAR,False,6,6
12413,2026-09-20,SEC_NDLS_MTJ,95.0,101.4,83.4,1,7,0.46,CLEAR,False,6,7
12413,2026-09-20,SEC_MTJ_BTE,25.0,71.1,28.7,1,47,0.842,STORM,True,6,9
12413,2026-09-20,SEC_BTE_GGC,75.0,84.0,85.0,1,10,0.83,RAIN,False,6,11
12413,2026-09-20,SEC_GGC_SWM,42.0,45.2,85.0,1,4,0.553,CLEAR,False,6,13
12413,2026-09-20,SEC_SWM_KOTA,65.0,96.7,67.0,1,33,0.611,STORM,True,6,15
12413,2026-09-20,SEC_KOTA_RATL,170.0,216.6,73.7,1,48,0.309,STORM,True,6,17
12413,2026-09-20,SEC_RATL_BRC,165.0,164.3,95.3,1,1,0.538,RAIN,False,6,19
12413,2026-09-20,SEC_BRC_MMCT,250.0,248.7,94.6,1,1,0.616,CLEAR,False,6,21
19020,2026-09-20,SEC_NDLS_MTJ,95.0,98.5,85.9,10,14,0.712,RAIN,False,6,23
19020,2026-09-20,SEC_MTJ_BTE,25.0,88.0,23.2,10,73,0.334,STORM,True,6,1
19020,2026-09-20,SEC_BTE_GGC,75.0,79.4,89.9,10,14,0.524,CLEAR,False,6,3
19020,2026-09-20,SEC_GGC_SWM,42.0,97.2,39.5,10,65,0.522,STORM,True,6,5
19020,2026-09-20,SEC_SWM_KOTA,65.0,107.7,60.2,10,53,0.799,STORM,True,6,7
19020,2026-09-20,SEC_KOTA_RATL,170.0,166.9,95.6,10,10,0.535,CLEAR,False,6,9
19020,2026-09-20,SEC_RATL_BRC,165.0,187.3,83.6,10,32,0.187,RAIN,False,6,11
19020,2026-09-20,SEC_BRC_MMCT,250.0,237.5,99.0,10,10,0.157,CLEAR,False,6,13
12988,2026-09-20,SEC_NDLS_MTJ,95.0,107.1,79.0,3,15,0.451,CLEAR,False,6,6
12988,2026-09-20,SEC_MTJ_BTE,25.0,29.8,68.5,3,8,0.613,CLEAR,False,6,8
12988,2026-09-20,SEC_BTE_GGC,75.0,89.8,79.5,3,18,0.144,FOG,False,6,10
12988,2026-09-20,SEC_GGC_SWM,42.0,92.5,41.5,3,53,0.605,STORM,True,6,12
12988,2026-09-20,SEC_SWM_KOTA,65.0,64.1,101.1,3,3,0.486,CLEAR,False,6,14
12988,2026-09-20,SEC_KOTA_RATL,170.0,161.5,98.8,3,3,0.524,FOG,False,6,16
12988,2026-09-20,SEC_RATL_BRC,165.0,163.6,95.7,3,3,0.718,CLEAR,False,6,18
12988,2026-09-20,SEC_BRC_MMCT,250.0,237.5,99.0,3,3,0.808,CLEAR,False,6,20
12910,2026-09-20,SEC_NDLS_MTJ,95.0,114.6,73.8,8,28,0.312,FOG,False,6,21
12910,2026-09-20,SEC_MTJ_BTE,25.0,45.6,44.7,8,29,0.61,FOG,False,6,23
12910,2026-09-20,SEC_BTE_GGC,75.0,78.5,91.0,8,12,0.236,FOG,False,6,1
12910,2026-09-20,SEC_GGC_SWM,42.0,57.1,67.3,8,23,0.752,RAIN,False,6,3
12910,2026-09-20,SEC_SWM_KOTA,65.0,88.2,73.5,8,31,0.511,FOG,False,6,5
12910,2026-09-20,SEC_KOTA_RATL,170.0,182.8,87.3,8,21,0.402,CLEAR,False,6,7
12910,2026-09-20,SEC_RATL_BRC,165.0,189.0,82.9,8,32,0.5,FOG,False,6,9
12910,2026-09-20,SEC_BRC_MMCT,250.0,247.1,95.2,8,8,0.417,CLEAR,False,6,11
12952,2026-09-21,SEC_NDLS_MTJ,95.0,107.5,78.7,0,12,0.547,CLEAR,False,0,16
12952,2026-09-21,SEC_MTJ_BTE,25.0,29.2,69.9,0,4,0.44,CLEAR,False,0,18
12952,2026-09-21,SEC_BTE_GGC,75.0,75.3,94.8,0,0,0.362,FOG,False,0,20
12952,2026-09-21,SEC_GGC_SWM,42.0,51.6,74.4,0,10,0.149,RAIN,False,0,22
12952,2026-09-21,SEC_SWM_KOTA,65.0,61.8,104.9,0,0,0.546,CLEAR,False,0,0
12952,2026-09-21,SEC_KOTA_RATL,170.0,186.7,85.5,0,17,0.404,RAIN,False,0,2
12952,2026-09-21,SEC_RATL_BRC,165.0,168.9,92.7,0,4,0.391,CLEAR,False,0,4
12952,2026-09-21,SEC_BRC_MMCT,250.0,253.6,92.7,0,4,0.296,RAIN,False,0,6
12413,2026-09-21,SEC_NDLS_MTJ,95.0,132.2,64.0,1,38,0.15,STORM,True,0,7
12413,2026-09-21,SEC_MTJ_BTE,25.0,25.5,80.0,1,1,0.38,CLEAR,False,0,9
12413,2026-09-21,SEC_BTE_GGC,75.0,75.5,94.6,1,1,0.681,CLEAR,False,0,11
12413,2026-09-21,SEC_GGC_SWM,42.0,42.0,91.4,1,1,0.478,CLEAR,False,0,13
12413,2026-09-21,SEC_SWM_KOTA,65.0,117.9,55.0,1,54,0.677,STORM,True,0,15
12413,2026-09-21,SEC_KOTA_RATL,170.0,176.5,90.4,1,7,0.567,CLEAR,False,0,17
12413,2026-09-21,SEC_RATL_BRC,165.0,184.5,84.9,1,21,0.411,FOG,False,0,19
12413,2026-09-21,SEC_BRC_MMCT,250.0,274.3,85.7,1,25,0.653,RAIN,False,0,21
19020,2026-09-21,SEC_NDLS_MTJ,95.0,112.7,75.1,10,28,0.35,RAIN,False,0,23
19020,2026-09-21,SEC_MTJ_BTE,25.0,25.2,81.0,10,10,0.525,CLEAR,False,0,1
19020,2026-09-21,SEC_BTE_GGC,75.0,80.5,88.7,10,16,0.644,RAIN,False,0,3
19020,2026-09-21,SEC_GGC_SWM,42.0,47.5,80.8,10,16,0.254,RAIN,False,0,5
19020,2026-09-21,SEC_SWM_KOTA,65.0,65.8,98.5,10,11,0.646,CLEAR,False,0,7
19020,2026-09-21,SEC_KOTA_RATL,170.0,228.8,69.8,10,69,0.37,STORM,True,0,9
19020,2026-09-21,SEC_RATL_BRC,165.0,175.6,89.2,10,21,0.205,CLEAR,False,0,11
19020,2026-09-21,SEC_BRC_MMCT,250.0,253.9,92.6,10,14,0.356,FOG,False,0,13
12988,2026-09-21,SEC_NDLS_MTJ,95.0,90.2,93.8,2,2,0.283,CLEAR,False,0,6
12988,2026-09-21,SEC_MTJ_BTE,25.0,23.8,85.7,2,2,0.213,CLEAR,False,0,8
12988,2026-09-21,SEC_BTE_GGC,75.0,71.2,100.3,2,2,0.24,CLEAR,False,0,10
12988,2026-09-21,SEC_GGC_SWM,42.0,46.1,83.3,2,6,0.432,CLEAR,False,0,12
12988,2026-09-21,SEC_SWM_KOTA,65.0,66.1,98.0,2,3,0.3,CLEAR,False,0,14
12988,2026-09-21,SEC_KOTA_RATL,170.0,187.2,85.3,2,19,0.541,RAIN,False,0,16
12988,2026-09-21,SEC_RATL_BRC,165.0,167.5,93.5,2,4,0.641,CLEAR,False,0,18
12988,2026-09-21,SEC_BRC_MMCT,250.0,280.4,83.9,2,32,0.221,RAIN,True,0,20
12910,2026-09-21,SEC_NDLS_MTJ,95.0,112.1,75.5,0,17,0.389,CLEAR,False,0,21
12910,2026-09-21,SEC_MTJ_BTE,25.0,56.7,36.0,0,32,0.563,STORM,True,0,23
12910,2026-09-21,SEC_BTE_GGC,75.0,80.4,88.8,0,5,0.196,CLEAR,False,0,1
12910,2026-09-21,SEC_GGC_SWM,42.0,44.2,86.9,0,2,0.139,CLEAR,False,0,3
12910,2026-09-21,SEC_SWM_KOTA,65.0,86.0,75.3,0,21,0.632,CLEAR,True,0,5
12910,2026-09-21,SEC_KOTA_RATL,170.0,161.5,98.8,0,0,0.462,CLEAR,False,0,7
12910,2026-09-21,SEC_RATL_BRC,165.0,173.1,90.5,0,8,0.109,CLEAR,False,0,9
12910,2026-09-21,SEC_BRC_MMCT,250.0,277.6,84.7,0,28,0.188,FOG,False,0,11
12952,2026-09-22,SEC_NDLS_MTJ,95.0,114.1,74.1,0,19,0.618,RAIN,False,1,16
12952,2026-09-22,SEC_MTJ_BTE,25.0,53.4,38.2,0,28,0.16,STORM,True,1,18
12952,2026-09-22,SEC_BTE_GGC,75.0,90.5,78.9,0,16,0.612,RAIN,False,1,20
12952,2026-09-22,SEC_GGC_SWM,42.0,39.9,96.2,0,0,0.637,CLEAR,False,1,22
12952,2026-09-22,SEC_SWM_KOTA,65.0,103.9,62.4,0,39,0.697,STORM,True,1,0
12952,2026-09-22,SEC_KOTA_RATL,170.0,222.6,71.7,0,53,0.404,STORM,True,1,2
12952,2026-09-22,SEC_RATL_BRC,165.0,205.3,76.3,0,40,0.424,STORM,True,1,4
12952,2026-09-22,SEC_BRC_MMCT,250.0,243.5,96.6,0,0,0.574,CLEAR,False,1,6
12413,2026-09-22,SEC_NDLS_MTJ,95.0,104.5,81.0,4,14,0.594,RAIN,False,1,7
12413,2026-09-22,SEC_MTJ_BTE,25.0,30.0,68.0,4,9,0.212,RAIN,False,1,9
12413,2026-09-22,SEC_BTE_GGC,75.0,77.6,92.0,4,7,0.663,CLEAR,False,1,11
12413,2026-09-22,SEC_GGC_SWM,42.0,44.4,86.5,4,6,0.598,CLEAR,False,1,13
12413,2026-09-22,SEC_SWM_KOTA,65.0,61.9,104.7,4,4,0.543,CLEAR,False,1,15
12413,2026-09-22,SEC_KOTA_RATL,170.0,161.5,98.8,4,4,0.359,CLEAR,False,1,17
12413,2026-09-22,SEC_RATL_BRC,165.0,166.8,93.9,4,6,0.656,CLEAR,False,1,19
12413,2026-09-22,SEC_BRC_MMCT,250.0,250.3,94.0,4,4,0.665,CLEAR,False,1,21
19020,2026-09-22,SEC_NDLS_MTJ,95.0,100.6,84.1,10,16,0.224,CLEAR,False,1,23
19020,2026-09-22,SEC_MTJ_BTE,25.0,25.3,80.6,10,10,0.419,CLEAR,False,1,1
19020,2026-09-22,SEC_BTE_GGC,75.0,73.6,97.0,10,10,0.17,CLEAR,False,1,3
19020,2026-09-22,SEC_GGC_SWM,42.0,57.7,66.6,10,26,0.276,FOG,False,1,5
19020,2026-09-22,SEC_SWM_KOTA,65.0,67.8,95.6,10,13,0.285,CLEAR,False,1,7
19020,2026-09-22,SEC_KOTA_RATL,170.0,184.6,86.5,10,25,0.51,CLEAR,False,1,9
19020,2026-09-22,SEC_RATL_BRC,165.0,182.4,85.9,10,27,0.15,RAIN,False,1,11
19020,2026-09-22,SEC_BRC_MMCT,250.0,255.5,92.1,10,16,0.195,CLEAR,False,1,13
12988,2026-09-22,SEC_NDLS_MTJ,95.0,97.6,86.7,2,5,0.221,CLEAR,False,1,6
12988,2026-09-22,SEC_MTJ_BTE,25.0,34.2,59.6,2,11,0.42,RAIN,False,1,8
12988,2026-09-22,SEC_BTE_GGC,75.0,117.8,60.6,2,45,0.517,STORM,True,1,10
12988,2026-09-22,SEC_GGC_SWM,42.0,47.5,80.8,2,8,0.666,RAIN,False,1,12
12988,2026-09-22,SEC_SWM_KOTA,65.0,67.6,95.9,2,5,0.51,RAIN,False,1,14
12988,2026-09-22,SEC_KOTA_RATL,170.0,161.5,98.8,2,2,0.617,RAIN,False,1,16
12988,2026-09-22,SEC_RATL_BRC,165.0,174.3,89.8,2,11,0.56,CLEAR,False,1,18
12988,2026-09-22,SEC_BRC_MMCT,250.0,257.5,91.3,2,10,0.549,CLEAR,False,1,20
12910,2026-09-22,SEC_NDLS_MTJ,95.0,148.7,56.9,10,64,0.571,STORM,True,1,21
12910,2026-09-22,SEC_MTJ_BTE,25.0,26.2,77.9,10,11,0.203,RAIN,False,1,23
12910,2026-09-22,SEC_BTE_GGC,75.0,100.3,71.2,10,35,0.517,FOG,False,1,1
12910,2026-09-22,SEC_GGC_SWM,42.0,59.0,65.1,10,27,0.502,FOG,False,1,3
12910,2026-09-22,SEC_SWM_KOTA,65.0,73.5,88.2,10,18,0.219,CLEAR,False,1,5
12910,2026-09-22,SEC_KOTA_RATL,170.0,182.0,87.7,10,22,0.381,FOG,False,1,7
12910,2026-09-22,SEC_RATL_BRC,165.0,186.0,84.2,10,31,0.549,FOG,False,1,9
12910,2026-09-22,SEC_BRC_MMCT,250.0,237.5,99.0,10,10,0.233,CLEAR,False,1,11
12952,2026-09-23,SEC_NDLS_MTJ,95.0,90.2,93.8,0,0,0.541,CLEAR,False,2,16
12952,2026-09-23,SEC_MTJ_BTE,25.0,25.6,79.7,0,1,0.644,CLEAR,False,2,18
12952,2026-09-23,SEC_BTE_GGC,75.0,73.6,97.0,0,0,0.662,FOG,False,2,20
12952,2026-09-23,SEC_GGC_SWM,42.0,52.4,73.3,0,10,0.128,FOG,False,2,22
12952,2026-09-23,SEC_SWM_KOTA,65.0,98.2,66.0,0,33,0.226,STORM,True,2,0
12952,2026-09-23,SEC_KOTA_RATL,170.0,188.2,84.8,0,18,0.108,CLEAR,False,2,2
12952,2026-09-23,SEC_RATL_BRC,165.0,160.7,97.4,0,0,0.606,RAIN,False,2,4
12952,2026-09-23,SEC_BRC_MMCT,250.0,278.7,84.4,0,29,0.193,RAIN,False,2,6
12413,2026-09-23,SEC_NDLS_MTJ,95.0,102.0,82.9,1,8,0.173,RAIN,False,2,7
12413,2026-09-23,SEC_MTJ_BTE,25.0,29.8,68.5,1,6,0.445,CLEAR,False,2,9
12413,2026-09-23,SEC_BTE_GGC,75.0,91.1,78.4,1,17,0.625,RAIN,False,2,11
12413,2026-09-23,SEC_GGC_SWM,42.0,61.8,62.1,1,21,0.374,FOG,False,2,13
12413,2026-09-23,SEC_SWM_KOTA,65.0,74.8,86.6,1,11,0.364,RAIN,False,2,15
12413,2026-09-23,SEC_KOTA_RATL,170.0,161.5,98.8,1,1,0.512,CLEAR,False,2,17
12413,2026-09-23,SEC_RATL_BRC,165.0,178.2,87.9,1,14,0.302,FOG,False,2,19
12413,2026-09-23,SEC_BRC_MMCT,250.0,240.9,97.6,1,1,0.377,RAIN,False,2,21
19020,2026-09-23,SEC_NDLS_MTJ,95.0,147.6,57.3,2,55,0.683,STORM,True,2,23
19020,2026-09-23,SEC_MTJ_BTE,25.0,23.8,85.7,2,2,0.354,CLEAR,False,2,1
19020,2026-09-23,SEC_BTE_GGC,75.0,71.2,100.3,2,2,0.552,CLEAR,False,2,3
19020,2026-09-23,SEC_GGC_SWM,42.0,48.0,80.0,2,8,0.56,CLEAR,False,2,5
19020,2026-09-23,SEC_SWM_KOTA,65.0,78.1,83.0,2,15,0.543,RAIN,False,2,7
19020,2026-09-23,SEC_KOTA_RATL,170.0,170.4,93.7,2,2,0.528,CLEAR,False,2,9
19020,2026-09-23,SEC_RATL_BRC,165.0,167.8,93.3,2,5,0.368,RAIN,False,2,11
19020,2026-09-23,SEC_BRC_MMCT,250.0,244.8,96.1,2,2,0.608,CLEAR,False,2,13
12988,2026-09-23,SEC_NDLS_MTJ,95.0,159.1,53.2,4,68,0.206,STORM,True,2,6
12988,2026-09-23,SEC_MTJ_BTE,25.0,23.8,85.7,4,4,0.64,CLEAR,False,2,8
12988,2026-09-23,SEC_BTE_GGC,75.0,75.5,94.6,4,4,0.558,CLEAR,False,2,10
12988,2026-09-23,SEC_GGC_SWM,42.0,51.7,74.3,4,14,0.357,RAIN,False,2,12
12988,2026-09-23,SEC_SWM_KOTA,65.0,66.5,97.4,4,6,0.395,CLEAR,False,2,14
12988,2026-09-23,SEC_KOTA_RATL,170.0,222.3,71.8,4,56,0.653,STORM,True,2,16
12988,2026-09-23,SEC_RATL_BRC,165.0,193.0,81.1,4,32,0.375,FOG,False,2,18
12988,2026-09-23,SEC_BRC_MMCT,250.0,256.4,91.7,4,10,0.32,FOG,False,2,20
12910,2026-09-23,SEC_NDLS_MTJ,95.0,122.2,69.2,6,33,0.62,FOG,False,2,21
12910,2026-09-23,SEC_MTJ_BTE,25.0,33.1,61.6,6,14,0.608,FOG,False,2,23
12910,2026-09-23,SEC_BTE_GGC,75.0,92.2,77.4,6,23,0.451,RAIN,False,2,1
12910,2026-09-23,SEC_GGC_SWM,42.0,40.2,95.5,6,6,0.231,CLEAR,False,2,3
12910,2026-09-23,SEC_SWM_KOTA,65.0,71.6,90.5,6,13,0.553,CLEAR,False,2,5
12910,2026-09-23,SEC_KOTA_RATL,170.0,228.4,69.9,6,64,0.653,STORM,True,2,7
12910,2026-09-23,SEC_RATL_BRC,165.0,175.6,89.2,6,17,0.269,FOG,False,2,9
12910,2026-09-23,SEC_BRC_MMCT,250.0,266.0,88.4,6,22,0.399,RAIN,False,2,11
12952,2026-09-24,SEC_NDLS_MTJ,95.0,92.8,91.2,0,0,0.4,CLEAR,False,3,16
12952,2026-09-24,SEC_MTJ_BTE,25.0,36.4,56.0,0,11,0.275,FOG,False,3,18
12952,2026-09-24,SEC_BTE_GGC,75.0,71.2,100.3,0,0,0.488,CLEAR,False,3,20
12952,2026-09-24,SEC_GGC_SWM,42.0,39.9,96.2,0,0,0.443,CLEAR,False,3,22
12952,2026-09-24,SEC_SWM_KOTA,65.0,129.1,50.2,0,64,0.569,STORM,True,3,0
12952,2026-09-24,SEC_KOTA_RATL,170.0,171.3,93.2,0,1,0.496,FOG,False,3,2
12952,2026-09-24,SEC_RATL_BRC,165.0,173.3,90.4,0,8,0.665,CLEAR,False,3,4
12952,2026-09-24,SEC_BRC_MMCT,250.0,245.6,95.8,0,0,0.158,CLEAR,False,3,6
12413,2026-09-24,SEC_NDLS_MTJ,95.0,98.1,86.2,3,6,0.699,CLEAR,False,3,7
12413,2026-09-24,SEC_MTJ_BTE,25.0,43.1,47.3,3,21,0.527,FOG,False,3,9
12413,2026-09-24,SEC_BTE_GGC,75.0,79.0,90.4,3,7,0.424,CLEAR,False,3,11
12413,2026-09-24,SEC_GGC_SWM,42.0,44.0,87.3,3,5,0.564,FOG,False,3,13
12413,2026-09-24,SEC_SWM_KOTA,65.0,72.5,89.4,3,11,0.517,FOG,False,3,15
12413,2026-09-24,SEC_KOTA_RATL,170.0,167.2,95.5,3,3,0.479,CLEAR,False,3,17
12413,2026-09-24,SEC_RATL_BRC,165.0,164.2,95.4,3,3,0.172,CLEAR,False,3,19
12413,2026-09-24,SEC_BRC_MMCT,250.0,237.5,99.0,3,3,0.601,CLEAR,False,3,21
19020,2026-09-24,SEC_NDLS_MTJ,95.0,106.8,79.2,2,14,0.691,CLEAR,False,3,23
19020,2026-09-24,SEC_MTJ_BTE,25.0,27.5,74.2,2,4,0.268,CLEAR,False,3,1
19020,2026-09-24,SEC_BTE_GGC,75.0,125.2,57.0,2,52,0.251,STORM,True,3,3
19020,2026-09-24,SEC_GGC_SWM,42.0,39.9,96.2,2,2,0.275,CLEAR,False,3,5
19020,2026-09-24,SEC_SWM_KOTA,65.0,88.5,73.2,2,26,0.336,FOG,False,3,7
19020,2026-09-24,SEC_KOTA_RATL,170.0,202.2,78.9,2,34,0.589,STORM,True,3,9
19020,2026-09-24,SEC_RATL_BRC,165.0,177.9,88.0,2,15,0.121,RAIN,False,3,11
19020,2026-09-24,SEC_BRC_MMCT,250.0,288.0,81.7,2,40,0.304,STORM,True,3,13
12988,2026-09-24,SEC_NDLS_MTJ,95.0,157.3,53.8,3,65,0.44,STORM,True,3,6
12988,2026-09-24,SEC_MTJ_BTE,25.0,36.4,56.0,3,14,0.148,RAIN,False,3,8
12988,2026-09-24,SEC_BTE_GGC,75.0,77.1,92.6,3,5,0.338,CLEAR,False,3,10
12988,2026-09-24,SEC_GGC_SWM,42.0,92.7,41.4,3,54,0.419,STORM,True,3,12
12988,2026-09-24,SEC_SWM_KOTA,65.0,66.0,98.2,3,4,0.323,CLEAR,False,3,14
12988,2026-09-24,SEC_KOTA_RATL,170.0,161.5,98.8,3,3,0.442,CLEAR,False,3,16
12988,2026-09-24,SEC_RATL_BRC,165.0,156.8,99.9,3,3,0.533,CLEAR,False,3,18
12988,2026-09-24,SEC_BRC_MMCT,250.0,253.8,92.7,3,7,0.363,CLEAR,False,3,20
12910,2026-09-24,SEC_NDLS_MTJ,95.0,106.8,79.2,4,16,0.403,CLEAR,False,3,21
12910,2026-09-24,SEC_MTJ_BTE,25.0,35.1,58.1,4,14,0.482,RAIN,False,3,23
12910,2026-09-24,SEC_BTE_GGC,75.0,75.6,94.4,4,5,0.304,FOG,False,3,1
12910,2026-09-24,SEC_GGC_SWM,42.0,52.3,73.4,4,14,0.594,RAIN,False,3,3
12910,2026-09-24,SEC_SWM_KOTA,65.0,67.8,95.6,4,7,0.216,CLEAR,False,3,5
12910,2026-09-24,SEC_KOTA_RATL,170.0,192.1,83.1,4,26,0.115,FOG,False,3,7
12910,2026-09-24,SEC_RATL_BRC,165.0,198.1,79.1,4,37,0.576,STORM,True,3,9
12910,2026-09-24,SEC_BRC_MMCT,250.0,248.1,94.8,4,4,0.448,CLEAR,False,3,11
12952,2026-09-25,SEC_NDLS_MTJ,95.0,108.9,77.7,0,14,0.177,RAIN,False,4,16
12952,2026-09-25,SEC_MTJ_BTE,25.0,46.1,44.3,0,21,0.551,FOG,False,4,18
12952,2026-09-25,SEC_BTE_GGC,75.0,74.5,95.8,0,0,0.644,RAIN,False,4,20
12952,2026-09-25,SEC_GGC_SWM,42.0,50.3,76.3,0,8,0.674,RAIN,False,4,22
12952,2026-09-25,SEC_SWM_KOTA,65.0,83.1,78.0,0,18,0.101,FOG,False,4,0
12952,2026-09-25,SEC_KOTA_RATL,170.0,169.3,94.3,0,0,0.187,CLEAR,False,4,2
12952,2026-09-25,SEC_RATL_BRC,165.0,207.7,75.4,0,43,0.555,STORM,True,4,4
12952,2026-09-25,SEC_BRC_MMCT,250.0,284.9,82.6,0,35,0.495,FOG,False,4,6
12413,2026-09-25,SEC_NDLS_MTJ,95.0,98.1,86.2,4,7,0.217,CLEAR,False,4,7
12413,2026-09-25,SEC_MTJ_BTE,25.0,36.4,56.0,4,15,0.575,FOG,False,4,9
12413,2026-09-25,SEC_BTE_GGC,75.0,78.9,90.5,4,8,0.532,CLEAR,False,4,11
12413,2026-09-25,SEC_GGC_SWM,42.0,42.9,89.5,4,5,0.395,CLEAR,False,4,13
12413,2026-09-25,SEC_SWM_KOTA,65.0,62.2,104.2,4,4,0.426,RAIN,False,4,15
12413,2026-09-25,SEC_KOTA_RATL,170.0,172.2,92.7,4,6,0.41,CLEAR,False,4,17
12413,2026-09-25,SEC_RATL_BRC,165.0,176.7,88.6,4,16,0.657,CLEAR,False,4,19
12413,2026-09-25,SEC_BRC_MMCT,250.0,285.5,82.4,4,40,0.699,FOG,False,4,21
19020,2026-09-25,SEC_NDLS_MTJ,95.0,90.2,93.8,8,8,0.37,CLEAR,False,4,23
19020,2026-09-25,SEC_MTJ_BTE,25.0,41.9,48.7,8,25,0.237,FOG,False,4,1
19020,2026-09-25,SEC_BTE_GGC,75.0,77.9,91.7,8,11,0.491,RAIN,False,4,3
19020,2026-09-25,SEC_GGC_SWM,42.0,46.7,82.2,8,13,0.317,CLEAR,False,4,5
19020,2026-09-25,SEC_SWM_KOTA,65.0,71.9,90.1,8,15,0.184,CLEAR,False,4,7
19020,2026-09-25,SEC_KOTA_RATL,170.0,189.2,84.4,8,27,0.334,FOG,False,4,9
19020,2026-09-25,SEC_RATL_BRC,165.0,168.7,92.8,8,12,0.594,CLEAR,False,4,11
19020,2026-09-25,SEC_BRC_MMCT,250.0,245.8,95.7,8,8,0.209,CLEAR,False,4,13
12988,2026-09-25,SEC_NDLS_MTJ,95.0,97.9,86.4,2,5,0.585,FOG,False,4,6
12988,2026-09-25,SEC_MTJ_BTE,25.0,71.0,28.7,2,48,0.524,STORM,True,4,8
12988,2026-09-25,SEC_BTE_GGC,75.0,82.1,87.0,2,9,0.473,CLEAR,True,4,10
12988,2026-09-25,SEC_GGC_SWM,42.0,73.1,52.5,2,33,0.686,STORM,True,4,12
12988,2026-09-25,SEC_SWM_KOTA,65.0,71.6,90.5,2,9,0.26,CLEAR,False,4,14
12988,2026-09-25,SEC_KOTA_RATL,170.0,182.1,87.6,2,14,0.235,FOG,False,4,16
12988,2026-09-25,SEC_RATL_BRC,165.0,166.4,94.1,2,3,0.471,FOG,False,4,18
12988,2026-09-25,SEC_BRC_MMCT,250.0,310.1,75.8,2,62,0.367,STORM,True,4,20
12910,2026-09-25,SEC_NDLS_MTJ,95.0,130.0,65.1,6,41,0.505,STORM,True,4,21
12910,2026-09-25,SEC_MTJ_BTE,25.0,24.8,82.3,6,6,0.318,CLEAR,False,4,23
12910,2026-09-25,SEC_BTE_GGC,75.0,82.1,87.0,6,13,0.636,RAIN,False,4,1
12910,2026-09-25,SEC_GGC_SWM,42.0,45.1,85.1,6,9,0.244,CLEAR,False,4,3
12910,2026-09-25,SEC_SWM_KOTA,65.0,69.5,93.2,6,10,0.409,CLEAR,False,4,5
12910,2026-09-25,SEC_KOTA_RATL,170.0,167.9,95.1,6,6,0.342,CLEAR,False,4,7
12910,2026-09-25,SEC_RATL_BRC,165.0,161.4,97.0,6,6,0.631,CLEAR,False,4,9
12910,2026-09-25,SEC_BRC_MMCT,250.0,265.7,88.5,6,22,0.254,CLEAR,False,4,11
12952,2026-09-26,SEC_NDLS_MTJ,95.0,90.2,93.8,0,0,0.694,CLEAR,False,5,16
12952,2026-09-26,SEC_MTJ_BTE,25.0,30.9,66.0,0,6,0.625,RAIN,False,5,18
12952,2026-09-26,SEC_BTE_GGC,75.0,79.7,89.6,0,5,0.291,CLEAR,False,5,20
12952,2026-09-26,SEC_GGC_SWM,42.0,43.7,87.9,0,2,0.639,CLEAR,False,5,22
12952,2026-09-26,SEC_SWM_KOTA,65.0,76.9,84.3,0,12,0.267,FOG,False,5,0
12952,2026-09-26,SEC_KOTA_RATL,170.0,161.7,98.7,0,0,0.746,CLEAR,False,5,2
12952,2026-09-26,SEC_RATL_BRC,165.0,156.8,99.9,0,0,0.562,CLEAR,False,5,4
12952,2026-09-26,SEC_BRC_MMCT,250.0,248.8,94.5,0,0,0.744,FOG,False,5,6
12413,2026-09-26,SEC_NDLS_MTJ,95.0,98.7,85.7,3,7,0.869,CLEAR,False,5,7
12413,2026-09-26,SEC_MTJ_BTE,25.0,29.5,69.2,3,7,0.138,CLEAR,False,5,9
12413,2026-09-26,SEC_BTE_GGC,75.0,130.9,54.5,3,59,0.185,STORM,True,5,11
12413,2026-09-26,SEC_GGC_SWM,42.0,53.8,71.4,3,15,0.361,RAIN,False,5,13
12413,2026-09-26,SEC_SWM_KOTA,65.0,69.7,93.0,3,8,0.112,CLEAR,False,5,15
12413,2026-09-26,SEC_KOTA_RATL,170.0,181.8,87.8,3,15,0.717,FOG,False,5,17
12413,2026-09-26,SEC_RATL_BRC,165.0,202.9,77.2,3,41,0.862,STORM,True,5,19
12413,2026-09-26,SEC_BRC_MMCT,250.0,267.3,88.0,3,20,0.841,CLEAR,False,5,21
19020,2026-09-26,SEC_NDLS_MTJ,95.0,139.2,60.8,8,52,0.899,STORM,True,5,23
19020,2026-09-26,SEC_MTJ_BTE,25.0,75.7,26.9,8,59,0.723,STORM,True,5,1
19020,2026-09-26,SEC_BTE_GGC,75.0,100.3,71.2,8,33,0.144,FOG,False,5,3
19020,2026-09-26,SEC_GGC_SWM,42.0,45.7,84.0,8,12,0.657,CLEAR,False,5,5
19020,2026-09-26,SEC_SWM_KOTA,65.0,66.7,97.2,8,10,0.481,CLEAR,False,5,7
19020,2026-09-26,SEC_KOTA_RATL,170.0,167.6,95.2,8,8,0.801,CLEAR,False,5,9
19020,2026-09-26,SEC_RATL_BRC,165.0,172.0,91.0,8,15,0.733,CLEAR,False,5,11
19020,2026-09-26,SEC_BRC_MMCT,250.0,252.4,93.2,8,10,0.464,CLEAR,True,5,13
12988,2026-09-26,SEC_NDLS_MTJ,95.0,98.4,86.0,2,5,0.622,CLEAR,False,5,6
12988,2026-09-26,SEC_MTJ_BTE,25.0,78.4,26.0,2,55,0.433,STORM,True,5,8
12988,2026-09-26,SEC_BTE_GGC,75.0,90.0,79.3,2,17,0.275,RAIN,False,5,10
12988,2026-09-26,SEC_GGC_SWM,42.0,40.7,94.3,2,2,0.23,CLEAR,False,5,12
12988,2026-09-26,SEC_SWM_KOTA,65.0,69.3,93.5,2,6,0.273,CLEAR,False,5,14
12988,2026-09-26,SEC_KOTA_RATL,170.0,190.8,83.6,2,23,0.423,CLEAR,False,5,16
12988,2026-09-26,SEC_RATL_BRC,165.0,169.9,92.2,2,7,0.627,RAIN,False,5,18
12988,2026-09-26,SEC_BRC_MMCT,250.0,272.1,86.4,2,24,0.837,RAIN,False,5,20
12910,2026-09-26,SEC_NDLS_MTJ,95.0,100.7,84.0,6,12,0.143,CLEAR,False,5,21
12910,2026-09-26,SEC_MTJ_BTE,25.0,27.2,75.0,6,8,0.185,CLEAR,False,5,23
12910,2026-09-26,SEC_BTE_GGC,75.0,118.7,60.2,6,50,0.74,STORM,True,5,1
12910,2026-09-26,SEC_GGC_SWM,42.0,42.6,90.1,6,7,0.706,CLEAR,False,5,3
12910,2026-09-26,SEC_SWM_KOTA,65.0,73.2,88.5,6,14,0.425,CLEAR,False,5,5
12910,2026-09-26,SEC_KOTA_RATL,170.0,163.1,97.9,6,6,0.425,CLEAR,False,5,7
12910,2026-09-26,SEC_RATL_BRC,165.0,178.9,87.5,6,20,0.543,FOG,False,5,9
12910,2026-09-26,SEC_BRC_MMCT,250.0,314.9,74.7,6,71,0.419,STORM,True,5,11
12952,2026-09-27,SEC_NDLS_MTJ,95.0,92.2,91.8,0,0,0.136,CLEAR,False,6,16
12952,2026-09-27,SEC_MTJ_BTE,25.0,30.3,67.3,0,5,0.442,RAIN,False,6,18
12952,2026-09-27,SEC_BTE_GGC,75.0,73.7,96.9,0,0,0.186,CLEAR,False,6,20
12952,2026-09-27,SEC_GGC_SWM,42.0,59.9,64.1,0,18,0.368,FOG,False,6,22
12952,2026-09-27,SEC_SWM_KOTA,65.0,63.6,101.9,0,0,0.389,CLEAR,False,6,0
12952,2026-09-27,SEC_KOTA_RATL,170.0,167.1,95.5,0,0,0.817,CLEAR,False,6,2
12952,2026-09-27,SEC_RATL_BRC,165.0,159.2,98.4,0,0,0.882,CLEAR,False,6,4
12952,2026-09-27,SEC_BRC_MMCT,250.0,301.2,78.1,0,51,0.188,STORM,True,6,6
12413,2026-09-27,SEC_NDLS_MTJ,95.0,90.2,93.8,4,4,0.377,CLEAR,False,6,7
12413,2026-09-27,SEC_MTJ_BTE,25.0,67.2,30.4,4,46,0.258,STORM,True,6,9
12413,2026-09-27,SEC_BTE_GGC,75.0,93.1,76.7,4,22,0.522,FOG,False,6,11
12413,2026-09-27,SEC_GGC_SWM,42.0,51.7,74.3,4,14,0.183,RAIN,False,6,13
12413,2026-09-27,SEC_SWM_KOTA,65.0,68.5,94.6,4,8,0.779,RAIN,False,6,15
12413,2026-09-27,SEC_KOTA_RATL,170.0,178.3,89.5,4,12,0.13,CLEAR,False,6,17
12413,2026-09-27,SEC_RATL_BRC,165.0,218.5,71.7,4,58,0.201,STORM,True,6,19
12413,2026-09-27,SEC_BRC_MMCT,250.0,270.7,86.9,4,25,0.776,CLEAR,False,6,21
19020,2026-09-27,SEC_NDLS_MTJ,95.0,135.7,62.3,10,51,0.405,STORM,True,6,23
19020,2026-09-27,SEC_MTJ_BTE,25.0,25.0,81.6,10,10,0.116,CLEAR,False,6,1
19020,2026-09-27,SEC_BTE_GGC,75.0,80.6,88.6,10,16,0.187,FOG,False,6,3
19020,2026-09-27,SEC_GGC_SWM,42.0,53.7,71.5,10,22,0.877,FOG,False,6,5
19020,2026-09-27,SEC_SWM_KOTA,65.0,74.3,87.2,10,19,0.493,CLEAR,False,6,7
19020,2026-09-27,SEC_KOTA_RATL,170.0,177.9,89.7,10,18,0.339,CLEAR,False,6,9
19020,2026-09-27,SEC_RATL_BRC,165.0,161.1,97.2,10,10,0.652,CLEAR,False,6,11
19020,2026-09-27,SEC_BRC_MMCT,250.0,274.1,85.8,10,34,0.798,RAIN,False,6,13
12988,2026-09-27,SEC_NDLS_MTJ,95.0,90.2,93.8,4,4,0.293,CLEAR,False,6,6
12988,2026-09-27,SEC_MTJ_BTE,25.0,41.8,48.8,4,21,0.883,FOG,False,6,8
12988,2026-09-27,SEC_BTE_GGC,75.0,71.2,100.3,4,4,0.114,CLEAR,False,6,10
12988,2026-09-27,SEC_GGC_SWM,42.0,92.5,41.5,4,54,0.105,STORM,True,6,12
12988,2026-09-27,SEC_SWM_KOTA,65.0,72.8,89.0,4,12,0.509,RAIN,False,6,14
12988,2026-09-27,SEC_KOTA_RATL,170.0,180.1,88.6,4,14,0.896,FOG,False,6,16
12988,2026-09-27,SEC_RATL_BRC,165.0,186.0,84.2,4,25,0.441,FOG,False,6,18
12988,2026-09-27,SEC_BRC_MMCT,250.0,246.8,95.3,4,4,0.138,CLEAR,False,6,20
12910,2026-09-27,SEC_NDLS_MTJ,95.0,103.9,81.4,2,11,0.76,CLEAR,False,6,21
12910,2026-09-27,SEC_MTJ_BTE,25.0,29.3,69.6,2,6,0.869,CLEAR,False,6,23
12910,2026-09-27,SEC_BTE_GGC,75.0,74.9,95.3,2,2,0.642,CLEAR,False,6,1
12910,2026-09-27,SEC_GGC_SWM,42.0,64.0,60.0,2,24,0.672,FOG,False,6,3
12910,2026-09-27,SEC_SWM_KOTA,65.0,79.6,81.4,2,17,0.109,FOG,False,6,5
12910,2026-09-27,SEC_KOTA_RATL,170.0,178.0,89.7,2,10,0.155,CLEAR,False,6,7
12910,2026-09-27,SEC_RATL_BRC,165.0,196.3,79.8,2,33,0.674,CLEAR,False,6,9
12910,2026-09-27,SEC_BRC_MMCT,250.0,244.7,96.1,2,2,0.134,CLEAR,False,6,11
12952,2026-09-28,SEC_NDLS_MTJ,95.0,90.3,93.7,0,0,0.256,CLEAR,False,0,16
12952,2026-09-28,SEC_MTJ_BTE,25.0,27.0,75.6,0,2,0.28,CLEAR,False,0,18
12952,2026-09-28,SEC_BTE_GGC,75.0,78.0,91.5,0,3,0.39,CLEAR,False,0,20
12952,2026-09-28,SEC_GGC_SWM,42.0,52.5,73.1,0,10,0.161,FOG,False,0,22
12952,2026-09-28,SEC_SWM_KOTA,65.0,72.8,89.0,0,8,0.697,RAIN,False,0,0
12952,2026-09-28,SEC_KOTA_RATL,170.0,176.2,90.6,0,6,0.541,CLEAR,False,0,2
12952,2026-09-28,SEC_RATL_BRC,165.0,176.4,88.8,0,11,0.66,CLEAR,False,0,4
12952,2026-09-28,SEC_BRC_MMCT,250.0,246.7,95.3,0,0,0.281,CLEAR,False,0,6
12413,2026-09-28,SEC_NDLS_MTJ,95.0,135.7,62.3,2,43,0.565,STORM,True,0,7
12413,2026-09-28,SEC_MTJ_BTE,25.0,44.0,46.4,2,21,0.682,FOG,False,0,9
12413,2026-09-28,SEC_BTE_GGC,75.0,78.0,91.5,2,5,0.474,CLEAR,False,0,11
12413,2026-09-28,SEC_GGC_SWM,42.0,46.0,83.5,2,6,0.394,CLEAR,False,0,13
12413,2026-09-28,SEC_SWM_KOTA,65.0,61.8,104.9,2,2,0.36,CLEAR,False,0,15
12413,2026-09-28,SEC_KOTA_RATL,170.0,217.7,73.3,2,50,0.253,STORM,True,0,17
12413,2026-09-28,SEC_RATL_BRC,165.0,177.5,88.2,2,14,0.128,CLEAR,True,0,19
12413,2026-09-28,SEC_BRC_MMCT,250.0,248.9,94.5,2,2,0.303,CLEAR,False,0,21
19020,2026-09-28,SEC_NDLS_MTJ,95.0,105.0,80.6,6,16,0.182,RAIN,False,0,23
19020,2026-09-28,SEC_MTJ_BTE,25.0,28.2,72.3,6,9,0.238,CLEAR,False,0,1
19020,2026-09-28,SEC_BTE_GGC,75.0,78.7,90.7,6,10,0.292,CLEAR,False,0,3
19020,2026-09-28,SEC_GGC_SWM,42.0,51.7,74.3,6,16,0.426,RAIN,False,0,5
19020,2026-09-28,SEC_SWM_KOTA,65.0,68.1,95.2,6,9,0.483,CLEAR,False,0,7
19020,2026-09-28,SEC_KOTA_RATL,170.0,167.4,95.3,6,6,0.336,CLEAR,False,0,9
19020,2026-09-28,SEC_RATL_BRC,165.0,209.3,74.8,6,50,0.124,STORM,True,0,11
19020,2026-09-28,SEC_BRC_MMCT,250.0,265.0,88.8,6,21,0.441,CLEAR,False,0,13
12988,2026-09-28,SEC_NDLS_MTJ,95.0,111.0,76.2,2,18,0.183,CLEAR,False,0,6
12988,2026-09-28,SEC_MTJ_BTE,25.0,60.9,33.5,2,38,0.329,STORM,True,0,8
12988,2026-09-28,SEC_BTE_GGC,75.0,122.7,58.2,2,50,0.45,STORM,True,0,10
12988,2026-09-28,SEC_GGC_SWM,42.0,88.4,43.4,2,48,0.324,STORM,True,0,12
12988,2026-09-28,SEC_SWM_KOTA,65.0,74.3,87.2,2,11,0.464,FOG,False,0,14
12988,2026-09-28,SEC_KOTA_RATL,170.0,228.0,70.0,2,60,0.441,STORM,True,0,16
12988,2026-09-28,SEC_RATL_BRC,165.0,180.4,86.8,2,17,0.678,CLEAR,False,0,18
12988,2026-09-28,SEC_BRC_MMCT,250.0,262.1,89.7,2,14,0.609,CLEAR,False,0,20
12910,2026-09-28,SEC_NDLS_MTJ,95.0,97.6,86.7,6,9,0.222,CLEAR,False,0,21
12910,2026-09-28,SEC_MTJ_BTE,25.0,44.1,46.3,6,25,0.401,FOG,False,0,23
12910,2026-09-28,SEC_BTE_GGC,75.0,84.6,84.4,6,16,0.261,RAIN,False,0,1
12910,2026-09-28,SEC_GGC_SWM,42.0,53.3,72.0,6,17,0.609,FOG,False,0,3
12910,2026-09-28,SEC_SWM_KOTA,65.0,80.8,80.2,6,22,0.468,FOG,False,0,5
12910,2026-09-28,SEC_KOTA_RATL,170.0,177.8,89.8,6,14,0.397,CLEAR,False,0,7
12910,2026-09-28,SEC_RATL_BRC,165.0,202.2,77.4,6,43,0.564,STORM,True,0,9
12910,2026-09-28,SEC_BRC_MMCT,250.0,257.0,91.5,6,13,0.466,CLEAR,False,0,11
12952,2026-09-29,SEC_NDLS_MTJ,95.0,102.0,82.9,0,7,0.197,CLEAR,False,1,16
12952,2026-09-29,SEC_MTJ_BTE,25.0,26.8,76.1,0,2,0.679,CLEAR,False,1,18
12952,2026-09-29,SEC_BTE_GGC,75.0,76.2,93.7,0,1,0.637,CLEAR,False,1,20
12952,2026-09-29,SEC_GGC_SWM,42.0,87.1,44.1,0,45,0.537,STORM,True,1,22
12952,2026-09-29,SEC_SWM_KOTA,65.0,63.9,101.4,0,0,0.275,CLEAR,False,1,0
12952,2026-09-29,SEC_KOTA_RATL,170.0,231.7,68.9,0,62,0.26,STORM,True,1,2
12952,2026-09-29,SEC_RATL_BRC,165.0,169.7,92.3,0,5,0.253,CLEAR,False,1,4
12952,2026-09-29,SEC_BRC_MMCT,250.0,244.7,96.1,0,0,0.52,CLEAR,False,1,6
12413,2026-09-29,SEC_NDLS_MTJ,95.0,144.4,58.6,4,53,0.339,STORM,True,1,7
12413,2026-09-29,SEC_MTJ_BTE,25.0,25.5,80.0,4,4,0.504,CLEAR,False,1,9
12413,2026-09-29,SEC_BTE_GGC,75.0,89.2,80.0,4,18,0.302,FOG,False,1,11
12413,2026-09-29,SEC_GGC_SWM,42.0,61.2,62.7,4,23,0.159,CLEAR,True,1,13
12413,2026-09-29,SEC_SWM_KOTA,65.0,86.5,74.9,4,26,0.661,FOG,False,1,15
12413,2026-09-29,SEC_KOTA_RATL,170.0,179.5,88.9,4,14,0.557,CLEAR,True,1,17
12413,2026-09-29,SEC_RATL_BRC,165.0,169.7,92.3,4,9,0.161,CLEAR,False,1,19
12413,2026-09-29,SEC_BRC_MMCT,250.0,240.2,97.9,4,4,0.133,CLEAR,False,1,21
19020,2026-09-29,SEC_NDLS_MTJ,95.0,120.9,70.0,6,32,0.419,RAIN,False,1,23
19020,2026-09-29,SEC_MTJ_BTE,25.0,33.7,60.5,6,15,0.561,RAIN,False,1,1
19020,2026-09-29,SEC_BTE_GGC,75.0,120.3,59.4,6,51,0.169,STORM,True,1,3
19020,2026-09-29,SEC_GGC_SWM,42.0,51.7,74.3,6,16,0.349,RAIN,False,1,5
19020,2026-09-29,SEC_SWM_KOTA,65.0,70.6,91.8,6,12,0.242,CLEAR,False,1,7
19020,2026-09-29,SEC_KOTA_RATL,170.0,175.4,91.0,6,11,0.515,RAIN,False,1,9
19020,2026-09-29,SEC_RATL_BRC,165.0,189.3,82.7,6,30,0.63,CLEAR,False,1,11
19020,2026-09-29,SEC_BRC_MMCT,250.0,295.9,79.5,6,52,0.666,STORM,True,1,13
12988,2026-09-29,SEC_NDLS_MTJ,95.0,91.1,92.9,5,5,0.592,CLEAR,False,1,6
12988,2026-09-29,SEC_MTJ_BTE,25.0,61.8,33.0,5,42,0.217,STORM,True,1,8
12988,2026-09-29,SEC_BTE_GGC,75.0,130.2,54.8,5,60,0.181,STORM,True,1,10
12988,2026-09-29,SEC_GGC_SWM,42.0,96.6,39.8,5,60,0.457,STORM,True,1,12
12988,2026-09-29,SEC_SWM_KOTA,65.0,79.2,81.8,5,19,0.363,FOG,False,1,14
12988,2026-09-29,SEC_KOTA_RATL,170.0,181.9,87.7,5,17,0.688,RAIN,False,1,16
12988,2026-09-29,SEC_RATL_BRC,165.0,182.4,85.9,5,22,0.658,CLEAR,False,1,18
12988,2026-09-29,SEC_BRC_MMCT,250.0,243.8,96.5,5,5,0.402,CLEAR,False,1,20
12910,2026-09-29,SEC_NDLS_MTJ,95.0,90.2,93.8,0,0,0.185,CLEAR,False,1,21
12910,2026-09-29,SEC_MTJ_BTE,25.0,23.8,85.7,0,0,0.175,CLEAR,False,1,23
12910,2026-09-29,SEC_BTE_GGC,75.0,91.4,78.1,0,16,0.2,FOG,False,1,1
12910,2026-09-29,SEC_GGC_SWM,42.0,43.8,87.7,0,2,0.665,CLEAR,False,1,3
12910,2026-09-29,SEC_SWM_KOTA,65.0,78.9,82.1,0,14,0.36,FOG,False,1,5
12910,2026-09-29,SEC_KOTA_RATL,170.0,166.7,95.7,0,0,0.217,RAIN,False,1,7
12910,2026-09-29,SEC_RATL_BRC,165.0,156.8,99.9,0,0,0.469,CLEAR,False,1,9
12910,2026-09-29,SEC_BRC_MMCT,250.0,272.8,86.2,0,23,0.485,FOG,True,1,11
12952,2026-09-30,SEC_NDLS_MTJ,95.0,101.9,83.0,0,7,0.27,CLEAR,False,2,16
12952,2026-09-30,SEC_MTJ_BTE,25.0,26.6,76.7,0,2,0.543,CLEAR,False,2,18
12952,2026-09-30,SEC_BTE_GGC,75.0,80.1,89.1,0,5,0.19,CLEAR,False,2,20
12952,2026-09-30,SEC_GGC_SWM,42.0,48.7,78.9,0,7,0.526,FOG,False,2,22
12952,2026-09-30,SEC_SWM_KOTA,65.0,73.7,87.9,0,9,0.33,RAIN,False,2,0
12952,2026-09-30,SEC_KOTA_RATL,170.0,161.5,98.8,0,0,0.371,CLEAR,False,2,2
12952,2026-09-30,SEC_RATL_BRC,165.0,179.7,87.1,0,15,0.109,CLEAR,False,2,4
12952,2026-09-30,SEC_BRC_MMCT,250.0,276.4,85.1,0,26,0.591,FOG,False,2,6
12413,2026-09-30,SEC_NDLS_MTJ,95.0,97.4,86.9,0,2,0.115,CLEAR,False,2,7
12413,2026-09-30,SEC_MTJ_BTE,25.0,25.7,79.4,0,1,0.599,CLEAR,False,2,9
12413,2026-09-30,SEC_BTE_GGC,75.0,80.9,88.3,0,6,0.192,CLEAR,False,2,11
12413,2026-09-30,SEC_GGC_SWM,42.0,41.5,92.5,0,0,0.19,CLEAR,False,2,13
12413,2026-09-30,SEC_SWM_KOTA,65.0,66.0,98.2,0,1,0.172,CLEAR,False,2,15
12413,2026-09-30,SEC_KOTA_RATL,170.0,188.5,84.7,0,18,0.497,CLEAR,False,2,17
12413,2026-09-30,SEC_RATL_BRC,165.0,175.4,89.3,0,10,0.665,FOG,False,2,19
12413,2026-09-30,SEC_BRC_MMCT,250.0,242.0,97.2,0,0,0.33,CLEAR,False,2,21
19020,2026-09-30,SEC_NDLS_MTJ,95.0,90.5,93.5,0,0,0.256,CLEAR,False,2,23
19020,2026-09-30,SEC_MTJ_BTE,25.0,25.7,79.4,0,1,0.139,CLEAR,False,2,1
19020,2026-09-30,SEC_BTE_GGC,75.0,82.1,87.0,0,7,0.469,CLEAR,False,2,3
19020,2026-09-30,SEC_GGC_SWM,42.0,53.8,71.4,0,12,0.225,RAIN,False,2,5
19020,2026-09-30,SEC_SWM_KOTA,65.0,112.1,57.8,0,47,0.231,STORM,True,2,7
19020,2026-09-30,SEC_KOTA_RATL,170.0,225.4,70.8,0,55,0.676,STORM,True,2,9
19020,2026-09-30,SEC_RATL_BRC,165.0,169.3,92.5,0,4,0.699,CLEAR,False,2,11
19020,2026-09-30,SEC_BRC_MMCT,250.0,240.4,97.8,0,0,0.202,CLEAR,False,2,13
12988,2026-09-30,SEC_NDLS_MTJ,95.0,146.1,57.9,4,55,0.679,STORM,True,2,6
12988,2026-09-30,SEC_MTJ_BTE,25.0,36.4,56.0,4,15,0.327,FOG,False,2,8
12988,2026-09-30,SEC_BTE_GGC,75.0,74.9,95.3,4,4,0.135,CLEAR,False,2,10
12988,2026-09-30,SEC_GGC_SWM,42.0,65.5,58.6,4,28,0.357,STORM,True,2,12
12988,2026-09-30,SEC_SWM_KOTA,65.0,114.0,56.8,4,53,0.292,STORM,True,2,14
12988,2026-09-30,SEC_KOTA_RATL,170.0,204.8,77.9,4,39,0.301,STORM,True,2,16
12988,2026-09-30,SEC_RATL_BRC,165.0,172.0,91.0,4,11,0.31,RAIN,False,2,18
12988,2026-09-30,SEC_BRC_MMCT,250.0,258.2,91.1,4,12,0.566,FOG,False,2,20
12910,2026-09-30,SEC_NDLS_MTJ,95.0,98.2,86.2,6,9,0.202,CLEAR,False,2,21
12910,2026-09-30,SEC_MTJ_BTE,25.0,39.3,51.9,6,20,0.664,RAIN,False,2,23
12910,2026-09-30,SEC_BTE_GGC,75.0,72.8,98.1,6,6,0.603,CLEAR,False,2,1
12910,2026-09-30,SEC_GGC_SWM,42.0,41.8,91.9,6,6,0.179,CLEAR,False,2,3
12910,2026-09-30,SEC_SWM_KOTA,65.0,133.3,48.6,6,74,0.571,STORM,True,2,5
12910,2026-09-30,SEC_KOTA_RATL,170.0,175.8,90.8,6,12,0.184,RAIN,False,2,7
12910,2026-09-30,SEC_RATL_BRC,165.0,188.4,83.1,6,29,0.33,FOG,False,2,9
12910,2026-09-30,SEC_BRC_MMCT,250.0,312.8,75.2,6,69,0.433,STORM,True,2,11
